[Iter 1000] geometry_scale=12.000000
BLOCK_1 10.061840 8.069330 10.156708 8.164198
BLOCK_2 12.668626 18.788985 12.793926 18.914285
BLOCK_3 10.046424 8.092326 10.141292 8.187194
BLOCK_4 13.853776 10.246808 13.979076 10.372108
BLOCK_5 10.059369 8.067145 10.154238 8.162013
BLOCK_6 12.682476 18.793949 12.807776 18.919249
BLOCK_7 17.206414 14.195816 17.331714 14.321116
BLOCK_8 12.708326 18.782174 12.833626 18.907474
BLOCK_9 13.752585 11.892010 13.819667 11.959092
BLOCK_10 10.056382 8.068771 10.151250 8.163640
BLOCK_11 10.201786 20.596017 10.296654 20.690886
BLOCK_12 13.749898 11.875411 13.816980 11.942493
BLOCK_13 7.416396 16.009660 7.483478 16.076742
BLOCK_14 17.597490 5.235357 17.644394 5.282261
BLOCK_15 8.730089 6.932753 8.845847 7.048511
BLOCK_16 17.602536 5.235584 17.649441 5.282488
BLOCK_17 13.762205 11.867716 13.829287 11.934798
BLOCK_18 13.742681 11.874457 13.809763 11.941539
BLOCK_19 13.532527 10.322278 13.657827 10.447578
BLOCK_20 13.905722 10.217800 14.031022 10.343100
BLOCK_21 5.183461 10.505312 5.308761 10.630612
BLOCK_22 5.324394 7.358469 5.419263 7.453337
BLOCK_23 12.698605 18.813304 12.823905 18.938604
BLOCK_24 5.067078 10.514435 5.192378 10.639735
BLOCK_25 8.748034 6.939305 8.842902 7.034173
BLOCK_26 5.155129 10.547296 5.280429 10.672596
BLOCK_27 7.317121 19.437799 7.411989 19.532667
BLOCK_28 5.307469 10.456644 5.432769 10.581944
BLOCK_29 5.324362 7.358526 5.419230 7.453394
BLOCK_30 5.324411 7.358483 5.419279 7.453351
BLOCK_31 17.271181 14.162323 17.396481 14.287623
BLOCK_32 17.310844 14.215836 17.436144 14.341136
BLOCK_33 5.324401 7.358470 5.419269 7.453338
BLOCK_34 8.727803 6.932019 8.843561 7.047777
BLOCK_35 8.748292 6.939098 8.843161 7.033966
BLOCK_36 13.153468 5.304596 13.310312 5.461440
BLOCK_37 13.523969 10.283378 13.649269 10.408678
BLOCK_38 6.584269 19.074004 6.690099 19.179834
BLOCK_39 17.206954 14.100565 17.332254 14.225865
BLOCK_40 10.679910 19.005289 11.081532 19.406911
BLOCK_41 11.466687 17.434013 11.918129 17.885455
BLOCK_42 15.530793 9.262955 15.785744 9.517906
BLOCK_43 6.230309 12.834878 6.540631 13.145200
BLOCK_44 6.115760 10.964948 6.598461 11.447649
BLOCK_45 11.205278 18.911349 11.565694 19.271765
BLOCK_46 12.412974 13.201589 12.730464 13.519079
BLOCK_47 13.549440 8.658926 13.900439 9.009925
BLOCK_48 11.402107 14.622526 11.884808 15.105227
BLOCK_49 10.404239 18.766285 10.816792 19.178838
BLOCK_50 13.000939 15.850811 13.325439 16.175311
BLOCK_51 13.151175 15.824658 13.479047 16.152530
BLOCK_52 8.916235 21.856105 9.331566 22.271436
BLOCK_53 9.885181 16.825983 10.339163 17.279965
BLOCK_54 11.919548 14.680675 12.240484 15.001611
BLOCK_55 11.044672 16.658954 11.467992 17.082274
BLOCK_56 11.265128 16.749107 11.589628 17.073607
BLOCK_57 11.560995 15.017874 11.978966 15.435845
BLOCK_58 9.394365 21.722911 9.809696 22.138242
BLOCK_59 10.322173 16.700316 10.643109 17.021252
BLOCK_60 11.967173 14.407633 12.295045 14.735505
BLOCK_61 10.631673 20.011129 10.886624 20.266080
BLOCK_62 8.466781 20.652265 8.993848 21.179332
BLOCK_63 11.632175 16.105010 12.177977 16.650812
BLOCK_64 6.764633 11.543351 7.166255 11.944973
BLOCK_65 9.101153 16.978198 9.569661 17.446706
BLOCK_66 16.684413 11.768244 17.288648 12.372479
BLOCK_67 12.755743 16.532569 13.076679 16.853505
BLOCK_68 8.748177 19.188369 9.197176 19.637368
BLOCK_69 11.816243 14.162266 12.347468 14.693491
BLOCK_70 10.713761 14.410039 11.255425 14.951703
BLOCK_71 10.160870 18.549887 10.539552 18.928569
BLOCK_72 10.274134 9.137006 10.912648 9.775520
BLOCK_73 4.865086 14.356897 5.243768 14.735579
BLOCK_74 10.157407 15.265892 10.699071 15.807556
BLOCK_75 13.338551 15.789189 13.689550 16.140188
BLOCK_76 11.057287 17.107949 11.378223 17.428885
BLOCK_77 8.178273 16.868902 8.679172 17.369801
BLOCK_78 13.864968 14.179163 14.494650 14.808845
BLOCK_79 10.547588 15.884253 11.046186 16.382851
BLOCK_80 14.023186 16.505274 14.554411 17.036499
BLOCK_81 11.172626 16.321004 11.601228 16.749606
BLOCK_82 16.946667 13.429081 17.586901 14.069315
BLOCK_83 7.410498 19.041903 8.054237 19.685642
BLOCK_84 13.173945 19.345091 13.537538 19.708684
BLOCK_85 9.826001 15.868738 10.337958 16.380695
BLOCK_86 9.068075 16.555462 9.655442 17.142829
BLOCK_87 13.320595 14.961142 13.890507 15.531054
BLOCK_88 6.948773 13.765408 7.431474 14.248109
BLOCK_89 10.867967 10.435626 11.386426 10.954085
BLOCK_90 7.692894 8.206947 7.999651 8.513704
BLOCK_91 10.282545 14.718075 10.661227 15.096757
BLOCK_92 11.700534 15.801960 12.187771 16.289197
BLOCK_93 12.006366 13.501064 12.504964 13.999662
BLOCK_94 12.862027 14.175574 13.344728 14.658275
BLOCK_95 8.824581 11.362319 9.357966 11.895704
BLOCK_96 8.144367 17.870865 8.622384 18.348882
BLOCK_97 14.372145 13.598700 14.854846 14.081401
BLOCK_98 7.474253 18.910271 8.007638 19.443656
BLOCK_99 9.916679 17.261456 10.353027 17.697804
BLOCK_100 5.274795 11.881639 5.650428 12.257272
BLOCK_101 10.762450 17.155622 11.240467 17.633639
BLOCK_102 11.045614 19.700037 11.489573 20.143996
BLOCK_103 9.805841 17.845525 10.231752 18.271436
BLOCK_104 10.789420 13.197866 11.372944 13.781390
BLOCK_105 10.084701 19.477776 10.632606 20.025681
BLOCK_106 17.141902 9.460579 17.452224 9.770901
BLOCK_107 10.306586 14.134318 10.825045 14.652777
BLOCK_108 10.509961 15.599445 11.132456 16.221940
BLOCK_109 10.321663 13.006479 11.062473 13.747289
BLOCK_110 6.925407 14.262234 7.485407 14.822234
BLOCK_111 8.237571 14.978904 8.655542 15.396875
BLOCK_112 10.160837 9.179138 10.624518 9.642819
BLOCK_113 7.981759 19.064887 8.357392 19.440520
BLOCK_114 11.565929 13.559994 11.989249 13.983314
BLOCK_115 9.160863 15.812980 9.730775 16.382892
BLOCK_116 10.379405 18.219009 10.786590 18.626194
BLOCK_117 13.586664 12.562289 14.020484 12.996109
BLOCK_118 10.678771 11.714946 11.094102 12.130277
BLOCK_119 10.909169 19.676856 11.340330 20.108017
BLOCK_120 6.970825 15.728311 7.434506 16.191992
BLOCK_121 12.354366 13.952483 12.975091 14.573208
BLOCK_122 8.109976 16.791558 8.488658 17.170240
BLOCK_123 9.226579 18.449887 9.687881 18.911189
BLOCK_124 12.640831 11.700618 13.074651 12.134438
BLOCK_125 9.475981 17.683017 10.015611 18.222647
BLOCK_126 9.617995 18.411842 10.112161 18.906008
BLOCK_127 8.247079 10.255506 8.667793 10.676220
BLOCK_128 10.814778 14.879855 11.221963 15.287040
BLOCK_129 9.326276 18.536700 9.884308 19.094732
BLOCK_130 9.743938 16.820497 10.043271 17.119830
BLOCK_131 11.119231 14.729546 11.450592 15.060907
BLOCK_132 10.118872 17.164059 10.764318 17.809505
BLOCK_133 6.707601 15.270602 7.130921 15.693922
BLOCK_134 10.343272 15.103068 10.911251 15.671047
BLOCK_135 8.373981 18.193832 8.734397 18.554248
BLOCK_136 13.066159 15.558980 13.582492 16.075313
BLOCK_137 9.515841 16.331489 10.136566 16.952214
BLOCK_138 7.860733 17.655840 8.410642 18.205749
BLOCK_139 12.343899 16.039966 12.759230 16.455297
BLOCK_140 10.815049 17.328420 11.149713 17.663084
BLOCK_141 8.850567 17.736310 9.254918 18.140661
BLOCK_142 11.566055 14.753517 12.044072 15.231534
BLOCK_143 7.593062 11.151133 8.049461 11.607532
BLOCK_144 8.016371 10.345021 8.523914 10.852564
BLOCK_145 9.387142 9.965496 9.820962 10.399316
BLOCK_146 9.837190 16.525061 10.175125 16.862996
BLOCK_147 10.701211 16.151812 11.127122 16.577723
BLOCK_148 13.372255 16.110069 13.720106 16.457920
BLOCK_149 12.975020 16.528041 13.400931 16.953952
BLOCK_150 10.060480 16.515423 10.486391 16.941334
BLOCK_151 5.833857 13.248316 6.241042 13.655501
BLOCK_152 9.946377 9.781378 10.303728 10.138729
BLOCK_153 6.827894 12.512467 7.261714 12.946287
BLOCK_154 10.287859 19.176768 10.821244 19.710153
BLOCK_155 12.264251 10.981850 12.571008 11.288607
BLOCK_156 10.824572 19.526120 11.112496 19.814044
BLOCK_157 8.335792 9.694145 8.607638 9.965991
BLOCK_158 9.434263 21.061393 9.755199 21.382329
BLOCK_159 13.277071 16.409693 13.697785 16.830407
BLOCK_160 3.619674 12.714301 4.563867 13.658494
BLOCK_161 8.727272 16.160042 9.171231 16.604001
BLOCK_162 10.541636 16.631443 11.072861 17.162668
BLOCK_163 9.101286 21.350774 9.540148 21.789636
BLOCK_164 7.165430 8.641615 7.552857 9.029042
BLOCK_165 11.317099 16.083080 11.748260 16.514241
BLOCK_166 8.850109 18.503581 9.177981 18.831453
BLOCK_167 12.955391 11.747983 13.891233 12.683825
BLOCK_168 7.908425 8.868703 8.207758 9.168036
BLOCK_169 11.129524 15.269320 11.477375 15.617171
BLOCK_170 13.008180 16.306918 13.346115 16.644853
BLOCK_171 10.282246 16.376663 10.630097 16.724514
BLOCK_172 8.529547 15.574391 8.792986 15.837830
BLOCK_173 10.566203 14.574501 10.897564 14.905862
BLOCK_174 11.388734 11.932268 11.842716 12.386250
BLOCK_175 10.795308 15.091886 11.126669 15.423247
BLOCK_176 8.588552 20.050082 8.919913 20.381443
BLOCK_177 10.426363 13.436108 10.894871 13.904616
BLOCK_178 8.509731 19.167513 8.854260 19.512042
BLOCK_179 4.815768 12.968303 5.239088 13.391623
BLOCK_180 7.124690 12.017541 7.698537 12.591388
BLOCK_181 7.808066 9.037188 8.168482 9.397604
BLOCK_182 10.040298 12.525435 10.328222 12.813359
BLOCK_183 7.541069 15.181727 8.134112 15.774770
BLOCK_184 7.365363 15.013022 7.606610 15.254269
BLOCK_185 7.171154 15.442492 7.748908 16.020246
BLOCK_186 8.305145 10.168537 8.674739 10.538131
BLOCK_187 7.782524 15.654386 8.506541 16.378403
BLOCK_188 12.293900 12.322029 12.604222 12.632351
BLOCK_189 8.179474 15.917156 8.785609 16.523291
BLOCK_190 9.447030 20.065437 9.784965 20.403372
BLOCK_191 9.732300 10.358672 10.089651 10.716023
BLOCK_192 9.832861 14.001812 10.261463 14.430414
BLOCK_193 8.865550 10.384847 9.350524 10.869821
BLOCK_194 7.367920 14.892799 8.018612 15.543491
BLOCK_195 9.202684 20.410668 9.553683 20.761667
BLOCK_196 11.672532 11.252023 11.944378 11.523869
BLOCK_197 9.377508 19.771162 9.878407 20.272061
BLOCK_198 11.803344 19.421736 12.221315 19.839707
BLOCK_199 10.014263 18.690816 10.413011 19.089564
BLOCK_200 7.477467 10.245951 8.122913 10.891397
BLOCK_201 14.372516 11.983806 14.631746 12.243036
BLOCK_202 13.733581 10.843754 14.202089 11.312262
BLOCK_203 8.886118 10.110307 9.145348 10.369537
BLOCK_204 7.573958 14.720049 8.143870 15.289961
BLOCK_205 8.717926 9.286095 9.285905 9.854074
BLOCK_206 8.149281 15.842863 8.483945 16.177527
BLOCK_207 7.522339 18.081220 8.329680 18.888561
BLOCK_208 9.114544 12.340931 9.635121 12.861508
BLOCK_209 9.262122 8.528419 9.579612 8.845909
BLOCK_210 7.644217 15.698688 7.885464 15.939935
BLOCK_211 8.868726 15.141539 9.344331 15.617144
BLOCK_212 7.388978 11.998158 7.720339 12.329519
BLOCK_213 6.393064 9.577127 7.077315 10.261378
BLOCK_214 7.513231 14.829773 7.804950 15.121492
BLOCK_215 8.001594 17.525072 8.260824 17.784302
BLOCK_216 9.088161 12.287872 9.785370 12.985081
BLOCK_217 9.033957 19.488730 9.490356 19.945129
BLOCK_218 8.741909 10.895881 9.099260 11.253232
BLOCK_219 10.410122 12.479493 10.993646 13.063017
BLOCK_220 7.288145 16.091994 7.529392 16.333241
BLOCK_221 9.370242 13.337339 10.108009 14.075106
BLOCK_222 7.515534 8.581893 7.902961 8.969320
BLOCK_223 9.052869 11.694310 9.553768 12.195209
BLOCK_224 11.349886 20.639477 11.687821 20.977412
BLOCK_225 8.092979 11.672120 8.369022 11.948163
BLOCK_226 10.885486 20.397517 11.316647 20.828678
BLOCK_227 10.730112 12.052968 11.064776 12.387632
BLOCK_228 9.545765 19.283729 9.877126 19.615090
BLOCK_229 10.016357 14.522196 10.391990 14.897829
BLOCK_230 8.116635 21.790861 8.670621 22.344847
BLOCK_231 9.356431 14.776267 9.746687 15.166523
BLOCK_232 7.187557 13.004847 7.660843 13.478133
BLOCK_233 9.830642 9.633532 10.331541 10.134431
BLOCK_234 7.715291 22.188994 8.283270 22.756973
BLOCK_235 11.327868 17.043368 11.852749 17.568249
BLOCK_236 7.392124 12.791813 7.770806 13.170495
BLOCK_237 7.421432 8.392717 7.995279 8.966564
BLOCK_238 9.370073 14.315849 9.736679 14.682455
BLOCK_239 9.390250 14.945684 9.756856 15.312290
BLOCK_240 9.633197 14.266627 10.008830 14.642260
BLOCK_241 7.000850 12.920829 7.532075 13.452054
BLOCK_242 8.306302 21.034070 8.972260 21.700028
BLOCK_243 6.895871 14.585644 7.412204 15.101977
BLOCK_244 16.025243 8.818270 16.573148 9.366175
BLOCK_245 7.539965 9.676438 7.960679 10.097152
BLOCK_246 8.831738 14.360411 9.119662 14.648335
BLOCK_247 7.764789 10.488224 8.106110 10.829545
BLOCK_248 6.598855 19.036023 6.980431 19.417599
BLOCK_249 9.280931 12.354284 9.601867 12.675220
BLOCK_250 7.857338 20.187560 8.129184 20.459406
BLOCK_251 9.597735 16.583292 9.976417 16.961974
BLOCK_252 10.361060 17.138812 10.846034 17.623786
BLOCK_253 12.793317 16.419392 13.171999 16.798074
BLOCK_254 7.794442 18.328081 8.154858 18.688497
BLOCK_255 8.634849 8.979081 9.439461 9.783693
BLOCK_256 6.903864 8.979731 7.409235 9.485102
BLOCK_257 7.611746 11.896347 7.936246 12.220847
BLOCK_258 10.303324 16.478338 10.729235 16.904249
BLOCK_259 7.775640 20.252667 8.269806 20.746833
BLOCK_260 6.746846 8.857671 7.178007 9.288832
BLOCK_261 10.087790 10.661428 10.371691 10.945329
BLOCK_262 10.587410 16.879069 10.960103 17.251762
BLOCK_263 6.839240 9.803971 7.160176 10.124907
BLOCK_264 8.618528 19.911692 9.069970 20.363134
BLOCK_265 10.747680 14.896591 11.171000 15.319911
BLOCK_266 8.124613 17.202278 8.420248 17.497913
BLOCK_267 7.272766 10.139928 7.668746 10.535908
BLOCK_268 9.726663 10.170315 10.029648 10.473300
BLOCK_269 8.585257 18.316280 9.094963 18.825986
BLOCK_270 2.764490 15.093161 3.438804 15.767475
BLOCK_271 11.379678 20.402192 11.818540 20.841054
BLOCK_272 11.175732 20.582009 11.533083 20.939360
BLOCK_273 7.192307 18.835915 7.516807 19.160415
BLOCK_274 10.964433 16.482501 11.390344 16.908412
BLOCK_275 6.750005 18.710251 7.191480 19.151726
BLOCK_276 7.658998 9.081822 8.173099 9.595923
BLOCK_277 6.965720 10.085659 7.265053 10.384992
BLOCK_278 6.506809 11.719082 6.945671 12.157944
BLOCK_279 7.808812 16.399929 8.298404 16.889521
BLOCK_280 9.207998 8.594482 9.514755 8.901239
BLOCK_281 7.804687 9.700300 8.217240 10.112853
BLOCK_282 11.879112 13.013102 12.213776 13.347766
BLOCK_283 8.241691 8.355194 8.772916 8.886419
BLOCK_284 9.348063 19.058387 9.950475 19.660799
BLOCK_285 10.093981 11.936824 10.353211 12.196054
BLOCK_286 12.327230 10.937646 12.753141 11.363557
BLOCK_287 11.042396 12.421209 11.326297 12.705110
BLOCK_288 10.018983 14.292926 10.431536 14.705479
BLOCK_289 6.962860 10.036368 7.329466 10.402974
BLOCK_290 8.683565 9.960612 9.186655 10.463702
BLOCK_291 7.561827 19.697461 7.889699 20.025333
BLOCK_292 7.647026 21.712699 8.169807 22.235480
BLOCK_293 8.402131 10.596249 8.851130 11.045248
BLOCK_294 10.411533 11.108612 10.746197 11.443276
BLOCK_295 14.550892 15.399340 15.067225 15.915673
BLOCK_296 12.291710 13.648881 13.054861 14.412032
BLOCK_297 9.090580 14.980895 9.382299 15.272614
BLOCK_298 13.202911 12.445273 13.776758 13.019120
BLOCK_299 9.376844 14.533020 9.752477 14.908653
BLOCK_300 10.372304 17.886777 10.693240 18.207713
BLOCK_301 7.284395 14.051300 7.619059 14.385964
BLOCK_302 7.498952 9.774177 7.995339 10.270564
BLOCK_303 9.709718 12.828131 10.183004 13.301417
BLOCK_304 7.384223 14.055220 7.762905 14.433902
BLOCK_305 9.644716 13.679344 9.932640 13.967268
BLOCK_306 16.451087 11.342436 16.967420 11.858769
BLOCK_307 14.496884 12.972174 15.108521 13.583811
BLOCK_308 6.467715 13.386009 7.070127 13.988421
BLOCK_309 10.270723 10.962239 10.900405 11.591921
BLOCK_310 7.496479 13.509988 7.943021 13.956530
BLOCK_311 12.208972 11.523583 12.496896 11.811507
BLOCK_312 14.550139 11.311179 14.894668 11.655708
BLOCK_313 8.057929 12.824722 8.481249 13.248042
BLOCK_314 9.232838 12.993488 9.645391 13.406041
BLOCK_315 9.898556 11.147520 10.399455 11.648419
BLOCK_316 11.168288 11.263213 11.624687 11.719612
BLOCK_317 8.061619 12.137857 8.412618 12.488856
BLOCK_318 12.742353 10.803573 13.256454 11.317674
BLOCK_319 11.469718 11.889702 12.021624 12.441608
BLOCK_320 7.088731 21.716012 7.537730 22.165011
BLOCK_321 13.816913 11.115270 14.248074 11.546431
BLOCK_322 10.160760 14.054687 10.502081 14.396008
BLOCK_323 11.886152 10.997902 12.227473 11.339223
BLOCK_324 6.880949 14.644084 7.282571 15.045706
BLOCK_325 7.274230 9.621583 7.733142 10.080495
BLOCK_326 9.922942 19.645945 10.301624 20.024627
BLOCK_327 8.423939 18.826115 8.748439 19.150615
BLOCK_328 8.473296 18.122765 8.732526 18.381995
BLOCK_329 11.440834 12.796855 11.716877 13.072898
BLOCK_330 6.444208 13.194122 7.057641 13.807555
BLOCK_331 7.710267 20.758680 8.013252 21.061665
BLOCK_332 10.079843 9.876004 10.680343 10.476504
BLOCK_333 10.153724 20.878091 10.560909 21.285276
BLOCK_334 8.841911 19.561907 9.117954 19.837950
BLOCK_335 10.360935 10.313464 10.652654 10.605183
BLOCK_336 9.963883 19.900711 10.501470 20.438298
BLOCK_337 8.237028 14.532408 8.618604 14.913984
BLOCK_338 12.540000 16.202112 12.924448 16.586560
BLOCK_339 6.533951 13.046400 6.854887 13.367336
BLOCK_340 9.486567 19.554085 9.976159 20.043677
BLOCK_341 9.848522 12.081887 10.258400 12.491765
BLOCK_342 6.153163 10.188312 6.690750 10.725899
BLOCK_343 11.520321 12.821359 11.858256 13.159294
BLOCK_344 10.587959 20.969762 10.871860 21.253663
BLOCK_345 8.498662 17.284773 9.046567 17.832678
BLOCK_346 8.054031 10.652113 8.648926 11.247008
BLOCK_347 6.753031 19.322048 7.238005 19.807022
BLOCK_348 7.850094 9.411211 8.301536 9.862653
BLOCK_349 9.642236 9.182347 10.049421 9.589532
BLOCK_350 8.920163 15.881111 9.286769 16.247717
BLOCK_351 10.186853 21.111532 10.470754 21.395433
BLOCK_352 1.925576 12.903271 2.863819 13.841514
BLOCK_353 11.249947 12.586688 11.667918 13.004659
BLOCK_354 8.109063 17.470803 8.478657 17.840397
BLOCK_355 9.096259 16.736431 9.395592 17.035764
BLOCK_356 10.596447 20.825355 10.880348 21.109256
BLOCK_357 7.504840 12.455545 7.883522 12.834227
BLOCK_358 10.364000 21.103283 10.647901 21.387184
BLOCK_359 11.398829 12.037515 11.730190 12.368876
BLOCK_360 8.579101 11.993549 9.023060 12.437508
BLOCK_361 10.333670 20.707607 10.729650 21.103587
BLOCK_362 9.773304 9.932902 10.107968 10.267566
BLOCK_363 14.731323 18.813859 15.075852 19.158388
BLOCK_364 10.483816 10.506124 10.821751 10.844059
BLOCK_365 7.694579 14.339775 8.004901 14.650097
BLOCK_366 9.137836 14.458972 9.620537 14.941673
BLOCK_367 7.525265 18.021711 7.879384 18.375830
BLOCK_368 13.692841 11.883717 13.988476 12.179352
BLOCK_369 9.269905 9.199336 9.777448 9.706879
BLOCK_370 8.808152 18.547783 9.174758 18.914389
BLOCK_371 8.231401 20.256485 8.633023 20.658107
BLOCK_372 8.787564 10.974661 9.382459 11.569556
BLOCK_373 5.951545 18.861338 6.305664 19.215457
BLOCK_374 8.836703 14.727797 9.249256 15.140350
BLOCK_375 7.049082 9.203282 7.603068 9.757268
BLOCK_376 3.123949 11.774787 3.798263 12.449101
BLOCK_377 6.682334 18.974209 7.261989 19.553864
BLOCK_378 9.555220 11.805312 10.073679 12.323771
BLOCK_379 9.193388 19.262563 9.597739 19.666914
BLOCK_380 7.409868 17.126882 7.861310 17.578324
BLOCK_381 9.007832 10.252191 9.431152 10.675511
BLOCK_382 14.058722 11.155149 14.664857 11.761284
BLOCK_383 9.003015 18.758052 9.444490 19.199527
BLOCK_384 12.445021 10.659775 12.772893 10.987647
BLOCK_385 10.034718 12.363092 10.528884 12.857258
BLOCK_386 7.739976 13.907023 8.130232 14.297279
BLOCK_387 5.835089 19.453218 6.329255 19.947384
BLOCK_388 6.926898 18.125129 7.342229 18.540460
BLOCK_389 8.776223 13.606509 9.244731 14.075017
BLOCK_390 11.762463 12.133086 12.129069 12.499692
BLOCK_391 8.813547 12.078842 9.369515 12.634810
BLOCK_392 8.928373 16.837662 9.324353 17.233642
BLOCK_393 8.705271 20.635510 9.065687 20.995926
BLOCK_394 8.606988 15.326899 9.022319 15.742230
BLOCK_395 8.442199 10.085199 9.048334 10.691334
BLOCK_396 10.494365 10.306348 11.008466 10.820449
BLOCK_397 9.358025 10.925524 9.751217 11.318716
BLOCK_398 13.636252 19.502971 14.219776 20.086495
BLOCK_399 6.938375 18.121233 7.492361 18.675219
BLOCK_400 8.848417 16.853065 9.227099 17.231747
BLOCK_401 10.085730 18.155186 10.385063 18.454519
BLOCK_402 6.108589 19.520367 6.529303 19.941081
BLOCK_403 10.296035 9.831328 10.637356 10.172649
BLOCK_404 10.120324 11.740224 10.546235 12.166135
BLOCK_405 12.306774 11.651909 12.682407 12.027542
BLOCK_406 14.836680 12.133670 15.224107 12.521097
BLOCK_407 8.635307 18.697533 9.045185 19.107411
BLOCK_408 7.352618 21.713100 7.687282 22.047764
BLOCK_409 11.403013 12.594486 11.897179 13.088652
BLOCK_410 9.354154 15.177573 10.013396 15.836815
BLOCK_411 8.491189 14.268948 8.973890 14.751649
BLOCK_412 8.371696 18.495365 8.776047 18.899716
BLOCK_413 8.739059 12.449403 9.086910 12.797254
BLOCK_414 9.462069 18.234740 9.942381 18.715052
BLOCK_415 10.063315 12.491111 10.397979 12.825775
BLOCK_416 7.826044 13.272186 8.204726 13.650868
BLOCK_417 12.795026 19.880571 13.231374 20.316919
BLOCK_418 7.743202 13.677686 8.171804 14.106288
BLOCK_419 6.245274 21.240803 6.589803 21.585332
BLOCK_420 8.706001 17.257630 9.167303 17.718932
BLOCK_421 6.788778 21.042312 7.404083 21.657617
BLOCK_422 10.621323 10.536038 11.008750 10.923465
BLOCK_423 8.254218 13.677296 8.647410 14.070488
BLOCK_424 12.400955 16.789863 13.039469 17.428377
BLOCK_425 9.684109 10.588738 10.110020 11.014649
BLOCK_426 9.682638 18.940584 10.067086 19.325032
BLOCK_427 8.072821 14.535203 8.439427 14.901809
BLOCK_428 6.139698 18.682448 6.681362 19.224112
BLOCK_429 9.494249 20.755477 9.801006 21.062234
BLOCK_430 15.305901 13.407766 16.045225 14.147090
BLOCK_431 11.510190 12.577901 11.954149 13.021860
BLOCK_432 12.667187 11.383437 12.991687 11.707937
BLOCK_433 9.567527 9.461490 9.940220 9.834183
BLOCK_434 7.780318 14.202410 8.211479 14.633571
BLOCK_435 8.714753 21.368461 9.156228 21.809936
BLOCK_436 12.085565 19.825433 12.527040 20.266908
BLOCK_437 8.788021 11.095726 9.172469 11.480174
BLOCK_438 11.899904 11.876010 12.241225 12.217331
BLOCK_439 9.663686 8.973076 9.991558 9.300948
BLOCK_440 9.120859 19.863724 9.574841 20.317706
BLOCK_441 7.081466 20.882594 7.416130 21.217258
BLOCK_442 12.125495 10.818729 12.446431 11.139665
BLOCK_443 10.163778 7.272073 10.703408 7.811703
BLOCK_444 15.661429 17.027453 16.125110 17.491134
BLOCK_445 9.544755 9.007337 9.876116 9.338698
BLOCK_446 10.559877 12.111899 11.065248 12.617270
BLOCK_447 9.245665 20.365959 9.730639 20.850933
BLOCK_448 9.855320 14.817140 10.536275 15.498095
BLOCK_449 7.342997 19.771800 7.779345 20.208148
BLOCK_450 8.491734 16.527495 8.879161 16.914922
BLOCK_451 9.496923 17.791612 9.925525 18.220214
BLOCK_452 9.939323 20.268228 10.474767 20.803672
BLOCK_453 13.953143 12.082265 14.300994 12.430116
BLOCK_454 6.816164 21.363591 7.284672 21.832099
BLOCK_455 7.587064 10.049490 7.938063 10.400489
BLOCK_456 6.627269 9.322876 7.123656 9.819263
BLOCK_457 12.575167 11.571309 13.050772 12.046914
BLOCK_458 8.769468 19.138843 9.205816 19.575191
BLOCK_459 8.760266 20.747358 9.091627 21.078719
BLOCK_460 7.542224 20.520464 7.899575 20.877815
BLOCK_461 14.364290 11.145454 14.674612 11.455776
BLOCK_462 11.387750 19.934534 11.836749 20.383533
BLOCK_463 9.844743 10.671260 10.214337 11.040854
BLOCK_464 8.297233 19.078780 8.625105 19.406652
BLOCK_465 5.651739 19.252028 6.215743 19.816032
BLOCK_466 8.085105 7.938905 8.454699 8.308499
BLOCK_467 14.070457 11.257435 14.414986 11.601964
BLOCK_468 6.410873 8.813103 6.940023 9.342253
BLOCK_469 14.117635 19.047363 14.657265 19.586993
BLOCK_470 8.568279 16.850491 8.931872 17.214084
BLOCK_471 15.696991 16.113047 16.345913 16.761969
BLOCK_472 11.001646 15.110924 11.794993 15.904271
BLOCK_473 9.342869 12.907160 9.823181 13.387472
BLOCK_474 6.141055 13.731484 6.988994 14.579423
BLOCK_475 8.112301 15.020482 8.688061 15.596242
BLOCK_476 12.352004 11.225047 12.815685 11.688728
BLOCK_477 12.171743 12.303575 12.553319 12.685151
BLOCK_478 7.967606 12.919949 8.452580 13.404923
BLOCK_479 16.406148 15.243897 16.867450 15.705199
BLOCK_480 11.716861 19.926134 12.262663 20.471936
BLOCK_481 11.247392 19.424443 11.634819 19.811870
BLOCK_482 13.526681 11.573203 13.854553 11.901075
BLOCK_483 5.830092 18.954881 6.231714 19.356503
BLOCK_484 10.227349 13.027997 10.803109 13.603757
BLOCK_485 7.777420 13.071059 8.203331 13.496970
BLOCK_486 7.018786 13.443186 7.588698 14.013098
BLOCK_487 7.702258 14.983890 7.997893 15.279525
BLOCK_488 7.131252 13.138283 7.672916 13.679947
BLOCK_489 10.212127 13.846266 10.821881 14.456020
BLOCK_490 11.342060 10.489287 12.039269 11.186496
BLOCK_491 9.387023 12.641102 9.871997 13.126076
BLOCK_492 9.093285 13.213927 9.639087 13.759729
BLOCK_493 4.687496 15.016827 5.338188 15.667519
BLOCK_494 10.514557 20.145981 11.041624 20.673048
BLOCK_495 13.838715 18.909608 14.316732 19.387625
BLOCK_496 17.005080 8.858891 17.389528 9.243339
BLOCK_497 12.351679 19.533416 12.767010 19.948747
BLOCK_498 8.589358 14.438156 8.920719 14.769517
BLOCK_499 12.414865 11.052680 12.832836 11.470651
BLOCK_500 8.249220 12.949899 8.729532 13.430211
BLOCK_501 11.872801 11.018418 12.226920 11.372537
BLOCK_502 7.737768 8.734417 8.153099 9.149748
BLOCK_503 8.714077 13.434327 9.378381 14.098631
BLOCK_504 9.502069 13.772303 9.877702 14.147936
BLOCK_505 7.913765 12.400319 8.280371 12.766925
BLOCK_506 9.304684 14.182143 9.639348 14.516807
BLOCK_507 12.697247 17.889925 13.081695 18.274373
BLOCK_508 13.385774 19.707066 13.904233 20.225525
BLOCK_509 8.572485 17.740326 8.939091 18.106932
BLOCK_510 9.715124 14.056621 10.056445 14.397942
BLOCK_511 12.542913 9.106431 13.030150 9.593668
BLOCK_512 12.064213 14.931435 12.777305 15.644527
BLOCK_513 7.204864 9.598691 7.571470 9.965297
BLOCK_514 5.457117 11.273127 5.944354 11.760364
BLOCK_515 14.274376 16.085884 14.761613 16.573121
BLOCK_516 8.449424 7.996452 8.770360 8.317388
BLOCK_517 13.989907 10.256380 14.575313 10.841786
BLOCK_518 9.793423 13.317456 10.289810 13.813843
BLOCK_519 7.452629 12.285557 7.865182 12.698110
BLOCK_520 13.609028 11.528170 13.963147 11.882289
BLOCK_521 9.443461 9.367924 9.822143 9.746606
BLOCK_522 8.139101 12.020305 8.891896 12.773100
BLOCK_523 8.644402 13.051645 9.140789 13.548032
BLOCK_524 10.929626 12.445130 11.299220 12.814724
BLOCK_525 5.937439 16.360433 6.736438 17.159432
BLOCK_526 8.259176 19.956282 8.616527 20.313633
BLOCK_527 7.232672 15.589627 7.553608 15.910563
BLOCK_528 8.276542 12.030425 8.784085 12.537968
BLOCK_529 9.373569 17.138468 10.086661 17.851560
BLOCK_530 6.012896 14.005072 6.535677 14.527853
BLOCK_531 5.781128 11.581959 6.412555 12.213386
BLOCK_532 4.938528 13.225956 5.740338 14.027766
BLOCK_533 11.252054 7.832515 11.977588 8.558049
BLOCK_534 10.953642 12.429740 11.338090 12.814188
BLOCK_535 8.898637 20.048685 9.383611 20.533659
BLOCK_536 6.777638 20.621425 7.321421 21.165208
BLOCK_537 11.433649 19.251817 11.840834 19.659002
BLOCK_538 5.289283 10.051614 5.867037 10.629368
BLOCK_539 8.822899 12.943853 9.345680 13.466634
BLOCK_540 8.097924 13.494737 8.536786 13.933599
BLOCK_541 10.254440 11.631599 10.725396 12.102555
BLOCK_542 6.816705 22.191804 7.335164 22.710263
BLOCK_543 8.408954 8.446169 9.123587 9.160802
BLOCK_544 10.069547 18.941290 10.559139 19.430882
BLOCK_545 8.537140 13.294051 9.005648 13.762559
BLOCK_546 5.866449 9.259506 6.576379 9.969436
BLOCK_547 9.215708 10.539418 9.631039 10.954749
BLOCK_548 8.228890 13.138178 8.646861 13.556149
BLOCK_549 8.959481 17.738623 9.464852 18.243994
BLOCK_550 13.847890 15.571168 14.291849 16.015127
BLOCK_551 7.078043 7.881197 7.685990 8.489144
BLOCK_552 13.610800 18.594605 14.120506 19.104311
BLOCK_553 7.869983 20.870689 8.242676 21.243382
BLOCK_554 7.518127 22.295393 7.878543 22.655809
BLOCK_555 4.849358 12.304353 5.559288 13.014283
BLOCK_556 8.912602 17.879321 9.450189 18.416908
BLOCK_557 9.084654 12.565900 9.533653 13.014899
BLOCK_558 7.997019 10.332274 8.463173 10.798428
BLOCK_559 8.944274 8.656433 9.520034 9.232193
BLOCK_560 8.028831 16.119334 8.651326 16.741829
BLOCK_561 7.601796 13.392402 7.915802 13.706408
BLOCK_562 8.007600 18.718086 8.420153 19.130639
BLOCK_563 8.223099 21.143005 8.703411 21.623317
BLOCK_564 7.842901 18.342269 8.286860 18.786228
BLOCK_565 7.140404 18.199271 7.539152 18.598019
BLOCK_566 8.933636 13.740822 9.503548 14.310734
BLOCK_567 8.134924 9.424562 8.489043 9.778681
BLOCK_568 15.041632 11.994040 15.431888 12.384296
BLOCK_569 14.380252 11.782044 14.946203 12.347995
BLOCK_570 8.200056 19.672811 8.596036 20.068791
BLOCK_571 6.009885 9.827501 6.539035 10.356651
BLOCK_572 10.845882 18.975103 11.255760 19.384981
BLOCK_573 7.837790 8.352909 8.247668 8.762787
BLOCK_574 10.186055 12.358595 10.590406 12.762946
BLOCK_575 12.217694 11.366675 12.565545 11.714526
BLOCK_576 7.156894 10.608471 7.634911 11.086488
BLOCK_577 9.381717 17.139111 9.788902 17.546296
BLOCK_578 7.161015 22.137570 7.645989 22.622544
BLOCK_579 6.961384 8.780040 7.425065 9.243721
BLOCK_580 9.160067 20.852539 9.658665 21.351137
BLOCK_581 6.722300 11.934001 7.369525 12.581226
BLOCK_582 14.215375 11.788316 14.641286 12.214227
BLOCK_583 9.600496 13.287598 10.096883 13.783985
BLOCK_584 8.156832 12.688070 8.746069 13.277307
BLOCK_585 16.393779 9.580064 16.912238 10.098523
BLOCK_586 12.422618 19.907482 12.974524 20.459388
BLOCK_587 8.274151 8.762761 8.672899 9.161509
BLOCK_588 13.030542 19.813388 13.440420 20.223266
BLOCK_589 6.941476 20.446313 7.397875 20.902712
BLOCK_590 8.513131 20.097149 8.998105 20.582123
BLOCK_591 9.889153 11.477618 10.556836 12.145301
BLOCK_592 10.506002 12.299923 10.934604 12.728525
BLOCK_593 16.980613 9.628333 17.499072 10.146792
BLOCK_594 8.403158 13.353298 8.899545 13.849685
BLOCK_595 11.914129 10.337171 12.421672 10.844714
BLOCK_596 10.041638 10.634086 10.454191 11.046639
BLOCK_597 12.606630 12.372319 13.252076 13.017765
BLOCK_598 14.278132 11.200246 14.834100 11.756214
BLOCK_599 9.041816 21.237418 9.429243 21.624845
BLOCK_600 9.956845 12.628672 10.538395 13.210222
BLOCK_601 10.122870 11.912674 10.507318 12.297122
BLOCK_602 6.233706 20.876525 6.702214 21.345033
BLOCK_603 8.049500 21.936324 8.456685 22.343509
BLOCK_604 7.563059 21.367005 8.029213 21.833159
BLOCK_605 6.870850 17.484761 7.255298 17.869209
BLOCK_606 11.874039 12.055584 12.361276 12.542821
BLOCK_607 6.978003 17.201227 7.529909 17.753133
BLOCK_608 10.600648 9.842761 11.073934 10.316047
BLOCK_609 8.430738 19.448416 9.029403 20.047081
BLOCK_610 7.453297 16.778860 7.825990 17.151553
BLOCK_611 7.450145 15.921066 7.921101 16.392022
BLOCK_612 7.241439 17.391595 7.766320 17.916476
BLOCK_613 7.129662 16.451408 7.679571 17.001317
BLOCK_614 8.504202 17.417162 8.861553 17.774513
BLOCK_615 7.790664 16.983191 8.148015 17.340542
BLOCK_616 8.114935 20.029988 8.496511 20.411564
BLOCK_617 7.623299 17.335676 8.096585 17.808962
BLOCK_618 6.799042 17.365059 7.183490 17.749507
BLOCK_619 5.809921 9.816900 6.351585 10.358564
BLOCK_620 11.824718 12.644292 12.273717 13.093291
BLOCK_621 12.205327 17.245217 12.676283 17.716173
BLOCK_622 6.473611 21.722094 6.937292 22.185775
BLOCK_623 8.991891 11.654171 9.430753 12.093033
BLOCK_624 8.862878 10.484815 9.311877 10.933814
BLOCK_625 14.717602 12.095077 15.105029 12.482504
BLOCK_626 8.249811 20.441977 8.616417 20.808583
BLOCK_627 7.716764 13.820886 8.335634 14.439756
BLOCK_628 6.217817 21.362925 6.695834 21.840942
BLOCK_629 11.755306 11.102784 12.106305 11.453783
BLOCK_630 8.136154 11.293106 8.656731 11.813683
BLOCK_631 10.384830 10.309171 10.813432 10.737773
BLOCK_632 12.943539 14.777135 13.614508 15.448104
BLOCK_633 8.313102 8.857864 9.089375 9.634137
BLOCK_634 17.402985 14.721987 18.025480 15.344482
BLOCK_635 8.487316 20.392167 8.997022 20.901873
BLOCK_636 9.088798 9.879325 9.504129 10.294656
BLOCK_637 8.475899 19.286607 8.842505 19.653213
BLOCK_638 7.796910 7.994900 8.243452 8.441442
BLOCK_639 7.668576 20.053412 8.019575 20.404411
BLOCK_640 7.757439 19.654423 8.133072 20.030056
BLOCK_641 9.425383 20.651160 9.879365 21.105142
BLOCK_642 8.125947 12.413474 8.601552 12.889079
BLOCK_643 7.591251 11.911357 8.324463 12.644569
BLOCK_644 7.910234 14.059356 8.445678 14.594800
BLOCK_645 9.574146 20.543669 9.955722 20.925245
BLOCK_646 9.721523 14.795402 10.172965 15.246844
BLOCK_647 7.842867 19.371229 8.470720 19.999082
BLOCK_648 7.456140 21.113179 7.874111 21.531150
BLOCK_649 7.804398 20.926826 8.265700 21.388128
BLOCK_650 12.301170 11.516883 12.670764 11.886477
BLOCK_651 7.627424 20.394010 7.997018 20.763604
BLOCK_652 8.520091 15.157435 9.005065 15.642409
BLOCK_653 8.094931 15.395543 8.589097 15.889709
BLOCK_654 7.442570 16.369215 7.927544 16.854189
BLOCK_655 7.686748 16.171748 8.082728 16.567728
BLOCK_656 13.054848 13.116314 13.719152 13.780618
BLOCK_657 7.744159 20.757355 8.205461 21.218657
BLOCK_658 9.721223 10.087299 10.189731 10.555807
BLOCK_659 4.173822 11.576470 4.841505 12.244153
BLOCK_660 7.568210 12.497405 8.111993 13.041188
BLOCK_661 8.252150 7.946654 8.966783 8.661287
BLOCK_662 6.467973 8.555331 6.977679 9.065037
BLOCK_663 9.201254 14.716962 9.965845 15.481553
BLOCK_664 7.623648 9.207677 8.117814 9.701843
BLOCK_665 8.944747 13.692669 9.558180 14.306102
BLOCK_666 6.710754 10.740742 7.130754 11.160742
BLOCK_667 13.603265 13.820792 14.023265 14.240792
BLOCK_668 5.202166 17.042839 5.622166 17.462839
BLOCK_669 6.520375 16.701767 6.940375 17.121767
BLOCK_670 10.797043 12.802957 11.217043 13.222957
BLOCK_671 11.107241 9.069484 11.527241 9.489484
BLOCK_672 10.393554 6.588226 10.813554 7.008226
BLOCK_673 15.343535 12.613092 15.763535 13.033092
BLOCK_674 17.687356 14.059711 18.107356 14.479711
BLOCK_675 7.461639 7.386146 7.881639 7.806146
BLOCK_676 10.291047 18.042798 10.711047 18.462798
BLOCK_677 15.074266 10.830724 15.494266 11.250724
BLOCK_678 13.304627 8.949709 13.724627 9.369709
BLOCK_679 5.988107 10.933018 6.408107 11.353018
BLOCK_680 4.951929 7.734635 5.371929 8.154635
BLOCK_681 11.263222 13.306212 11.683222 13.726212
BLOCK_682 12.454109 15.761742 12.874109 16.181742
BLOCK_683 4.846833 11.248967 5.266833 11.668967
BLOCK_684 6.205607 14.433216 6.625607 14.853216
BLOCK_685 21.266863 9.042867 21.686863 9.462867
BLOCK_686 12.081040 10.192249 12.501040 10.612249
BLOCK_687 14.358751 14.878203 14.778751 15.298203
BLOCK_688 11.086482 9.714462 11.506482 10.134462
BLOCK_689 10.589761 14.092097 11.009761 14.512097
BLOCK_690 7.366648 4.850658 7.786648 5.270658
BLOCK_691 4.302399 9.769473 4.722399 10.189473
BLOCK_692 5.694860 12.884103 6.114860 13.304103
BLOCK_693 6.026165 14.735756 6.446165 15.155756
BLOCK_694 5.145438 13.582025 5.565438 14.002025
BLOCK_695 11.276771 7.526821 11.696771 7.946821
BLOCK_696 14.079500 12.520405 14.499500 12.940405
BLOCK_697 15.929857 14.246955 16.349857 14.666955
BLOCK_698 9.455281 15.612919 9.875281 16.032919
BLOCK_699 11.549164 9.754594 11.969164 10.174594
BLOCK_700 5.842316 9.173097 6.262316 9.593097
BLOCK_701 13.831819 15.217475 14.251819 15.637475
BLOCK_702 4.896170 15.709831 5.316170 16.129831
BLOCK_703 11.353922 10.335665 11.773922 10.755665
BLOCK_704 6.471806 12.506951 6.891806 12.926951
BLOCK_705 11.550863 9.336206 11.970863 9.756206
BLOCK_706 18.311828 11.378183 19.151828 12.338183
BLOCK_707 5.465224 10.778203 6.305224 11.738203
BLOCK_708 7.612589 6.810078 8.452589 7.770078
BLOCK_709 12.477816 14.583494 13.317816 15.543494
BLOCK_710 11.314241 13.174270 12.154241 14.134270
BLOCK_711 5.788792 16.866059 6.628792 17.826059
BLOCK_712 8.607840 5.197780 9.447840 6.157780
BLOCK_713 1.730007 14.871375 2.570007 15.831375
BLOCK_714 15.617451 17.250842 16.457451 18.210842
BLOCK_715 5.215435 22.080000 6.055435 23.040000
BLOCK_716 6.052168 15.255647 6.892168 16.215647
BLOCK_717 6.434926 7.715544 7.274926 8.675544
BLOCK_718 6.284931 14.391641 7.124931 15.351641
BLOCK_719 19.512715 21.243407 20.352715 22.203407
BLOCK_720 14.132501 17.673481 14.972501 18.633481
BLOCK_721 14.874231 11.535901 15.714231 12.495901
BLOCK_722 12.901617 18.366782 13.741617 19.326782
BLOCK_723 5.984862 22.080000 6.824862 23.040000
BLOCK_724 14.194677 14.577794 15.034677 15.537794
BLOCK_725 8.274260 5.895561 9.114260 6.855561
BLOCK_726 3.943349 10.901634 4.783349 11.861634
BLOCK_727 4.219793 16.143846 5.059793 17.103846
BLOCK_728 3.217722 14.776859 4.057722 15.736859
BLOCK_729 10.649374 17.747480 11.489374 18.707480
BLOCK_730 3.204529 10.850176 4.044529 11.810176
BLOCK_731 2.349979 16.278440 3.189979 17.238440
BLOCK_732 12.488117 17.220080 13.328117 18.180080
BLOCK_733 2.737784 8.832464 3.577784 9.792464
BLOCK_734 5.666928 7.452566 6.506928 8.412566
BLOCK_735 12.268925 15.148424 13.108925 16.108424
BLOCK_736 15.033403 15.556036 15.873403 16.516036
BLOCK_737 0.923694 12.515976 1.763694 13.475976
BLOCK_738 11.556600 18.380319 12.396600 19.340319
BLOCK_739 2.502145 11.667884 3.342145 12.627884
BLOCK_740 13.326072 17.582803 14.166072 18.542803
BLOCK_741 6.544579 19.607029 7.384579 20.567029
BLOCK_742 1.793272 10.701457 2.633272 11.661457
BLOCK_743 6.208920 11.803216 7.048920 12.763216
BLOCK_744 15.796603 14.413249 16.636603 15.373249
BLOCK_745 13.805516 14.018117 14.645516 14.978117
BLOCK_746 2.135013 15.414234 2.975013 16.374234
BLOCK_747 9.789338 8.094289 10.629338 9.054289
BLOCK_748 1.033954 13.809095 1.873954 14.769095
BLOCK_749 2.795114 13.362791 3.635114 14.322791
BLOCK_750 15.197364 12.414878 16.037364 13.374878
BLOCK_751 4.750403 18.821209 5.590403 19.781209
BLOCK_752 13.742109 13.306516 14.582109 14.266516
BLOCK_753 8.252236 14.329755 9.092236 15.289755
BLOCK_754 13.070520 10.518067 13.910520 11.478067
BLOCK_755 14.909076 14.547029 15.749076 15.507029
BLOCK_756 9.192612 11.149680 10.032612 12.109680
BLOCK_757 11.543576 16.801291 12.383576 17.761291
BLOCK_758 16.194739 13.069227 17.034739 14.029227
BLOCK_759 3.442856 11.899566 4.282856 12.859566
BLOCK_760 16.352450 16.523341 17.192450 17.483341
BLOCK_761 1.799857 20.345000 2.639857 21.305000
BLOCK_762 5.739744 20.067516 6.579744 21.027516
BLOCK_763 11.881991 1.096804 12.721991 2.056804
BLOCK_764 10.979806 13.903988 11.819806 14.863988
BLOCK_765 12.009864 7.675944 12.849864 8.635944
BLOCK_766 2.384612 9.395857 3.224612 10.355857
BLOCK_767 3.958099 10.215784 4.798099 11.175784
BLOCK_768 4.511537 8.825240 5.351537 9.785240
BLOCK_769 16.889781 15.627765 17.729781 16.587765
BLOCK_770 14.679531 15.912487 15.519531 16.872487
BLOCK_771 5.757842 14.007933 6.597842 14.967933
BLOCK_772 18.112927 15.424068 18.952927 16.384068
BLOCK_773 9.816297 6.100114 10.656297 7.060114
BLOCK_774 5.142282 21.066962 5.982282 22.026962
BLOCK_775 11.225173 4.841001 12.465173 6.121001
BLOCK_776 15.333673 17.919430 16.173673 18.879430
BLOCK_777 5.122851 6.730439 5.962851 7.690439
BLOCK_778 15.581022 14.970783 16.421022 15.930783
BLOCK_779 5.169589 15.507596 6.009589 16.467596
BLOCK_780 12.408520 18.495674 13.248520 19.455674
BLOCK_781 2.131917 14.230628 2.971917 15.190628
BLOCK_782 13.722192 15.423633 14.562192 16.383633
BLOCK_783 9.585027 7.302338 10.425027 8.262338
BLOCK_784 12.809033 10.092103 13.649033 11.052103
BLOCK_785 18.387739 12.109406 19.227739 13.069406
BLOCK_786 14.737681 16.750313 15.577681 17.710313
BLOCK_787 2.762114 10.781699 3.602114 11.741699
BLOCK_788 4.769691 12.040522 5.609691 13.000522
BLOCK_789 17.509153 13.568270 18.349153 14.528270
BLOCK_790 1.311407 12.051173 2.151407 13.011173
BLOCK_791 11.800422 2.268879 12.640422 3.228879
BLOCK_792 10.915878 6.378116 11.755878 7.338116
BLOCK_793 10.883064 13.781906 11.723064 14.741906
BLOCK_794 6.719370 6.918907 7.559370 7.878907
BLOCK_795 6.049512 17.664458 6.889512 18.624458
BLOCK_796 13.171493 17.069218 14.011493 18.029218
BLOCK_797 3.901933 14.621874 4.741933 15.581874
BLOCK_798 3.432445 9.840125 4.272445 10.800125
BLOCK_799 5.131231 16.641845 5.971231 17.601845
BLOCK_800 5.884378 6.528911 6.724378 7.488911
BLOCK_801 11.657806 8.560759 12.497806 9.520759
BLOCK_802 5.700155 12.822571 6.540155 13.782571
BLOCK_803 0.505147 13.372276 1.345147 14.332276
BLOCK_804 18.070665 14.723122 18.910665 15.683122
BLOCK_805 5.483811 8.490553 6.323811 9.450553
BLOCK_806 2.389580 12.207203 3.229580 13.167203
BLOCK_807 9.039281 7.368776 9.879281 8.328776
BLOCK_808 12.232753 9.744390 13.072753 10.704390
BLOCK_809 15.893922 11.759700 16.733922 12.719700
BLOCK_810 12.822878 13.106919 13.662878 14.066919
BLOCK_811 5.107386 10.133115 5.947386 11.093115
BLOCK_812 2.824256 13.459491 3.664256 14.419491
BLOCK_813 3.488228 8.600516 4.328228 9.560516
BLOCK_814 14.031453 12.240608 14.871453 13.200608
BLOCK_815 16.052446 15.803036 16.892446 16.763036
BLOCK_816 1.074165 14.692710 1.914165 15.652710
BLOCK_817 12.473008 20.515415 13.733008 21.795415
BLOCK_818 17.632790 10.347429 18.472790 11.307429
BLOCK_819 16.452346 17.151659 17.292346 18.111659
BLOCK_820 11.808038 6.850372 12.648038 7.810372
BLOCK_821 3.871478 13.228512 4.711478 14.188512
BLOCK_822 12.974912 14.278456 13.814912 15.238456
BLOCK_823 16.111424 13.456704 16.951424 14.416704
BLOCK_824 14.788271 10.166691 15.628271 11.126691
BLOCK_825 1.614085 16.086152 2.454085 17.046152
BLOCK_826 8.494334 6.899003 9.334334 7.859003
BLOCK_827 17.217173 12.337428 18.057173 13.297428
BLOCK_828 4.384984 11.950881 5.224984 12.910881
BLOCK_829 10.839671 1.653720 11.679671 2.613720
BLOCK_830 2.251699 10.051800 3.091699 11.011800
BLOCK_831 5.305850 14.705350 6.145850 15.665350
BLOCK_832 6.161749 10.472914 7.001749 11.432914
BLOCK_833 13.144727 13.347861 13.984727 14.307861
BLOCK_834 3.964409 9.545606 4.804409 10.505606
BLOCK_835 0.154012 12.491944 0.994012 13.451944
BLOCK_836 15.320113 10.753194 16.160113 11.713194
BLOCK_837 1.472368 11.276551 2.312368 12.236551
BLOCK_838 10.935682 10.933890 11.775682 11.893890
BLOCK_839 12.083953 12.043984 12.923953 13.003984
BLOCK_840 10.071961 4.216094 10.911961 5.176094
BLOCK_841 9.917951 15.335573 10.757951 16.295573
BLOCK_842 11.948328 16.276260 12.788328 17.236260
BLOCK_843 4.069376 13.640296 4.909376 14.600296
BLOCK_844 12.748244 7.907093 13.588244 8.867093
BLOCK_845 4.589384 17.846873 5.429384 18.806873
BLOCK_846 16.607031 14.118230 17.447031 15.078230
BLOCK_847 8.575748 15.517832 9.415748 16.477832
BLOCK_848 10.714762 9.351843 11.554762 10.311843
BLOCK_849 14.112268 9.818458 14.952268 10.778458
BLOCK_850 5.972852 15.211203 6.812852 16.171203
BLOCK_851 9.687178 21.464746 10.527178 22.424746
BLOCK_852 3.029223 16.137891 3.869223 17.097891
BLOCK_853 8.608534 22.080000 9.448534 23.040000
BLOCK_854 11.967375 12.892008 12.807375 13.852008
BLOCK_855 6.522126 16.166544 7.362126 17.126544
BLOCK_856 14.839331 13.071439 15.679331 14.031439
BLOCK_857 13.293576 9.149979 14.133576 10.109979
BLOCK_858 17.302694 12.833503 18.142694 13.793503
BLOCK_859 3.568389 15.994578 4.408389 16.954578
BLOCK_860 16.785487 21.418112 17.625487 22.378112
BLOCK_861 18.259220 10.736532 19.099220 11.696532
BLOCK_862 10.329107 8.040259 11.169107 9.000259
BLOCK_863 11.001170 18.003022 11.841170 18.963022
BLOCK_864 17.050659 11.097536 17.890659 12.057536
BLOCK_865 4.473600 17.152443 5.313600 18.112443
BLOCK_866 5.594297 12.318621 6.434297 13.278621
BLOCK_867 0.790686 11.119426 1.630686 12.079426
BLOCK_868 1.558687 13.423676 2.398687 14.383676
BLOCK_869 15.658338 11.273268 16.498338 12.233268
BLOCK_870 11.689280 17.804626 12.529280 18.764626
BLOCK_871 14.572814 18.187232 15.412814 19.147232
BLOCK_872 16.352741 12.287970 17.192741 13.247970
BLOCK_873 0.000000 14.298006 0.840000 15.258006
BLOCK_874 3.962388 15.170878 4.802388 16.130878
BLOCK_875 13.101792 11.106307 13.941792 12.066307
BLOCK_876 1.742983 18.623693 2.582983 19.583693
BLOCK_877 6.927687 10.627377 7.767687 11.587377
BLOCK_878 3.320253 12.811379 4.160253 13.771379
BLOCK_879 13.423518 16.284039 14.263518 17.244039
BLOCK_880 4.049660 8.328272 4.889660 9.288272
BLOCK_881 16.730458 14.842910 17.570458 15.802910
BLOCK_882 16.059910 10.332945 16.899910 11.292945
BLOCK_883 9.233103 6.266379 10.073103 7.226379
BLOCK_884 10.714953 7.017430 11.554953 7.977430
BLOCK_885 14.362562 9.099641 15.202562 10.059641
BLOCK_886 5.177041 7.918360 6.017041 8.878360
BLOCK_887 14.930290 14.070901 15.770290 15.030901
BLOCK_888 12.048955 9.010209 12.888955 9.970209
BLOCK_889 3.356441 13.857277 4.196441 14.817277
BLOCK_890 7.905422 10.614566 8.745422 11.574566
BLOCK_891 14.254578 16.958657 15.094578 17.918657
BLOCK_892 18.240246 14.030835 19.080246 14.990835
BLOCK_893 6.602916 11.188601 7.442916 12.148601
BLOCK_894 17.469768 15.674202 18.309768 16.634202
BLOCK_895 10.843170 15.541806 11.683170 16.501806
BLOCK_896 4.712785 13.785217 5.552785 14.745217
BLOCK_897 4.782977 9.356655 5.622977 10.316655
BLOCK_898 4.556681 10.911506 5.396681 11.871506
BLOCK_899 14.307226 12.771652 15.147226 13.731652
BLOCK_900 10.829211 8.296939 11.669211 9.256939
BLOCK_901 11.463909 9.656225 12.303909 10.616225
BLOCK_902 18.268913 12.834877 19.108913 13.794877
BLOCK_903 0.243288 11.639166 1.083288 12.599166
BLOCK_904 4.448182 7.564509 5.288182 8.524509
BLOCK_905 16.872966 10.442289 17.712966 11.402289
BLOCK_906 17.379920 11.586801 18.219920 12.546801
BLOCK_907 15.329258 9.779943 16.169258 10.739943
BLOCK_908 4.788352 15.662104 5.628352 16.622104
BLOCK_909 12.267652 0.000000 22.787652 10.520000
BLOCK_910 10.981065 11.342330 11.821065 12.302330
BLOCK_911 5.374168 17.817113 6.214168 18.777113

[Iter 2000] geometry_scale=12.000000
BLOCK_1 10.415390 7.534824 10.510259 7.629692
BLOCK_2 13.141679 18.958147 13.266979 19.083447
BLOCK_3 10.424396 7.492760 10.519264 7.587629
BLOCK_4 13.507247 10.438992 13.632547 10.564292
BLOCK_5 10.428792 7.486074 10.523661 7.580942
BLOCK_6 13.267981 18.969151 13.393281 19.094451
BLOCK_7 19.123536 13.197491 19.248836 13.322791
BLOCK_8 13.270293 18.995488 13.395593 19.120788
BLOCK_9 15.710375 16.193684 15.777457 16.260766
BLOCK_10 10.424123 7.491677 10.518991 7.586546
BLOCK_11 10.517839 21.006410 10.612707 21.101278
BLOCK_12 15.710630 16.192700 15.777712 16.259782
BLOCK_13 6.811510 16.701681 6.878592 16.768763
BLOCK_14 17.645051 5.234822 17.691955 5.281726
BLOCK_15 8.013088 6.485785 8.128846 6.601543
BLOCK_16 17.644267 5.235107 17.691172 5.282011
BLOCK_17 15.710238 16.192174 15.777320 16.259256
BLOCK_18 15.710322 16.192176 15.777404 16.259258
BLOCK_19 13.510217 10.554106 13.635517 10.679406
BLOCK_20 13.504640 10.440980 13.629940 10.566280
BLOCK_21 6.086070 10.795770 6.211370 10.921070
BLOCK_22 4.567366 7.221167 4.662234 7.316036
BLOCK_23 13.267788 18.969387 13.393088 19.094687
BLOCK_24 5.846403 10.914341 5.971703 11.039641
BLOCK_25 8.034779 6.495797 8.129648 6.590665
BLOCK_26 5.734106 10.800462 5.859406 10.925762
BLOCK_27 7.196635 19.946706 7.291503 20.041574
BLOCK_28 5.965888 10.801425 6.091188 10.926725
BLOCK_29 4.567366 7.221167 4.662234 7.316036
BLOCK_30 4.567366 7.221167 4.662234 7.316036
BLOCK_31 19.170635 13.197740 19.295935 13.323040
BLOCK_32 18.409155 13.196653 18.534455 13.321953
BLOCK_33 4.567366 7.221167 4.662234 7.316036
BLOCK_34 8.013449 6.485761 8.129207 6.601519
BLOCK_35 8.034779 6.495797 8.129648 6.590665
BLOCK_36 13.149305 4.959643 13.306149 5.116487
BLOCK_37 13.504543 10.437999 13.629843 10.563299
BLOCK_38 6.096870 19.695827 6.202700 19.801657
BLOCK_39 18.765003 13.200132 18.890303 13.325432
BLOCK_40 11.073176 19.033540 11.474798 19.435162
BLOCK_41 11.362597 17.280646 11.814039 17.732088
BLOCK_42 14.217401 8.145238 14.472352 8.400189
BLOCK_43 6.815016 16.248682 7.125338 16.559004
BLOCK_44 5.041005 11.530762 5.523706 12.013463
BLOCK_45 11.353612 19.273512 11.714028 19.633928
BLOCK_46 13.152311 14.171206 13.469801 14.488696
BLOCK_47 12.558310 8.056869 12.909309 8.407868
BLOCK_48 12.208480 14.616792 12.691181 15.099493
BLOCK_49 10.822490 18.835650 11.235043 19.248203
BLOCK_50 12.426034 17.061864 12.750534 17.386364
BLOCK_51 12.764019 17.191193 13.091891 17.519065
BLOCK_52 9.141907 22.556263 9.557238 22.971594
BLOCK_53 9.986455 16.479055 10.440437 16.933037
BLOCK_54 11.751469 15.000935 12.072405 15.321871
BLOCK_55 10.872498 16.193137 11.295818 16.616457
BLOCK_56 11.122443 16.464798 11.446943 16.789298
BLOCK_57 11.368960 15.240576 11.786931 15.658547
BLOCK_58 9.418918 22.404233 9.834249 22.819564
BLOCK_59 10.191615 16.674475 10.512551 16.995411
BLOCK_60 11.389116 14.905633 11.716988 15.233505
BLOCK_61 10.757952 20.406443 11.012903 20.661394
BLOCK_62 8.722232 21.090665 9.249299 21.617732
BLOCK_63 11.501851 16.636996 12.047653 17.182798
BLOCK_64 5.904617 12.129510 6.306239 12.531132
BLOCK_65 7.889869 16.793507 8.358377 17.262015
BLOCK_66 17.669776 11.758944 18.274011 12.363179
BLOCK_67 12.108782 17.667321 12.429718 17.988257
BLOCK_68 9.107041 19.458643 9.556040 19.907642
BLOCK_69 11.289255 14.010920 11.820480 14.542145
BLOCK_70 12.172714 14.135336 12.714378 14.677000
BLOCK_71 10.515133 18.478243 10.893815 18.856925
BLOCK_72 10.325861 8.690553 10.964375 9.329067
BLOCK_73 4.409449 15.950853 4.788131 16.329535
BLOCK_74 9.948628 15.318795 10.490292 15.860459
BLOCK_75 13.033313 16.691528 13.384312 17.042527
BLOCK_76 10.997098 16.604970 11.318034 16.925906
BLOCK_77 8.213191 16.925254 8.714090 17.426153
BLOCK_78 14.862203 17.030517 15.491885 17.660199
BLOCK_79 10.636270 15.702114 11.134868 16.200712
BLOCK_80 16.220703 15.500142 16.751928 16.031367
BLOCK_81 11.238303 15.725697 11.666905 16.154299
BLOCK_82 18.057976 13.402336 18.698210 14.042570
BLOCK_83 7.279471 19.277666 7.923210 19.921405
BLOCK_84 12.783420 20.630604 13.147013 20.994197
BLOCK_85 9.685021 15.609423 10.196978 16.121380
BLOCK_86 9.186913 16.811908 9.774280 17.399275
BLOCK_87 13.411954 16.181335 13.981866 16.751247
BLOCK_88 7.169000 14.577180 7.651701 15.059881
BLOCK_89 11.070820 10.159012 11.589279 10.677471
BLOCK_90 7.342815 7.358964 7.649572 7.665721
BLOCK_91 10.856429 13.414020 11.235111 13.792702
BLOCK_92 10.875046 14.975488 11.362283 15.462725
BLOCK_93 12.762956 14.515188 13.261554 15.013786
BLOCK_94 13.164052 12.953038 13.646753 13.435739
BLOCK_95 9.117141 10.892936 9.650526 11.426321
BLOCK_96 7.912989 17.875073 8.391006 18.353090
BLOCK_97 14.095006 12.734870 14.577707 13.217571
BLOCK_98 7.289152 19.156669 7.822537 19.690054
BLOCK_99 10.070203 17.167352 10.506551 17.603700
BLOCK_100 4.051017 12.612816 4.426650 12.988449
BLOCK_101 10.603737 16.570850 11.081754 17.048867
BLOCK_102 11.355338 19.928094 11.799297 20.372053
BLOCK_103 10.045289 17.881162 10.471200 18.307073
BLOCK_104 10.884762 14.220419 11.468286 14.803943
BLOCK_105 10.436651 19.751154 10.984556 20.299059
BLOCK_106 17.211775 9.830619 17.522097 10.140941
BLOCK_107 10.189070 12.127633 10.707529 12.646092
BLOCK_108 10.395145 15.232982 11.017640 15.855477
BLOCK_109 11.217724 13.325198 11.958534 14.066008
BLOCK_110 6.858898 15.248582 7.418898 15.808582
BLOCK_111 8.131195 14.455661 8.549166 14.873632
BLOCK_112 10.172021 8.752099 10.635702 9.215780
BLOCK_113 7.994592 19.318971 8.370225 19.694604
BLOCK_114 10.809813 13.369289 11.233133 13.792609
BLOCK_115 9.331681 15.634376 9.901593 16.204288
BLOCK_116 10.755960 18.398725 11.163145 18.805910
BLOCK_117 14.368671 12.737450 14.802491 13.171270
BLOCK_118 11.768818 11.730338 12.184149 12.145669
BLOCK_119 11.812920 20.046435 12.244081 20.477596
BLOCK_120 6.932697 14.889490 7.396378 15.353171
BLOCK_121 13.548292 14.138489 14.169017 14.759214
BLOCK_122 8.233474 16.667852 8.612156 17.046534
BLOCK_123 9.570379 18.623791 10.031681 19.085093
BLOCK_124 12.588822 11.202192 13.022642 11.636012
BLOCK_125 9.331469 17.766919 9.871099 18.306549
BLOCK_126 9.910289 18.490683 10.404455 18.984849
BLOCK_127 8.132554 9.558777 8.553268 9.979491
BLOCK_128 12.028764 14.380957 12.435949 14.788142
BLOCK_129 9.470438 18.730540 10.028470 19.288572
BLOCK_130 9.683238 16.560440 9.982571 16.859773
BLOCK_131 11.022611 14.762472 11.353972 15.093833
BLOCK_132 10.508604 17.365287 11.154050 18.010733
BLOCK_133 6.682845 15.819354 7.106165 16.242674
BLOCK_134 10.635141 14.024019 11.203120 14.591998
BLOCK_135 8.364836 18.246694 8.725252 18.607110
BLOCK_136 13.143613 16.724750 13.659946 17.241083
BLOCK_137 9.415097 16.197512 10.035822 16.818237
BLOCK_138 7.813724 17.572028 8.363633 18.121937
BLOCK_139 12.175706 17.071100 12.591037 17.486431
BLOCK_140 10.762409 16.815255 11.097073 17.149919
BLOCK_141 8.430330 17.861646 8.834681 18.265997
BLOCK_142 11.120551 14.882371 11.598568 15.360388
BLOCK_143 7.805195 10.472744 8.261594 10.929143
BLOCK_144 7.705204 9.822544 8.212747 10.330087
BLOCK_145 9.484529 9.163288 9.918349 9.597108
BLOCK_146 10.057824 15.869960 10.395759 16.207895
BLOCK_147 10.644013 15.729720 11.069924 16.155631
BLOCK_148 12.919115 17.164414 13.266966 17.512265
BLOCK_149 12.707413 17.794903 13.133324 18.220814
BLOCK_150 10.054592 15.910388 10.480503 16.336299
BLOCK_151 5.080045 14.111596 5.487230 14.518781
BLOCK_152 10.135453 9.363222 10.492804 9.720573
BLOCK_153 9.725185 10.930934 10.159005 11.364754
BLOCK_154 10.645557 19.169510 11.178942 19.702895
BLOCK_155 11.721484 10.964464 12.028241 11.271221
BLOCK_156 11.003898 20.157537 11.291822 20.445461
BLOCK_157 8.187196 10.326951 8.459042 10.598797
BLOCK_158 9.920677 21.475227 10.241613 21.796163
BLOCK_159 12.910447 17.410120 13.331161 17.830834
BLOCK_160 2.144722 13.575976 3.088915 14.520169
BLOCK_161 9.209530 16.234358 9.653489 16.678317
BLOCK_162 10.856925 17.102576 11.388150 17.633801
BLOCK_163 9.558755 21.726589 9.997617 22.165451
BLOCK_164 6.786621 7.877615 7.174048 8.265042
BLOCK_165 11.400517 16.348003 11.831678 16.779164
BLOCK_166 8.988380 18.515943 9.316252 18.843815
BLOCK_167 13.421826 11.987726 14.357668 12.923568
BLOCK_168 7.644970 8.282928 7.944303 8.582261
BLOCK_169 11.957171 14.881970 12.305022 15.229821
BLOCK_170 12.676736 17.519865 13.014671 17.857800
BLOCK_171 10.280576 16.201666 10.628427 16.549517
BLOCK_172 8.814462 15.110500 9.077901 15.373939
BLOCK_173 11.507874 14.427500 11.839235 14.758861
BLOCK_174 12.222250 11.904454 12.676232 12.358436
BLOCK_175 11.719652 14.545623 12.051013 14.876984
BLOCK_176 8.741508 20.188999 9.072869 20.520360
BLOCK_177 10.045816 11.646029 10.514324 12.114537
BLOCK_178 8.609736 19.459763 8.954265 19.804292
BLOCK_179 4.043638 14.279752 4.466958 14.703072
BLOCK_180 9.333267 10.801655 9.907114 11.375502
BLOCK_181 7.412354 8.524974 7.772770 8.885390
BLOCK_182 10.705163 12.653716 10.993087 12.941640
BLOCK_183 7.998593 15.094718 8.591636 15.687761
BLOCK_184 7.522892 15.126986 7.764139 15.368233
BLOCK_185 7.473415 15.242917 8.051169 15.820671
BLOCK_186 8.377724 9.726294 8.747318 10.095888
BLOCK_187 8.120719 15.554934 8.844736 16.278951
BLOCK_188 13.033290 12.237844 13.343612 12.548166
BLOCK_189 8.704556 15.807810 9.310691 16.413945
BLOCK_190 9.939892 20.422224 10.277827 20.760159
BLOCK_191 9.799923 10.082325 10.157274 10.439676
BLOCK_192 9.850582 13.970813 10.279184 14.399415
BLOCK_193 9.085218 10.076787 9.570192 10.561761
BLOCK_194 7.493147 14.389361 8.143839 15.040053
BLOCK_195 9.335445 20.642367 9.686444 20.993366
BLOCK_196 11.106062 11.153175 11.377908 11.425021
BLOCK_197 9.577602 20.152364 10.078501 20.653263
BLOCK_198 11.477819 20.638624 11.895790 21.056595
BLOCK_199 10.396497 18.826627 10.795245 19.225375
BLOCK_200 7.214495 9.860675 7.859941 10.506121
BLOCK_201 14.227849 12.005406 14.487079 12.264636
BLOCK_202 13.296998 10.815501 13.765506 11.284009
BLOCK_203 9.082465 9.699401 9.341695 9.958631
BLOCK_204 7.704707 14.657153 8.274619 15.227065
BLOCK_205 8.749649 8.791514 9.317628 9.359493
BLOCK_206 8.728612 15.720169 9.063276 16.054833
BLOCK_207 7.682478 18.274589 8.489819 19.081930
BLOCK_208 8.714477 12.724638 9.235054 13.245215
BLOCK_209 9.085499 7.842876 9.402989 8.160366
BLOCK_210 7.775458 15.466744 8.016705 15.707991
BLOCK_211 8.992141 15.352573 9.467746 15.828178
BLOCK_212 6.577282 13.699865 6.908643 14.031226
BLOCK_213 5.710813 9.012899 6.395064 9.697150
BLOCK_214 7.556023 14.548513 7.847742 14.840232
BLOCK_215 8.225405 17.510490 8.484635 17.769720
BLOCK_216 9.605106 11.879945 10.302315 12.577154
BLOCK_217 9.214626 19.930159 9.671025 20.386558
BLOCK_218 8.238378 10.341575 8.595729 10.698926
BLOCK_219 10.768378 12.715954 11.351902 13.299478
BLOCK_220 7.762286 15.722365 8.003533 15.963612
BLOCK_221 9.595223 12.945782 10.332990 13.683549
BLOCK_222 7.390120 8.024858 7.777547 8.412285
BLOCK_223 10.031147 11.122098 10.532046 11.622997
BLOCK_224 11.352503 21.595956 11.690438 21.933891
BLOCK_225 8.094260 10.997433 8.370303 11.273476
BLOCK_226 11.058551 20.999481 11.489712 21.430642
BLOCK_227 11.489333 12.373947 11.823997 12.708611
BLOCK_228 9.564988 19.470527 9.896349 19.801888
BLOCK_229 10.158740 14.271032 10.534373 14.646665
BLOCK_230 7.856643 21.952638 8.410629 22.506624
BLOCK_231 9.429345 14.947144 9.819601 15.337400
BLOCK_232 6.960294 13.007084 7.433580 13.480370
BLOCK_233 9.789410 9.346787 10.290309 9.847686
BLOCK_234 7.642853 22.472021 8.210832 23.040000
BLOCK_235 11.371222 16.896027 11.896103 17.420908
BLOCK_236 7.985486 12.209994 8.364168 12.588676
BLOCK_237 7.075453 7.577259 7.649300 8.151106
BLOCK_238 9.628874 14.405320 9.995480 14.771926
BLOCK_239 9.808653 14.397276 10.175259 14.763882
BLOCK_240 10.277848 14.350978 10.653481 14.726611
BLOCK_241 6.997310 13.958148 7.528535 14.489373
BLOCK_242 8.608087 21.484391 9.274045 22.150349
BLOCK_243 5.584818 15.005957 6.101151 15.522290
BLOCK_244 16.057396 9.358378 16.605301 9.906283
BLOCK_245 7.324956 9.354081 7.745670 9.774795
BLOCK_246 9.488926 14.438891 9.776850 14.726815
BLOCK_247 7.547414 10.198128 7.888735 10.539449
BLOCK_248 6.433769 19.055764 6.815345 19.437340
BLOCK_249 9.337328 11.761712 9.658264 12.082648
BLOCK_250 8.118094 20.511133 8.389940 20.782979
BLOCK_251 9.787785 16.682554 10.166467 17.061236
BLOCK_252 10.522636 17.017786 11.007610 17.502760
BLOCK_253 12.073546 17.529879 12.452228 17.908561
BLOCK_254 7.999607 18.501871 8.360023 18.862287
BLOCK_255 8.414638 8.423716 9.219250 9.228328
BLOCK_256 6.668873 8.151482 7.174244 8.656853
BLOCK_257 6.599393 13.672908 6.923893 13.997408
BLOCK_258 10.206817 16.320367 10.632728 16.746278
BLOCK_259 7.882577 20.510258 8.376743 21.004424
BLOCK_260 6.494177 8.432658 6.925338 8.863819
BLOCK_261 10.155388 10.442626 10.439289 10.726527
BLOCK_262 10.631142 16.320832 11.003835 16.693525
BLOCK_263 6.371790 9.235585 6.692726 9.556521
BLOCK_264 8.837312 20.175461 9.288754 20.626903
BLOCK_265 11.605728 14.407802 12.029048 14.831122
BLOCK_266 8.546934 17.104631 8.842569 17.400266
BLOCK_267 7.028384 9.927505 7.424364 10.323485
BLOCK_268 9.846220 9.838325 10.149205 10.141310
BLOCK_269 8.699397 18.591049 9.209103 19.100755
BLOCK_270 3.788935 17.231959 4.463249 17.906273
BLOCK_271 11.335157 21.360110 11.774019 21.798972
BLOCK_272 11.238519 21.476310 11.595870 21.833661
BLOCK_273 7.182733 18.969392 7.507233 19.293892
BLOCK_274 11.010297 15.781923 11.436208 16.207834
BLOCK_275 6.728556 18.779056 7.170031 19.220531
BLOCK_276 7.277990 8.506528 7.792091 9.020629
BLOCK_277 6.769421 9.661069 7.068754 9.960402
BLOCK_278 5.074443 11.787435 5.513305 12.226297
BLOCK_279 7.852011 16.172631 8.341603 16.662223
BLOCK_280 8.841273 7.970603 9.148030 8.277360
BLOCK_281 7.647032 9.232625 8.059585 9.645178
BLOCK_282 12.804441 12.833512 13.139105 13.168176
BLOCK_283 8.072066 7.895061 8.603291 8.426286
BLOCK_284 9.587169 19.240210 10.189581 19.842622
BLOCK_285 10.982772 11.863267 11.242002 12.122497
BLOCK_286 11.940029 10.788755 12.365940 11.214666
BLOCK_287 11.816556 12.105100 12.100457 12.389001
BLOCK_288 10.260760 13.499870 10.673313 13.912423
BLOCK_289 6.351931 9.341625 6.718537 9.708231
BLOCK_290 8.838795 9.575693 9.341885 10.078783
BLOCK_291 7.437880 20.041502 7.765752 20.369374
BLOCK_292 7.475733 22.517219 7.998514 23.040000
BLOCK_293 8.869998 9.947051 9.318997 10.396050
BLOCK_294 10.653312 11.040790 10.987976 11.375454
BLOCK_295 15.656388 13.042567 16.172721 13.558900
BLOCK_296 13.942004 15.880297 14.705155 16.643448
BLOCK_297 9.697828 14.959325 9.989547 15.251044
BLOCK_298 13.597482 13.194747 14.171329 13.768594
BLOCK_299 10.475443 14.021993 10.851076 14.397626
BLOCK_300 10.642203 17.802891 10.963139 18.123827
BLOCK_301 8.025071 12.726384 8.359735 13.061048
BLOCK_302 7.167660 9.240331 7.664047 9.736718
BLOCK_303 10.149263 12.745704 10.622549 13.218990
BLOCK_304 8.241371 13.653588 8.620053 14.032270
BLOCK_305 9.834218 14.113337 10.122142 14.401261
BLOCK_306 16.547052 11.508250 17.063385 12.024583
BLOCK_307 14.809588 12.533781 15.421225 13.145418
BLOCK_308 6.465645 14.271390 7.068057 14.873802
BLOCK_309 10.307056 10.782789 10.936738 11.412471
BLOCK_310 7.410539 13.731456 7.857081 14.177998
BLOCK_311 11.828475 11.358934 12.116399 11.646858
BLOCK_312 14.116991 11.165259 14.461520 11.509788
BLOCK_313 9.090035 12.239052 9.513355 12.662372
BLOCK_314 10.127704 13.066849 10.540257 13.479402
BLOCK_315 10.409372 11.260427 10.910271 11.761326
BLOCK_316 11.006009 11.179283 11.462408 11.635682
BLOCK_317 7.869350 11.512602 8.220349 11.863601
BLOCK_318 12.646201 10.884875 13.160302 11.398976
BLOCK_319 12.429691 11.896346 12.981597 12.448252
BLOCK_320 7.062728 21.960199 7.511727 22.409198
BLOCK_321 13.263658 11.196741 13.694819 11.627902
BLOCK_322 10.038828 13.923767 10.380149 14.265088
BLOCK_323 11.366138 11.052639 11.707459 11.393960
BLOCK_324 6.343753 14.879069 6.745375 15.280691
BLOCK_325 6.831606 9.265263 7.290518 9.724175
BLOCK_326 10.150486 19.912687 10.529168 20.291369
BLOCK_327 8.503956 18.997187 8.828456 19.321687
BLOCK_328 8.716479 18.236431 8.975709 18.495661
BLOCK_329 12.193020 12.676302 12.469063 12.952345
BLOCK_330 6.633045 14.212347 7.246478 14.825780
BLOCK_331 7.819867 21.180434 8.122852 21.483419
BLOCK_332 10.340390 9.458106 10.940890 10.058606
BLOCK_333 10.398527 21.476393 10.805712 21.883578
BLOCK_334 9.082464 19.783049 9.358507 20.059092
BLOCK_335 10.391399 9.988453 10.683118 10.280172
BLOCK_336 10.281026 20.092567 10.818613 20.630154
BLOCK_337 8.475244 14.386836 8.856820 14.768412
BLOCK_338 12.165662 17.399819 12.550110 17.784267
BLOCK_339 6.389070 14.181821 6.710006 14.502757
BLOCK_340 9.643496 19.790201 10.133088 20.279793
BLOCK_341 10.740022 11.979649 11.149900 12.389527
BLOCK_342 4.138738 9.702137 4.676325 10.239724
BLOCK_343 12.446005 12.716529 12.783940 13.054464
BLOCK_344 10.832703 21.717063 11.116604 22.000964
BLOCK_345 8.744416 17.621708 9.292321 18.169613
BLOCK_346 8.092627 10.416009 8.687522 11.010904
BLOCK_347 6.568147 19.440220 7.053121 19.925194
BLOCK_348 7.732098 9.005787 8.183540 9.457229
BLOCK_349 9.680460 8.350179 10.087645 8.757364
BLOCK_350 9.169911 15.614565 9.536517 15.981171
BLOCK_351 10.400605 21.720052 10.684506 22.003953
BLOCK_352 1.708684 15.240425 2.646927 16.178668
BLOCK_353 12.005069 12.475292 12.423040 12.893263
BLOCK_354 8.475014 17.297423 8.844608 17.667017
BLOCK_355 9.385326 17.163149 9.684659 17.462482
BLOCK_356 10.713978 21.479740 10.997879 21.763641
BLOCK_357 8.835351 11.853646 9.214033 12.232328
BLOCK_358 10.665030 21.800498 10.948931 22.084399
BLOCK_359 12.214963 11.908250 12.546324 12.239611
BLOCK_360 9.287279 11.526256 9.731238 11.970215
BLOCK_361 10.521456 21.295720 10.917436 21.691700
BLOCK_362 9.704687 9.588934 10.039351 9.923598
BLOCK_363 14.677451 20.397608 15.021980 20.742137
BLOCK_364 10.519381 10.443549 10.857316 10.781484
BLOCK_365 7.971999 14.185803 8.282321 14.496125
BLOCK_366 8.871275 14.606781 9.353976 15.089482
BLOCK_367 7.519370 18.127393 7.873489 18.481512
BLOCK_368 13.408695 11.831855 13.704330 12.127490
BLOCK_369 9.337960 8.504351 9.845503 9.011894
BLOCK_370 9.199426 18.578270 9.566032 18.944876
BLOCK_371 8.328459 20.599483 8.730081 21.001105
BLOCK_372 8.686706 10.664634 9.281601 11.259529
BLOCK_373 5.739740 19.328940 6.093859 19.683059
BLOCK_374 9.203418 14.882375 9.615971 15.294928
BLOCK_375 6.707149 8.761085 7.261135 9.315071
BLOCK_376 2.109683 12.489775 2.783997 13.164089
BLOCK_377 6.469561 19.091782 7.049216 19.671437
BLOCK_378 10.280362 11.749785 10.798821 12.268244
BLOCK_379 9.911866 19.437805 10.316217 19.842156
BLOCK_380 7.312494 16.835520 7.763936 17.286962
BLOCK_381 8.740667 10.301765 9.163987 10.725085
BLOCK_382 13.508921 11.181108 14.115056 11.787243
BLOCK_383 9.120614 18.989424 9.562089 19.430899
BLOCK_384 11.491923 10.595592 11.819795 10.923464
BLOCK_385 10.631391 12.555344 11.125557 13.049510
BLOCK_386 7.520368 13.085520 7.910624 13.475776
BLOCK_387 5.730106 20.048048 6.224272 20.542214
BLOCK_388 6.996852 18.468134 7.412183 18.883465
BLOCK_389 9.105364 13.811225 9.573872 14.279733
BLOCK_390 12.672105 12.109302 13.038711 12.475908
BLOCK_391 9.286723 11.650143 9.842691 12.206111
BLOCK_392 9.205023 17.161791 9.601003 17.557771
BLOCK_393 9.077370 20.880433 9.437786 21.240849
BLOCK_394 8.518992 14.866620 8.934323 15.281951
BLOCK_395 8.189316 9.703381 8.795451 10.309516
BLOCK_396 10.626946 10.306268 11.141047 10.820369
BLOCK_397 9.560078 10.420103 9.953270 10.813295
BLOCK_398 12.790376 20.786795 13.373900 21.370319
BLOCK_399 6.980975 18.163800 7.534961 18.717786
BLOCK_400 8.962454 16.902897 9.341136 17.281579
BLOCK_401 10.343669 18.064231 10.643002 18.363564
BLOCK_402 6.158681 20.037801 6.579395 20.458515
BLOCK_403 10.403151 9.486447 10.744472 9.827768
BLOCK_404 11.081063 11.774660 11.506974 12.200571
BLOCK_405 12.062634 11.498728 12.438267 11.874361
BLOCK_406 14.573186 12.239539 14.960613 12.626966
BLOCK_407 8.848184 18.960721 9.258062 19.370599
BLOCK_408 7.181870 21.864734 7.516534 22.199398
BLOCK_409 12.306614 12.848629 12.800780 13.342795
BLOCK_410 12.288654 16.021558 12.947896 16.680800
BLOCK_411 8.542759 14.283512 9.025460 14.766213
BLOCK_412 8.575370 18.706062 8.979721 19.110413
BLOCK_413 7.440089 12.031132 7.787940 12.378983
BLOCK_414 10.060050 18.365816 10.540362 18.846128
BLOCK_415 10.869157 12.625710 11.203821 12.960374
BLOCK_416 8.616690 12.584449 8.995372 12.963131
BLOCK_417 12.072647 21.359766 12.508995 21.796114
BLOCK_418 7.559512 13.257582 7.988114 13.686184
BLOCK_419 6.227636 21.470621 6.572165 21.815150
BLOCK_420 8.858237 17.300030 9.319539 17.761332
BLOCK_421 6.786801 21.241335 7.402106 21.856640
BLOCK_422 10.746816 10.422445 11.134243 10.809872
BLOCK_423 8.458545 13.667759 8.851737 14.060951
BLOCK_424 13.444347 18.228981 14.082861 18.867495
BLOCK_425 9.688199 10.239366 10.114110 10.665277
BLOCK_426 10.045350 19.173691 10.429798 19.558139
BLOCK_427 8.828267 13.495817 9.194873 13.862423
BLOCK_428 5.776317 19.196900 6.317981 19.738564
BLOCK_429 9.924152 21.047747 10.230909 21.354504
BLOCK_430 16.108630 12.400162 16.847954 13.139486
BLOCK_431 12.090957 12.612301 12.534916 13.056260
BLOCK_432 12.460152 11.061462 12.784652 11.385962
BLOCK_433 9.672228 8.879202 10.044921 9.251895
BLOCK_434 7.579170 13.800941 8.010331 14.232102
BLOCK_435 9.079082 21.839780 9.520557 22.281255
BLOCK_436 11.874338 20.808819 12.315813 21.250294
BLOCK_437 8.586276 10.678362 8.970724 11.062810
BLOCK_438 12.685407 11.660507 13.026728 12.001828
BLOCK_439 9.580633 8.081415 9.908505 8.409287
BLOCK_440 9.552791 20.161712 10.006773 20.615694
BLOCK_441 7.176451 21.005813 7.511115 21.340477
BLOCK_442 11.278879 10.713872 11.599815 11.034808
BLOCK_443 9.551875 6.311896 10.091505 6.851526
BLOCK_444 15.711635 19.280714 16.175316 19.744395
BLOCK_445 9.441109 8.187466 9.772470 8.518827
BLOCK_446 11.335447 12.478854 11.840818 12.984225
BLOCK_447 9.442616 20.778743 9.927590 21.263717
BLOCK_448 10.293456 14.645902 10.974411 15.326857
BLOCK_449 7.330743 20.156473 7.767091 20.592821
BLOCK_450 8.847980 16.416476 9.235407 16.803903
BLOCK_451 9.340549 17.855218 9.769151 18.283820
BLOCK_452 10.283789 20.642391 10.819233 21.177835
BLOCK_453 13.780210 11.896039 14.128061 12.243890
BLOCK_454 6.581229 21.721082 7.049737 22.189590
BLOCK_455 7.531826 9.615261 7.882825 9.966260
BLOCK_456 6.088826 8.732460 6.585213 9.228847
BLOCK_457 12.315029 11.147578 12.790634 11.623183
BLOCK_458 8.892416 19.348061 9.328764 19.784409
BLOCK_459 9.223924 21.253806 9.555285 21.585167
BLOCK_460 7.509054 20.764272 7.866405 21.121623
BLOCK_461 13.871293 11.114529 14.181615 11.424851
BLOCK_462 11.236897 20.640586 11.685896 21.089585
BLOCK_463 9.920762 10.578181 10.290356 10.947775
BLOCK_464 8.363234 19.235801 8.691106 19.563673
BLOCK_465 5.523694 19.929379 6.087698 20.493383
BLOCK_466 7.885480 7.185180 8.255074 7.554774
BLOCK_467 13.396749 11.299573 13.741278 11.644102
BLOCK_468 5.915691 8.332595 6.444841 8.861745
BLOCK_469 13.503997 20.640945 14.043627 21.180575
BLOCK_470 8.838344 16.731178 9.201937 17.094771
BLOCK_471 17.222930 15.359253 17.871852 16.008175
BLOCK_472 11.771387 15.146664 12.564734 15.940011
BLOCK_473 9.939992 12.460156 10.420304 12.940468
BLOCK_474 5.635401 14.283233 6.483340 15.131172
BLOCK_475 8.633757 14.899967 9.209517 15.475727
BLOCK_476 12.907535 10.549084 13.371216 11.012765
BLOCK_477 12.778373 12.464051 13.159949 12.845627
BLOCK_478 7.931478 13.429212 8.416452 13.914186
BLOCK_479 16.622832 14.407266 17.084134 14.868568
BLOCK_480 11.961985 20.308933 12.507787 20.854735
BLOCK_481 11.327251 19.794869 11.714678 20.182296
BLOCK_482 13.284349 11.683680 13.612221 12.011552
BLOCK_483 5.695212 19.445430 6.096834 19.847052
BLOCK_484 7.150614 11.431531 7.726374 12.007291
BLOCK_485 7.826299 12.377086 8.252210 12.802997
BLOCK_486 6.924907 13.455722 7.494819 14.025634
BLOCK_487 8.165017 14.949279 8.460652 15.244914
BLOCK_488 6.848215 13.266037 7.389879 13.807701
BLOCK_489 6.276382 12.457399 6.886136 13.067153
BLOCK_490 11.598953 9.849133 12.296162 10.546342
BLOCK_491 8.540448 13.350605 9.025422 13.835579
BLOCK_492 9.346427 12.532426 9.892229 13.078228
BLOCK_493 3.908531 15.744320 4.559223 16.395012
BLOCK_494 10.634904 20.717049 11.161971 21.244116
BLOCK_495 12.901299 20.283852 13.379316 20.761869
BLOCK_496 17.093576 9.216282 17.478024 9.600730
BLOCK_497 12.258985 20.518315 12.674316 20.933646
BLOCK_498 9.235351 14.218751 9.566712 14.550112
BLOCK_499 11.824847 11.143773 12.242818 11.561744
BLOCK_500 7.272150 12.357981 7.752462 12.838293
BLOCK_501 11.372296 11.042197 11.726415 11.396316
BLOCK_502 7.484411 8.122773 7.899742 8.538104
BLOCK_503 9.093486 12.745980 9.757790 13.410284
BLOCK_504 9.675917 13.805880 10.051550 14.181513
BLOCK_505 7.748913 11.775876 8.115519 12.142482
BLOCK_506 9.707853 13.679796 10.042517 14.014460
BLOCK_507 12.199312 18.229115 12.583760 18.613563
BLOCK_508 12.732421 21.212945 13.250880 21.731404
BLOCK_509 8.710341 17.993344 9.076947 18.359950
BLOCK_510 10.506150 13.927549 10.847471 14.268870
BLOCK_511 11.658609 7.673057 12.145846 8.160294
BLOCK_512 12.464767 14.989582 13.177859 15.702674
BLOCK_513 6.929503 9.119950 7.296109 9.486556
BLOCK_514 5.378204 11.334987 5.865441 11.822224
BLOCK_515 15.622515 14.308068 16.109752 14.795305
BLOCK_516 8.045042 7.966650 8.365978 8.287586
BLOCK_517 12.851906 8.879063 13.437312 9.464469
BLOCK_518 8.815976 13.053938 9.312363 13.550325
BLOCK_519 8.004551 11.228127 8.417104 11.640680
BLOCK_520 12.921437 11.406766 13.275556 11.760885
BLOCK_521 9.555095 8.741976 9.933777 9.120658
BLOCK_522 8.299277 11.616994 9.052072 12.369789
BLOCK_523 7.272946 12.613365 7.769333 13.109752
BLOCK_524 11.454749 12.948670 11.824343 13.318264
BLOCK_525 6.446023 16.481089 7.245022 17.280088
BLOCK_526 8.382549 20.033758 8.739900 20.391109
BLOCK_527 7.528054 15.353454 7.848990 15.674390
BLOCK_528 8.720764 11.244851 9.228307 11.752394
BLOCK_529 9.748759 17.269663 10.461851 17.982755
BLOCK_530 5.017756 13.393447 5.540537 13.916228
BLOCK_531 6.077171 13.160054 6.708598 13.791481
BLOCK_532 3.929988 13.179076 4.731798 13.980886
BLOCK_533 10.809695 6.472928 11.535229 7.198462
BLOCK_534 11.828036 12.109241 12.212484 12.493689
BLOCK_535 8.986653 20.622600 9.471627 21.107574
BLOCK_536 6.511925 20.871941 7.055708 21.415724
BLOCK_537 11.191811 20.275482 11.598996 20.682667
BLOCK_538 5.534063 9.974192 6.111817 10.551946
BLOCK_539 7.852633 12.932133 8.375414 13.454914
BLOCK_540 7.558004 12.773777 7.996866 13.212639
BLOCK_541 11.395181 11.758703 11.866137 12.229659
BLOCK_542 6.655026 22.521541 7.173485 23.040000
BLOCK_543 8.368963 7.435536 9.083596 8.150169
BLOCK_544 10.406489 19.195211 10.896081 19.684803
BLOCK_545 9.206706 13.367708 9.675214 13.836216
BLOCK_546 5.133776 8.411119 5.843706 9.121049
BLOCK_547 9.206013 9.323475 9.621344 9.738806
BLOCK_548 8.297748 13.153632 8.715719 13.571603
BLOCK_549 9.676697 17.985335 10.182068 18.490706
BLOCK_550 12.428429 15.615050 12.872388 16.059009
BLOCK_551 6.553156 7.330999 7.161103 7.938946
BLOCK_552 12.674743 19.930078 13.184449 20.439784
BLOCK_553 8.000088 21.252815 8.372781 21.625508
BLOCK_554 7.288737 22.679584 7.649153 23.040000
BLOCK_555 3.514638 10.312730 4.224568 11.022660
BLOCK_556 8.982469 18.060812 9.520056 18.598399
BLOCK_557 9.437028 12.268742 9.886027 12.717741
BLOCK_558 8.179490 9.475915 8.645644 9.942069
BLOCK_559 8.812110 8.041792 9.387870 8.617552
BLOCK_560 8.367162 16.301961 8.989657 16.924456
BLOCK_561 8.372359 12.700725 8.686365 13.014731
BLOCK_562 8.088819 19.030816 8.501372 19.443369
BLOCK_563 8.353607 21.474716 8.833919 21.955028
BLOCK_564 7.797338 18.764779 8.241297 19.208738
BLOCK_565 7.264999 18.445051 7.663747 18.843799
BLOCK_566 8.822386 13.735506 9.392298 14.305418
BLOCK_567 8.010626 8.646437 8.364745 9.000556
BLOCK_568 14.822347 11.973148 15.212603 12.363404
BLOCK_569 14.490230 11.674990 15.056181 12.240941
BLOCK_570 8.243468 19.782349 8.639448 20.178329
BLOCK_571 4.529411 8.944893 5.058561 9.474043
BLOCK_572 10.868868 19.679073 11.278746 20.088951
BLOCK_573 7.607202 7.642308 8.017080 8.052186
BLOCK_574 11.547616 12.694196 11.951967 13.098547
BLOCK_575 11.845867 11.294795 12.193718 11.642646
BLOCK_576 5.839518 10.767926 6.317535 11.245943
BLOCK_577 9.787901 17.162741 10.195086 17.569926
BLOCK_578 6.837312 22.322890 7.322286 22.807864
BLOCK_579 6.702388 8.402569 7.166069 8.866250
BLOCK_580 9.679806 21.357232 10.178404 21.855830
BLOCK_581 5.591110 11.452859 6.238335 12.100084
BLOCK_582 14.138443 11.749965 14.564354 12.175876
BLOCK_583 9.695462 13.307339 10.191849 13.803726
BLOCK_584 8.396571 12.225217 8.985808 12.814454
BLOCK_585 16.431841 9.941077 16.950300 10.459536
BLOCK_586 11.842736 21.183620 12.394642 21.735526
BLOCK_587 8.002770 8.155649 8.401518 8.554397
BLOCK_588 12.444404 21.358953 12.854282 21.768831
BLOCK_589 6.948619 20.552037 7.405018 21.008436
BLOCK_590 8.675548 20.344095 9.160522 20.829069
BLOCK_591 10.794269 11.686772 11.461952 12.354455
BLOCK_592 11.236721 12.482974 11.665323 12.911576
BLOCK_593 17.099166 9.944049 17.617625 10.462508
BLOCK_594 8.199557 12.838633 8.695944 13.335020
BLOCK_595 11.470429 10.293217 11.977972 10.800760
BLOCK_596 10.109628 10.271645 10.522181 10.684198
BLOCK_597 13.382389 12.468139 14.027835 13.113585
BLOCK_598 14.024796 11.174697 14.580764 11.730665
BLOCK_599 9.324713 21.602584 9.712140 21.990011
BLOCK_600 10.429110 13.286761 11.010660 13.868311
BLOCK_601 11.342717 11.659037 11.727165 12.043485
BLOCK_602 6.218911 20.894132 6.687419 21.362640
BLOCK_603 7.726262 21.950788 8.133447 22.357973
BLOCK_604 7.424090 21.605918 7.890244 22.072072
BLOCK_605 7.143186 17.637944 7.527634 18.022392
BLOCK_606 12.866329 11.864625 13.353566 12.351862
BLOCK_607 6.857416 17.079768 7.409322 17.631674
BLOCK_608 10.638978 9.617986 11.112264 10.091272
BLOCK_609 8.584364 19.671426 9.183029 20.270091
BLOCK_610 7.516499 16.668650 7.889192 17.041343
BLOCK_611 8.314741 15.281002 8.785697 15.751958
BLOCK_612 7.368507 17.391868 7.893388 17.916749
BLOCK_613 6.974184 16.212065 7.524093 16.761974
BLOCK_614 8.480615 17.520947 8.837966 17.878298
BLOCK_615 7.647608 16.794063 8.004959 17.151414
BLOCK_616 8.228062 20.285619 8.609638 20.667195
BLOCK_617 7.660418 17.286803 8.133704 17.760089
BLOCK_618 7.025981 17.629295 7.410429 18.013743
BLOCK_619 4.954332 8.701339 5.495996 9.243003
BLOCK_620 12.798024 12.690625 13.247023 13.139624
BLOCK_621 11.602919 17.411119 12.073875 17.882075
BLOCK_622 6.333599 22.197834 6.797280 22.661515
BLOCK_623 9.689070 11.318674 10.127932 11.757536
BLOCK_624 9.086921 10.077940 9.535920 10.526939
BLOCK_625 14.458590 12.226448 14.846017 12.613875
BLOCK_626 8.477176 20.770394 8.843782 21.137000
BLOCK_627 7.737565 13.681895 8.356435 14.300765
BLOCK_628 6.194372 21.627093 6.672389 22.105110
BLOCK_629 11.124300 10.929750 11.475299 11.280749
BLOCK_630 6.406579 10.896955 6.927156 11.417532
BLOCK_631 10.398658 10.092414 10.827260 10.521016
BLOCK_632 13.922117 16.652591 14.593086 17.323560
BLOCK_633 8.041544 8.625986 8.817817 9.402259
BLOCK_634 18.052713 14.047299 18.675208 14.669794
BLOCK_635 8.465084 20.875896 8.974790 21.385602
BLOCK_636 8.908342 9.318767 9.323673 9.734098
BLOCK_637 8.382648 19.458288 8.749254 19.824894
BLOCK_638 7.528192 7.349037 7.974734 7.795579
BLOCK_639 7.770518 20.397112 8.121517 20.748111
BLOCK_640 7.763755 19.918407 8.139388 20.294040
BLOCK_641 9.685828 21.023049 10.139810 21.477031
BLOCK_642 8.746156 12.116725 9.221761 12.592330
BLOCK_643 8.097642 11.184858 8.830854 11.918070
BLOCK_644 8.258738 13.989788 8.794182 14.525232
BLOCK_645 9.916979 20.757181 10.298555 21.138757
BLOCK_646 10.169602 14.761282 10.621044 15.212724
BLOCK_647 7.753037 19.662476 8.380890 20.290329
BLOCK_648 7.241283 21.169522 7.659254 21.587493
BLOCK_649 7.783866 21.271518 8.245168 21.732820
BLOCK_650 12.072585 10.913222 12.442179 11.282816
BLOCK_651 7.630936 20.651916 8.000530 21.021510
BLOCK_652 8.083293 15.944369 8.568267 16.429343
BLOCK_653 7.260637 15.709654 7.754803 16.203820
BLOCK_654 7.518761 16.084770 8.003735 16.569744
BLOCK_655 7.391914 16.045799 7.787894 16.441779
BLOCK_656 14.086874 14.362408 14.751178 15.026712
BLOCK_657 7.886103 21.141078 8.347405 21.602380
BLOCK_658 9.676291 9.711982 10.144799 10.180490
BLOCK_659 2.392443 11.863931 3.060126 12.531614
BLOCK_660 7.804441 11.958698 8.348224 12.502481
BLOCK_661 8.010611 7.083316 8.725244 7.797949
BLOCK_662 6.192646 7.801013 6.702352 8.310719
BLOCK_663 9.446315 14.707933 10.210906 15.472524
BLOCK_664 7.407157 8.745059 7.901323 9.239225
BLOCK_665 9.011619 13.994778 9.625052 14.608211
BLOCK_666 5.006846 10.861360 5.426846 11.281360
BLOCK_667 15.074453 14.806846 15.494453 15.226846
BLOCK_668 6.306867 17.431529 6.726867 17.851529
BLOCK_669 6.108342 16.214073 6.528342 16.634073
BLOCK_670 7.261446 10.727867 7.681446 11.147867
BLOCK_671 11.164947 8.866789 11.584947 9.286789
BLOCK_672 9.681942 5.703092 10.101942 6.123092
BLOCK_673 15.710455 11.722846 16.130455 12.142846
BLOCK_674 19.059120 13.955111 19.479120 14.375111
BLOCK_675 6.765368 6.880539 7.185368 7.300539
BLOCK_676 10.647391 18.080540 11.067391 18.500540
BLOCK_677 15.113431 10.498799 15.533431 10.918799
BLOCK_678 12.371945 7.673375 12.791945 8.093375
BLOCK_679 4.636978 11.359767 5.056978 11.779767
BLOCK_680 4.369462 7.556479 4.789462 7.976479
BLOCK_681 7.483786 10.930242 7.903786 11.350242
BLOCK_682 12.974641 15.890172 13.394641 16.310172
BLOCK_683 4.538979 11.533476 4.958979 11.953476
BLOCK_684 5.496308 14.694828 5.916308 15.114828
BLOCK_685 20.823617 9.402333 21.243617 9.822333
BLOCK_686 12.717544 10.285176 13.137544 10.705176
BLOCK_687 15.239928 17.745880 15.659928 18.165880
BLOCK_688 11.243189 9.525550 11.663189 9.945550
BLOCK_689 5.896865 12.554094 6.316865 12.974094
BLOCK_690 7.339322 4.845500 7.759322 5.265500
BLOCK_691 5.097155 9.633250 5.517155 10.053250
BLOCK_692 4.589350 12.976247 5.009350 13.396247
BLOCK_693 4.449454 14.191892 4.869454 14.611892
BLOCK_694 4.267970 12.694767 4.687970 13.114767
BLOCK_695 11.240492 5.950609 11.660492 6.370609
BLOCK_696 14.250524 13.415939 14.670524 13.835939
BLOCK_697 16.980451 12.747112 17.400451 13.167112
BLOCK_698 12.664538 16.571220 13.084538 16.991220
BLOCK_699 12.033250 9.430687 12.453250 9.850687
BLOCK_700 4.655419 8.261405 5.075419 8.681405
BLOCK_701 14.560390 17.514112 14.980390 17.934112
BLOCK_702 3.853429 16.394820 4.273429 16.814820
BLOCK_703 12.236088 10.380466 12.656088 10.800466
BLOCK_704 4.471205 11.998332 4.891205 12.418332
BLOCK_705 11.834854 9.067340 12.254854 9.487340
BLOCK_706 19.386567 11.385282 20.226567 12.345282
BLOCK_707 4.871565 12.391969 5.711565 13.351969
BLOCK_708 6.861231 6.232792 7.701231 7.192792
BLOCK_709 12.935818 14.607657 13.775818 15.567657
BLOCK_710 6.985138 10.654226 7.825138 11.614226
BLOCK_711 5.694263 16.447489 6.534263 17.407489
BLOCK_712 7.685339 5.001106 8.525339 5.961106
BLOCK_713 2.644958 17.302980 3.484958 18.262980
BLOCK_714 17.544615 16.440039 18.384615 17.400039
BLOCK_715 4.643127 22.080000 5.483127 23.040000
BLOCK_716 3.728878 14.731741 4.568878 15.691741
BLOCK_717 5.491665 7.453745 6.331665 8.413745
BLOCK_718 5.436017 13.703036 6.276017 14.663036
BLOCK_719 19.013220 21.117409 19.853220 22.077409
BLOCK_720 16.873675 16.018260 17.713675 16.978260
BLOCK_721 14.823950 11.093878 15.663950 12.053878
BLOCK_722 13.629837 19.911928 14.469837 20.871928
BLOCK_723 5.498908 22.080000 6.338908 23.040000
BLOCK_724 15.751860 17.224834 16.591860 18.184834
BLOCK_725 7.669575 6.006864 8.509575 6.966864
BLOCK_726 1.570581 10.457018 2.410581 11.417018
BLOCK_727 4.481854 16.187589 5.321854 17.147589
BLOCK_728 2.759521 16.193903 3.599521 17.153903
BLOCK_729 11.039454 17.776638 11.879454 18.736638
BLOCK_730 1.668670 11.354646 2.508670 12.314646
BLOCK_731 3.962944 18.214023 4.802944 19.174023
BLOCK_732 12.536557 17.857577 13.376557 18.817577
BLOCK_733 1.001222 9.460596 1.841222 10.420596
BLOCK_734 4.663981 7.390791 5.503981 8.350791
BLOCK_735 13.025716 15.522194 13.865716 16.482194
BLOCK_736 16.257993 13.069523 17.097993 14.029523
BLOCK_737 1.001628 14.648441 1.841628 15.608441
BLOCK_738 11.561936 18.865317 12.401936 19.825317
BLOCK_739 1.167284 12.585384 2.007284 13.545384
BLOCK_740 14.370490 19.604431 15.210490 20.564431
BLOCK_741 6.454294 19.806243 7.294294 20.766243
BLOCK_742 0.000000 12.749766 0.840000 13.709766
BLOCK_743 3.331261 11.461503 4.171261 12.421503
BLOCK_744 17.539870 12.775349 18.379870 13.735349
BLOCK_745 15.276504 14.900900 16.116504 15.860900
BLOCK_746 3.184286 17.759034 4.024286 18.719034
BLOCK_747 10.031447 7.710625 10.871447 8.670625
BLOCK_748 1.550969 16.707742 2.390969 17.667742
BLOCK_749 2.603393 14.813140 3.443393 15.773140
BLOCK_750 15.513117 11.628681 16.353117 12.588681
BLOCK_751 4.580197 19.778544 5.420197 20.738544
BLOCK_752 14.937736 15.620505 15.777736 16.580505
BLOCK_753 11.480431 15.566926 12.320431 16.526926
BLOCK_754 15.682661 15.843755 16.522661 16.803755
BLOCK_755 16.103431 18.224460 16.943431 19.184460
BLOCK_756 6.317740 10.134598 7.157740 11.094598
BLOCK_757 14.462569 18.471566 15.302569 19.431566
BLOCK_758 17.257651 11.860344 18.097651 12.820344
BLOCK_759 2.445916 10.203254 3.285916 11.163254
BLOCK_760 18.326948 15.708418 19.166948 16.668418
BLOCK_761 2.297544 20.542567 3.137544 21.502567
BLOCK_762 5.382396 20.694490 6.222396 21.654490
BLOCK_763 11.871186 1.743305 12.711186 2.703305
BLOCK_764 6.676357 11.568896 7.516357 12.528896
BLOCK_765 11.296200 6.618725 12.136200 7.578725
BLOCK_766 0.713585 10.581344 1.553585 11.541344
BLOCK_767 4.292444 10.485685 5.132444 11.445685
BLOCK_768 2.484531 8.881720 3.324531 9.841720
BLOCK_769 17.452793 14.258741 18.292793 15.218741
BLOCK_770 15.874802 13.437983 16.714802 14.397983
BLOCK_771 4.606485 14.471190 5.446485 15.431190
BLOCK_772 18.979735 14.881603 19.819735 15.841603
BLOCK_773 8.969264 5.276773 9.809264 6.236773
BLOCK_774 4.550540 21.116511 5.390540 22.076511
BLOCK_775 11.354637 4.149298 12.594637 5.429298
BLOCK_776 17.347352 17.298185 18.187352 18.258185
BLOCK_777 4.297629 6.409153 5.137629 7.369153
BLOCK_778 17.037957 13.126898 17.877957 14.086898
BLOCK_779 3.226400 15.374429 4.066400 16.334429
BLOCK_780 13.191773 19.311471 14.031773 20.271471
BLOCK_781 2.130623 16.076215 2.970623 17.036215
BLOCK_782 14.429013 17.631834 15.269013 18.591834
BLOCK_783 10.045006 6.508538 10.885006 7.468538
BLOCK_784 15.267007 16.562603 16.107007 17.522603
BLOCK_785 19.635252 12.064173 20.475252 13.024173
BLOCK_786 15.890011 14.443057 16.730011 15.403057
BLOCK_787 1.105878 11.728546 1.945878 12.688546
BLOCK_788 3.402260 8.956618 4.242260 9.916618
BLOCK_789 18.739837 13.567172 19.579837 14.527172
BLOCK_790 1.158440 13.919123 1.998440 14.879123
BLOCK_791 11.836725 2.875162 12.676725 3.835162
BLOCK_792 10.044132 5.451622 10.884132 6.411622
BLOCK_793 6.355407 12.191318 7.195407 13.151318
BLOCK_794 5.855389 6.567404 6.695389 7.527404
BLOCK_795 4.645684 18.861960 5.485684 19.821960
BLOCK_796 15.049722 19.108884 15.889722 20.068884
BLOCK_797 3.201706 12.760271 4.041706 13.720271
BLOCK_798 4.236894 9.603036 5.076894 10.563036
BLOCK_799 5.475593 16.978288 6.315593 17.938288
BLOCK_800 5.059849 6.326200 5.899849 7.286200
BLOCK_801 11.734190 7.921900 12.574190 8.881900
BLOCK_802 4.352714 13.462576 5.192714 14.422576
BLOCK_803 0.764926 16.659116 1.604926 17.619116
BLOCK_804 19.611447 14.525112 20.451447 15.485112
BLOCK_805 3.867297 8.363736 4.707297 9.323736
BLOCK_806 0.909239 13.253318 1.749239 14.213318
BLOCK_807 9.431185 7.065122 10.271185 8.025122
BLOCK_808 12.859313 9.329976 13.699313 10.289976
BLOCK_809 16.671752 10.566780 17.511752 11.526780
BLOCK_810 14.246225 15.239817 15.086225 16.199817
BLOCK_811 5.615698 13.034087 6.455698 13.994087
BLOCK_812 1.978732 14.245618 2.818732 15.205618
BLOCK_813 1.590171 8.493941 2.430171 9.453941
BLOCK_814 13.771253 13.387675 14.611253 14.347675
BLOCK_815 17.718896 15.241612 18.558896 16.201612
BLOCK_816 1.906976 17.460751 2.746976 18.420751
BLOCK_817 13.450274 21.206901 14.710274 22.486901
BLOCK_818 18.918201 10.192622 19.758201 11.152622
BLOCK_819 18.416483 16.558665 19.256483 17.518665
BLOCK_820 11.700872 5.652331 12.540872 6.612331
BLOCK_821 3.197057 14.166273 4.037057 15.126273
BLOCK_822 13.586636 14.882082 14.426636 15.842082
BLOCK_823 16.524195 11.839955 17.364195 12.799955
BLOCK_824 14.483312 10.481690 15.323312 11.441690
BLOCK_825 3.118129 18.630743 3.958129 19.590743
BLOCK_826 8.871915 6.689013 9.711915 7.649013
BLOCK_827 18.339169 12.115631 19.179169 13.075631
BLOCK_828 3.072200 9.677602 3.912200 10.637602
BLOCK_829 10.950164 2.063897 11.790164 3.023897
BLOCK_830 0.240831 11.945078 1.080831 12.905078
BLOCK_831 4.525949 14.992260 5.365949 15.952260
BLOCK_832 3.653614 10.827048 4.493614 11.787048
BLOCK_833 14.486198 14.244407 15.326198 15.204407
BLOCK_834 5.044670 9.277575 5.884670 10.237575
BLOCK_835 0.367928 15.721068 1.207928 16.681068
BLOCK_836 15.486321 10.233418 16.326321 11.193418
BLOCK_837 0.000000 13.640948 0.840000 14.600948
BLOCK_838 11.598060 13.165373 12.438060 14.125373
BLOCK_839 12.838886 13.405624 13.678886 14.365624
BLOCK_840 10.070561 4.193548 10.910561 5.153548
BLOCK_841 13.349370 16.888984 14.189370 17.848984
BLOCK_842 12.686379 18.656404 13.526379 19.616404
BLOCK_843 3.220846 13.451638 4.060846 14.411638
BLOCK_844 12.038998 6.720222 12.878998 7.680222
BLOCK_845 5.120063 17.993562 5.960063 18.953562
BLOCK_846 15.001665 13.601964 15.841665 14.561964
BLOCK_847 11.959631 16.288104 12.799631 17.248104
BLOCK_848 11.037045 9.127347 11.877045 10.087347
BLOCK_849 14.044103 9.944365 14.884103 10.904365
BLOCK_850 5.198127 12.110547 6.038127 13.070547
BLOCK_851 9.754783 22.080000 10.594783 23.040000
BLOCK_852 4.415194 17.548644 5.255194 18.508644
BLOCK_853 8.356858 22.080000 9.196858 23.040000
BLOCK_854 14.436425 16.323478 15.276425 17.283478
BLOCK_855 5.603498 15.347887 6.443498 16.307887
BLOCK_856 15.179974 12.282709 16.019974 13.242709
BLOCK_857 16.242565 16.310648 17.082565 17.270648
BLOCK_858 18.628651 12.708663 19.468651 13.668663
BLOCK_859 4.614951 16.794242 5.454951 17.754242
BLOCK_860 16.352635 21.468899 17.192635 22.428899
BLOCK_861 19.585034 10.675917 20.425034 11.635917
BLOCK_862 10.641052 7.407172 11.481052 8.367172
BLOCK_863 11.508272 18.052133 12.348272 19.012133
BLOCK_864 18.158819 10.799418 18.998819 11.759418
BLOCK_865 6.213653 17.636511 7.053653 18.596511
BLOCK_866 6.226100 15.109343 7.066100 16.069343
BLOCK_867 0.000000 14.389480 0.840000 15.349480
BLOCK_868 1.185647 15.696560 2.025647 16.656560
BLOCK_869 15.958878 10.661299 16.798878 11.621299
BLOCK_870 12.072616 19.210205 12.912616 20.170205
BLOCK_871 16.617335 17.260804 17.457335 18.220804
BLOCK_872 17.217625 10.794822 18.057625 11.754822
BLOCK_873 0.000000 11.067138 0.840000 12.027138
BLOCK_874 3.453663 16.542773 4.293663 17.502773
BLOCK_875 13.416488 10.046476 14.256488 11.006476
BLOCK_876 2.108812 18.802402 2.948812 19.762402
BLOCK_877 5.156857 10.332910 5.996857 11.292910
BLOCK_878 2.553430 10.983819 3.393430 11.943819
BLOCK_879 13.768320 18.654447 14.608320 19.614447
BLOCK_880 2.610791 8.064628 3.450791 9.024628
BLOCK_881 16.825209 14.025354 17.665209 14.985354
BLOCK_882 14.850319 9.247003 15.690319 10.207003
BLOCK_883 8.488935 5.881263 9.328935 6.841263
BLOCK_884 10.740723 5.305335 11.580723 6.265335
BLOCK_885 12.986785 7.804816 13.826785 8.764816
BLOCK_886 3.494066 7.691525 4.334066 8.651525
BLOCK_887 15.344350 18.015811 16.184350 18.975811
BLOCK_888 12.029232 8.651646 12.869232 9.611646
BLOCK_889 2.041462 12.914343 2.881462 13.874343
BLOCK_890 6.008640 9.691184 6.848640 10.651184
BLOCK_891 16.456239 15.014467 17.296239 15.974467
BLOCK_892 19.731205 13.682295 20.571205 14.642295
BLOCK_893 5.956966 11.194920 6.796966 12.154920
BLOCK_894 18.358882 14.509180 19.198882 15.469180
BLOCK_895 13.590247 17.518443 14.430247 18.478443
BLOCK_896 2.970169 12.202995 3.810169 13.162995
BLOCK_897 1.899444 9.494489 2.739444 10.454489
BLOCK_898 4.010912 11.836656 4.850912 12.796656
BLOCK_899 14.605526 13.034094 15.445526 13.994094
BLOCK_900 10.935391 8.105951 11.775391 9.065951
BLOCK_901 12.130098 9.779263 12.970098 10.739263
BLOCK_902 19.609728 12.748125 20.449728 13.708125
BLOCK_903 0.000000 15.134826 0.840000 16.094826
BLOCK_904 3.466041 6.930265 4.306041 7.890265
BLOCK_905 17.920242 9.984909 18.760242 10.944909
BLOCK_906 18.468561 11.400714 19.308561 12.360714
BLOCK_907 13.731753 8.763930 14.571753 9.723930
BLOCK_908 5.008323 15.664744 5.848323 16.624744
BLOCK_909 12.430000 0.000000 22.950000 10.520000
BLOCK_910 12.295169 13.324585 13.135169 14.284585
BLOCK_911 5.734489 18.175706 6.574489 19.135706

[Iter 3000] geometry_scale=12.000000
BLOCK_1 10.518036 6.952484 10.612904 7.047353
BLOCK_2 13.745689 19.438314 13.870989 19.563614
BLOCK_3 10.518177 6.954357 10.613046 7.049225
BLOCK_4 13.507930 10.436617 13.633230 10.561917
BLOCK_5 10.517914 6.955030 10.612782 7.049899
BLOCK_6 13.745651 19.438572 13.870951 19.563872
BLOCK_7 19.598542 13.319128 19.723842 13.444428
BLOCK_8 13.745869 19.438068 13.871169 19.563368
BLOCK_9 16.189506 16.493744 16.256588 16.560826
BLOCK_10 10.517952 6.952676 10.612821 7.047545
BLOCK_11 10.637151 21.026995 10.732019 21.121863
BLOCK_12 16.189656 16.493530 16.256738 16.560612
BLOCK_13 6.248117 17.214912 6.315199 17.281994
BLOCK_14 17.644594 5.234424 17.691498 5.281328
BLOCK_15 7.888607 6.083172 8.004365 6.198930
BLOCK_16 17.643824 5.235345 17.690728 5.282249
BLOCK_17 16.189536 16.494153 16.256618 16.561235
BLOCK_18 16.189535 16.493824 16.256617 16.560906
BLOCK_19 13.626259 10.555735 13.751559 10.681035
BLOCK_20 13.506055 10.436826 13.631355 10.562126
BLOCK_21 5.729616 10.196227 5.854916 10.321527
BLOCK_22 4.140650 6.838347 4.235519 6.933215
BLOCK_23 13.386882 19.318786 13.512182 19.444086
BLOCK_24 5.731375 10.313848 5.856675 10.439148
BLOCK_25 7.889008 6.051209 7.983877 6.146077
BLOCK_26 5.729880 10.192930 5.855180 10.318230
BLOCK_27 7.118679 20.042672 7.213547 20.137540
BLOCK_28 5.731414 10.309794 5.856714 10.435094
BLOCK_29 4.140650 6.838347 4.235519 6.933215
BLOCK_30 4.140650 6.838347 4.235519 6.933215
BLOCK_31 19.599504 13.319035 19.724804 13.444335
BLOCK_32 19.122077 13.198078 19.247377 13.323378
BLOCK_33 4.140650 6.838347 4.235519 6.933215
BLOCK_34 7.889342 6.083168 8.005100 6.198926
BLOCK_35 7.889008 6.051209 7.983877 6.146077
BLOCK_36 13.136406 4.647911 13.293250 4.804755
BLOCK_37 13.505958 10.436476 13.631258 10.561776
BLOCK_38 5.976290 19.983865 6.082120 20.089695
BLOCK_39 19.124503 13.198587 19.249803 13.323887
BLOCK_40 11.311035 19.196932 11.712657 19.598554
BLOCK_41 11.497046 17.786561 11.948488 18.238003
BLOCK_42 13.986157 8.145402 14.241108 8.400353
BLOCK_43 6.332673 16.492100 6.642995 16.802422
BLOCK_44 4.663863 11.384680 5.146564 11.867381
BLOCK_45 11.477716 19.559381 11.838132 19.919797
BLOCK_46 13.389531 14.555504 13.707021 14.872994
BLOCK_47 12.311406 7.680325 12.662405 8.031324
BLOCK_48 12.668852 14.756961 13.151553 15.239662
BLOCK_49 11.000630 18.958358 11.413183 19.370911
BLOCK_50 12.672421 17.195868 12.996921 17.520368
BLOCK_51 12.932765 17.431020 13.260637 17.758892
BLOCK_52 9.322717 22.624669 9.738048 23.040000
BLOCK_53 9.944068 16.446774 10.398050 16.900756
BLOCK_54 11.871195 15.160683 12.192131 15.481619
BLOCK_55 11.235119 16.449902 11.658439 16.873222
BLOCK_56 11.477389 16.568034 11.801889 16.892534
BLOCK_57 11.534433 15.305121 11.952404 15.723092
BLOCK_58 9.473856 22.624669 9.889187 23.040000
BLOCK_59 10.281073 16.718263 10.602009 17.039199
BLOCK_60 11.722480 15.036623 12.050352 15.364495
BLOCK_61 10.996691 20.694852 11.251642 20.949803
BLOCK_62 8.918718 21.238819 9.445785 21.765886
BLOCK_63 11.881315 16.860946 12.427117 17.406748
BLOCK_64 5.582258 11.360226 5.983880 11.761848
BLOCK_65 7.649707 16.917412 8.118215 17.385920
BLOCK_66 18.373473 11.823265 18.977708 12.427500
BLOCK_67 12.349650 17.884262 12.670586 18.205198
BLOCK_68 9.107785 19.476287 9.556784 19.925286
BLOCK_69 11.592648 14.159097 12.123873 14.690322
BLOCK_70 12.484612 14.335032 13.026276 14.876696
BLOCK_71 10.636666 18.601115 11.015348 18.979797
BLOCK_72 10.273744 8.369809 10.912258 9.008323
BLOCK_73 3.918337 16.095975 4.297019 16.474657
BLOCK_74 10.087767 15.484446 10.629431 16.026110
BLOCK_75 13.278006 16.809966 13.629005 17.160965
BLOCK_76 11.116284 16.683101 11.437220 17.004037
BLOCK_77 7.882417 17.038491 8.383316 17.539390
BLOCK_78 15.462252 17.644270 16.091934 18.273952
BLOCK_79 10.865642 15.756813 11.364240 16.255411
BLOCK_80 16.760110 15.838905 17.291335 16.370130
BLOCK_81 11.595297 15.894612 12.023899 16.323214
BLOCK_82 18.766065 13.469453 19.406299 14.109687
BLOCK_83 7.119106 19.432901 7.762845 20.076640
BLOCK_84 12.926064 21.116496 13.289657 21.480089
BLOCK_85 9.654317 15.706224 10.166274 16.218181
BLOCK_86 9.211166 16.818583 9.798533 17.405950
BLOCK_87 13.893954 16.687114 14.463866 17.257026
BLOCK_88 6.812063 14.754922 7.294764 15.237623
BLOCK_89 11.084109 10.040569 11.602568 10.559028
BLOCK_90 7.105141 6.892633 7.411898 7.199390
BLOCK_91 11.229925 13.557433 11.608607 13.936115
BLOCK_92 10.989963 14.999483 11.477200 15.486720
BLOCK_93 13.042255 14.631662 13.540853 15.130260
BLOCK_94 13.390813 13.073564 13.873514 13.556265
BLOCK_95 9.029086 10.679745 9.562471 11.213130
BLOCK_96 7.768478 17.873426 8.246495 18.351443
BLOCK_97 14.700823 12.722538 15.183524 13.205239
BLOCK_98 6.999045 19.292955 7.532430 19.826340
BLOCK_99 10.080629 17.090781 10.516977 17.527129
BLOCK_100 3.687660 12.828605 4.063293 13.204238
BLOCK_101 10.644520 16.564629 11.122537 17.042646
BLOCK_102 11.509472 20.278671 11.953431 20.722630
BLOCK_103 10.086807 17.933912 10.512718 18.359823
BLOCK_104 10.879685 14.287227 11.463209 14.870751
BLOCK_105 10.634212 20.033630 11.182117 20.581535
BLOCK_106 17.707837 9.957906 18.018159 10.268228
BLOCK_107 10.038019 12.216817 10.556478 12.735276
BLOCK_108 10.624764 15.349604 11.247259 15.972099
BLOCK_109 11.355031 13.428577 12.095841 14.169387
BLOCK_110 6.453067 15.354656 7.013067 15.914656
BLOCK_111 8.129206 14.635919 8.547177 15.053890
BLOCK_112 10.157531 8.417106 10.621212 8.880787
BLOCK_113 7.874044 19.320780 8.249677 19.696413
BLOCK_114 10.754914 13.439519 11.178234 13.862839
BLOCK_115 9.338405 15.736046 9.908317 16.305958
BLOCK_116 11.108554 18.479580 11.515739 18.886765
BLOCK_117 14.389726 12.769022 14.823546 13.202842
BLOCK_118 11.843740 11.760197 12.259071 12.175528
BLOCK_119 11.833839 20.400775 12.265000 20.831936
BLOCK_120 6.580101 14.993485 7.043782 15.457166
BLOCK_121 13.859258 14.141841 14.479983 14.762566
BLOCK_122 7.987829 16.674786 8.366511 17.053468
BLOCK_123 9.565301 18.605956 10.026603 19.067258
BLOCK_124 12.664615 11.203317 13.098435 11.637137
BLOCK_125 9.267184 17.760554 9.806814 18.300184
BLOCK_126 10.030447 18.590969 10.524613 19.085135
BLOCK_127 8.008478 9.538817 8.429192 9.959531
BLOCK_128 12.311578 14.636650 12.718763 15.043835
BLOCK_129 9.600746 18.750307 10.158778 19.308339
BLOCK_130 9.630097 16.559477 9.929430 16.858810
BLOCK_131 11.121607 14.786146 11.452968 15.117507
BLOCK_132 10.738150 17.390553 11.383596 18.035999
BLOCK_133 6.292357 16.088591 6.715677 16.511911
BLOCK_134 10.909071 14.040776 11.477050 14.608755
BLOCK_135 8.364769 18.360995 8.725185 18.721411
BLOCK_136 13.480752 17.037672 13.997085 17.554005
BLOCK_137 9.320530 16.190922 9.941255 16.811647
BLOCK_138 7.588988 17.573169 8.138897 18.123078
BLOCK_139 12.373171 17.279529 12.788502 17.694860
BLOCK_140 10.904209 16.828255 11.238873 17.162919
BLOCK_141 8.244706 17.850532 8.649057 18.254883
BLOCK_142 11.367318 15.012064 11.845335 15.490081
BLOCK_143 7.642727 10.445273 8.099126 10.901672
BLOCK_144 7.614867 9.590445 8.122410 10.097988
BLOCK_145 9.571072 8.755148 10.004892 9.188968
BLOCK_146 10.179410 15.865685 10.517345 16.203620
BLOCK_147 11.005613 16.014089 11.431524 16.440000
BLOCK_148 13.037896 17.530181 13.385747 17.878032
BLOCK_149 13.024527 18.009507 13.450438 18.435418
BLOCK_150 10.337372 15.898997 10.763283 16.324908
BLOCK_151 4.659996 14.156363 5.067181 14.563548
BLOCK_152 10.165185 9.237158 10.522536 9.594509
BLOCK_153 9.728218 10.961467 10.162038 11.395287
BLOCK_154 10.819335 19.384493 11.352720 19.917878
BLOCK_155 11.710406 10.857941 12.017163 11.164698
BLOCK_156 11.191309 20.397668 11.479233 20.685592
BLOCK_157 8.004455 10.295634 8.276301 10.567480
BLOCK_158 9.922382 21.594322 10.243318 21.915258
BLOCK_159 13.151734 17.640130 13.572448 18.060844
BLOCK_160 1.919434 13.724877 2.863627 14.669070
BLOCK_161 9.000343 16.316056 9.444302 16.760015
BLOCK_162 11.059434 17.159152 11.590659 17.690377
BLOCK_163 9.560139 22.085252 9.999001 22.524114
BLOCK_164 6.671173 7.286955 7.058600 7.674382
BLOCK_165 11.588982 16.680433 12.020143 17.111594
BLOCK_166 8.999136 18.632095 9.327008 18.959967
BLOCK_167 13.632814 11.909096 14.568656 12.844938
BLOCK_168 7.768205 8.037766 8.067538 8.337099
BLOCK_169 12.202982 15.016205 12.550833 15.364056
BLOCK_170 12.798933 17.769071 13.136868 18.107006
BLOCK_171 10.279804 16.220073 10.627655 16.567924
BLOCK_172 8.823480 15.236716 9.086919 15.500155
BLOCK_173 11.624083 14.547187 11.955444 14.878548
BLOCK_174 12.318126 11.905521 12.772108 12.359503
BLOCK_175 11.862900 14.550295 12.194261 14.881656
BLOCK_176 8.509924 20.305017 8.841285 20.636378
BLOCK_177 10.045491 11.640678 10.513999 12.109186
BLOCK_178 8.604784 19.450967 8.949313 19.795496
BLOCK_179 3.520845 14.340387 3.944165 14.763707
BLOCK_180 9.330192 10.672075 9.904039 11.245922
BLOCK_181 7.295945 8.158286 7.656361 8.518702
BLOCK_182 10.756106 12.673042 11.044030 12.960966
BLOCK_183 7.864772 15.009408 8.457815 15.602451
BLOCK_184 7.409631 15.117530 7.650878 15.358777
BLOCK_185 7.180650 15.267589 7.758404 15.845343
BLOCK_186 8.241258 9.709369 8.610852 10.078963
BLOCK_187 7.886765 15.635025 8.610782 16.359042
BLOCK_188 13.264733 12.294049 13.575055 12.604371
BLOCK_189 8.591782 15.847129 9.197917 16.453264
BLOCK_190 10.061217 20.539720 10.399152 20.877655
BLOCK_191 9.800085 9.841591 10.157436 10.198942
BLOCK_192 10.043385 14.078999 10.471987 14.507601
BLOCK_193 8.962062 9.941940 9.447036 10.426914
BLOCK_194 7.151707 14.362525 7.802399 15.013217
BLOCK_195 9.325781 20.642568 9.676780 20.993567
BLOCK_196 11.080247 11.006431 11.352093 11.278277
BLOCK_197 9.800028 20.284528 10.300927 20.785427
BLOCK_198 11.775649 21.063154 12.193620 21.481125
BLOCK_199 10.520449 18.955396 10.919197 19.354144
BLOCK_200 7.134411 9.596080 7.779857 10.241526
BLOCK_201 14.583535 11.999403 14.842765 12.258633
BLOCK_202 13.395390 10.809636 13.863898 11.278144
BLOCK_203 9.063116 9.472903 9.322346 9.732133
BLOCK_204 7.533211 14.634929 8.103123 15.204841
BLOCK_205 8.787386 8.425211 9.355365 8.993190
BLOCK_206 8.622515 15.743705 8.957179 16.078369
BLOCK_207 7.407472 18.285627 8.214813 19.092968
BLOCK_208 8.685234 12.559906 9.205811 13.080483
BLOCK_209 9.205761 7.319930 9.523251 7.637420
BLOCK_210 7.532163 15.479988 7.773410 15.721235
BLOCK_211 8.941401 15.365488 9.417006 15.841093
BLOCK_212 6.098996 13.707877 6.430357 14.039238
BLOCK_213 5.401373 8.395264 6.085624 9.079515
BLOCK_214 7.296993 14.526038 7.588712 14.817757
BLOCK_215 8.106471 17.517399 8.365701 17.776629
BLOCK_216 9.569669 11.872770 10.266878 12.569979
BLOCK_217 9.224656 20.062933 9.681055 20.519332
BLOCK_218 8.242803 10.075521 8.600154 10.432872
BLOCK_219 10.892739 12.962160 11.476263 13.545684
BLOCK_220 7.527435 15.718240 7.768682 15.959487
BLOCK_221 9.544823 12.949204 10.282590 13.686971
BLOCK_222 7.254953 7.648805 7.642380 8.036232
BLOCK_223 10.044388 11.137775 10.545287 11.638674
BLOCK_224 11.591631 21.971269 11.929566 22.309204
BLOCK_225 7.854902 10.877661 8.130945 11.153704
BLOCK_226 11.283232 21.290741 11.714393 21.721902
BLOCK_227 11.479472 12.363226 11.814136 12.697890
BLOCK_228 9.564002 19.466850 9.895363 19.798211
BLOCK_229 10.152254 14.278180 10.527887 14.653813
BLOCK_230 7.789864 22.320717 8.343850 22.874703
BLOCK_231 9.418759 14.989842 9.809015 15.380098
BLOCK_232 6.534483 12.963601 7.007769 13.436887
BLOCK_233 9.681016 9.096635 10.181915 9.597534
BLOCK_234 7.400032 22.472021 7.968011 23.040000
BLOCK_235 11.546148 17.154619 12.071029 17.679500
BLOCK_236 7.760708 12.113642 8.139390 12.492324
BLOCK_237 6.962114 7.101343 7.535961 7.675190
BLOCK_238 9.555106 14.392770 9.921712 14.759376
BLOCK_239 9.796167 14.518179 10.162773 14.884785
BLOCK_240 10.284397 14.518869 10.660030 14.894502
BLOCK_241 6.648025 13.995362 7.179250 14.526587
BLOCK_242 8.606361 21.595456 9.272319 22.261414
BLOCK_243 5.100278 15.199889 5.616611 15.716222
BLOCK_244 16.248787 9.653376 16.796692 10.201281
BLOCK_245 7.048481 8.813131 7.469195 9.233845
BLOCK_246 9.519281 14.349953 9.807205 14.637877
BLOCK_247 7.413629 10.078324 7.754950 10.419645
BLOCK_248 6.194940 18.942860 6.576516 19.324436
BLOCK_249 9.481989 11.645914 9.802925 11.966850
BLOCK_250 7.972328 20.520106 8.244174 20.791952
BLOCK_251 9.797089 16.677520 10.175771 17.056202
BLOCK_252 10.525429 17.148502 11.010403 17.633476
BLOCK_253 12.312498 17.753584 12.691180 18.132266
BLOCK_254 7.880857 18.480896 8.241273 18.841312
BLOCK_255 8.499869 7.910821 9.304481 8.715433
BLOCK_256 6.428414 7.534897 6.933785 8.040268
BLOCK_257 6.220761 13.716748 6.545261 14.041248
BLOCK_258 10.326505 16.493889 10.752416 16.919800
BLOCK_259 7.628381 20.646079 8.122547 21.140245
BLOCK_260 6.359811 8.019560 6.790972 8.450721
BLOCK_261 10.116139 10.437119 10.400040 10.721020
BLOCK_262 10.761785 16.325398 11.134478 16.698091
BLOCK_263 6.029593 8.798000 6.350529 9.118936
BLOCK_264 8.852979 20.193829 9.304421 20.645271
BLOCK_265 11.905743 14.513940 12.329063 14.937260
BLOCK_266 8.430359 17.106923 8.725994 17.402558
BLOCK_267 6.794422 9.602026 7.190402 9.998006
BLOCK_268 9.803923 9.720356 10.106908 10.023341
BLOCK_269 8.602001 18.600187 9.111707 19.109893
BLOCK_270 3.264988 17.756125 3.939302 18.430439
BLOCK_271 11.594256 21.735504 12.033118 22.174366
BLOCK_272 11.472648 21.838526 11.829999 22.195877
BLOCK_273 7.055269 18.964491 7.379769 19.288991
BLOCK_274 11.293894 15.782651 11.719805 16.208562
BLOCK_275 6.577345 19.081450 7.018820 19.522925
BLOCK_276 7.132300 8.026696 7.646401 8.540797
BLOCK_277 6.512404 8.936003 6.811737 9.235336
BLOCK_278 4.782777 11.923814 5.221639 12.362676
BLOCK_279 7.531103 16.321311 8.020695 16.810903
BLOCK_280 8.724735 7.500690 9.031492 7.807447
BLOCK_281 7.593291 8.950555 8.005844 9.363108
BLOCK_282 12.940238 12.859215 13.274902 13.193879
BLOCK_283 8.005369 7.505186 8.536594 8.036411
BLOCK_284 9.687942 19.330919 10.290354 19.933331
BLOCK_285 10.992542 11.863875 11.251772 12.123105
BLOCK_286 11.948457 10.622487 12.374368 11.048398
BLOCK_287 11.952207 12.121355 12.236108 12.405256
BLOCK_288 10.286363 13.630842 10.698916 14.043395
BLOCK_289 6.326992 8.858332 6.693598 9.224938
BLOCK_290 8.826443 9.236970 9.329533 9.740060
BLOCK_291 7.307254 20.201415 7.635126 20.529287
BLOCK_292 7.008164 22.517219 7.530945 23.040000
BLOCK_293 8.614800 9.826079 9.063799 10.275078
BLOCK_294 10.664629 11.037622 10.999293 11.372286
BLOCK_295 16.141934 13.292366 16.658267 13.808699
BLOCK_296 14.405007 16.202868 15.168158 16.966019
BLOCK_297 9.680839 14.998321 9.972558 15.290040
BLOCK_298 13.892580 13.211116 14.466427 13.784963
BLOCK_299 10.514500 14.155531 10.890133 14.531164
BLOCK_300 10.876859 17.917636 11.197795 18.238572
BLOCK_301 7.882507 12.733701 8.217171 13.068365
BLOCK_302 7.166958 8.988324 7.663345 9.484711
BLOCK_303 10.282382 12.724999 10.755668 13.198285
BLOCK_304 8.235074 13.556004 8.613756 13.934686
BLOCK_305 9.752653 14.230377 10.040577 14.518301
BLOCK_306 16.971329 11.608109 17.487662 12.124442
BLOCK_307 15.295521 12.596347 15.907158 13.207984
BLOCK_308 6.091996 14.412952 6.694408 15.015364
BLOCK_309 10.273937 10.657399 10.903619 11.287081
BLOCK_310 7.082453 13.808297 7.528995 14.254839
BLOCK_311 11.836589 11.352920 12.124513 11.640844
BLOCK_312 14.358252 11.174061 14.702781 11.518590
BLOCK_313 8.843288 12.062620 9.266608 12.485940
BLOCK_314 10.162944 13.079700 10.575497 13.492253
BLOCK_315 10.406607 11.251910 10.907506 11.752809
BLOCK_316 11.007833 11.053457 11.464232 11.509856
BLOCK_317 7.415402 11.645264 7.766401 11.996263
BLOCK_318 12.750714 10.890305 13.264815 11.404406
BLOCK_319 12.711563 11.885619 13.263469 12.437525
BLOCK_320 6.719656 21.978230 7.168655 22.427229
BLOCK_321 13.315164 11.160778 13.746325 11.591939
BLOCK_322 9.927223 13.936408 10.268544 14.277729
BLOCK_323 11.370479 11.042796 11.711800 11.384117
BLOCK_324 5.946433 14.999638 6.348055 15.401260
BLOCK_325 6.709122 9.127742 7.168034 9.586654
BLOCK_326 10.273711 20.025234 10.652393 20.403916
BLOCK_327 8.486000 18.994621 8.810500 19.319121
BLOCK_328 8.587235 18.343838 8.846465 18.603068
BLOCK_329 12.308374 12.711877 12.584417 12.987920
BLOCK_330 6.322745 14.283294 6.936178 14.896727
BLOCK_331 7.707868 21.235998 8.010853 21.538983
BLOCK_332 10.289396 9.201707 10.889896 9.802207
BLOCK_333 10.401517 21.597724 10.808702 22.004909
BLOCK_334 9.080795 19.915492 9.356838 20.191535
BLOCK_335 10.345585 9.905106 10.637304 10.196825
BLOCK_336 10.462668 20.284543 11.000255 20.822130
BLOCK_337 8.227428 14.258147 8.609004 14.639723
BLOCK_338 12.288273 17.635293 12.672721 18.019741
BLOCK_339 6.097924 14.079005 6.418860 14.399941
BLOCK_340 9.676759 19.802294 10.166351 20.291886
BLOCK_341 10.648359 12.116841 11.058237 12.526719
BLOCK_342 3.878567 9.183823 4.416154 9.721410
BLOCK_343 12.802521 12.743683 13.140456 13.081618
BLOCK_344 11.111294 21.902943 11.395195 22.186844
BLOCK_345 8.529222 17.691703 9.077127 18.239608
BLOCK_346 7.883395 10.202731 8.478290 10.797626
BLOCK_347 6.229066 19.678112 6.714040 20.163086
BLOCK_348 7.652890 8.764405 8.104332 9.215847
BLOCK_349 9.807883 7.917750 10.215068 8.324935
BLOCK_350 8.955473 15.591592 9.322079 15.958198
BLOCK_351 10.517593 21.838602 10.801494 22.122503
BLOCK_352 1.410755 15.747966 2.348998 16.686209
BLOCK_353 12.138161 12.481143 12.556132 12.899114
BLOCK_354 8.473653 17.276343 8.843247 17.645937
BLOCK_355 9.444993 17.280688 9.744326 17.580021
BLOCK_356 10.996845 21.718243 11.280746 22.002144
BLOCK_357 8.833011 11.746013 9.211693 12.124695
BLOCK_358 10.953987 21.958840 11.237888 22.242741
BLOCK_359 12.340600 11.908909 12.671961 12.240270
BLOCK_360 9.084999 11.396992 9.528958 11.840951
BLOCK_361 10.721066 21.445876 11.117046 21.841856
BLOCK_362 9.675573 9.240657 10.010237 9.575321
BLOCK_363 15.060799 20.878846 15.405328 21.223375
BLOCK_364 10.523736 10.444130 10.861671 10.782065
BLOCK_365 7.809440 14.276126 8.119762 14.586448
BLOCK_366 8.854383 14.511751 9.337084 14.994452
BLOCK_367 7.290879 18.129978 7.644998 18.484097
BLOCK_368 13.690773 11.827365 13.986408 12.123000
BLOCK_369 9.334333 8.015245 9.841876 8.522788
BLOCK_370 9.196547 18.596637 9.563153 18.963243
BLOCK_371 8.123318 20.762502 8.524940 21.164124
BLOCK_372 8.489780 10.548593 9.084675 11.143488
BLOCK_373 5.426240 19.687959 5.780359 20.042078
BLOCK_374 9.098012 14.747723 9.510565 15.160276
BLOCK_375 6.452208 8.325408 7.006194 8.879394
BLOCK_376 1.816638 12.287958 2.490952 12.962272
BLOCK_377 6.233576 19.222407 6.813231 19.802062
BLOCK_378 10.267315 11.759275 10.785774 12.277734
BLOCK_379 10.158902 19.637955 10.563253 20.042306
BLOCK_380 6.933787 16.944209 7.385229 17.395651
BLOCK_381 8.741059 10.122455 9.164379 10.545775
BLOCK_382 13.750234 11.038044 14.356369 11.644179
BLOCK_383 9.203137 18.992206 9.644612 19.433681
BLOCK_384 11.506657 10.474957 11.834529 10.802829
BLOCK_385 10.763183 12.595875 11.257349 13.090041
BLOCK_386 7.281950 12.941762 7.672206 13.332018
BLOCK_387 5.557435 20.410348 6.051601 20.904514
BLOCK_388 6.631067 18.548744 7.046398 18.964075
BLOCK_389 8.854528 13.567592 9.323036 14.036100
BLOCK_390 12.668121 12.239699 13.034727 12.606305
BLOCK_391 9.206405 11.650268 9.762373 12.206236
BLOCK_392 9.201705 17.160368 9.597685 17.556348
BLOCK_393 9.085295 20.890774 9.445711 21.251190
BLOCK_394 8.593031 14.948228 9.008362 15.363559
BLOCK_395 8.244279 9.128460 8.850414 9.734595
BLOCK_396 10.638672 10.067138 11.152773 10.581239
BLOCK_397 9.416939 10.296736 9.810131 10.689928
BLOCK_398 13.030201 21.358322 13.613725 21.941846
BLOCK_399 6.615881 18.240999 7.169867 18.794985
BLOCK_400 8.947610 16.923993 9.326292 17.302675
BLOCK_401 10.638071 18.115500 10.937404 18.414833
BLOCK_402 5.976985 20.278477 6.397699 20.699191
BLOCK_403 10.401359 9.118696 10.742680 9.460017
BLOCK_404 11.046163 11.644522 11.472074 12.070433
BLOCK_405 12.094436 11.514949 12.470069 11.890582
BLOCK_406 14.942122 12.477746 15.329549 12.865173
BLOCK_407 8.801092 19.034295 9.210970 19.444173
BLOCK_408 7.047293 21.867292 7.381957 22.201956
BLOCK_409 12.412925 12.835263 12.907091 13.329429
BLOCK_410 12.816242 16.171791 13.475484 16.831033
BLOCK_411 8.483969 14.281510 8.966670 14.764211
BLOCK_412 8.325044 18.716818 8.729395 19.121169
BLOCK_413 7.053448 12.012798 7.401299 12.360649
BLOCK_414 10.292685 18.478968 10.772997 18.959280
BLOCK_415 10.901352 12.613087 11.236016 12.947751
BLOCK_416 8.476886 12.474153 8.855568 12.852835
BLOCK_417 12.191075 21.917254 12.627423 22.353602
BLOCK_418 7.298396 13.310633 7.726998 13.739235
BLOCK_419 5.740848 21.497207 6.085377 21.841736
BLOCK_420 8.845466 17.289999 9.306768 17.751301
BLOCK_421 6.319438 21.403525 6.934743 22.018830
BLOCK_422 10.761167 10.296676 11.148594 10.684103
BLOCK_423 8.334989 13.680394 8.728181 14.073586
BLOCK_424 13.866034 18.821236 14.504548 19.459750
BLOCK_425 9.564840 10.076726 9.990751 10.502637
BLOCK_426 10.161638 19.212728 10.546086 19.597176
BLOCK_427 8.836735 13.193202 9.203341 13.559808
BLOCK_428 5.550650 19.500156 6.092314 20.041820
BLOCK_429 10.159748 21.238157 10.466505 21.544914
BLOCK_430 16.593633 12.595055 17.332957 13.334379
BLOCK_431 12.223484 12.638523 12.667443 13.082482
BLOCK_432 12.549029 11.037177 12.873529 11.361677
BLOCK_433 9.683724 8.512819 10.056417 8.885512
BLOCK_434 7.411819 13.727031 7.842980 14.158192
BLOCK_435 9.095238 22.198536 9.536713 22.640011
BLOCK_436 12.191739 21.164520 12.633214 21.605995
BLOCK_437 8.464102 10.553067 8.848550 10.937515
BLOCK_438 12.682281 11.656304 13.023602 11.997625
BLOCK_439 9.682366 7.711964 10.010238 8.039836
BLOCK_440 9.559775 20.191392 10.013757 20.645374
BLOCK_441 6.934795 21.239122 7.269459 21.573786
BLOCK_442 11.355417 10.595177 11.676353 10.916113
BLOCK_443 9.458372 5.729508 9.998002 6.269138
BLOCK_444 16.154899 19.522960 16.618580 19.986641
BLOCK_445 9.560779 7.710507 9.892140 8.041868
BLOCK_446 11.342127 12.478209 11.847498 12.983580
BLOCK_447 9.556199 20.883003 10.041173 21.367977
BLOCK_448 10.316252 14.781591 10.997207 15.462546
BLOCK_449 7.097005 20.292498 7.533353 20.728846
BLOCK_450 8.693947 16.419783 9.081374 16.807210
BLOCK_451 9.246140 17.813892 9.674742 18.242494
BLOCK_452 10.400354 20.875143 10.935798 21.410587
BLOCK_453 13.996776 11.890396 14.344627 12.238247
BLOCK_454 6.225807 21.783010 6.694315 22.251518
BLOCK_455 7.410125 9.360617 7.761124 9.711616
BLOCK_456 5.845146 8.269208 6.341533 8.765595
BLOCK_457 12.304205 11.047763 12.779810 11.523368
BLOCK_458 8.889943 19.351799 9.326291 19.788147
BLOCK_459 9.217560 21.480154 9.548921 21.811515
BLOCK_460 7.290774 21.004385 7.648125 21.361736
BLOCK_461 14.030748 11.211631 14.341070 11.521953
BLOCK_462 11.475401 21.031368 11.924400 21.480367
BLOCK_463 9.912261 10.547034 10.281855 10.916628
BLOCK_464 8.274730 19.232320 8.602602 19.560192
BLOCK_465 5.291796 20.325876 5.855800 20.889880
BLOCK_466 7.756892 6.703242 8.126486 7.072836
BLOCK_467 13.518302 11.291450 13.862831 11.635979
BLOCK_468 5.687307 7.796431 6.216457 8.325581
BLOCK_469 13.626126 21.117598 14.165756 21.657228
BLOCK_470 8.600956 16.811512 8.964549 17.175105
BLOCK_471 18.031104 15.502172 18.680026 16.151094
BLOCK_472 12.181434 15.218160 12.974781 16.011507
BLOCK_473 9.932935 12.594736 10.413247 13.075048
BLOCK_474 5.249676 14.286089 6.097615 15.134028
BLOCK_475 8.488536 14.910846 9.064296 15.486606
BLOCK_476 12.911088 10.446011 13.374769 10.909692
BLOCK_477 13.029845 12.483288 13.411421 12.864864
BLOCK_478 7.522582 13.072166 8.007556 13.557140
BLOCK_479 17.384683 14.541391 17.845985 15.002693
BLOCK_480 12.179824 20.599567 12.725626 21.145369
BLOCK_481 11.473605 20.038963 11.861032 20.426390
BLOCK_482 13.389145 11.673709 13.717017 12.001581
BLOCK_483 5.455964 19.880511 5.857586 20.282133
BLOCK_484 6.831559 11.307139 7.407319 11.882899
BLOCK_485 7.571779 12.351617 7.997690 12.777528
BLOCK_486 6.598739 13.460251 7.168651 14.030163
BLOCK_487 8.008163 14.943351 8.303798 15.238986
BLOCK_488 6.469673 13.266781 7.011337 13.808445
BLOCK_489 6.203801 12.337837 6.813555 12.947591
BLOCK_490 11.603156 9.600266 12.300365 10.297475
BLOCK_491 8.122071 12.970565 8.607045 13.455539
BLOCK_492 9.335144 12.450877 9.880946 12.996679
BLOCK_493 3.408225 16.258195 4.058917 16.908887
BLOCK_494 10.828622 20.956129 11.355689 21.483196
BLOCK_495 13.166805 20.769369 13.644822 21.247386
BLOCK_496 17.334764 9.400201 17.719212 9.784649
BLOCK_497 12.550044 20.910736 12.965375 21.326067
BLOCK_498 9.345035 14.179946 9.676396 14.511307
BLOCK_499 11.890967 11.111257 12.308938 11.529228
BLOCK_500 6.799684 12.217928 7.279996 12.698240
BLOCK_501 11.368890 11.047909 11.723009 11.402028
BLOCK_502 7.352164 7.623759 7.767495 8.039090
BLOCK_503 8.973015 12.733221 9.637319 13.397525
BLOCK_504 9.678462 13.797350 10.054095 14.172983
BLOCK_505 7.522701 11.514305 7.889307 11.880911
BLOCK_506 9.569489 13.591446 9.904153 13.926110
BLOCK_507 12.311338 18.337840 12.695786 18.722288
BLOCK_508 12.909760 21.716768 13.428219 22.235227
BLOCK_509 8.596963 18.118940 8.963569 18.485546
BLOCK_510 10.532298 13.939120 10.873619 14.280441
BLOCK_511 11.706419 7.075044 12.193656 7.562281
BLOCK_512 13.043099 15.249212 13.756191 15.962304
BLOCK_513 6.803371 8.635514 7.169977 9.002120
BLOCK_514 4.893916 11.040753 5.381153 11.527990
BLOCK_515 16.018246 14.542437 16.505483 15.029674
BLOCK_516 8.007174 7.468002 8.328110 7.788938
BLOCK_517 12.800169 8.646164 13.385575 9.231570
BLOCK_518 8.479911 13.068931 8.976298 13.565318
BLOCK_519 7.597218 11.111301 8.009771 11.523854
BLOCK_520 13.033407 11.407792 13.387526 11.761911
BLOCK_521 9.563171 8.384172 9.941853 8.762854
BLOCK_522 8.138156 11.369774 8.890951 12.122569
BLOCK_523 6.684223 12.586771 7.180610 13.083158
BLOCK_524 11.591288 13.076415 11.960882 13.446009
BLOCK_525 5.962295 16.718571 6.761294 17.517570
BLOCK_526 8.250113 20.161808 8.607464 20.519159
BLOCK_527 7.204421 15.361708 7.525357 15.682644
BLOCK_528 8.716713 11.139394 9.224256 11.646937
BLOCK_529 9.928784 17.405545 10.641876 18.118637
BLOCK_530 4.538778 13.536275 5.061559 14.059056
BLOCK_531 5.708430 12.696535 6.339857 13.327962
BLOCK_532 3.467913 13.236683 4.269723 14.038493
BLOCK_533 10.736714 5.739206 11.462248 6.464740
BLOCK_534 11.831587 12.118443 12.216035 12.502891
BLOCK_535 8.968129 20.760040 9.453103 21.245014
BLOCK_536 6.105639 20.938591 6.649422 21.482374
BLOCK_537 11.356003 20.635428 11.763188 21.042613
BLOCK_538 4.698287 9.737470 5.276041 10.315224
BLOCK_539 7.174123 12.796896 7.696904 13.319677
BLOCK_540 7.288918 12.392181 7.727780 12.831043
BLOCK_541 11.472918 11.770797 11.943874 12.241753
BLOCK_542 6.144897 22.521541 6.663356 23.040000
BLOCK_543 8.362394 6.846325 9.077027 7.560958
BLOCK_544 10.513134 19.320816 11.002726 19.810408
BLOCK_545 9.088895 13.328171 9.557403 13.796679
BLOCK_546 4.784201 7.936481 5.494131 8.646411
BLOCK_547 9.162189 8.943169 9.577520 9.358500
BLOCK_548 8.004132 13.436696 8.422103 13.854667
BLOCK_549 9.805005 18.000040 10.310376 18.505411
BLOCK_550 12.825222 15.628223 13.269181 16.072182
BLOCK_551 6.205231 6.832477 6.813178 7.440424
BLOCK_552 12.998861 20.402025 13.508567 20.911731
BLOCK_553 7.993344 21.522305 8.366037 21.894998
BLOCK_554 6.931307 22.679584 7.291723 23.040000
BLOCK_555 2.986625 10.080993 3.696555 10.790923
BLOCK_556 9.082350 18.067500 9.619937 18.605087
BLOCK_557 9.087662 12.242337 9.536661 12.691336
BLOCK_558 8.132389 9.118661 8.598543 9.584815
BLOCK_559 8.846561 7.457814 9.422321 8.033574
BLOCK_560 8.224386 16.420126 8.846881 17.042621
BLOCK_561 8.129985 12.593137 8.443991 12.907143
BLOCK_562 7.942553 19.082047 8.355106 19.494600
BLOCK_563 8.253648 21.480796 8.733960 21.961108
BLOCK_564 7.532344 18.866741 7.976303 19.310700
BLOCK_565 7.006963 18.534553 7.405711 18.933301
BLOCK_566 8.725350 13.821439 9.295262 14.391351
BLOCK_567 8.009852 8.399219 8.363971 8.753338
BLOCK_568 15.299452 12.118017 15.689708 12.508273
BLOCK_569 14.811812 11.779507 15.377763 12.345458
BLOCK_570 8.204922 19.785323 8.600902 20.181303
BLOCK_571 4.127795 8.591924 4.656945 9.121074
BLOCK_572 11.013814 19.802123 11.423692 20.212001
BLOCK_573 7.599909 7.269758 8.009787 7.679636
BLOCK_574 11.710571 12.798073 12.114922 13.202424
BLOCK_575 11.843648 11.287409 12.191499 11.635260
BLOCK_576 5.263085 10.675910 5.741102 11.153927
BLOCK_577 9.797372 17.237676 10.204557 17.644861
BLOCK_578 6.558404 22.438700 7.043378 22.923674
BLOCK_579 6.581320 7.914191 7.045001 8.377872
BLOCK_580 9.673297 21.592491 10.171895 22.091089
BLOCK_581 5.017261 11.393771 5.664486 12.040996
BLOCK_582 14.505921 11.819866 14.931832 12.245777
BLOCK_583 9.798055 13.437980 10.294442 13.934367
BLOCK_584 8.007653 12.004648 8.596890 12.593885
BLOCK_585 16.887738 9.960713 17.406197 10.479172
BLOCK_586 12.131093 21.503944 12.682999 22.055850
BLOCK_587 7.973393 7.759022 8.372141 8.157770
BLOCK_588 12.535294 21.958429 12.945172 22.368307
BLOCK_589 6.714729 20.905068 7.171128 21.361467
BLOCK_590 8.593980 20.512508 9.078954 20.997482
BLOCK_591 10.798937 11.755581 11.466620 12.423264
BLOCK_592 11.481609 12.658507 11.910211 13.087109
BLOCK_593 17.571272 10.156477 18.089731 10.674936
BLOCK_594 7.990616 12.844093 8.487003 13.340480
BLOCK_595 11.446433 10.172256 11.953976 10.679799
BLOCK_596 9.990347 10.192961 10.402900 10.605514
BLOCK_597 13.631160 12.560795 14.276606 13.206241
BLOCK_598 14.260418 11.209302 14.816386 11.765270
BLOCK_599 9.414975 21.839332 9.802402 22.226759
BLOCK_600 10.533690 13.320556 11.115240 13.902106
BLOCK_601 11.350743 11.630265 11.735191 12.014713
BLOCK_602 5.749011 21.117870 6.217519 21.586378
BLOCK_603 7.528553 22.076922 7.935738 22.484107
BLOCK_604 7.171508 21.719452 7.637662 22.185606
BLOCK_605 6.896725 17.859093 7.281173 18.243541
BLOCK_606 13.034689 11.887217 13.521926 12.374454
BLOCK_607 6.445582 17.213527 6.997488 17.765433
BLOCK_608 10.640482 9.483400 11.113768 9.956686
BLOCK_609 8.596354 19.804928 9.195019 20.403593
BLOCK_610 7.150663 16.674310 7.523356 17.047003
BLOCK_611 8.003020 15.486633 8.473976 15.957589
BLOCK_612 6.996371 17.484568 7.521252 18.009449
BLOCK_613 6.619912 16.369292 7.169821 16.919201
BLOCK_614 8.486738 17.523986 8.844089 17.881337
BLOCK_615 7.290678 16.800656 7.648029 17.158007
BLOCK_616 8.110744 20.398939 8.492320 20.780515
BLOCK_617 7.293749 17.287089 7.767035 17.760375
BLOCK_618 6.570602 17.759999 6.955050 18.144447
BLOCK_619 4.563299 8.278375 5.104963 8.820039
BLOCK_620 13.033216 12.845503 13.482215 13.294502
BLOCK_621 11.721408 17.530801 12.192364 18.001757
BLOCK_622 5.921466 22.320561 6.385147 22.784242
BLOCK_623 9.563278 11.197211 10.002140 11.636073
BLOCK_624 9.083156 9.725391 9.532155 10.174390
BLOCK_625 14.700602 12.355001 15.088029 12.742428
BLOCK_626 8.360759 20.873590 8.727365 21.240196
BLOCK_627 7.516225 13.677459 8.135095 14.296329
BLOCK_628 5.737415 21.879849 6.215432 22.357866
BLOCK_629 11.122011 10.897794 11.473010 11.248793
BLOCK_630 6.090662 10.516606 6.611239 11.037183
BLOCK_631 10.283618 9.890588 10.712220 10.319190
BLOCK_632 14.423907 17.131993 15.094876 17.802962
BLOCK_633 7.945597 8.225183 8.721870 9.001456
BLOCK_634 18.766119 14.039004 19.388614 14.661499
BLOCK_635 8.367372 21.003271 8.877078 21.512977
BLOCK_636 8.907744 9.003113 9.323075 9.418444
BLOCK_637 8.362824 19.558408 8.729430 19.925014
BLOCK_638 7.370927 6.846479 7.817469 7.293021
BLOCK_639 7.533067 20.519716 7.884066 20.870715
BLOCK_640 7.741283 20.037617 8.116916 20.413250
BLOCK_641 9.689925 21.148155 10.143907 21.602137
BLOCK_642 8.351798 12.105628 8.827403 12.581233
BLOCK_643 7.864172 11.017629 8.597384 11.750841
BLOCK_644 8.006647 13.981844 8.542091 14.517288
BLOCK_645 9.921748 20.881232 10.303324 21.262808
BLOCK_646 10.160073 14.910434 10.611515 15.361876
BLOCK_647 7.643486 19.667112 8.271339 20.294965
BLOCK_648 7.108336 21.306133 7.526307 21.724104
BLOCK_649 7.647786 21.617537 8.109088 22.078839
BLOCK_650 12.067289 10.793871 12.436883 11.163465
BLOCK_651 7.515197 20.875225 7.884791 21.244819
BLOCK_652 7.768014 16.083423 8.252988 16.568397
BLOCK_653 6.925076 15.713125 7.419242 16.207291
BLOCK_654 7.163416 16.084148 7.648390 16.569122
BLOCK_655 7.020037 16.076916 7.416017 16.472896
BLOCK_656 14.588051 14.463221 15.252355 15.127525
BLOCK_657 7.765946 21.356573 8.227248 21.817875
BLOCK_658 9.562435 9.487483 10.030943 9.955991
BLOCK_659 1.999883 11.747751 2.667566 12.415434
BLOCK_660 7.350128 11.824591 7.893911 12.368374
BLOCK_661 7.883597 6.567038 8.598230 7.281671
BLOCK_662 5.946650 7.375914 6.456356 7.885620
BLOCK_663 9.425193 14.862130 10.189784 15.626721
BLOCK_664 7.274415 8.385744 7.768581 8.879910
BLOCK_665 8.962312 13.915741 9.575745 14.529174
BLOCK_666 4.478947 10.683874 4.898947 11.103874
BLOCK_667 15.719540 15.065298 16.139540 15.485298
BLOCK_668 5.794838 17.705092 6.214838 18.125092
BLOCK_669 5.670893 16.413762 6.090893 16.833762
BLOCK_670 6.783415 10.078051 7.203415 10.498051
BLOCK_671 11.094047 8.582746 11.514047 9.002746
BLOCK_672 9.560457 5.094075 9.980457 5.514075
BLOCK_673 16.250228 11.789441 16.670228 12.209441
BLOCK_674 19.842565 13.982152 20.262565 14.402152
BLOCK_675 6.455837 6.342786 6.875837 6.762786
BLOCK_676 10.693740 18.179150 11.113740 18.599150
BLOCK_677 15.417548 10.620022 15.837548 11.040022
BLOCK_678 12.488316 7.143822 12.908316 7.563822
BLOCK_679 4.243108 11.396766 4.663108 11.816766
BLOCK_680 3.944265 7.197483 4.364265 7.617483
BLOCK_681 6.963009 10.603464 7.383009 11.023464
BLOCK_682 13.444592 16.141221 13.864592 16.561221
BLOCK_683 4.119879 11.137658 4.539879 11.557658
BLOCK_684 5.310372 14.762714 5.730372 15.182714
BLOCK_685 20.728322 9.463547 21.148322 9.883547
BLOCK_686 12.724764 10.317198 13.144764 10.737198
BLOCK_687 15.744875 18.192854 16.164875 18.612854
BLOCK_688 11.168679 9.238522 11.588679 9.658522
BLOCK_689 5.494808 12.303932 5.914808 12.723932
BLOCK_690 7.218962 4.438731 7.638962 4.858731
BLOCK_691 4.604635 9.181566 5.024635 9.601566
BLOCK_692 3.999487 12.959640 4.419487 13.379640
BLOCK_693 3.887934 14.575876 4.307934 14.995876
BLOCK_694 3.821740 12.544665 4.241740 12.964665
BLOCK_695 11.181485 5.288639 11.601485 5.708639
BLOCK_696 14.422788 13.260801 14.842788 13.680801
BLOCK_697 17.512399 12.903842 17.932399 13.323842
BLOCK_698 13.097578 16.923314 13.517578 17.343314
BLOCK_699 12.071452 9.248359 12.491452 9.668359
BLOCK_700 4.243493 7.857208 4.663493 8.277208
BLOCK_701 14.905017 17.807151 15.325017 18.227151
BLOCK_702 3.347344 16.920298 3.767344 17.340298
BLOCK_703 12.201132 10.387577 12.621132 10.807577
BLOCK_704 3.999681 12.119108 4.419681 12.539108
BLOCK_705 11.901672 8.756170 12.321672 9.176170
BLOCK_706 20.104832 11.401219 20.944832 12.361219
BLOCK_707 4.646769 12.133263 5.486769 13.093263
BLOCK_708 6.682953 5.811445 7.522953 6.771445
BLOCK_709 13.499270 14.773324 14.339270 15.733324
BLOCK_710 6.791437 10.423203 7.631437 11.383203
BLOCK_711 5.141388 16.663885 5.981388 17.623885
BLOCK_712 7.602584 4.441257 8.442584 5.401257
BLOCK_713 2.148431 17.816333 2.988431 18.776333
BLOCK_714 18.270122 16.562643 19.110122 17.522643
BLOCK_715 4.030577 22.080000 4.870577 23.040000
BLOCK_716 3.218762 15.018192 4.058762 15.978192
BLOCK_717 5.134673 6.978412 5.974673 7.938412
BLOCK_718 5.035952 13.567579 5.875952 14.527579
BLOCK_719 18.918777 21.170631 19.758777 22.130631
BLOCK_720 17.474362 16.229450 18.314362 17.189450
BLOCK_721 15.185073 11.256521 16.025073 12.216521
BLOCK_722 13.957400 20.519162 14.797400 21.479162
BLOCK_723 4.920193 22.080000 5.760193 23.040000
BLOCK_724 16.375187 17.610713 17.215187 18.570713
BLOCK_725 7.511944 5.508390 8.351944 6.468390
BLOCK_726 1.072090 10.080113 1.912090 11.040113
BLOCK_727 3.946359 16.557111 4.786359 17.517111
BLOCK_728 2.151786 16.440383 2.991786 17.400383
BLOCK_729 11.243733 18.111473 12.083733 19.071473
BLOCK_730 1.431660 10.989297 2.271660 11.949297
BLOCK_731 3.408849 19.258086 4.248849 20.218086
BLOCK_732 12.914771 18.248942 13.754771 19.208942
BLOCK_733 0.617976 8.828471 1.457976 9.788471
BLOCK_734 4.270845 6.956963 5.110845 7.916963
BLOCK_735 13.623654 15.833108 14.463654 16.793108
BLOCK_736 16.850993 13.232665 17.690993 14.192665
BLOCK_737 0.905421 15.122117 1.745421 16.082117
BLOCK_738 11.733114 19.195984 12.573114 20.155984
BLOCK_739 0.951260 12.227736 1.791260 13.187736
BLOCK_740 14.703377 20.053039 15.543377 21.013039
BLOCK_741 6.331899 20.009872 7.171899 20.969872
BLOCK_742 0.000000 12.711876 0.840000 13.671876
BLOCK_743 2.630827 11.277161 3.470827 12.237161
BLOCK_744 18.178740 12.838908 19.018740 13.798908
BLOCK_745 16.023399 15.115198 16.863399 16.075198
BLOCK_746 2.749385 18.361005 3.589385 19.321005
BLOCK_747 10.142645 7.197389 10.982645 8.157389
BLOCK_748 0.950329 17.755668 1.790329 18.715668
BLOCK_749 2.139322 15.058086 2.979322 16.018086
BLOCK_750 16.007108 11.617661 16.847108 12.577661
BLOCK_751 4.283780 20.192068 5.123780 21.152068
BLOCK_752 15.444307 15.831426 16.284307 16.791426
BLOCK_753 11.743175 15.709852 12.583175 16.669852
BLOCK_754 16.244182 16.207336 17.084182 17.167336
BLOCK_755 16.688383 18.576979 17.528383 19.536979
BLOCK_756 6.064430 9.391953 6.904430 10.351953
BLOCK_757 14.944139 18.839226 15.784139 19.799226
BLOCK_758 17.783611 12.006162 18.623611 12.966162
BLOCK_759 1.790746 9.604866 2.630746 10.564866
BLOCK_760 19.338294 15.952898 20.178294 16.912898
BLOCK_761 2.391832 20.664494 3.231832 21.624494
BLOCK_762 4.854736 21.032170 5.694736 21.992170
BLOCK_763 11.880546 1.325166 12.720546 2.285166
BLOCK_764 6.224410 11.319022 7.064410 12.279022
BLOCK_765 11.275588 5.958157 12.115588 6.918157
BLOCK_766 0.269293 9.767983 1.109293 10.727983
BLOCK_767 3.840021 10.200228 4.680021 11.160228
BLOCK_768 2.163248 8.161203 3.003248 9.121203
BLOCK_769 18.290985 14.484628 19.130985 15.444628
BLOCK_770 16.378525 13.791683 17.218525 14.751683
BLOCK_771 4.334380 14.632261 5.174380 15.592261
BLOCK_772 19.890273 15.000367 20.730273 15.960367
BLOCK_773 8.824646 4.632494 9.664646 5.592494
BLOCK_774 3.775242 21.141233 4.615242 22.101233
BLOCK_775 11.347959 3.496662 12.587959 4.776662
BLOCK_776 18.104460 17.489961 18.944460 18.449961
BLOCK_777 3.852112 5.966178 4.692112 6.926178
BLOCK_778 17.620963 13.321246 18.460963 14.281246
BLOCK_779 2.744095 15.763033 3.584095 16.723033
BLOCK_780 13.506334 19.795462 14.346334 20.755462
BLOCK_781 1.550062 17.035450 2.390062 17.995450
BLOCK_782 14.724147 17.999684 15.564147 18.959684
BLOCK_783 10.000029 5.887081 10.840029 6.847081
BLOCK_784 15.772304 16.921764 16.612304 17.881764
BLOCK_785 20.769503 12.028324 21.609503 12.988324
BLOCK_786 16.610810 14.645015 17.450810 15.605015
BLOCK_787 0.754479 11.283982 1.594479 12.243982
BLOCK_788 2.864164 8.590850 3.704164 9.550850
BLOCK_789 19.488282 13.798323 20.328282 14.758323
BLOCK_790 0.832256 14.111571 1.672256 15.071571
BLOCK_791 11.839681 2.423855 12.679681 3.383855
BLOCK_792 9.920773 4.799882 10.760773 5.759882
BLOCK_793 5.595565 11.629324 6.435565 12.589324
BLOCK_794 5.545699 6.057935 6.385699 7.017935
BLOCK_795 4.424588 19.284835 5.264588 20.244835
BLOCK_796 15.458877 19.653196 16.298877 20.613196
BLOCK_797 2.501566 12.608712 3.341566 13.568712
BLOCK_798 3.679778 9.368114 4.519778 10.328114
BLOCK_799 4.783584 17.284844 5.623584 18.244844
BLOCK_800 4.681761 5.881854 5.521761 6.841854
BLOCK_801 11.590030 7.438766 12.430030 8.398766
BLOCK_802 3.920936 13.810746 4.760936 14.770746
BLOCK_803 0.283411 17.222097 1.123411 18.182097
BLOCK_804 20.505630 14.442708 21.345630 15.402708
BLOCK_805 3.488906 8.031133 4.328906 8.991133
BLOCK_806 0.843032 13.203781 1.683032 14.163781
BLOCK_807 9.492561 6.597536 10.332561 7.557536
BLOCK_808 12.803390 9.125193 13.643390 10.085193
BLOCK_809 17.167341 10.686223 18.007341 11.646223
BLOCK_810 14.812535 15.464980 15.652535 16.424980
BLOCK_811 5.391176 12.947921 6.231176 13.907921
BLOCK_812 1.617949 14.418224 2.457949 15.378224
BLOCK_813 1.166121 7.772431 2.006121 8.732431
BLOCK_814 14.299899 13.569613 15.139899 14.529613
BLOCK_815 18.513762 15.600029 19.353762 16.560029
BLOCK_816 1.522170 18.433085 2.362170 19.393085
BLOCK_817 13.755939 21.717857 15.015939 22.997857
BLOCK_818 19.486907 10.185266 20.326907 11.145266
BLOCK_819 19.145427 16.848701 19.985427 17.808701
BLOCK_820 11.714085 5.034122 12.554085 5.994122
BLOCK_821 2.741480 14.398209 3.581480 15.358209
BLOCK_822 14.130842 15.006320 14.970842 15.966320
BLOCK_823 17.022785 11.921938 17.862785 12.881938
BLOCK_824 14.716573 10.551243 15.556573 11.511243
BLOCK_825 2.501214 19.265095 3.341214 20.225095
BLOCK_826 8.842366 6.120508 9.682366 7.080508
BLOCK_827 18.891058 12.124370 19.731058 13.084370
BLOCK_828 2.609790 9.360668 3.449790 10.320668
BLOCK_829 10.918799 2.084830 11.758799 3.044830
BLOCK_830 0.000000 11.817293 0.840000 12.777293
BLOCK_831 3.957376 15.245804 4.797376 16.205804
BLOCK_832 3.148517 10.703757 3.988517 11.663757
BLOCK_833 15.100297 14.519709 15.940297 15.479709
BLOCK_834 4.758153 8.866760 5.598153 9.826760
BLOCK_835 0.000000 16.289945 0.840000 17.249945
BLOCK_836 15.776287 10.430141 16.616287 11.390141
BLOCK_837 0.000000 13.690922 0.840000 14.650922
BLOCK_838 11.938777 13.305409 12.778777 14.265409
BLOCK_839 13.253430 13.552262 14.093430 14.512262
BLOCK_840 9.999124 3.611566 10.839124 4.571566
BLOCK_841 13.631296 17.276478 14.471296 18.236478
BLOCK_842 12.921090 19.134865 13.761090 20.094865
BLOCK_843 2.831270 13.447976 3.671270 14.407976
BLOCK_844 12.049772 6.178055 12.889772 7.138055
BLOCK_845 4.656162 18.231112 5.496162 19.191112
BLOCK_846 15.530732 13.680836 16.370732 14.640836
BLOCK_847 12.312510 16.334635 13.152510 17.294635
BLOCK_848 11.013684 8.887400 11.853684 9.847400
BLOCK_849 14.133615 9.959223 14.973615 10.919223
BLOCK_850 4.371469 12.718547 5.211469 13.678547
BLOCK_851 10.042880 22.080000 10.882880 23.040000
BLOCK_852 3.772289 18.371160 4.612289 19.331160
BLOCK_853 8.242936 22.080000 9.082936 23.040000
BLOCK_854 14.935991 16.676164 15.775991 17.636164
BLOCK_855 5.142118 15.489020 5.982118 16.449020
BLOCK_856 15.715894 12.484331 16.555894 13.444331
BLOCK_857 16.863164 16.680969 17.703164 17.640969
BLOCK_858 19.375012 12.772227 20.215012 13.732227
BLOCK_859 3.883803 17.357728 4.723803 18.317728
BLOCK_860 16.265096 21.650118 17.105096 22.610118
BLOCK_861 20.319821 10.549027 21.159821 11.509027
BLOCK_862 10.753282 6.712733 11.593282 7.672733
BLOCK_863 12.003752 18.367717 12.843752 19.327717
BLOCK_864 18.719805 10.807019 19.559805 11.767019
BLOCK_865 5.741327 17.765551 6.581327 18.725551
BLOCK_866 5.852243 15.338629 6.692243 16.298629
BLOCK_867 0.000000 14.638599 0.840000 15.598599
BLOCK_868 0.942317 16.439229 1.782317 17.399229
BLOCK_869 16.425859 10.575086 17.265859 11.535086
BLOCK_870 12.310379 19.678924 13.150379 20.638924
BLOCK_871 17.310619 17.546375 18.150619 18.506375
BLOCK_872 17.811860 10.914043 18.651860 11.874043
BLOCK_873 0.000000 10.681687 0.840000 11.641687
BLOCK_874 2.767824 17.032040 3.607824 17.992040
BLOCK_875 13.369967 9.945852 14.209967 10.905852
BLOCK_876 1.541516 19.427338 2.381516 20.387338
BLOCK_877 4.822494 10.053196 5.662494 11.013196
BLOCK_878 2.130093 10.489624 2.970093 11.449624
BLOCK_879 14.182862 19.204538 15.022862 20.164538
BLOCK_880 2.115417 7.277913 2.955417 8.237913
BLOCK_881 17.590771 14.273720 18.430771 15.233720
BLOCK_882 15.066979 9.443209 15.906979 10.403209
BLOCK_883 8.357312 5.370888 9.197312 6.330888
BLOCK_884 10.712854 4.574625 11.552854 5.534625
BLOCK_885 12.787193 7.572980 13.627193 8.532980
BLOCK_886 3.107134 7.282690 3.947134 8.242690
BLOCK_887 15.807180 18.478425 16.647180 19.438425
BLOCK_888 11.843634 8.275368 12.683634 9.235368
BLOCK_889 1.681066 12.963157 2.521066 13.923157
BLOCK_890 5.487687 9.211531 6.327687 10.171531
BLOCK_891 17.219200 15.324272 18.059200 16.284272
BLOCK_892 20.527961 13.558010 21.367961 14.518010
BLOCK_893 5.716132 10.433964 6.556132 11.393964
BLOCK_894 19.125071 14.758738 19.965071 15.718738
BLOCK_895 13.865214 18.002202 14.705214 18.962202
BLOCK_896 2.884768 12.091876 3.724768 13.051876
BLOCK_897 1.509216 8.769434 2.349216 9.729434
BLOCK_898 3.699648 11.548412 4.539648 12.508412
BLOCK_899 14.944755 13.188759 15.784755 14.148759
BLOCK_900 10.811312 7.803547 11.651312 8.763547
BLOCK_901 12.142473 9.602735 12.982473 10.562735
BLOCK_902 20.156590 12.632678 20.996590 13.592678
BLOCK_903 0.000000 15.496147 0.840000 16.456147
BLOCK_904 3.022372 6.416768 3.862372 7.376768
BLOCK_905 18.404341 9.962310 19.244341 10.922310
BLOCK_906 19.254808 11.402123 20.094808 12.362123
BLOCK_907 13.836779 8.762192 14.676779 9.722192
BLOCK_908 4.486844 15.972789 5.326844 16.932789
BLOCK_909 12.430000 0.000000 22.950000 10.520000
BLOCK_910 12.548669 13.446010 13.388669 14.406010
BLOCK_911 5.371309 18.534203 6.211309 19.494203

[Iter 4000] geometry_scale=12.000000
BLOCK_1 10.398762 6.439239 10.493630 6.534107
BLOCK_2 13.984736 19.798605 14.110036 19.923905
BLOCK_3 10.398608 6.439398 10.493476 6.534266
BLOCK_4 13.625998 10.438195 13.751298 10.563495
BLOCK_5 10.398803 6.440925 10.493671 6.535793
BLOCK_6 14.099347 19.799060 14.224647 19.924360
BLOCK_7 19.670532 13.312870 19.795832 13.438170
BLOCK_8 14.099306 19.798489 14.224606 19.923789
BLOCK_9 16.322636 16.573516 16.389718 16.640598
BLOCK_10 10.398770 6.430527 10.493639 6.525395
BLOCK_11 10.783026 20.878353 10.877895 20.973222
BLOCK_12 16.322552 16.573692 16.389634 16.640774
BLOCK_13 6.028716 17.570937 6.095798 17.638019
BLOCK_14 17.644551 5.234995 17.691455 5.281900
BLOCK_15 7.946165 5.494770 8.061923 5.610528
BLOCK_16 17.644318 5.234414 17.691222 5.281318
BLOCK_17 16.323092 16.573828 16.390174 16.640910
BLOCK_18 16.322575 16.573542 16.389657 16.640624
BLOCK_19 13.997428 10.556551 14.122728 10.681851
BLOCK_20 13.626623 10.437787 13.751923 10.563087
BLOCK_21 5.490749 9.958169 5.616049 10.083469
BLOCK_22 4.034228 6.464658 4.129096 6.559527
BLOCK_23 13.650626 19.796460 13.775926 19.921760
BLOCK_24 5.481606 9.958023 5.606906 10.083323
BLOCK_25 8.008109 5.499657 8.102978 5.594525
BLOCK_26 5.487388 9.957993 5.612688 10.083293
BLOCK_27 6.957690 20.278305 7.052558 20.373173
BLOCK_28 5.454656 9.958362 5.579956 10.083662
BLOCK_29 4.034228 6.464658 4.129096 6.559527
BLOCK_30 4.034228 6.464658 4.129096 6.559527
BLOCK_31 19.721900 13.314183 19.847200 13.439483
BLOCK_32 19.507644 13.156357 19.632944 13.281657
BLOCK_33 4.034228 6.464658 4.129096 6.559527
BLOCK_34 7.893306 5.477100 8.009064 5.592858
BLOCK_35 8.008109 5.499657 8.102978 5.594525
BLOCK_36 13.146549 4.371365 13.303393 4.528209
BLOCK_37 13.626386 10.437428 13.751686 10.562728
BLOCK_38 5.623974 20.158665 5.729804 20.264495
BLOCK_39 19.507044 13.155947 19.632344 13.281247
BLOCK_40 11.477188 19.193944 11.878810 19.595566
BLOCK_41 11.730409 18.032137 12.181851 18.483579
BLOCK_42 13.948186 8.382677 14.203137 8.637628
BLOCK_43 6.140811 16.558957 6.451133 16.869279
BLOCK_44 4.540608 11.278617 5.023309 11.761318
BLOCK_45 11.644340 19.579482 12.004756 19.939898
BLOCK_46 13.778260 14.569352 14.095750 14.886842
BLOCK_47 11.954003 7.198782 12.305002 7.549781
BLOCK_48 12.768306 14.928375 13.251007 15.411076
BLOCK_49 11.115769 19.319221 11.528322 19.731774
BLOCK_50 13.028285 17.398643 13.352785 17.723143
BLOCK_51 13.298282 17.530638 13.626154 17.858510
BLOCK_52 9.206111 22.624669 9.621442 23.040000
BLOCK_53 9.946376 16.467097 10.400358 16.921079
BLOCK_54 12.075134 15.243657 12.396070 15.564593
BLOCK_55 11.477649 16.560882 11.900969 16.984202
BLOCK_56 11.595707 16.723703 11.920207 17.048203
BLOCK_57 11.718967 15.357538 12.136938 15.775509
BLOCK_58 9.810072 22.624669 10.225403 23.040000
BLOCK_59 10.279447 16.930828 10.600383 17.251764
BLOCK_60 11.872361 15.158096 12.200233 15.485968
BLOCK_61 11.100628 20.758289 11.355579 21.013240
BLOCK_62 8.913732 21.520247 9.440799 22.047314
BLOCK_63 12.008239 17.094667 12.554041 17.640469
BLOCK_64 5.376865 11.157705 5.778487 11.559327
BLOCK_65 7.538662 16.933166 8.007170 17.401674
BLOCK_66 19.287247 11.651736 19.891482 12.255971
BLOCK_67 12.638716 18.160141 12.959652 18.481077
BLOCK_68 9.085389 19.593131 9.534388 20.042130
BLOCK_69 12.141574 14.233165 12.672799 14.764390
BLOCK_70 12.843597 14.343760 13.385261 14.885424
BLOCK_71 10.760999 18.836256 11.139681 19.214938
BLOCK_72 10.316253 8.122384 10.954767 8.760898
BLOCK_73 3.686814 16.517691 4.065496 16.896373
BLOCK_74 10.219783 15.599064 10.761447 16.140728
BLOCK_75 13.625814 16.927268 13.976813 17.278267
BLOCK_76 11.154770 16.963032 11.475706 17.283968
BLOCK_77 7.788060 17.276524 8.288959 17.777423
BLOCK_78 15.884252 18.003725 16.513934 18.633407
BLOCK_79 10.994394 15.956239 11.492992 16.454837
BLOCK_80 17.053567 15.999795 17.584792 16.531020
BLOCK_81 11.656255 16.010349 12.084857 16.438951
BLOCK_82 19.387916 13.576550 20.028150 14.216784
BLOCK_83 6.927129 19.681798 7.570868 20.325537
BLOCK_84 13.005493 21.448115 13.369086 21.811708
BLOCK_85 9.650265 15.717647 10.162222 16.229604
BLOCK_86 9.218601 16.938111 9.805968 17.525478
BLOCK_87 14.226563 16.914149 14.796475 17.484061
BLOCK_88 6.692191 14.758465 7.174892 15.241166
BLOCK_89 11.114513 9.683204 11.632972 10.201663
BLOCK_90 7.063741 6.296000 7.370498 6.602757
BLOCK_91 11.354602 13.678317 11.733284 14.056999
BLOCK_92 11.113020 15.121451 11.600257 15.608688
BLOCK_93 13.151559 14.628003 13.650157 15.126601
BLOCK_94 13.985737 13.084780 14.468438 13.567481
BLOCK_95 8.968103 10.531809 9.501488 11.065194
BLOCK_96 7.649666 17.882739 8.127683 18.360756
BLOCK_97 14.702428 12.721686 15.185129 13.204387
BLOCK_98 6.875593 19.453271 7.408978 19.986656
BLOCK_99 10.160998 17.160883 10.597346 17.597231
BLOCK_100 3.348666 12.667818 3.724299 13.043451
BLOCK_101 10.762849 16.680726 11.240866 17.158743
BLOCK_102 11.596596 20.399853 12.040555 20.843812
BLOCK_103 10.232499 17.999859 10.658410 18.425770
BLOCK_104 10.993494 14.297494 11.577018 14.881018
BLOCK_105 10.646026 20.038433 11.193931 20.586338
BLOCK_106 18.043643 9.750429 18.353965 10.060751
BLOCK_107 10.154829 12.236146 10.673288 12.754605
BLOCK_108 10.798902 15.458454 11.421397 16.080949
BLOCK_109 11.593379 13.434670 12.334189 14.175480
BLOCK_110 6.252781 15.521339 6.812781 16.081339
BLOCK_111 8.126684 14.756715 8.544655 15.174686
BLOCK_112 10.120466 7.928352 10.584147 8.392033
BLOCK_113 7.754423 19.444354 8.130056 19.819987
BLOCK_114 10.924911 13.446263 11.348231 13.869583
BLOCK_115 9.342666 15.741831 9.912578 16.311743
BLOCK_116 11.122043 18.598946 11.529228 19.006131
BLOCK_117 14.944772 12.842372 15.378592 13.276192
BLOCK_118 11.951687 11.757263 12.367018 12.172594
BLOCK_119 11.885948 20.638118 12.317109 21.069279
BLOCK_120 6.465256 15.016568 6.928937 15.480249
BLOCK_121 14.345508 14.261690 14.966233 14.882415
BLOCK_122 7.866716 16.801642 8.245398 17.180324
BLOCK_123 9.578733 18.621151 10.040035 19.082453
BLOCK_124 12.618528 11.276650 13.052348 11.710470
BLOCK_125 9.309486 17.884975 9.849116 18.424605
BLOCK_126 10.035872 18.600703 10.530038 19.094869
BLOCK_127 7.889144 9.300864 8.309858 9.721578
BLOCK_128 12.434390 14.611255 12.841575 15.018440
BLOCK_129 9.804246 18.956559 10.362278 19.514591
BLOCK_130 9.682842 16.621996 9.982175 16.921329
BLOCK_131 11.142710 14.791752 11.474071 15.123113
BLOCK_132 10.874492 17.618341 11.519938 18.263787
BLOCK_133 6.093855 16.318505 6.517175 16.741825
BLOCK_134 11.260832 14.038799 11.828811 14.606778
BLOCK_135 8.124616 18.482672 8.485032 18.843088
BLOCK_136 13.747630 17.159736 14.263963 17.676069
BLOCK_137 9.204090 16.186069 9.824815 16.806794
BLOCK_138 7.560436 17.633124 8.110345 18.183033
BLOCK_139 12.615387 17.518629 13.030718 17.933960
BLOCK_140 11.140865 16.944477 11.475529 17.279141
BLOCK_141 8.203625 18.115454 8.607976 18.519805
BLOCK_142 11.480160 14.999345 11.958177 15.477362
BLOCK_143 7.531772 10.319879 7.988171 10.776278
BLOCK_144 7.503462 9.465967 8.011005 9.973510
BLOCK_145 9.683305 8.336467 10.117125 8.770287
BLOCK_146 10.182356 15.863533 10.520291 16.201468
BLOCK_147 11.121218 16.256446 11.547129 16.682357
BLOCK_148 13.290746 17.774405 13.638597 18.122256
BLOCK_149 13.276230 18.238189 13.702141 18.664100
BLOCK_150 10.450669 15.959256 10.876580 16.385167
BLOCK_151 4.365483 14.113345 4.772668 14.520530
BLOCK_152 10.162476 9.119087 10.519827 9.476438
BLOCK_153 9.655766 10.736833 10.089586 11.170653
BLOCK_154 11.117258 19.680100 11.650643 20.213485
BLOCK_155 11.766509 10.916017 12.073266 11.222774
BLOCK_156 11.247445 20.635994 11.535369 20.923918
BLOCK_157 7.974665 10.166961 8.246511 10.438807
BLOCK_158 9.922047 21.958853 10.242983 22.279789
BLOCK_159 13.506575 17.879092 13.927289 18.299806
BLOCK_160 1.729223 13.812560 2.673416 14.756753
BLOCK_161 9.001306 16.459596 9.445265 16.903555
BLOCK_162 11.183163 17.398417 11.714388 17.929642
BLOCK_163 9.561693 22.433741 10.000555 22.872603
BLOCK_164 6.665282 6.934501 7.052709 7.321928
BLOCK_165 11.751673 16.849702 12.182834 17.280863
BLOCK_166 8.987537 18.599912 9.315409 18.927784
BLOCK_167 13.913557 11.876432 14.849399 12.812274
BLOCK_168 7.711325 7.673695 8.010658 7.973028
BLOCK_169 12.323197 15.013657 12.671048 15.361508
BLOCK_170 13.073910 17.998149 13.411845 18.336084
BLOCK_171 10.278999 16.329508 10.626850 16.677359
BLOCK_172 8.845089 15.357418 9.108528 15.620857
BLOCK_173 11.623372 14.549985 11.954733 14.881346
BLOCK_174 12.335041 11.877467 12.789023 12.331449
BLOCK_175 11.857879 14.550158 12.189240 14.881519
BLOCK_176 8.490735 20.312018 8.822096 20.643379
BLOCK_177 10.053009 11.515922 10.521517 11.984430
BLOCK_178 8.498118 19.575913 8.842647 19.920442
BLOCK_179 3.110488 14.279807 3.533808 14.703127
BLOCK_180 9.321564 10.334066 9.895411 10.907913
BLOCK_181 7.289046 7.919123 7.649462 8.279539
BLOCK_182 10.829267 12.718682 11.117191 13.006606
BLOCK_183 7.768549 15.002788 8.361592 15.595831
BLOCK_184 7.289975 15.118677 7.531222 15.359924
BLOCK_185 7.050374 15.362003 7.628128 15.939757
BLOCK_186 8.128664 9.593252 8.498258 9.962846
BLOCK_187 7.748035 15.690133 8.472052 16.414150
BLOCK_188 13.414019 12.409925 13.724341 12.720247
BLOCK_189 8.483967 15.963237 9.090102 16.569372
BLOCK_190 10.175178 20.761878 10.513113 21.099813
BLOCK_191 9.922494 9.634473 10.279845 9.991824
BLOCK_192 10.091877 14.092444 10.520479 14.521046
BLOCK_193 8.955586 9.715923 9.440560 10.200897
BLOCK_194 6.883225 14.365807 7.533917 15.016499
BLOCK_195 9.324157 20.778436 9.675156 21.129435
BLOCK_196 11.117760 10.648327 11.389606 10.920173
BLOCK_197 9.806538 20.508980 10.307437 21.009879
BLOCK_198 12.022258 21.358697 12.440229 21.776668
BLOCK_199 10.761429 19.200567 11.160177 19.599315
BLOCK_200 7.124360 9.351268 7.769806 9.996714
BLOCK_201 14.940873 12.221064 15.200103 12.480294
BLOCK_202 13.391156 10.919967 13.859664 11.388475
BLOCK_203 9.084558 9.221917 9.343788 9.481147
BLOCK_204 7.408348 14.637643 7.978260 15.207555
BLOCK_205 8.872138 8.095974 9.440117 8.663953
BLOCK_206 8.605503 15.864353 8.940167 16.199017
BLOCK_207 7.282474 18.391945 8.089815 19.199286
BLOCK_208 8.679219 12.439715 9.199796 12.960292
BLOCK_209 9.191031 6.922937 9.508521 7.240427
BLOCK_210 7.529764 15.479375 7.771011 15.720622
BLOCK_211 8.963770 15.367648 9.439375 15.843253
BLOCK_212 5.975393 13.829716 6.306754 14.161077
BLOCK_213 5.258623 8.065658 5.942874 8.749909
BLOCK_214 7.120051 14.517671 7.411770 14.809390
BLOCK_215 8.109605 17.518178 8.368835 17.777408
BLOCK_216 9.567799 11.759816 10.265008 12.457025
BLOCK_217 9.323766 20.183933 9.780165 20.640332
BLOCK_218 8.250551 9.837867 8.607902 10.195218
BLOCK_219 11.007453 12.959065 11.590977 13.542589
BLOCK_220 7.410633 15.839308 7.651880 16.080555
BLOCK_221 9.437572 12.947063 10.175339 13.684830
BLOCK_222 7.022256 7.414060 7.409683 7.801487
BLOCK_223 10.041376 10.902381 10.542275 11.403280
BLOCK_224 11.589970 22.465444 11.927905 22.803379
BLOCK_225 7.852585 10.765471 8.128628 11.041514
BLOCK_226 11.475084 21.763872 11.906245 22.195033
BLOCK_227 11.498521 12.357729 11.833185 12.692393
BLOCK_228 9.590451 19.558402 9.921812 19.889763
BLOCK_229 10.284776 14.279593 10.660409 14.655226
BLOCK_230 7.418401 22.486014 7.972387 23.040000
BLOCK_231 9.412702 15.006247 9.802958 15.396503
BLOCK_232 6.456097 12.961049 6.929383 13.434335
BLOCK_233 9.680819 8.739373 10.181718 9.240272
BLOCK_234 6.810655 22.472021 7.378634 23.040000
BLOCK_235 11.665958 17.360744 12.190839 17.885625
BLOCK_236 7.626432 12.102730 8.005114 12.481412
BLOCK_237 6.835735 6.604810 7.409582 7.178657
BLOCK_238 9.559507 14.393987 9.926113 14.760593
BLOCK_239 9.801285 14.514118 10.167891 14.880724
BLOCK_240 10.399936 14.509366 10.775569 14.884999
BLOCK_241 6.397698 14.033244 6.928923 14.564469
BLOCK_242 8.545415 22.019278 9.211373 22.685236
BLOCK_243 4.764417 15.455484 5.280750 15.971817
BLOCK_244 16.382746 9.812736 16.930651 10.360641
BLOCK_245 6.870298 8.581600 7.291012 9.002314
BLOCK_246 9.516501 14.352201 9.804425 14.640125
BLOCK_247 7.326033 10.076205 7.667354 10.417526
BLOCK_248 6.089698 19.077504 6.471274 19.459080
BLOCK_249 9.563773 11.423254 9.884709 11.744190
BLOCK_250 7.854400 20.639098 8.126246 20.910944
BLOCK_251 9.802555 16.678871 10.181237 17.057553
BLOCK_252 10.635936 17.167320 11.120910 17.652294
BLOCK_253 12.669878 17.879264 13.048560 18.257946
BLOCK_254 7.647514 18.601874 8.007930 18.962290
BLOCK_255 8.478701 7.673248 9.283313 8.477860
BLOCK_256 6.307843 7.174384 6.813214 7.679755
BLOCK_257 6.094165 13.799244 6.418665 14.123744
BLOCK_258 10.332779 16.562683 10.758690 16.988594
BLOCK_259 7.634042 20.990501 8.128208 21.484667
BLOCK_260 6.191501 7.439330 6.622662 7.870491
BLOCK_261 10.160516 10.277139 10.444417 10.561040
BLOCK_262 10.756142 16.439058 11.128835 16.811751
BLOCK_263 5.775850 8.440581 6.096786 8.761517
BLOCK_264 8.867646 20.313429 9.319088 20.764871
BLOCK_265 11.959159 14.580828 12.382479 15.004148
BLOCK_266 8.357342 17.107885 8.652977 17.403520
BLOCK_267 6.773644 9.449289 7.169624 9.845269
BLOCK_268 9.857596 9.537743 10.160581 9.840728
BLOCK_269 8.459316 18.717620 8.969022 19.227326
BLOCK_270 2.829087 18.340081 3.503401 19.014395
BLOCK_271 11.700898 22.098488 12.139760 22.537350
BLOCK_272 11.476762 22.261530 11.834113 22.618881
BLOCK_273 6.932555 19.115168 7.257055 19.439668
BLOCK_274 11.475824 15.776461 11.901735 16.202372
BLOCK_275 6.454023 19.197663 6.895498 19.639138
BLOCK_276 7.013809 7.764592 7.527910 8.278693
BLOCK_277 6.333936 8.702057 6.633269 9.001390
BLOCK_278 4.660917 11.874049 5.099779 12.312911
BLOCK_279 7.410202 16.435831 7.899794 16.925423
BLOCK_280 8.486730 7.372455 8.793487 7.679212
BLOCK_281 7.475614 8.829789 7.888167 9.242342
BLOCK_282 13.293447 13.109004 13.628111 13.443668
BLOCK_283 7.885178 7.147592 8.416403 7.678817
BLOCK_284 9.683273 19.442994 10.285685 20.045406
BLOCK_285 10.977134 11.877618 11.236364 12.136848
BLOCK_286 12.074476 10.438268 12.500387 10.864179
BLOCK_287 12.190228 12.236811 12.474129 12.520712
BLOCK_288 10.402873 13.675098 10.815426 14.087651
BLOCK_289 6.089436 8.512489 6.456042 8.879095
BLOCK_290 8.820783 8.870704 9.323873 9.373794
BLOCK_291 7.051478 20.407433 7.379350 20.735305
BLOCK_292 6.410058 22.517219 6.932839 23.040000
BLOCK_293 8.606523 9.512717 9.055522 9.961716
BLOCK_294 10.758935 10.680518 11.093599 11.015182
BLOCK_295 16.734282 13.608638 17.250615 14.124971
BLOCK_296 14.690174 16.399935 15.453325 17.163086
BLOCK_297 9.802945 15.002504 10.094664 15.294223
BLOCK_298 14.433192 13.332295 15.007039 13.906142
BLOCK_299 10.637625 14.155169 11.013258 14.530802
BLOCK_300 11.066500 18.115750 11.387436 18.436686
BLOCK_301 7.769404 12.724315 8.104068 13.058979
BLOCK_302 7.038273 8.624541 7.534660 9.120928
BLOCK_303 10.284621 12.723642 10.757907 13.196928
BLOCK_304 8.228533 13.551719 8.607215 13.930401
BLOCK_305 9.919523 14.278140 10.207447 14.566064
BLOCK_306 17.727468 11.594695 18.243801 12.111028
BLOCK_307 15.838227 12.597270 16.449864 13.208907
BLOCK_308 5.848435 14.627192 6.450847 15.229604
BLOCK_309 10.277701 10.652537 10.907383 11.282219
BLOCK_310 6.932326 13.833456 7.378868 14.279998
BLOCK_311 11.834777 11.121529 12.122701 11.409453
BLOCK_312 14.393131 11.178784 14.737660 11.523313
BLOCK_313 8.843228 11.874113 9.266548 12.297433
BLOCK_314 10.231133 13.077422 10.643686 13.489975
BLOCK_315 10.501116 11.250380 11.002015 11.751279
BLOCK_316 11.017783 11.040766 11.474182 11.497165
BLOCK_317 7.177452 11.517730 7.528451 11.868729
BLOCK_318 12.791490 10.888238 13.305591 11.402339
BLOCK_319 12.960814 11.929631 13.512720 12.481537
BLOCK_320 6.329775 21.992716 6.778774 22.441715
BLOCK_321 13.435395 11.160141 13.866556 11.591302
BLOCK_322 9.935946 13.927199 10.277267 14.268520
BLOCK_323 11.375090 11.037464 11.716411 11.378785
BLOCK_324 5.617387 15.006883 6.019009 15.408505
BLOCK_325 6.472025 8.878939 6.930937 9.337851
BLOCK_326 10.380590 20.159518 10.759272 20.538200
BLOCK_327 8.369187 19.116369 8.693687 19.440869
BLOCK_328 8.586284 18.463544 8.845514 18.722774
BLOCK_329 12.670059 12.715012 12.946102 12.991055
BLOCK_330 5.959978 14.346626 6.573411 14.960059
BLOCK_331 7.704886 21.418951 8.007871 21.721936
BLOCK_332 10.279701 8.854509 10.880201 9.455009
BLOCK_333 10.526677 21.525455 10.933862 21.932640
BLOCK_334 9.166620 20.247426 9.442663 20.523469
BLOCK_335 10.348596 9.598430 10.640315 9.890149
BLOCK_336 10.524346 20.584068 11.061933 21.121655
BLOCK_337 8.221625 14.264292 8.603201 14.645868
BLOCK_338 12.433098 17.879729 12.817546 18.264177
BLOCK_339 5.773758 14.162108 6.094694 14.483044
BLOCK_340 9.683484 19.915577 10.173076 20.405169
BLOCK_341 10.704323 12.121495 11.114201 12.531373
BLOCK_342 3.523736 8.777722 4.061323 9.315309
BLOCK_343 13.063430 12.742706 13.401365 13.080641
BLOCK_344 11.127760 21.958638 11.411661 22.242539
BLOCK_345 8.483097 17.757484 9.031002 18.305389
BLOCK_346 7.889575 10.077258 8.484470 10.672153
BLOCK_347 6.214118 19.801510 6.699092 20.286484
BLOCK_348 7.650756 8.640407 8.102198 9.091849
BLOCK_349 9.876555 7.511292 10.283740 7.918477
BLOCK_350 8.845349 15.725294 9.211955 16.091900
BLOCK_351 10.524645 21.843030 10.808546 22.126931
BLOCK_352 1.191866 16.113971 2.130109 17.052214
BLOCK_353 12.311823 12.480527 12.729794 12.898498
BLOCK_354 8.470491 17.290433 8.840085 17.660027
BLOCK_355 9.623104 17.279393 9.922437 17.578726
BLOCK_356 11.210708 21.627508 11.494609 21.911409
BLOCK_357 8.716528 11.747855 9.095210 12.126537
BLOCK_358 11.011305 22.015841 11.295206 22.299742
BLOCK_359 12.669531 11.897711 13.000892 12.229072
BLOCK_360 8.879121 11.200238 9.323080 11.644197
BLOCK_361 10.909231 21.363489 11.305211 21.759469
BLOCK_362 9.583017 8.999416 9.917681 9.334080
BLOCK_363 15.307330 21.300401 15.651859 21.644930
BLOCK_364 10.532803 10.316620 10.870738 10.654555
BLOCK_365 7.700236 14.332831 8.010558 14.643153
BLOCK_366 8.844096 14.513742 9.326797 14.996443
BLOCK_367 7.095889 18.247854 7.450008 18.601973
BLOCK_368 13.864764 11.943991 14.160399 12.239626
BLOCK_369 9.321544 7.459697 9.829087 7.967240
BLOCK_370 9.204108 18.718456 9.570714 19.085062
BLOCK_371 8.086016 20.844048 8.487638 21.245670
BLOCK_372 8.487612 10.311687 9.082507 10.906582
BLOCK_373 4.879117 19.918134 5.233236 20.272253
BLOCK_374 9.077048 14.766103 9.489601 15.178656
BLOCK_375 6.259093 8.039517 6.813079 8.593503
BLOCK_376 1.690563 12.044106 2.364877 12.718420
BLOCK_377 5.996616 19.337784 6.576271 19.917439
BLOCK_378 10.281500 11.727953 10.799959 12.246412
BLOCK_379 10.268257 19.878251 10.672608 20.282602
BLOCK_380 6.811976 17.067023 7.263418 17.518465
BLOCK_381 8.726428 9.948365 9.149748 10.371685
BLOCK_382 13.986710 10.989039 14.592845 11.595174
BLOCK_383 9.239739 18.958601 9.681214 19.400076
BLOCK_384 11.592634 10.424584 11.920506 10.752456
BLOCK_385 10.859802 12.598122 11.353968 13.092288
BLOCK_386 7.261411 12.954753 7.651667 13.345009
BLOCK_387 5.161811 20.700139 5.655977 21.194305
BLOCK_388 6.395193 18.598424 6.810524 19.013755
BLOCK_389 8.843968 13.574914 9.312476 14.043422
BLOCK_390 12.785219 12.240143 13.151825 12.606749
BLOCK_391 9.205778 11.381705 9.761746 11.937673
BLOCK_392 9.211274 17.281108 9.607254 17.677088
BLOCK_393 9.082782 20.880464 9.443198 21.240880
BLOCK_394 8.556388 15.236162 8.971719 15.651493
BLOCK_395 8.237220 8.995948 8.843355 9.602083
BLOCK_396 10.757203 9.830768 11.271304 10.344869
BLOCK_397 9.443565 10.054227 9.836757 10.447419
BLOCK_398 13.167892 21.709920 13.751416 22.293444
BLOCK_399 6.538095 18.346141 7.092081 18.900127
BLOCK_400 8.946076 16.910707 9.324758 17.289389
BLOCK_401 10.699146 18.181392 10.998479 18.480725
BLOCK_402 5.555692 20.460011 5.976406 20.880725
BLOCK_403 10.415372 8.758153 10.756693 9.099474
BLOCK_404 10.997557 11.396809 11.423468 11.822720
BLOCK_405 12.190545 11.504423 12.566178 11.880056
BLOCK_406 15.299933 12.600965 15.687360 12.988392
BLOCK_407 8.911865 19.079230 9.321743 19.489108
BLOCK_408 6.813156 21.987556 7.147820 22.322220
BLOCK_409 12.549319 12.959226 13.043485 13.453392
BLOCK_410 13.032583 16.380039 13.691825 17.039281
BLOCK_411 8.360461 14.391564 8.843162 14.874265
BLOCK_412 8.319437 18.838200 8.723788 19.242551
BLOCK_413 6.703277 11.893928 7.051128 12.241779
BLOCK_414 10.404226 18.598225 10.884538 19.078537
BLOCK_415 11.138703 12.625544 11.473367 12.960208
BLOCK_416 8.484409 12.462277 8.863091 12.840959
BLOCK_417 12.234668 22.260346 12.671016 22.696694
BLOCK_418 6.938101 13.194545 7.366703 13.623147
BLOCK_419 5.392397 21.361591 5.736926 21.706120
BLOCK_420 8.842309 17.419838 9.303611 17.881140
BLOCK_421 6.198941 21.401422 6.814246 22.016727
BLOCK_422 10.877062 10.272806 11.264489 10.660233
BLOCK_423 8.210279 13.684663 8.603471 14.077855
BLOCK_424 14.185556 19.219285 14.824070 19.857799
BLOCK_425 9.565262 9.777057 9.991173 10.202968
BLOCK_426 10.366888 19.325815 10.751336 19.710263
BLOCK_427 8.836444 13.190706 9.203050 13.557312
BLOCK_428 5.315285 19.753296 5.856949 20.294960
BLOCK_429 10.278245 21.477586 10.585002 21.784343
BLOCK_430 17.437743 12.801345 18.177067 13.540669
BLOCK_431 12.466656 12.639429 12.910615 13.083388
BLOCK_432 12.603393 10.677277 12.927893 11.001777
BLOCK_433 9.680462 8.096394 10.053155 8.469087
BLOCK_434 7.216739 13.610843 7.647900 14.042004
BLOCK_435 9.002371 22.325973 9.443846 22.767448
BLOCK_436 12.446526 21.527992 12.888001 21.969467
BLOCK_437 8.340413 10.537837 8.724861 10.922285
BLOCK_438 12.794008 11.636545 13.135329 11.977866
BLOCK_439 9.681374 7.233870 10.009246 7.561742
BLOCK_440 9.706244 20.398718 10.160226 20.852700
BLOCK_441 6.813771 21.234768 7.148435 21.569432
BLOCK_442 11.395133 10.438540 11.716069 10.759476
BLOCK_443 9.364793 5.160149 9.904423 5.699779
BLOCK_444 16.470765 19.882644 16.934446 20.346325
BLOCK_445 9.453548 7.185013 9.784909 7.516374
BLOCK_446 11.593008 12.472374 12.098379 12.977745
BLOCK_447 9.557104 21.041142 10.042078 21.526116
BLOCK_448 10.439625 14.803896 11.120580 15.484851
BLOCK_449 6.883147 20.444031 7.319495 20.880379
BLOCK_450 8.455601 16.562472 8.843028 16.949899
BLOCK_451 9.324312 17.811963 9.752914 18.240565
BLOCK_452 10.485460 20.999343 11.020904 21.534787
BLOCK_453 14.358881 11.894207 14.706732 12.242058
BLOCK_454 5.948892 21.851793 6.417400 22.320301
BLOCK_455 7.060887 9.116390 7.411886 9.467389
BLOCK_456 5.719290 7.787276 6.215677 8.283663
BLOCK_457 12.434225 10.920367 12.909830 11.395972
BLOCK_458 8.964001 19.380686 9.400349 19.817034
BLOCK_459 9.204751 21.598783 9.536112 21.930144
BLOCK_460 7.171741 21.118018 7.529092 21.475369
BLOCK_461 14.219151 11.400776 14.529473 11.711098
BLOCK_462 11.725613 21.414372 12.174612 21.863371
BLOCK_463 9.920310 10.310441 10.289904 10.680035
BLOCK_464 8.157472 19.234207 8.485344 19.562079
BLOCK_465 4.805151 20.518366 5.369155 21.082370
BLOCK_466 7.759417 6.345069 8.129011 6.714663
BLOCK_467 13.761272 11.296951 14.105801 11.641480
BLOCK_468 5.504233 7.373262 6.033383 7.902412
BLOCK_469 13.756507 21.557245 14.296137 22.096875
BLOCK_470 8.603306 16.922578 8.966899 17.286171
BLOCK_471 18.353250 15.662279 19.002172 16.311201
BLOCK_472 12.396934 15.319295 13.190281 16.112642
BLOCK_473 9.930194 12.591250 10.410506 13.071562
BLOCK_474 4.766189 14.400162 5.614128 15.248101
BLOCK_475 8.498636 14.884212 9.074396 15.459972
BLOCK_476 12.791538 10.285242 13.255219 10.748923
BLOCK_477 13.267250 12.597776 13.648826 12.979352
BLOCK_478 7.525072 13.070983 8.010046 13.555957
BLOCK_479 17.968736 14.826215 18.430038 15.287517
BLOCK_480 12.191699 20.830402 12.737501 21.376204
BLOCK_481 11.686858 20.052360 12.074285 20.439787
BLOCK_482 13.558501 11.751954 13.886373 12.079826
BLOCK_483 5.104182 20.087693 5.505804 20.489315
BLOCK_484 6.715570 11.187189 7.291330 11.762949
BLOCK_485 7.408682 12.288157 7.834593 12.714068
BLOCK_486 6.482568 13.552927 7.052480 14.122839
BLOCK_487 7.829609 14.942841 8.125244 15.238476
BLOCK_488 6.206648 13.196023 6.748312 13.737687
BLOCK_489 6.095502 12.233173 6.705256 12.842927
BLOCK_490 11.478269 9.503654 12.175478 10.200863
BLOCK_491 8.125711 12.952871 8.610685 13.437845
BLOCK_492 9.373452 12.288607 9.919254 12.834409
BLOCK_493 3.293502 16.720304 3.944194 17.370996
BLOCK_494 11.236214 21.090300 11.763281 21.617367
BLOCK_495 13.388212 21.166856 13.866229 21.644873
BLOCK_496 17.306312 9.598272 17.690760 9.982720
BLOCK_497 12.676763 21.237939 13.092094 21.653270
BLOCK_498 9.323428 14.162061 9.654789 14.493422
BLOCK_499 11.954010 11.102570 12.371981 11.520541
BLOCK_500 6.689006 12.115715 7.169318 12.596027
BLOCK_501 11.360144 11.039043 11.714263 11.393162
BLOCK_502 7.158697 7.266633 7.574028 7.681964
BLOCK_503 8.965466 12.594498 9.629770 13.258802
BLOCK_504 9.680618 13.788024 10.056251 14.163657
BLOCK_505 7.523466 11.517262 7.890072 11.883868
BLOCK_506 9.562376 13.703531 9.897040 14.038195
BLOCK_507 12.550569 18.477617 12.935017 18.862065
BLOCK_508 13.028239 22.082373 13.546698 22.600832
BLOCK_509 8.485974 18.116304 8.852580 18.482910
BLOCK_510 10.773697 14.037590 11.115018 14.378911
BLOCK_511 11.545154 6.345449 12.032391 6.832686
BLOCK_512 13.206043 15.369905 13.919135 16.082997
BLOCK_513 6.566037 8.276679 6.932643 8.643285
BLOCK_514 4.652682 10.917176 5.139919 11.404413
BLOCK_515 16.528459 14.516056 17.015696 15.003293
BLOCK_516 7.768426 6.955984 8.089362 7.276920
BLOCK_517 12.964211 8.053906 13.549617 8.639312
BLOCK_518 8.480758 13.067399 8.977145 13.563786
BLOCK_519 7.288816 10.986103 7.701369 11.398656
BLOCK_520 13.154352 11.401120 13.508471 11.755239
BLOCK_521 9.559151 7.901736 9.937833 8.280418
BLOCK_522 8.007633 11.249743 8.760428 12.002538
BLOCK_523 6.558275 12.587107 7.054662 13.083494
BLOCK_524 11.590409 13.195764 11.960003 13.565358
BLOCK_525 5.773044 16.883742 6.572043 17.682741
BLOCK_526 8.250714 20.165827 8.608065 20.523178
BLOCK_527 7.084212 15.359676 7.405148 15.680612
BLOCK_528 8.696622 11.013892 9.204165 11.521435
BLOCK_529 10.046595 17.511959 10.759687 18.225051
BLOCK_530 4.421249 13.475227 4.944030 13.998008
BLOCK_531 5.589113 12.716667 6.220540 13.348094
BLOCK_532 3.225120 13.238244 4.026930 14.040054
BLOCK_533 10.522268 5.012143 11.247802 5.737677
BLOCK_534 11.950580 12.097700 12.335028 12.482148
BLOCK_535 8.962482 21.078835 9.447456 21.563809
BLOCK_536 6.018615 21.055026 6.562398 21.598809
BLOCK_537 11.475230 20.871410 11.882415 21.278595
BLOCK_538 4.439507 9.566370 5.017261 10.144124
BLOCK_539 7.129809 12.715156 7.652590 13.237937
BLOCK_540 7.084780 12.278371 7.523642 12.717233
BLOCK_541 11.481470 11.765816 11.952426 12.236772
BLOCK_542 5.489434 22.521541 6.007893 23.040000
BLOCK_543 8.312017 6.569269 9.026650 7.283902
BLOCK_544 10.523329 19.440673 11.012921 19.930265
BLOCK_545 9.091920 13.330943 9.560428 13.799451
BLOCK_546 4.660591 7.586326 5.370521 8.296256
BLOCK_547 9.324308 8.584974 9.739639 9.000305
BLOCK_548 7.830199 13.440390 8.248170 13.858361
BLOCK_549 9.796167 18.112798 10.301538 18.618169
BLOCK_550 13.103163 15.997302 13.547122 16.441261
BLOCK_551 6.112252 6.354170 6.720199 6.962117
BLOCK_552 13.177153 20.766051 13.686859 21.275757
BLOCK_553 7.888556 21.598011 8.261249 21.970704
BLOCK_554 6.332125 22.679584 6.692541 23.040000
BLOCK_555 2.753049 9.614819 3.462979 10.324749
BLOCK_556 8.962749 18.180371 9.500336 18.717958
BLOCK_557 9.086769 12.000873 9.535768 12.449872
BLOCK_558 8.111980 8.763252 8.578134 9.229406
BLOCK_559 8.724494 7.096418 9.300254 7.672178
BLOCK_560 8.097980 16.438700 8.720475 17.061195
BLOCK_561 8.051826 12.479099 8.365832 12.793105
BLOCK_562 7.715196 19.320001 8.127749 19.732554
BLOCK_563 8.246517 21.477982 8.726829 21.958294
BLOCK_564 7.417108 19.118056 7.861067 19.562015
BLOCK_565 6.811973 18.804172 7.210721 19.202920
BLOCK_566 8.491063 13.832131 9.060975 14.402043
BLOCK_567 7.890458 8.037943 8.244577 8.392062
BLOCK_568 15.659367 12.330042 16.049623 12.720298
BLOCK_569 15.186829 11.754654 15.752780 12.320605
BLOCK_570 8.088752 19.776216 8.484732 20.172196
BLOCK_571 3.885867 8.324511 4.415017 8.853661
BLOCK_572 11.170343 20.159418 11.580221 20.569296
BLOCK_573 7.409782 7.077587 7.819660 7.487465
BLOCK_574 11.906896 12.837946 12.311247 13.242297
BLOCK_575 11.963166 11.290821 12.311017 11.638672
BLOCK_576 4.963653 10.557070 5.441670 11.035087
BLOCK_577 9.808283 17.282335 10.215468 17.689520
BLOCK_578 5.854205 22.555026 6.339179 23.040000
BLOCK_579 6.458375 7.671918 6.922056 8.135599
BLOCK_580 9.681728 21.840146 10.180326 22.338744
BLOCK_581 4.903702 11.273465 5.550927 11.920690
BLOCK_582 14.945747 11.934496 15.371658 12.360407
BLOCK_583 9.922973 13.423235 10.419360 13.919622
BLOCK_584 7.894088 12.004159 8.483325 12.593396
BLOCK_585 17.074491 10.196647 17.592950 10.715106
BLOCK_586 12.246469 21.882480 12.798375 22.434386
BLOCK_587 7.848727 7.399565 8.247475 7.798313
BLOCK_588 12.682978 22.334341 13.092856 22.744219
BLOCK_589 6.709402 20.758183 7.165801 21.214582
BLOCK_590 8.604719 20.637665 9.089693 21.122639
BLOCK_591 10.927177 11.808089 11.594860 12.475772
BLOCK_592 11.716558 12.717423 12.145160 13.146025
BLOCK_593 17.763411 10.133155 18.281870 10.651614
BLOCK_594 7.989389 12.824552 8.485776 13.320939
BLOCK_595 11.800032 10.172120 12.307575 10.679663
BLOCK_596 10.130887 10.023894 10.543440 10.436447
BLOCK_597 13.865450 12.631766 14.510896 13.277212
BLOCK_598 14.702022 11.264892 15.257990 11.820860
BLOCK_599 9.415786 21.968359 9.803213 22.355786
BLOCK_600 10.533275 13.338265 11.114825 13.919815
BLOCK_601 11.477308 11.619196 11.861756 12.003644
BLOCK_602 5.497903 21.235954 5.966411 21.704462
BLOCK_603 7.170197 22.632815 7.577382 23.040000
BLOCK_604 6.932164 21.737419 7.398318 22.203573
BLOCK_605 6.734733 17.995558 7.119181 18.380006
BLOCK_606 13.268947 11.875175 13.756184 12.362412
BLOCK_607 6.259272 17.331847 6.811178 17.883753
BLOCK_608 10.639069 9.336961 11.112355 9.810247
BLOCK_609 8.608588 19.805073 9.207253 20.403738
BLOCK_610 6.921575 16.797469 7.294268 17.170162
BLOCK_611 8.011218 15.488950 8.482174 15.959906
BLOCK_612 6.882580 17.607249 7.407461 18.132130
BLOCK_613 6.500637 16.497951 7.050546 17.047860
BLOCK_614 8.485162 17.521780 8.842513 17.879131
BLOCK_615 7.292008 16.924570 7.649359 17.281921
BLOCK_616 8.126701 20.511190 8.508277 20.892766
BLOCK_617 7.053427 17.409436 7.526713 17.882722
BLOCK_618 6.331706 17.883668 6.716154 18.268116
BLOCK_619 4.422396 7.978435 4.964060 8.520099
BLOCK_620 13.298341 12.841173 13.747340 13.290172
BLOCK_621 11.961013 17.761433 12.431969 18.232389
BLOCK_622 5.511545 22.076840 5.975226 22.540521
BLOCK_623 9.564159 11.039815 10.003021 11.478677
BLOCK_624 9.111768 9.393958 9.560767 9.842957
BLOCK_625 15.092726 12.360280 15.480153 12.747707
BLOCK_626 8.367409 20.878859 8.734015 21.245465
BLOCK_627 7.389298 13.676301 8.008168 14.295171
BLOCK_628 5.372752 21.648690 5.850769 22.126707
BLOCK_629 11.244879 10.558275 11.595878 10.909274
BLOCK_630 5.856683 10.082809 6.377260 10.603386
BLOCK_631 10.390908 9.773020 10.819510 10.201622
BLOCK_632 14.706482 17.412982 15.377451 18.083951
BLOCK_633 7.831803 7.958212 8.608076 8.734485
BLOCK_634 19.461129 14.271106 20.083624 14.893601
BLOCK_635 8.367039 21.239348 8.876745 21.749054
BLOCK_636 8.788714 8.702048 9.204045 9.117379
BLOCK_637 8.362465 19.558589 8.729071 19.925195
BLOCK_638 7.203542 6.507599 7.650084 6.954141
BLOCK_639 7.417478 20.643465 7.768477 20.994464
BLOCK_640 7.760419 20.037274 8.136052 20.412907
BLOCK_641 9.731147 21.357176 10.185129 21.811158
BLOCK_642 8.246342 12.000174 8.721947 12.475779
BLOCK_643 7.716269 10.909656 8.449481 11.642868
BLOCK_644 7.768214 14.042392 8.303658 14.577836
BLOCK_645 9.920765 21.233684 10.302341 21.615260
BLOCK_646 10.280654 14.998840 10.732096 15.450282
BLOCK_647 7.504742 20.023294 8.132595 20.651147
BLOCK_648 6.979335 21.301905 7.397306 21.719876
BLOCK_649 7.288891 21.836341 7.750193 22.297643
BLOCK_650 12.071778 10.675386 12.441372 11.044980
BLOCK_651 7.518131 20.993606 7.887725 21.363200
BLOCK_652 7.527164 16.079549 8.012138 16.564523
BLOCK_653 6.800230 15.710706 7.294396 16.204872
BLOCK_654 6.958664 16.197648 7.443638 16.682622
BLOCK_655 6.777735 16.165131 7.173715 16.561111
BLOCK_656 14.835132 14.614248 15.499436 15.278552
BLOCK_657 7.550935 21.716606 8.012237 22.177908
BLOCK_658 9.561252 9.237092 10.029760 9.705600
BLOCK_659 1.961987 11.456600 2.629670 12.124283
BLOCK_660 7.170845 11.699935 7.714628 12.243718
BLOCK_661 7.684307 6.158291 8.398940 6.872924
BLOCK_662 5.898510 6.810250 6.408216 7.319956
BLOCK_663 9.514241 14.884551 10.278832 15.649142
BLOCK_664 7.160028 8.150874 7.654194 8.645040
BLOCK_665 8.947168 13.918765 9.560601 14.532198
BLOCK_666 4.242297 10.559174 4.662297 10.979174
BLOCK_667 16.062705 15.276462 16.482705 15.696462
BLOCK_668 5.676670 17.892620 6.096670 18.312620
BLOCK_669 5.497141 16.439194 5.917141 16.859194
BLOCK_670 6.628783 9.783116 7.048783 10.203116
BLOCK_671 11.234514 8.104599 11.654514 8.524599
BLOCK_672 9.440217 4.476229 9.860217 4.896229
BLOCK_673 17.094690 12.061039 17.514690 12.481039
BLOCK_674 20.444594 13.878927 20.864594 14.298927
BLOCK_675 6.446967 5.846713 6.866967 6.266713
BLOCK_676 10.817715 18.477649 11.237715 18.897649
BLOCK_677 15.777411 10.864999 16.197411 11.284999
BLOCK_678 12.020427 6.421049 12.440427 6.841049
BLOCK_679 4.120966 11.458716 4.540966 11.878716
BLOCK_680 3.792195 6.807049 4.212195 7.227049
BLOCK_681 6.626655 10.377782 7.046655 10.797782
BLOCK_682 13.685456 16.262073 14.105456 16.682073
BLOCK_683 3.853783 10.980523 4.273783 11.400523
BLOCK_684 5.077572 15.000079 5.497572 15.420079
BLOCK_685 20.693697 9.482138 21.113697 9.902138
BLOCK_686 12.667541 10.021465 13.087541 10.441465
BLOCK_687 16.136920 18.485747 16.556920 18.905747
BLOCK_688 11.238865 8.819765 11.658865 9.239765
BLOCK_689 5.319192 12.245018 5.739192 12.665018
BLOCK_690 6.887636 3.909970 7.307636 4.329970
BLOCK_691 4.355987 8.954924 4.775987 9.374924
BLOCK_692 3.760582 12.989862 4.180582 13.409862
BLOCK_693 3.713392 14.822738 4.133392 15.242738
BLOCK_694 3.765006 12.420227 4.185006 12.840227
BLOCK_695 11.011894 4.551822 11.431894 4.971822
BLOCK_696 15.123775 13.199040 15.543775 13.619040
BLOCK_697 18.298944 12.952278 18.718944 13.372278
BLOCK_698 13.388748 17.105168 13.808748 17.525168
BLOCK_699 12.012370 8.702759 12.432370 9.122759
BLOCK_700 4.134959 7.514414 4.554959 7.934414
BLOCK_701 15.242423 17.998984 15.662423 18.418984
BLOCK_702 3.227026 17.403833 3.647026 17.823833
BLOCK_703 12.369299 10.022074 12.789299 10.442074
BLOCK_704 3.941799 12.181210 4.361799 12.601210
BLOCK_705 11.674742 7.982268 12.094742 8.402268
BLOCK_706 21.219832 11.481605 22.059832 12.441605
BLOCK_707 4.519448 12.090047 5.359448 13.050047
BLOCK_708 6.679207 5.281155 7.519207 6.241155
BLOCK_709 13.620763 14.775869 14.460763 15.735869
BLOCK_710 6.686979 10.195643 7.526979 11.155643
BLOCK_711 5.010277 16.802295 5.850277 17.762295
BLOCK_712 7.443533 4.092907 8.283533 5.052907
BLOCK_713 1.774527 18.359562 2.614527 19.319562
BLOCK_714 18.686904 16.860888 19.526904 17.820888
BLOCK_715 3.581804 22.080000 4.421804 23.040000
BLOCK_716 2.980107 15.290449 3.820107 16.250449
BLOCK_717 5.017687 6.538171 5.857687 7.498171
BLOCK_718 4.904839 13.678745 5.744839 14.638745
BLOCK_719 18.888848 21.201242 19.728848 22.161242
BLOCK_720 17.844153 16.565061 18.684153 17.525061
BLOCK_721 15.777322 11.488696 16.617322 12.448696
BLOCK_722 14.165493 21.035996 15.005493 21.995996
BLOCK_723 4.546678 22.080000 5.386678 23.040000
BLOCK_724 16.734021 17.915893 17.574021 18.875893
BLOCK_725 7.570505 5.092279 8.410505 6.052279
BLOCK_726 0.831330 9.843487 1.671330 10.803487
BLOCK_727 3.822055 17.106016 4.662055 18.066016
BLOCK_728 2.021001 16.893711 2.861001 17.853711
BLOCK_729 11.459038 18.327853 12.299038 19.287853
BLOCK_730 1.352977 10.797017 2.192977 11.757017
BLOCK_731 2.888521 19.939384 3.728521 20.899384
BLOCK_732 13.230786 18.540375 14.070786 19.500375
BLOCK_733 0.310529 8.114303 1.150529 9.074303
BLOCK_734 4.139185 6.568834 4.979185 7.528834
BLOCK_735 13.876783 15.960322 14.716783 16.920322
BLOCK_736 17.678153 13.461768 18.518153 14.421768
BLOCK_737 0.933726 15.237073 1.773726 16.197073
BLOCK_738 11.994604 19.445834 12.834604 20.405834
BLOCK_739 0.916459 12.118125 1.756459 13.078125
BLOCK_740 14.951801 20.482982 15.791801 21.442982
BLOCK_741 5.875812 20.125448 6.715812 21.085448
BLOCK_742 0.000000 12.603132 0.840000 13.563132
BLOCK_743 2.599169 11.190519 3.439169 12.150519
BLOCK_744 18.684862 12.598747 19.524862 13.558747
BLOCK_745 16.374877 15.125558 17.214877 16.085558
BLOCK_746 2.365458 18.995645 3.205458 19.955645
BLOCK_747 10.116853 6.708815 10.956853 7.668815
BLOCK_748 0.617012 18.157723 1.457012 19.117723
BLOCK_749 2.027920 15.567760 2.867920 16.527760
BLOCK_750 16.570832 11.759422 17.410832 12.719422
BLOCK_751 3.697487 20.409647 4.537487 21.369647
BLOCK_752 15.777887 15.961778 16.617887 16.921778
BLOCK_753 11.956346 15.834251 12.796346 16.794251
BLOCK_754 16.568212 16.303740 17.408212 17.263740
BLOCK_755 17.061513 18.887876 17.901513 19.847876
BLOCK_756 5.900994 9.121428 6.740994 10.081428
BLOCK_757 15.249826 19.198514 16.089826 20.158514
BLOCK_758 18.498421 11.618671 19.338421 12.578671
BLOCK_759 1.551281 9.287724 2.391281 10.247724
BLOCK_760 19.716126 16.136855 20.556126 17.096855
BLOCK_761 2.140886 20.892799 2.980886 21.852799
BLOCK_762 4.334165 21.136241 5.174165 22.096241
BLOCK_763 11.873505 0.710599 12.713505 1.670599
BLOCK_764 5.977544 11.036417 6.817544 11.996417
BLOCK_765 11.168955 5.155014 12.008955 6.115014
BLOCK_766 0.153693 9.118383 0.993693 10.078383
BLOCK_767 3.658152 10.024926 4.498152 10.984926
BLOCK_768 1.783982 7.757336 2.623982 8.717336
BLOCK_769 19.008508 14.773326 19.848508 15.733326
BLOCK_770 16.976262 13.884265 17.816262 14.844265
BLOCK_771 3.941651 14.828568 4.781651 15.788568
BLOCK_772 20.724632 15.430608 21.564632 16.390608
BLOCK_773 8.617958 3.832672 9.457958 4.792672
BLOCK_774 3.070379 21.235884 3.910379 22.195884
BLOCK_775 11.322660 2.858298 12.562660 4.138298
BLOCK_776 18.576963 17.829055 19.416963 18.789055
BLOCK_777 3.763670 5.538284 4.603670 6.498284
BLOCK_778 18.534797 13.566793 19.374797 14.526793
BLOCK_779 2.619244 16.228445 3.459244 17.188445
BLOCK_780 13.746115 20.222960 14.586115 21.182960
BLOCK_781 1.392700 17.523646 2.232700 18.483646
BLOCK_782 15.085808 18.279911 15.925808 19.239911
BLOCK_783 9.800590 5.332727 10.640590 6.292727
BLOCK_784 16.014903 17.133663 16.854903 18.093663
BLOCK_785 21.554978 12.414736 22.394978 13.374736
BLOCK_786 17.156497 14.800495 17.996497 15.760495
BLOCK_787 0.625836 11.063110 1.465836 12.023110
BLOCK_788 2.629158 8.028123 3.469158 8.988123
BLOCK_789 20.121172 14.162243 20.961172 15.122243
BLOCK_790 0.944983 14.279877 1.784983 15.239877
BLOCK_791 11.872366 1.794214 12.712366 2.754214
BLOCK_792 9.731531 4.165889 10.571531 5.125889
BLOCK_793 5.490686 11.634099 6.330686 12.594099
BLOCK_794 5.519334 5.524363 6.359334 6.484363
BLOCK_795 4.087779 19.526650 4.927779 20.486650
BLOCK_796 15.753446 20.060350 16.593446 21.020350
BLOCK_797 2.092245 12.478989 2.932245 13.438989
BLOCK_798 3.460386 9.101833 4.300386 10.061833
BLOCK_799 4.633222 17.616144 5.473222 18.576144
BLOCK_800 4.627986 5.481251 5.467986 6.441251
BLOCK_801 11.352083 6.827004 12.192083 7.787004
BLOCK_802 3.692193 13.847424 4.532193 14.807424
BLOCK_803 0.000000 17.521082 0.840000 18.481082
BLOCK_804 21.044552 14.555160 21.884552 15.515160
BLOCK_805 3.384971 7.594867 4.224971 8.554867
BLOCK_806 0.592234 13.297794 1.432234 14.257794
BLOCK_807 9.389068 6.116734 10.229068 7.076734
BLOCK_808 12.893564 8.882388 13.733564 9.842388
BLOCK_809 17.813083 10.650024 18.653083 11.610024
BLOCK_810 15.061654 15.601983 15.901654 16.561983
BLOCK_811 5.205890 12.965119 6.045890 13.925119
BLOCK_812 1.852757 14.745541 2.692757 15.705541
BLOCK_813 0.934901 7.250238 1.774901 8.210238
BLOCK_814 14.869102 13.563797 15.709102 14.523797
BLOCK_815 18.842966 15.844523 19.682966 16.804523
BLOCK_816 1.085445 19.005291 1.925445 19.965291
BLOCK_817 14.870480 21.760000 16.130480 23.040000
BLOCK_818 20.559397 10.328323 21.399397 11.288323
BLOCK_819 19.597985 17.095753 20.437985 18.055753
BLOCK_820 11.593485 4.236832 12.433485 5.196832
BLOCK_821 2.744309 14.420882 3.584309 15.380882
BLOCK_822 14.337659 15.129501 15.177659 16.089501
BLOCK_823 17.690598 11.986520 18.530598 12.946520
BLOCK_824 15.026556 10.681500 15.866556 11.641500
BLOCK_825 1.908661 19.868631 2.748661 20.828631
BLOCK_826 8.606340 5.724122 9.446340 6.684122
BLOCK_827 19.568763 12.161543 20.408763 13.121543
BLOCK_828 2.345378 8.882388 3.185378 9.842388
BLOCK_829 10.788248 1.929494 11.628248 2.889494
BLOCK_830 0.000000 11.667052 0.840000 12.627052
BLOCK_831 3.752020 15.691207 4.592020 16.651207
BLOCK_832 2.839552 10.321340 3.679552 11.281340
BLOCK_833 15.403155 14.665497 16.243155 15.625497
BLOCK_834 4.498605 8.570767 5.338605 9.530767
BLOCK_835 0.000000 16.530631 0.840000 17.490631
BLOCK_836 16.138534 10.524823 16.978534 11.484823
BLOCK_837 0.000000 13.918996 0.840000 14.878996
BLOCK_838 12.207377 13.322239 13.047377 14.282239
BLOCK_839 13.747221 13.619637 14.587221 14.579637
BLOCK_840 9.943205 2.925661 10.783205 3.885661
BLOCK_841 13.932447 17.554215 14.772447 18.514215
BLOCK_842 13.205657 19.468051 14.045657 20.428051
BLOCK_843 2.507122 13.318474 3.347122 14.278474
BLOCK_844 11.970072 5.435153 12.810072 6.395153
BLOCK_845 4.358586 18.536561 5.198586 19.496561
BLOCK_846 15.897106 13.913287 16.737106 14.873287
BLOCK_847 12.431617 16.562706 13.271617 17.522706
BLOCK_848 11.000765 8.517834 11.840765 9.477834
BLOCK_849 14.223359 10.081795 15.063359 11.041795
BLOCK_850 4.103538 12.718561 4.943538 13.678561
BLOCK_851 10.279790 22.080000 11.119790 23.040000
BLOCK_852 3.326430 18.984103 4.166430 19.944103
BLOCK_853 7.847871 22.080000 8.687871 23.040000
BLOCK_854 15.219706 16.879758 16.059706 17.839758
BLOCK_855 4.915730 15.605409 5.755730 16.565409
BLOCK_856 16.577520 12.721285 17.417520 13.681285
BLOCK_857 17.091079 16.983087 17.931079 17.943087
BLOCK_858 19.886106 13.014090 20.726106 13.974090
BLOCK_859 3.586536 17.984775 4.426536 18.944775
BLOCK_860 16.239163 21.754941 17.079163 22.714941
BLOCK_861 21.427020 10.564466 22.267020 11.524466
BLOCK_862 10.635555 6.000946 11.475555 6.960946
BLOCK_863 12.311645 18.627858 13.151645 19.587858
BLOCK_864 19.706009 10.938360 20.546009 11.898360
BLOCK_865 5.528396 18.010518 6.368396 18.970518
BLOCK_866 5.687222 15.400784 6.527222 16.360784
BLOCK_867 0.000000 14.813902 0.840000 15.773902
BLOCK_868 0.835966 16.867221 1.675966 17.827221
BLOCK_869 16.928462 10.799177 17.768462 11.759177
BLOCK_870 12.524031 20.082786 13.364031 21.042786
BLOCK_871 17.721013 17.839364 18.561013 18.799364
BLOCK_872 18.644687 10.557468 19.484687 11.517468
BLOCK_873 0.000000 10.319914 0.840000 11.279914
BLOCK_874 2.630568 17.518109 3.470568 18.478109
BLOCK_875 13.259396 9.963254 14.099396 10.923254
BLOCK_876 0.194968 19.423122 1.034968 20.383122
BLOCK_877 4.689020 9.835420 5.529020 10.795420
BLOCK_878 1.940304 10.136589 2.780304 11.096589
BLOCK_879 14.476397 19.632956 15.316397 20.592956
BLOCK_880 2.025666 6.834292 2.865666 7.794292
BLOCK_881 18.220366 14.521608 19.060366 15.481608
BLOCK_882 15.248735 9.703565 16.088735 10.663565
BLOCK_883 8.476159 4.764065 9.316159 5.724065
BLOCK_884 10.553173 3.836676 11.393173 4.796676
BLOCK_885 12.411052 6.721626 13.251052 7.681626
BLOCK_886 2.953721 6.764618 3.793721 7.724618
BLOCK_887 16.149275 18.879695 16.989275 19.839695
BLOCK_888 11.951603 7.802978 12.791603 8.762978
BLOCK_889 1.357718 13.004827 2.197718 13.964827
BLOCK_890 5.248153 8.881712 6.088153 9.841712
BLOCK_891 17.590148 15.647771 18.430148 16.607771
BLOCK_892 21.101813 13.598034 21.941813 14.558034
BLOCK_893 5.569456 10.294326 6.409456 11.254326
BLOCK_894 19.854368 15.136634 20.694368 16.096634
BLOCK_895 14.223248 18.365465 15.063248 19.325465
BLOCK_896 2.793706 12.102624 3.633706 13.062624
BLOCK_897 1.172543 8.469054 2.012543 9.429054
BLOCK_898 3.545338 11.318870 4.385338 12.278870
BLOCK_899 15.657104 13.022712 16.497104 13.982712
BLOCK_900 10.687307 7.329044 11.527307 8.289044
BLOCK_901 11.987389 8.997433 12.827389 9.957433
BLOCK_902 20.696922 12.644601 21.536922 13.604601
BLOCK_903 0.000000 15.694856 0.840000 16.654856
BLOCK_904 2.885531 5.824841 3.725531 6.784841
BLOCK_905 19.549866 10.027146 20.389866 10.987146
BLOCK_906 20.329471 11.649139 21.169471 12.609139
BLOCK_907 14.009904 8.998235 14.849904 9.958235
BLOCK_908 4.296359 16.326504 5.136359 17.286504
BLOCK_909 12.430000 0.000000 22.950000 10.520000
BLOCK_910 13.027023 13.440325 13.867023 14.400325
BLOCK_911 5.136162 18.841631 5.976162 19.801631

[Iter 5000] geometry_scale=12.000000
BLOCK_1 10.391346 5.790155 10.486214 5.885023
BLOCK_2 14.140915 19.918423 14.266215 20.043723
BLOCK_3 10.392086 5.789922 10.486955 5.884791
BLOCK_4 13.743784 10.438418 13.869084 10.563718
BLOCK_5 10.391805 5.789936 10.486673 5.884804
BLOCK_6 14.229969 19.927218 14.355269 20.052518
BLOCK_7 20.085637 13.196325 20.210937 13.321625
BLOCK_8 14.230254 19.928135 14.355554 20.053435
BLOCK_9 16.713113 16.606966 16.780195 16.674048
BLOCK_10 10.391961 5.790095 10.486829 5.884964
BLOCK_11 10.895321 21.011636 10.990189 21.106504
BLOCK_12 16.713430 16.607044 16.780512 16.674126
BLOCK_13 5.856557 17.825969 5.923639 17.893051
BLOCK_14 17.644591 5.235053 17.691495 5.281958
BLOCK_15 7.742852 4.952917 7.858610 5.068675
BLOCK_16 17.644018 5.234799 17.690922 5.281703
BLOCK_17 16.713562 16.607064 16.780644 16.674146
BLOCK_18 16.713783 16.607186 16.780865 16.674268
BLOCK_19 14.160872 10.566545 14.286172 10.691845
BLOCK_20 14.219906 10.562750 14.345206 10.688050
BLOCK_21 5.493010 9.819852 5.618310 9.945152
BLOCK_22 3.836376 6.082863 3.931244 6.177732
BLOCK_23 13.867466 19.916328 13.992766 20.041628
BLOCK_24 5.493068 9.820681 5.618368 9.945981
BLOCK_25 7.788791 4.985286 7.883660 5.080154
BLOCK_26 5.493111 9.822565 5.618411 9.947865
BLOCK_27 6.941946 20.278408 7.036814 20.373276
BLOCK_28 5.373811 9.955737 5.499111 10.081037
BLOCK_29 3.836376 6.082863 3.931244 6.177732
BLOCK_30 3.836376 6.082863 3.931244 6.177732
BLOCK_31 20.111520 13.316337 20.236820 13.441637
BLOCK_32 20.054772 13.076361 20.180072 13.201661
BLOCK_33 3.836376 6.082863 3.931244 6.177732
BLOCK_34 7.733042 4.918352 7.848800 5.034110
BLOCK_35 7.788794 4.985287 7.883663 5.080155
BLOCK_36 13.153886 4.230919 13.310730 4.387763
BLOCK_37 13.743986 10.438523 13.869286 10.563823
BLOCK_38 5.273298 20.278564 5.379128 20.384394
BLOCK_39 20.057728 13.076368 20.183028 13.201668
BLOCK_40 11.768715 19.563749 12.170337 19.965371
BLOCK_41 12.072282 18.238663 12.523724 18.690105
BLOCK_42 14.076113 8.626358 14.331064 8.881309
BLOCK_43 6.094332 16.880648 6.404654 17.190970
BLOCK_44 4.301256 10.798288 4.783957 11.280989
BLOCK_45 12.010742 19.920516 12.371158 20.280932
BLOCK_46 13.984648 14.160560 14.302138 14.478050
BLOCK_47 11.593179 6.837744 11.944178 7.188743
BLOCK_48 13.148301 14.998899 13.631002 15.481600
BLOCK_49 11.225480 19.558041 11.638033 19.970594
BLOCK_50 13.147959 17.437534 13.472459 17.762034
BLOCK_51 13.506795 17.552801 13.834667 17.880673
BLOCK_52 9.681462 22.624669 10.096793 23.040000
BLOCK_53 10.059960 16.677407 10.513942 17.131389
BLOCK_54 12.428114 15.239224 12.749050 15.560160
BLOCK_55 11.594706 16.738349 12.018026 17.161669
BLOCK_56 11.952488 16.918477 12.276988 17.242977
BLOCK_57 11.894517 15.544028 12.312488 15.961999
BLOCK_58 10.108857 22.624669 10.524188 23.040000
BLOCK_59 10.280399 17.081305 10.601335 17.402241
BLOCK_60 12.104303 15.272332 12.432175 15.600204
BLOCK_61 11.253880 20.911060 11.508831 21.166011
BLOCK_62 8.888946 21.718354 9.416013 22.245421
BLOCK_63 12.192443 17.160749 12.738245 17.706551
BLOCK_64 5.205639 10.659021 5.607261 11.060643
BLOCK_65 7.529792 16.919044 7.998300 17.387552
BLOCK_66 19.842164 11.750073 20.446399 12.354308
BLOCK_67 12.909769 18.281471 13.230705 18.602407
BLOCK_68 9.114580 19.713859 9.563579 20.162858
BLOCK_69 12.434115 14.309772 12.965340 14.840997
BLOCK_70 13.028707 14.479778 13.570371 15.021442
BLOCK_71 11.080566 18.955930 11.459248 19.334612
BLOCK_72 10.238960 7.763101 10.877474 8.401615
BLOCK_73 3.465184 17.278503 3.843866 17.657185
BLOCK_74 10.462686 15.793294 11.004350 16.334958
BLOCK_75 13.754011 17.052744 14.105010 17.403743
BLOCK_76 11.392971 17.200559 11.713907 17.521495
BLOCK_77 7.747814 17.261298 8.248713 17.762197
BLOCK_78 16.266134 18.118345 16.895816 18.748027
BLOCK_79 10.997242 16.075825 11.495840 16.574423
BLOCK_80 17.816612 16.154115 18.347837 16.685340
BLOCK_81 11.763567 16.252566 12.192169 16.681168
BLOCK_82 19.899552 13.583806 20.539786 14.224040
BLOCK_83 6.811453 19.880536 7.455192 20.524275
BLOCK_84 13.172227 21.663294 13.535820 22.026887
BLOCK_85 9.648811 15.957800 10.160768 16.469757
BLOCK_86 9.453804 17.277222 10.041171 17.864589
BLOCK_87 14.417609 16.844701 14.987521 17.414613
BLOCK_88 6.570600 14.759883 7.053301 15.242584
BLOCK_89 11.115774 9.453141 11.634233 9.971600
BLOCK_90 6.866241 5.952598 7.172998 6.259355
BLOCK_91 11.217166 13.919024 11.595848 14.297706
BLOCK_92 11.474141 15.238615 11.961378 15.725852
BLOCK_93 13.594326 14.638276 14.092924 15.136874
BLOCK_94 14.327451 13.233218 14.810152 13.715919
BLOCK_95 8.822224 10.317916 9.355609 10.851301
BLOCK_96 7.769400 18.003662 8.247417 18.481679
BLOCK_97 14.859419 12.847696 15.342120 13.330397
BLOCK_98 6.750709 19.563306 7.284094 20.096691
BLOCK_99 10.517365 17.326440 10.953713 17.762788
BLOCK_100 3.451939 12.377138 3.827572 12.752771
BLOCK_101 10.906664 16.684822 11.384681 17.162839
BLOCK_102 11.962979 20.531084 12.406938 20.975043
BLOCK_103 10.517962 18.237278 10.943873 18.663189
BLOCK_104 11.130314 14.441675 11.713838 15.025199
BLOCK_105 10.854192 20.190925 11.402097 20.738830
BLOCK_106 18.049136 9.695101 18.359458 10.005423
BLOCK_107 10.121036 12.118793 10.639495 12.637252
BLOCK_108 10.974305 15.478216 11.596800 16.100711
BLOCK_109 11.715499 13.421100 12.456309 14.161910
BLOCK_110 6.014121 15.359359 6.574121 15.919359
BLOCK_111 8.070826 14.759119 8.488797 15.177090
BLOCK_112 9.831105 7.805859 10.294786 8.269540
BLOCK_113 7.740811 19.665680 8.116444 20.041313
BLOCK_114 11.051915 13.409922 11.475235 13.833242
BLOCK_115 9.418114 15.750052 9.988026 16.319964
BLOCK_116 11.372937 18.922248 11.780122 19.329433
BLOCK_117 15.486537 12.898421 15.920357 13.332241
BLOCK_118 12.017258 11.826183 12.432589 12.241514
BLOCK_119 12.135202 20.783736 12.566363 21.214897
BLOCK_120 6.335151 15.018149 6.798832 15.481830
BLOCK_121 14.543799 14.384532 15.164524 15.005257
BLOCK_122 7.889746 16.783005 8.268428 17.161687
BLOCK_123 9.586786 18.860006 10.048088 19.321308
BLOCK_124 12.701972 11.278437 13.135792 11.712257
BLOCK_125 9.503010 18.089023 10.042640 18.628653
BLOCK_126 10.147828 18.712129 10.641994 19.206295
BLOCK_127 7.826541 8.941144 8.247255 9.361858
BLOCK_128 12.669690 14.758431 13.076875 15.165616
BLOCK_129 9.921881 19.096748 10.479913 19.654780
BLOCK_130 9.682754 16.679593 9.982087 16.978926
BLOCK_131 11.263201 14.758665 11.594562 15.090026
BLOCK_132 11.204930 17.931529 11.850376 18.576975
BLOCK_133 5.975325 16.389275 6.398645 16.812595
BLOCK_134 11.506063 13.953758 12.074042 14.521737
BLOCK_135 8.127033 18.620017 8.487449 18.980433
BLOCK_136 14.131074 17.277144 14.647407 17.793477
BLOCK_137 9.200849 16.422096 9.821574 17.042821
BLOCK_138 7.530185 17.692435 8.080094 18.242344
BLOCK_139 12.853194 17.601390 13.268525 18.016721
BLOCK_140 11.140702 17.038994 11.475366 17.373658
BLOCK_141 8.082863 18.118610 8.487214 18.522961
BLOCK_142 11.716284 14.972609 12.194301 15.450626
BLOCK_143 7.432667 10.078858 7.889066 10.535257
BLOCK_144 7.613277 9.213095 8.120820 9.720638
BLOCK_145 9.459932 7.928895 9.893752 8.362715
BLOCK_146 10.200739 15.838839 10.538674 16.176774
BLOCK_147 11.289565 16.441050 11.715476 16.866961
BLOCK_148 13.546812 17.773882 13.894663 18.121733
BLOCK_149 13.627011 18.286446 14.052922 18.712357
BLOCK_150 10.279560 16.079057 10.705471 16.504968
BLOCK_151 4.493054 13.993888 4.900239 14.401073
BLOCK_152 10.042392 8.763985 10.399743 9.121336
BLOCK_153 9.682083 10.486131 10.115903 10.919951
BLOCK_154 11.372633 19.798123 11.906018 20.331508
BLOCK_155 11.766897 10.798600 12.073654 11.105357
BLOCK_156 11.545872 20.758233 11.833796 21.046157
BLOCK_157 7.887148 9.930276 8.158994 10.202122
BLOCK_158 9.922280 22.079201 10.243216 22.400137
BLOCK_159 13.745235 17.886700 14.165949 18.307414
BLOCK_160 1.627443 13.734605 2.571636 14.678798
BLOCK_161 8.957092 16.589352 9.401051 17.033311
BLOCK_162 11.355256 17.518198 11.886481 18.049423
BLOCK_163 9.442991 22.601138 9.881853 23.040000
BLOCK_164 6.603631 6.812195 6.991058 7.199622
BLOCK_165 11.761834 17.090229 12.192995 17.521390
BLOCK_166 8.876278 18.838018 9.204150 19.165890
BLOCK_167 14.247173 12.145446 15.183015 13.081288
BLOCK_168 7.470953 7.313462 7.770286 7.612795
BLOCK_169 12.431192 15.063373 12.779043 15.411224
BLOCK_170 13.408679 18.118200 13.746614 18.456135
BLOCK_171 10.278888 16.445767 10.626739 16.793618
BLOCK_172 8.844555 15.359955 9.107994 15.623394
BLOCK_173 11.832789 14.640023 12.164150 14.971384
BLOCK_174 12.550421 11.907364 13.004403 12.361346
BLOCK_175 11.953138 14.430152 12.284499 14.761513
BLOCK_176 8.514425 20.429326 8.845786 20.760687
BLOCK_177 10.061548 11.278829 10.530056 11.747337
BLOCK_178 8.501492 19.697158 8.846021 20.041687
BLOCK_179 3.274423 14.157160 3.697743 14.580480
BLOCK_180 9.204649 10.104689 9.778496 10.678536
BLOCK_181 7.289638 7.678808 7.650054 8.039224
BLOCK_182 10.709772 12.838840 10.997696 13.126764
BLOCK_183 7.525224 14.998722 8.118267 15.591765
BLOCK_184 7.051827 15.119159 7.293074 15.360406
BLOCK_185 6.947514 15.382613 7.525268 15.960367
BLOCK_186 8.117108 9.232951 8.486702 9.602545
BLOCK_187 7.654879 15.725164 8.378896 16.449181
BLOCK_188 13.679323 12.238235 13.989645 12.548557
BLOCK_189 8.601788 15.957524 9.207923 16.563659
BLOCK_190 10.160261 20.879421 10.498196 21.217356
BLOCK_191 9.921740 9.357948 10.279091 9.715299
BLOCK_192 10.039291 14.159609 10.467893 14.588211
BLOCK_193 8.963425 9.476730 9.448399 9.961704
BLOCK_194 6.757666 14.287184 7.408358 14.937876
BLOCK_195 9.330328 21.118506 9.681327 21.469505
BLOCK_196 11.116137 10.530597 11.387983 10.802443
BLOCK_197 9.920757 20.531847 10.421656 21.032746
BLOCK_198 12.013836 21.421933 12.431807 21.839904
BLOCK_199 10.876561 19.318272 11.275309 19.717020
BLOCK_200 7.015617 9.105382 7.661063 9.750828
BLOCK_201 15.482477 12.238623 15.741707 12.497853
BLOCK_202 13.525180 10.933790 13.993688 11.402298
BLOCK_203 9.083616 8.862783 9.342846 9.122013
BLOCK_204 7.290549 14.639047 7.860461 15.208959
BLOCK_205 8.696971 7.797534 9.264950 8.365513
BLOCK_206 8.409993 15.841873 8.744657 16.176537
BLOCK_207 7.201725 18.529295 8.009066 19.336636
BLOCK_208 8.684454 12.479289 9.205031 12.999866
BLOCK_209 9.084059 6.472170 9.401549 6.789660
BLOCK_210 7.528708 15.599860 7.769955 15.841107
BLOCK_211 8.965282 15.481763 9.440887 15.957368
BLOCK_212 5.885417 13.810826 6.216778 14.142187
BLOCK_213 5.321183 7.918503 6.005434 8.602754
BLOCK_214 6.880154 14.349296 7.171873 14.641015
BLOCK_215 8.108314 17.518610 8.367544 17.777840
BLOCK_216 9.518808 11.494579 10.216017 12.191788
BLOCK_217 9.322803 20.304163 9.779202 20.760562
BLOCK_218 8.366570 9.597870 8.723921 9.955221
BLOCK_219 11.131455 12.962839 11.714979 13.546363
BLOCK_220 7.408616 15.840039 7.649863 16.081286
BLOCK_221 9.444449 12.945093 10.182216 13.682860
BLOCK_222 6.932713 7.051958 7.320140 7.439385
BLOCK_223 10.151137 10.780605 10.652036 11.281504
BLOCK_224 11.734318 22.690539 12.072253 23.028474
BLOCK_225 7.738341 10.503483 8.014384 10.779526
BLOCK_226 11.597880 21.959004 12.029041 22.390165
BLOCK_227 11.496946 12.358682 11.831610 12.693346
BLOCK_228 9.562292 19.710979 9.893653 20.042340
BLOCK_229 10.517859 14.386342 10.893492 14.761975
BLOCK_230 7.290962 22.486014 7.844948 23.040000
BLOCK_231 9.320424 15.098833 9.710680 15.489089
BLOCK_232 6.217043 12.817896 6.690329 13.291182
BLOCK_233 9.681846 8.315949 10.182745 8.816848
BLOCK_234 6.633528 22.472021 7.201507 23.040000
BLOCK_235 11.933922 17.643323 12.458803 18.168204
BLOCK_236 7.508377 11.989837 7.887059 12.368519
BLOCK_237 6.671240 6.219614 7.245087 6.793461
BLOCK_238 9.562699 14.397336 9.929305 14.763942
BLOCK_239 9.800716 14.516122 10.167322 14.882728
BLOCK_240 10.398347 14.626247 10.773980 15.001880
BLOCK_241 6.101165 14.039030 6.632390 14.570255
BLOCK_242 8.530552 22.374042 9.196510 23.040000
BLOCK_243 4.465457 15.598537 4.981790 16.114870
BLOCK_244 16.454299 9.875473 17.002204 10.423378
BLOCK_245 6.735480 8.340593 7.156194 8.761307
BLOCK_246 9.801513 14.637261 10.089437 14.925185
BLOCK_247 7.170384 9.718269 7.511705 10.059590
BLOCK_248 5.953872 19.427069 6.335448 19.808645
BLOCK_249 9.681841 11.037594 10.002777 11.358530
BLOCK_250 7.888207 20.970533 8.160053 21.242379
BLOCK_251 9.798908 16.800111 10.177590 17.178793
BLOCK_252 10.892742 17.397325 11.377716 17.882299
BLOCK_253 13.008994 17.998709 13.387676 18.377391
BLOCK_254 7.409218 18.720748 7.769634 19.081164
BLOCK_255 8.601178 7.170076 9.405790 7.974688
BLOCK_256 6.070756 6.696348 6.576127 7.201719
BLOCK_257 5.944151 13.596824 6.268651 13.921324
BLOCK_258 10.452448 16.854900 10.878359 17.280811
BLOCK_259 7.649640 21.106941 8.143806 21.601107
BLOCK_260 6.024011 7.349131 6.455172 7.780292
BLOCK_261 10.159444 10.038059 10.443345 10.321960
BLOCK_262 10.752137 16.557597 11.124830 16.930290
BLOCK_263 5.536805 8.098955 5.857741 8.419891
BLOCK_264 8.964727 20.429589 9.416169 20.881031
BLOCK_265 12.127288 14.579709 12.550608 15.003029
BLOCK_266 8.248802 17.342970 8.544437 17.638605
BLOCK_267 6.785462 9.238324 7.181442 9.634304
BLOCK_268 9.885790 9.189226 10.188775 9.492211
BLOCK_269 8.472857 18.866793 8.982563 19.376499
BLOCK_270 2.336540 18.617305 3.010854 19.291619
BLOCK_271 11.806977 22.386776 12.245839 22.825638
BLOCK_272 11.610864 22.558347 11.968215 22.915698
BLOCK_273 6.846970 19.237499 7.171470 19.561999
BLOCK_274 11.474303 15.930130 11.900214 16.356041
BLOCK_275 6.420299 19.284107 6.861774 19.725582
BLOCK_276 6.843904 7.526339 7.358005 8.040440
BLOCK_277 6.155288 8.462055 6.454621 8.761388
BLOCK_278 4.342845 11.468480 4.781707 11.907342
BLOCK_279 7.242340 16.438746 7.731932 16.928338
BLOCK_280 8.247225 6.958209 8.553982 7.264966
BLOCK_281 7.529965 8.541988 7.942518 8.954541
BLOCK_282 13.626765 13.437698 13.961429 13.772362
BLOCK_283 7.769404 6.786783 8.300629 7.318008
BLOCK_284 9.691268 19.567408 10.293680 20.169820
BLOCK_285 10.996634 11.877325 11.255864 12.136555
BLOCK_286 12.119446 10.439648 12.545357 10.865559
BLOCK_287 12.386546 12.317404 12.670447 12.601305
BLOCK_288 10.397332 13.749180 10.809885 14.161733
BLOCK_289 6.086841 8.156550 6.453447 8.523156
BLOCK_290 8.701623 8.758143 9.204713 9.261233
BLOCK_291 6.961633 20.553034 7.289505 20.880906
BLOCK_292 6.290100 22.517219 6.812881 23.040000
BLOCK_293 8.514240 9.236204 8.963239 9.685203
BLOCK_294 10.783253 10.627158 11.117917 10.961822
BLOCK_295 17.163520 13.645396 17.679853 14.161729
BLOCK_296 15.065063 16.652907 15.828214 17.416058
BLOCK_297 9.920756 15.190667 10.212475 15.482386
BLOCK_298 15.181130 13.317975 15.754977 13.891822
BLOCK_299 10.757501 14.267243 11.133134 14.642876
BLOCK_300 11.354577 18.358705 11.675513 18.679641
BLOCK_301 7.756205 12.478505 8.090869 12.813169
BLOCK_302 6.914456 8.398625 7.410843 8.895012
BLOCK_303 10.279216 12.718140 10.752502 13.191426
BLOCK_304 8.243633 13.543280 8.622315 13.921962
BLOCK_305 10.278708 14.374037 10.566632 14.661961
BLOCK_306 18.250594 11.485011 18.766927 12.001344
BLOCK_307 16.301172 12.598126 16.912809 13.209763
BLOCK_308 5.595938 14.758136 6.198350 15.360548
BLOCK_309 10.280297 10.407277 10.909979 11.036959
BLOCK_310 6.693829 13.798230 7.140371 14.244772
BLOCK_311 11.834085 11.112728 12.122009 11.400652
BLOCK_312 14.598143 11.757450 14.942672 12.101979
BLOCK_313 8.780598 11.759131 9.203918 12.182451
BLOCK_314 10.344772 13.077844 10.757325 13.490397
BLOCK_315 10.519529 11.260036 11.020428 11.760935
BLOCK_316 10.995059 10.944804 11.451458 11.401203
BLOCK_317 7.178684 11.278198 7.529683 11.629197
BLOCK_318 12.875514 11.008032 13.389615 11.522133
BLOCK_319 13.184911 11.998405 13.736817 12.550311
BLOCK_320 5.992764 21.999219 6.441763 22.448218
BLOCK_321 13.672789 11.279125 14.103950 11.710286
BLOCK_322 9.938100 13.959153 10.279421 14.300474
BLOCK_323 11.372528 10.918411 11.713849 11.259732
BLOCK_324 5.458094 15.199919 5.859716 15.601541
BLOCK_325 6.334938 8.613645 6.793850 9.072557
BLOCK_326 10.457877 20.398521 10.836559 20.777203
BLOCK_327 8.247839 19.233799 8.572339 19.558299
BLOCK_328 8.606052 18.598619 8.865282 18.857849
BLOCK_329 13.002592 12.691335 13.278635 12.967378
BLOCK_330 5.837465 14.394801 6.450898 15.008234
BLOCK_331 7.603458 21.419186 7.906443 21.722171
BLOCK_332 10.277705 8.641722 10.878205 9.242222
BLOCK_333 10.638668 21.598186 11.045853 22.005371
BLOCK_334 9.204153 20.397041 9.480196 20.673084
BLOCK_335 10.398772 9.358003 10.690491 9.649722
BLOCK_336 10.638004 20.723946 11.175591 21.261533
BLOCK_337 8.224527 14.258671 8.606103 14.640247
BLOCK_338 12.749517 17.878031 13.133965 18.262479
BLOCK_339 5.613970 14.093523 5.934906 14.414459
BLOCK_340 9.921043 20.038788 10.410635 20.528380
BLOCK_341 10.708644 12.192007 11.118522 12.601885
BLOCK_342 3.407641 8.278228 3.945228 8.815815
BLOCK_343 13.169135 12.863083 13.507070 13.201018
BLOCK_344 11.329025 22.075580 11.612926 22.359481
BLOCK_345 8.552102 17.880229 9.100007 18.428134
BLOCK_346 7.772814 9.726767 8.367709 10.321662
BLOCK_347 6.095690 20.011491 6.580664 20.496465
BLOCK_348 7.418875 8.309778 7.870317 8.761220
BLOCK_349 10.014175 6.995375 10.421360 7.402560
BLOCK_350 8.844499 15.836123 9.211105 16.202729
BLOCK_351 10.594105 21.927848 10.878006 22.211749
BLOCK_352 1.022104 16.203542 1.960347 17.141785
BLOCK_353 12.429992 12.598903 12.847963 13.016874
BLOCK_354 8.484498 17.393231 8.854092 17.762825
BLOCK_355 9.796522 17.398737 10.095855 17.698070
BLOCK_356 11.352810 21.792484 11.636711 22.076385
BLOCK_357 8.707375 11.626174 9.086057 12.004856
BLOCK_358 11.191543 22.198731 11.475444 22.482632
BLOCK_359 12.698053 11.941129 13.029414 12.272490
BLOCK_360 8.878223 11.039086 9.322182 11.483045
BLOCK_361 11.086775 21.465560 11.482755 21.861540
BLOCK_362 9.585923 8.665335 9.920587 8.999999
BLOCK_363 15.658288 21.393502 16.002817 21.738031
BLOCK_364 10.528625 10.078443 10.866560 10.416378
BLOCK_365 7.696919 14.331416 8.007241 14.641738
BLOCK_366 8.844438 14.518878 9.327139 15.001579
BLOCK_367 7.171255 18.244931 7.525374 18.599050
BLOCK_368 14.104843 12.035119 14.400478 12.330754
BLOCK_369 9.443254 6.933971 9.950797 7.441514
BLOCK_370 9.323020 18.835288 9.689626 19.201894
BLOCK_371 8.171838 20.996865 8.573460 21.398487
BLOCK_372 8.369592 10.079199 8.964487 10.674094
BLOCK_373 4.547013 19.926702 4.901132 20.280821
BLOCK_374 9.150423 14.878086 9.562976 15.290639
BLOCK_375 6.261836 7.609238 6.815822 8.163224
BLOCK_376 1.725422 11.876741 2.399736 12.551055
BLOCK_377 5.882346 19.463037 6.462001 20.042692
BLOCK_378 10.279073 11.723819 10.797532 12.242278
BLOCK_379 10.473250 19.996767 10.877601 20.401118
BLOCK_380 6.812967 17.190786 7.264409 17.642228
BLOCK_381 8.675080 9.657624 9.098400 10.080944
BLOCK_382 14.217932 11.065208 14.824067 11.671343
BLOCK_383 9.241570 19.001051 9.683045 19.442526
BLOCK_384 11.602822 10.341476 11.930694 10.669348
BLOCK_385 10.868289 12.598946 11.362455 13.093112
BLOCK_386 6.931712 12.932094 7.321968 13.322350
BLOCK_387 4.965448 20.754952 5.459614 21.249118
BLOCK_388 6.110059 18.793862 6.525390 19.209193
BLOCK_389 8.845272 13.573627 9.313780 14.042135
BLOCK_390 12.908265 12.293951 13.274871 12.660557
BLOCK_391 9.202534 11.157275 9.758502 11.713243
BLOCK_392 9.209886 17.468193 9.605866 17.864173
BLOCK_393 8.966039 21.000485 9.326455 21.360901
BLOCK_394 8.382638 15.185977 8.797969 15.601308
BLOCK_395 8.247665 8.514708 8.853800 9.120843
BLOCK_396 10.755954 9.685794 11.270055 10.199895
BLOCK_397 9.422600 9.832014 9.815792 10.225206
BLOCK_398 13.278254 21.940974 13.861778 22.524498
BLOCK_399 6.459070 18.482618 7.013056 19.036604
BLOCK_400 9.084546 17.038345 9.463228 17.417027
BLOCK_401 10.904513 18.240743 11.203846 18.540076
BLOCK_402 5.309819 20.398344 5.730533 20.819058
BLOCK_403 10.399038 8.502193 10.740359 8.843514
BLOCK_404 11.048835 11.275306 11.474746 11.701217
BLOCK_405 12.309562 11.485060 12.685195 11.860693
BLOCK_406 15.632134 12.597846 16.019561 12.985273
BLOCK_407 8.845620 19.189164 9.255498 19.599042
BLOCK_408 6.598315 21.987422 6.932979 22.322086
BLOCK_409 12.789448 13.078392 13.283614 13.572558
BLOCK_410 13.264725 16.502003 13.923967 17.161245
BLOCK_411 8.248780 14.395851 8.731481 14.878552
BLOCK_412 8.055716 18.838013 8.460067 19.242364
BLOCK_413 6.825358 11.878612 7.173209 12.226463
BLOCK_414 10.519165 18.840776 10.999477 19.321088
BLOCK_415 11.140796 12.626767 11.475460 12.961431
BLOCK_416 8.587766 12.344341 8.966448 12.723023
BLOCK_417 12.422693 22.577812 12.859041 23.014160
BLOCK_418 6.818412 13.137595 7.247014 13.566197
BLOCK_419 4.915142 21.479632 5.259671 21.824161
BLOCK_420 8.862676 17.414772 9.323978 17.876074
BLOCK_421 5.959655 21.576516 6.574960 22.191821
BLOCK_422 10.921818 10.077253 11.309245 10.464680
BLOCK_423 8.093703 13.648845 8.486895 14.042037
BLOCK_424 14.379375 19.338641 15.017889 19.977155
BLOCK_425 9.615212 9.536191 10.041123 9.962102
BLOCK_426 10.399575 19.537754 10.784023 19.922202
BLOCK_427 8.718175 13.196248 9.084781 13.562854
BLOCK_428 5.076227 19.918363 5.617891 20.460027
BLOCK_429 10.279583 21.478515 10.586340 21.785272
BLOCK_430 17.984273 12.836709 18.723597 13.576033
BLOCK_431 12.559311 12.719245 13.003270 13.163204
BLOCK_432 12.671530 10.668722 12.996030 10.993222
BLOCK_433 9.561664 7.548907 9.934357 7.921600
BLOCK_434 7.050418 13.491156 7.481579 13.922317
BLOCK_435 8.964420 22.598525 9.405895 23.040000
BLOCK_436 12.523846 21.805773 12.965321 22.247248
BLOCK_437 8.221865 10.414295 8.606313 10.798743
BLOCK_438 12.926858 11.638086 13.268179 11.979407
BLOCK_439 9.686941 6.715357 10.014813 7.043229
BLOCK_440 9.573728 20.547688 10.027710 21.001670
BLOCK_441 6.454139 21.358408 6.788803 21.693072
BLOCK_442 11.393933 10.318020 11.714869 10.638956
BLOCK_443 9.115996 4.705639 9.655626 5.245269
BLOCK_444 16.728850 19.986774 17.192531 20.450455
BLOCK_445 9.397161 6.629355 9.728522 6.960716
BLOCK_446 11.646933 12.460235 12.152304 12.965606
BLOCK_447 9.647169 21.117669 10.132143 21.602643
BLOCK_448 10.637401 14.922823 11.318356 15.603778
BLOCK_449 6.736200 20.518361 7.172548 20.954709
BLOCK_450 8.458254 16.772514 8.845681 17.159941
BLOCK_451 9.323078 18.055074 9.751680 18.483676
BLOCK_452 10.517839 21.140157 11.053283 21.675601
BLOCK_453 14.962316 12.141166 15.310167 12.489017
BLOCK_454 5.440158 21.853233 5.908666 22.321741
BLOCK_455 7.052108 8.878526 7.403107 9.229525
BLOCK_456 5.480769 7.394834 5.977156 7.891221
BLOCK_457 12.430497 10.838602 12.906102 11.314207
BLOCK_458 9.006917 19.560161 9.443265 19.996509
BLOCK_459 9.203147 21.808868 9.534508 22.140229
BLOCK_460 7.052807 21.173363 7.410158 21.530714
BLOCK_461 14.344007 11.619530 14.654329 11.929852
BLOCK_462 11.873526 21.740663 12.322525 22.189662
BLOCK_463 9.912321 10.192009 10.281915 10.561603
BLOCK_464 8.126486 19.354070 8.454358 19.681942
BLOCK_465 4.451641 20.545457 5.015645 21.109461
BLOCK_466 7.519617 5.915557 7.889211 6.285151
BLOCK_467 13.999815 11.519298 14.344344 11.863827
BLOCK_468 5.361536 7.096578 5.890686 7.625728
BLOCK_469 13.985960 21.718650 14.525590 22.258280
BLOCK_470 8.603423 17.037500 8.967016 17.401093
BLOCK_471 19.032103 15.867748 19.681025 16.516670
BLOCK_472 12.667298 15.358854 13.460645 16.152201
BLOCK_473 9.920386 12.479640 10.400698 12.959952
BLOCK_474 4.542849 14.518094 5.390788 15.366033
BLOCK_475 8.512762 14.905973 9.088522 15.481733
BLOCK_476 12.804253 10.311449 13.267934 10.775130
BLOCK_477 13.386132 12.598573 13.767708 12.980149
BLOCK_478 7.524725 13.079999 8.009699 13.564973
BLOCK_479 18.331887 14.780857 18.793189 15.242159
BLOCK_480 12.311448 21.101720 12.857250 21.647522
BLOCK_481 11.713651 20.313600 12.101078 20.701027
BLOCK_482 13.984413 11.918837 14.312285 12.246709
BLOCK_483 4.615185 20.239736 5.016807 20.641358
BLOCK_484 6.680442 10.990842 7.256202 11.566602
BLOCK_485 7.290675 12.237891 7.716586 12.663802
BLOCK_486 6.301657 13.468728 6.871569 14.038640
BLOCK_487 7.887797 14.999145 8.183432 15.294780
BLOCK_488 6.033292 13.078463 6.574956 13.620127
BLOCK_489 5.965582 12.110707 6.575336 12.720461
BLOCK_490 11.495475 9.407991 12.192684 10.105200
BLOCK_491 8.124048 12.837215 8.609022 13.322189
BLOCK_492 9.378774 12.060157 9.924576 12.605959
BLOCK_493 3.163722 16.580686 3.814414 17.231378
BLOCK_494 11.340870 21.190404 11.867937 21.717471
BLOCK_495 13.642001 21.515544 14.120018 21.993561
BLOCK_496 17.306372 9.697176 17.690820 10.081624
BLOCK_497 12.789440 21.582255 13.204771 21.997586
BLOCK_498 9.323979 14.159789 9.655340 14.491150
BLOCK_499 12.015106 11.157600 12.433077 11.575571
BLOCK_500 6.453012 11.881979 6.933324 12.362291
BLOCK_501 11.480987 11.038179 11.835106 11.392298
BLOCK_502 7.104732 7.026057 7.520063 7.441388
BLOCK_503 9.137226 12.535371 9.801530 13.199675
BLOCK_504 9.681055 13.798463 10.056688 14.174096
BLOCK_505 7.495298 11.515350 7.861904 11.881956
BLOCK_506 9.561013 13.706672 9.895677 14.041336
BLOCK_507 12.811243 18.481590 13.195691 18.866038
BLOCK_508 13.159020 22.359208 13.677479 22.877667
BLOCK_509 8.486751 18.238312 8.853357 18.604918
BLOCK_510 10.878823 14.060016 11.220144 14.401337
BLOCK_511 11.585634 6.184175 12.072871 6.671412
BLOCK_512 13.545056 15.488235 14.258148 16.201327
BLOCK_513 6.328226 8.035607 6.694832 8.402213
BLOCK_514 4.533923 10.673788 5.021160 11.161025
BLOCK_515 16.953636 14.518395 17.440873 15.005632
BLOCK_516 7.649487 6.584277 7.970423 6.905213
BLOCK_517 13.100804 8.175151 13.686210 8.760557
BLOCK_518 8.464840 12.959226 8.961227 13.455613
BLOCK_519 7.260004 10.819769 7.672557 11.232322
BLOCK_520 13.385528 11.407433 13.739647 11.761552
BLOCK_521 9.680634 7.303037 10.059316 7.681719
BLOCK_522 7.973144 11.128945 8.725939 11.881740
BLOCK_523 6.436778 12.465041 6.933165 12.961428
BLOCK_524 11.713691 13.198384 12.083285 13.567978
BLOCK_525 5.758010 17.039288 6.557009 17.838287
BLOCK_526 8.250296 20.287796 8.607647 20.645147
BLOCK_527 6.850817 15.400586 7.171753 15.721522
BLOCK_528 8.604444 10.881069 9.111987 11.388612
BLOCK_529 10.247902 17.674298 10.960994 18.387390
BLOCK_530 4.302724 13.386038 4.825505 13.908819
BLOCK_531 5.380044 12.460891 6.011471 13.092318
BLOCK_532 3.206070 13.077634 4.007880 13.879444
BLOCK_533 10.427482 4.851691 11.153016 5.577225
BLOCK_534 12.074331 12.118277 12.458779 12.502725
BLOCK_535 9.083290 21.237362 9.568264 21.722336
BLOCK_536 5.736581 21.124681 6.280364 21.668464
BLOCK_537 11.616327 21.074595 12.023512 21.481780
BLOCK_538 4.184087 9.194587 4.761841 9.772341
BLOCK_539 7.125957 12.672324 7.648738 13.195105
BLOCK_540 6.933434 12.285262 7.372296 12.724124
BLOCK_541 11.610640 11.769707 12.081596 12.240663
BLOCK_542 5.323742 22.521541 5.842201 23.040000
BLOCK_543 8.213183 6.126828 8.927816 6.841461
BLOCK_544 10.686155 19.618209 11.175747 20.107801
BLOCK_545 9.084456 13.333749 9.552964 13.802257
BLOCK_546 4.531187 7.113707 5.241117 7.823637
BLOCK_547 9.194503 8.346406 9.609834 8.761737
BLOCK_548 7.767941 13.384584 8.185912 13.802555
BLOCK_549 9.895155 18.239121 10.400526 18.744492
BLOCK_550 13.185837 15.997987 13.629796 16.441946
BLOCK_551 6.071672 5.979247 6.679619 6.587194
BLOCK_552 13.550456 20.960546 14.060162 21.470252
BLOCK_553 7.760369 21.598404 8.133062 21.971097
BLOCK_554 6.063035 22.679584 6.423451 23.040000
BLOCK_555 2.517130 9.251963 3.227060 9.961893
BLOCK_556 8.922573 18.238536 9.460160 18.776123
BLOCK_557 8.993544 11.878924 9.442543 12.327923
BLOCK_558 8.000375 8.393467 8.466529 8.859621
BLOCK_559 8.653923 6.714670 9.229683 7.290430
BLOCK_560 8.128129 16.419073 8.750624 17.041568
BLOCK_561 8.007776 12.358177 8.321782 12.672183
BLOCK_562 7.597917 19.439606 8.010470 19.852159
BLOCK_563 8.248288 21.716637 8.728600 22.196949
BLOCK_564 7.325346 19.357596 7.769305 19.801555
BLOCK_565 6.654051 18.837894 7.052799 19.236642
BLOCK_566 8.396700 13.801589 8.966612 14.371501
BLOCK_567 7.894277 7.747496 8.248396 8.101615
BLOCK_568 16.016371 12.449940 16.406627 12.840196
BLOCK_569 15.627665 11.757538 16.193616 12.323489
BLOCK_570 7.973914 19.885468 8.369894 20.281448
BLOCK_571 3.823382 7.887369 4.352532 8.416519
BLOCK_572 11.304910 20.419773 11.714788 20.829651
BLOCK_573 7.359191 6.753489 7.769069 7.163367
BLOCK_574 12.072635 12.958000 12.476986 13.362351
BLOCK_575 11.964633 11.390515 12.312484 11.738366
BLOCK_576 4.779390 10.203397 5.257407 10.681414
BLOCK_577 9.992384 17.519476 10.399569 17.926661
BLOCK_578 5.711128 22.555026 6.196102 23.040000
BLOCK_579 6.309366 7.111475 6.773047 7.575156
BLOCK_580 9.671607 21.959250 10.170205 22.457848
BLOCK_581 4.899767 10.994413 5.546992 11.641638
BLOCK_582 15.358395 11.997465 15.784306 12.423376
BLOCK_583 10.042101 13.423214 10.538488 13.919601
BLOCK_584 7.888647 11.759107 8.477884 12.348344
BLOCK_585 17.263756 10.272988 17.782215 10.791447
BLOCK_586 12.311172 22.092473 12.863078 22.644379
BLOCK_587 7.896160 7.159093 8.294908 7.557841
BLOCK_588 12.795045 22.589461 13.204923 22.999339
BLOCK_589 6.552044 20.902552 7.008443 21.358951
BLOCK_590 8.603327 20.757698 9.088301 21.242672
BLOCK_591 10.928007 11.758956 11.595690 12.426639
BLOCK_592 11.833398 12.653260 12.262000 13.081862
BLOCK_593 17.903026 10.150302 18.421485 10.668761
BLOCK_594 7.752661 12.716763 8.249048 13.213150
BLOCK_595 11.802695 10.077115 12.310238 10.584658
BLOCK_596 10.037282 9.788605 10.449835 10.201158
BLOCK_597 13.760707 12.622441 14.406153 13.267887
BLOCK_598 14.823851 11.417833 15.379819 11.973801
BLOCK_599 9.220806 22.121429 9.608233 22.508856
BLOCK_600 10.638126 13.438609 11.219676 14.020159
BLOCK_601 11.463600 11.616496 11.848048 12.000944
BLOCK_602 5.167477 21.176914 5.635985 21.645422
BLOCK_603 7.025162 22.632815 7.432347 23.040000
BLOCK_604 6.785006 21.735799 7.251160 22.201953
BLOCK_605 6.549034 18.142731 6.933482 18.527179
BLOCK_606 13.387762 11.758588 13.874999 12.245825
BLOCK_607 6.261096 17.546070 6.813002 18.097976
BLOCK_608 10.640131 9.127902 11.113417 9.601188
BLOCK_609 8.487953 19.924174 9.086618 20.522839
BLOCK_610 6.860723 16.919155 7.233416 17.291848
BLOCK_611 8.015112 15.489782 8.486068 15.960738
BLOCK_612 6.880310 17.805771 7.405191 18.330652
BLOCK_613 6.503961 16.641541 7.053870 17.191450
BLOCK_614 8.486140 17.638081 8.843491 17.995432
BLOCK_615 7.292609 17.044053 7.649960 17.401404
BLOCK_616 8.107384 20.639444 8.488960 21.021020
BLOCK_617 7.050984 17.528584 7.524270 18.001870
BLOCK_618 6.214075 18.108675 6.598523 18.493123
BLOCK_619 4.600007 7.688927 5.141671 8.230591
BLOCK_620 13.506238 12.973837 13.955237 13.422836
BLOCK_621 12.232750 17.914617 12.703706 18.385573
BLOCK_622 5.081969 22.209565 5.545650 22.673246
BLOCK_623 9.443992 10.722103 9.882854 11.160965
BLOCK_624 9.203113 9.176684 9.652112 9.625683
BLOCK_625 15.414627 12.569727 15.802054 12.957154
BLOCK_626 8.445492 21.118774 8.812098 21.485380
BLOCK_627 7.271745 13.661625 7.890615 14.280495
BLOCK_628 5.110393 21.619511 5.588410 22.097528
BLOCK_629 11.244068 10.438954 11.595067 10.789953
BLOCK_630 5.694523 9.838060 6.215100 10.358637
BLOCK_631 10.329409 9.533451 10.758011 9.962053
BLOCK_632 15.007756 17.469890 15.678725 18.140859
BLOCK_633 7.769116 7.557855 8.545389 8.334128
BLOCK_634 19.927708 14.361552 20.550203 14.984047
BLOCK_635 8.386077 21.452349 8.895783 21.962055
BLOCK_636 8.845200 8.277988 9.260531 8.693319
BLOCK_637 8.359266 19.554693 8.725872 19.921299
BLOCK_638 7.046896 6.264065 7.493438 6.710607
BLOCK_639 7.418083 20.772041 7.769082 21.123040
BLOCK_640 7.633092 20.279381 8.008725 20.655014
BLOCK_641 9.800371 21.650878 10.254353 22.104860
BLOCK_642 8.247437 12.119418 8.723042 12.595023
BLOCK_643 7.634706 10.647182 8.367918 11.380394
BLOCK_644 7.593188 14.039228 8.128632 14.574672
BLOCK_645 9.919753 21.339757 10.301329 21.721333
BLOCK_646 10.363743 15.123261 10.815185 15.574703
BLOCK_647 7.500712 20.159761 8.128565 20.787614
BLOCK_648 6.812913 21.303701 7.230884 21.721672
BLOCK_649 7.068125 21.859571 7.529427 22.320873
BLOCK_650 12.061822 10.673295 12.431416 11.042889
BLOCK_651 7.281013 20.994129 7.650607 21.363723
BLOCK_652 7.452636 16.197431 7.937610 16.682405
BLOCK_653 6.680663 15.717669 7.174829 16.211835
BLOCK_654 6.811168 16.197133 7.296142 16.682107
BLOCK_655 6.576493 16.163672 6.972473 16.559652
BLOCK_656 15.098472 14.785242 15.762776 15.449546
BLOCK_657 7.427778 21.740046 7.889080 22.201348
BLOCK_658 9.453484 8.892423 9.921992 9.360931
BLOCK_659 1.767600 10.910692 2.435283 11.578375
BLOCK_660 7.105465 11.588967 7.649248 12.132750
BLOCK_661 7.548820 5.816871 8.263453 6.531504
BLOCK_662 5.706952 6.487747 6.216658 6.997453
BLOCK_663 9.633153 14.985742 10.397744 15.750333
BLOCK_664 7.035549 7.836190 7.529715 8.330356
BLOCK_665 8.960841 14.037265 9.574274 14.650698
BLOCK_666 4.121595 10.141123 4.541595 10.561123
BLOCK_667 16.444878 15.401562 16.864878 15.821562
BLOCK_668 5.617098 17.946311 6.037098 18.366311
BLOCK_669 5.289009 16.615236 5.709009 17.035236
BLOCK_670 6.411782 9.541778 6.831782 9.961778
BLOCK_671 10.934179 7.891551 11.354179 8.311551
BLOCK_672 9.323045 3.899365 9.743045 4.319365
BLOCK_673 17.702854 12.060606 18.122854 12.480606
BLOCK_674 20.985183 13.925318 21.405183 14.345318
BLOCK_675 6.488630 5.534931 6.908630 5.954931
BLOCK_676 10.877576 18.680492 11.297576 19.100492
BLOCK_677 16.020219 10.918311 16.440219 11.338311
BLOCK_678 12.011521 6.156912 12.431521 6.576912
BLOCK_679 4.002295 10.982075 4.422295 11.402075
BLOCK_680 3.648563 6.323390 4.068563 6.743390
BLOCK_681 6.454076 10.196709 6.874076 10.616709
BLOCK_682 13.746039 16.381208 14.166039 16.801208
BLOCK_683 3.704941 10.678689 4.124941 11.098689
BLOCK_684 4.899766 15.014918 5.319766 15.434918
BLOCK_685 20.752596 9.421274 21.172596 9.841274
BLOCK_686 12.592017 10.015063 13.012017 10.435063
BLOCK_687 16.529150 18.538758 16.949150 18.958758
BLOCK_688 11.236142 8.905292 11.656142 9.325292
BLOCK_689 5.078069 12.061691 5.498069 12.481691
BLOCK_690 6.674447 3.580646 7.094447 4.000646
BLOCK_691 4.056103 8.679984 4.476103 9.099984
BLOCK_692 3.807950 12.901280 4.227950 13.321280
BLOCK_693 3.765338 14.639965 4.185338 15.059965
BLOCK_694 3.763635 12.246823 4.183635 12.666823
BLOCK_695 10.879935 4.374064 11.299935 4.794064
BLOCK_696 15.717120 13.261704 16.137120 13.681704
BLOCK_697 18.834203 12.960119 19.254203 13.380119
BLOCK_698 13.626520 17.221750 14.046520 17.641750
BLOCK_699 11.833676 8.591144 12.253676 9.011144
BLOCK_700 4.122568 7.129195 4.542568 7.549195
BLOCK_701 15.597624 18.039989 16.017624 18.459989
BLOCK_702 3.003714 17.440039 3.423714 17.860039
BLOCK_703 12.344255 9.898474 12.764255 10.318474
BLOCK_704 3.568735 11.699596 3.988735 12.119596
BLOCK_705 11.608617 7.980221 12.028617 8.400221
BLOCK_706 21.788249 11.431160 22.628249 12.391160
BLOCK_707 4.135932 11.581285 4.975932 12.541285
BLOCK_708 6.451923 4.736846 7.291923 5.696846
BLOCK_709 13.918257 14.758486 14.758257 15.718486
BLOCK_710 6.592187 9.958764 7.432187 10.918764
BLOCK_711 4.935287 16.923261 5.775287 17.883261
BLOCK_712 7.229757 3.659673 8.069757 4.619673
BLOCK_713 1.696534 19.258876 2.536534 20.218876
BLOCK_714 19.231523 17.042866 20.071523 18.002866
BLOCK_715 3.297360 22.080000 4.137360 23.040000
BLOCK_716 2.803033 15.329728 3.643033 16.289728
BLOCK_717 4.890327 6.088978 5.730327 7.048978
BLOCK_718 4.896977 13.681288 5.736977 14.641288
BLOCK_719 18.878366 21.228417 19.718366 22.188417
BLOCK_720 18.378320 16.681393 19.218320 17.641393
BLOCK_721 16.198638 11.528371 17.038638 12.488371
BLOCK_722 14.450530 21.250975 15.290530 22.210975
BLOCK_723 4.227383 22.080000 5.067383 23.040000
BLOCK_724 17.171061 18.156849 18.011061 19.116849
BLOCK_725 7.358974 4.729971 8.198974 5.689971
BLOCK_726 0.894861 9.721707 1.734861 10.681707
BLOCK_727 3.705697 17.250564 4.545697 18.210564
BLOCK_728 1.792247 17.234555 2.632247 18.194555
BLOCK_729 11.681023 18.598215 12.521023 19.558215
BLOCK_730 0.943069 10.801643 1.783069 11.761643
BLOCK_731 2.488780 19.785037 3.328780 20.745037
BLOCK_732 13.504645 18.619173 14.344645 19.579173
BLOCK_733 0.110541 7.542493 0.950541 8.502493
BLOCK_734 4.002495 6.010064 4.842495 6.970064
BLOCK_735 14.114835 16.038084 14.954835 16.998084
BLOCK_736 18.156291 13.532469 18.996291 14.492469
BLOCK_737 0.912107 15.229381 1.752107 16.189381
BLOCK_738 12.309006 19.657615 13.149006 20.617615
BLOCK_739 0.921455 11.872895 1.761455 12.832895
BLOCK_740 15.201524 20.592163 16.041524 21.552163
BLOCK_741 5.716628 20.268357 6.556628 21.228357
BLOCK_742 0.000000 12.391750 0.840000 13.351750
BLOCK_743 2.269607 11.161883 3.109607 12.121883
BLOCK_744 19.166747 12.648448 20.006747 13.608448
BLOCK_745 16.764521 15.164973 17.604521 16.124973
BLOCK_746 1.256894 20.322498 2.096894 21.282498
BLOCK_747 10.004627 5.793152 10.844627 6.753152
BLOCK_748 0.557681 18.408652 1.397681 19.368652
BLOCK_749 1.942421 15.688718 2.782421 16.648718
BLOCK_750 17.041590 11.771211 17.881590 12.731211
BLOCK_751 3.311158 20.322645 4.151158 21.282645
BLOCK_752 16.201878 16.161226 17.041878 17.121226
BLOCK_753 12.055474 15.839450 12.895474 16.799450
BLOCK_754 17.089997 16.150763 17.929997 17.110763
BLOCK_755 17.411149 19.132813 18.251149 20.092813
BLOCK_756 5.822981 8.873630 6.662981 9.833630
BLOCK_757 15.512017 19.321740 16.352017 20.281740
BLOCK_758 19.012953 11.638354 19.852953 12.598354
BLOCK_759 1.185827 8.761582 2.025827 9.721582
BLOCK_760 20.396117 16.389921 21.236117 17.349921
BLOCK_761 1.104766 21.438420 1.944766 22.398420
BLOCK_762 4.003694 21.082285 4.843694 22.042285
BLOCK_763 11.787680 0.362047 12.627680 1.322047
BLOCK_764 5.960365 10.961245 6.800365 11.921245
BLOCK_765 11.138523 4.858130 11.978523 5.818130
BLOCK_766 0.142028 8.545074 0.982028 9.505074
BLOCK_767 3.446661 9.701854 4.286661 10.661854
BLOCK_768 1.836350 7.237947 2.676350 8.197947
BLOCK_769 19.466725 14.904482 20.306725 15.864482
BLOCK_770 17.385572 13.921186 18.225572 14.881186
BLOCK_771 3.701009 14.878029 4.541009 15.838029
BLOCK_772 21.211028 15.519536 22.051028 16.479536
BLOCK_773 8.588065 3.208170 9.428065 4.168170
BLOCK_774 2.861063 21.227873 3.701063 22.187873
BLOCK_775 11.284062 2.478905 12.524062 3.758905
BLOCK_776 18.974673 17.982752 19.814673 18.942752
BLOCK_777 3.639715 5.012692 4.479715 5.972692
BLOCK_778 19.036139 13.663444 19.876139 14.623444
BLOCK_779 2.387793 16.493810 3.227793 17.453810
BLOCK_780 13.985490 20.398544 14.825490 21.358544
BLOCK_781 1.437196 18.189834 2.277196 19.149834
BLOCK_782 15.422855 18.357176 16.262855 19.317176
BLOCK_783 9.594822 4.631841 10.434822 5.591841
BLOCK_784 16.667386 17.238877 17.507386 18.198877
BLOCK_785 22.110000 12.391312 22.950000 13.351312
BLOCK_786 17.568691 14.902012 18.408691 15.862012
BLOCK_787 0.000000 10.508481 0.840000 11.468481
BLOCK_788 2.631469 7.672413 3.471469 8.632413
BLOCK_789 20.582178 14.286319 21.422178 15.246319
BLOCK_790 0.873217 14.172068 1.713217 15.132068
BLOCK_791 11.896484 1.425928 12.736484 2.385928
BLOCK_792 9.697693 3.614983 10.537693 4.574983
BLOCK_793 5.214057 11.401785 6.054057 12.361785
BLOCK_794 5.434122 5.198326 6.274122 6.158326
BLOCK_795 3.737272 19.456063 4.577272 20.416063
BLOCK_796 16.043042 20.194481 16.883042 21.154481
BLOCK_797 2.077172 12.431994 2.917172 13.391994
BLOCK_798 3.200670 8.772317 4.040670 9.732317
BLOCK_799 4.530009 17.738342 5.370009 18.698342
BLOCK_800 4.537368 4.922345 5.377368 5.882345
BLOCK_801 11.244537 6.976364 12.084537 7.936364
BLOCK_802 3.699329 13.718119 4.539329 14.678119
BLOCK_803 0.000000 17.672280 0.840000 18.632280
BLOCK_804 21.509021 14.593391 22.349021 15.553391
BLOCK_805 3.394118 7.041081 4.234118 8.001081
BLOCK_806 0.510762 13.092568 1.350762 14.052568
BLOCK_807 9.163546 5.572540 10.003546 6.532540
BLOCK_808 12.973661 9.025223 13.813661 9.985223
BLOCK_809 18.212144 10.590156 19.052144 11.550156
BLOCK_810 15.400483 15.838330 16.240483 16.798330
BLOCK_811 5.022342 12.787907 5.862342 13.747907
BLOCK_812 1.762125 14.758067 2.602125 15.718067
BLOCK_813 0.833166 6.701855 1.673166 7.661855
BLOCK_814 15.316067 13.808301 16.156067 14.768301
BLOCK_815 19.520446 16.090222 20.360446 17.050222
BLOCK_816 0.787309 19.354516 1.627309 20.314516
BLOCK_817 15.407861 21.760000 16.667861 23.040000
BLOCK_818 21.006523 10.317168 21.846523 11.277168
BLOCK_819 20.117022 17.334163 20.957022 18.294163
BLOCK_820 11.560002 3.944951 12.400002 4.904951
BLOCK_821 2.642934 14.398310 3.482934 15.358310
BLOCK_822 14.643121 15.333967 15.483121 16.293967
BLOCK_823 18.167570 11.925360 19.007570 12.885360
BLOCK_824 15.230720 10.803347 16.070720 11.763347
BLOCK_825 2.089572 20.654990 2.929572 21.614990
BLOCK_826 8.366717 5.138429 9.206717 6.098429
BLOCK_827 20.118843 12.238161 20.958843 13.198161
BLOCK_828 2.055414 8.483940 2.895414 9.443940
BLOCK_829 10.654417 1.629695 11.494417 2.589695
BLOCK_830 0.000000 11.447253 0.840000 12.407253
BLOCK_831 3.570707 15.875377 4.410707 16.835377
BLOCK_832 2.616749 10.066510 3.456749 11.026510
BLOCK_833 15.723779 14.907167 16.563779 15.867167
BLOCK_834 4.303181 8.157698 5.143181 9.117698
BLOCK_835 0.000000 16.708024 0.840000 17.668024
BLOCK_836 16.372359 10.540783 17.212359 11.500783
BLOCK_837 0.000000 13.885932 0.840000 14.845932
BLOCK_838 12.445690 13.425634 13.285690 14.385634
BLOCK_839 14.341171 13.491359 15.181171 14.451359
BLOCK_840 9.951047 2.528565 10.791047 3.488565
BLOCK_841 14.229891 17.648840 15.069891 18.608840
BLOCK_842 13.397351 19.621535 14.237351 20.581535
BLOCK_843 2.494594 13.344380 3.334594 14.304380
BLOCK_844 11.965268 5.163818 12.805268 6.123818
BLOCK_845 4.180902 18.602561 5.020902 19.562561
BLOCK_846 16.256309 14.048551 17.096309 15.008551
BLOCK_847 12.548299 16.570388 13.388299 17.530388
BLOCK_848 10.958654 8.169745 11.798654 9.129745
BLOCK_849 14.342134 10.319416 15.182134 11.279416
BLOCK_850 4.180224 12.480372 5.020224 13.440372
BLOCK_851 10.410721 22.080000 11.250721 23.040000
BLOCK_852 2.929638 18.961870 3.769638 19.921870
BLOCK_853 7.726082 22.080000 8.566082 23.040000
BLOCK_854 15.772922 17.089414 16.612922 18.049414
BLOCK_855 4.778523 15.632063 5.618523 16.592063
BLOCK_856 17.092704 12.730977 17.932704 13.690977
BLOCK_857 17.555028 17.024218 18.395028 17.984218
BLOCK_858 20.439609 13.126326 21.279609 14.086326
BLOCK_859 3.386893 18.124162 4.226893 19.084162
BLOCK_860 16.788948 21.811223 17.628948 22.771223
BLOCK_861 21.903048 10.468789 22.743048 11.428789
BLOCK_862 10.847166 5.826276 11.687166 6.786276
BLOCK_863 12.587768 18.733037 13.427768 19.693037
BLOCK_864 20.182769 10.970655 21.022769 11.930655
BLOCK_865 5.369342 18.211593 6.209342 19.171593
BLOCK_866 5.612890 15.697311 6.452890 16.657311
BLOCK_867 0.000000 14.878370 0.840000 15.838370
BLOCK_868 0.910568 17.161612 1.750568 18.121612
BLOCK_869 17.282027 10.802751 18.122027 11.762751
BLOCK_870 12.798039 20.475874 13.638039 21.435874
BLOCK_871 18.092817 17.921273 18.932817 18.881273
BLOCK_872 19.090266 10.621353 19.930266 11.581353
BLOCK_873 0.000000 9.498288 0.840000 10.458288
BLOCK_874 2.567115 17.715636 3.407115 18.675636
BLOCK_875 13.265780 10.097525 14.105780 11.057525
BLOCK_876 0.000000 19.928681 0.840000 20.888681
BLOCK_877 4.537247 9.461032 5.377247 10.421032
BLOCK_878 1.770112 9.827183 2.610112 10.787183
BLOCK_879 14.701854 19.753830 15.541854 20.713830
BLOCK_880 1.773426 6.266534 2.613426 7.226534
BLOCK_881 18.659136 14.641726 19.499136 15.601726
BLOCK_882 15.329637 9.841237 16.169637 10.801237
BLOCK_883 8.231488 4.116219 9.071488 5.076219
BLOCK_884 10.590951 3.580642 11.430951 4.540642
BLOCK_885 12.155041 6.543850 12.995041 7.503850
BLOCK_886 2.730127 6.374619 3.570127 7.334619
BLOCK_887 16.429030 18.994728 17.269030 19.954728
BLOCK_888 12.072173 7.681446 12.912173 8.641446
BLOCK_889 1.310303 12.842549 2.150303 13.802549
BLOCK_890 5.057778 8.663263 5.897778 9.623263
BLOCK_891 18.244276 15.630481 19.084276 16.590481
BLOCK_892 21.598659 13.609563 22.438659 14.569563
BLOCK_893 5.497177 10.131474 6.337177 11.091474
BLOCK_894 20.325691 15.265578 21.165691 16.225578
BLOCK_895 14.550492 18.482479 15.390492 19.442479
BLOCK_896 2.816233 12.075381 3.656233 13.035381
BLOCK_897 1.070885 7.787323 1.910885 8.747323
BLOCK_898 3.136255 10.960283 3.976255 11.920283
BLOCK_899 16.159989 13.087591 16.999989 14.047591
BLOCK_900 10.355073 6.834174 11.195073 7.794174
BLOCK_901 12.005915 8.816537 12.845915 9.776537
BLOCK_902 21.250753 12.620621 22.090753 13.580621
BLOCK_903 0.000000 15.824031 0.840000 16.784031
BLOCK_904 2.777771 5.420163 3.617771 6.380163
BLOCK_905 19.967374 10.031723 20.807374 10.991723
BLOCK_906 20.883292 11.641064 21.723292 12.601064
BLOCK_907 14.128765 9.275482 14.968765 10.235482
BLOCK_908 4.183699 16.442818 5.023699 17.402818
BLOCK_909 12.430000 0.000000 22.950000 10.520000
BLOCK_910 13.356124 13.570072 14.196124 14.530072
BLOCK_911 4.940504 19.065383 5.780504 20.025383

[Iter 6000] geometry_scale=12.000000
BLOCK_1 10.159601 5.465684 10.254469 5.560552
BLOCK_2 14.389470 20.141699 14.514770 20.266999
BLOCK_3 10.159674 5.465533 10.254542 5.560401
BLOCK_4 13.627045 10.558469 13.752345 10.683769
BLOCK_5 10.159590 5.465592 10.254458 5.560460
BLOCK_6 14.463430 20.178432 14.588730 20.303732
BLOCK_7 20.443227 13.539126 20.568527 13.664426
BLOCK_8 14.466630 20.179174 14.591930 20.304474
BLOCK_9 17.005039 16.771763 17.072121 16.838845
BLOCK_10 10.159663 5.465706 10.254531 5.560574
BLOCK_11 11.115919 21.026771 11.210788 21.121639
BLOCK_12 17.005375 16.771795 17.072457 16.838877
BLOCK_13 5.789381 17.934554 5.856463 18.001636
BLOCK_14 17.644426 5.235049 17.691330 5.281953
BLOCK_15 7.364997 4.429133 7.480755 4.544891
BLOCK_16 17.644089 5.234895 17.690993 5.281799
BLOCK_17 17.005162 16.771790 17.072244 16.838872
BLOCK_18 17.005009 16.771738 17.072091 16.838820
BLOCK_19 14.218898 10.748623 14.344198 10.873923
BLOCK_20 14.218839 10.745289 14.344139 10.870589
BLOCK_21 5.428295 9.408880 5.553595 9.534180
BLOCK_22 3.715977 5.717225 3.810845 5.812093
BLOCK_23 14.071742 20.138452 14.197042 20.263752
BLOCK_24 5.373600 9.476240 5.498900 9.601540
BLOCK_25 7.468742 4.554949 7.563611 4.649817
BLOCK_26 5.374299 9.451106 5.499599 9.576406
BLOCK_27 6.932330 20.278330 7.027199 20.373198
BLOCK_28 5.261699 9.476377 5.386999 9.601677
BLOCK_29 3.715977 5.717225 3.810845 5.812093
BLOCK_30 3.715977 5.717225 3.810845 5.812093
BLOCK_31 20.435290 13.542745 20.560590 13.668045
BLOCK_32 20.147542 13.291391 20.272842 13.416691
BLOCK_33 3.715977 5.717225 3.810845 5.812093
BLOCK_34 7.295618 4.376063 7.411376 4.491821
BLOCK_35 7.468763 4.554963 7.563631 4.649831
BLOCK_36 13.155049 4.176173 13.311893 4.333017
BLOCK_37 13.626248 10.558554 13.751548 10.683854
BLOCK_38 5.141247 20.423991 5.247077 20.529821
BLOCK_39 20.079188 13.286460 20.204488 13.411760
BLOCK_40 11.975353 19.721471 12.376975 20.123093
BLOCK_41 12.190415 18.376918 12.641857 18.828360
BLOCK_42 14.422410 9.076254 14.677361 9.331205
BLOCK_43 5.975862 16.797958 6.286184 17.108280
BLOCK_44 4.301528 10.555641 4.784229 11.038342
BLOCK_45 12.212172 20.041016 12.572588 20.401432
BLOCK_46 14.223691 14.242147 14.541181 14.559637
BLOCK_47 11.375219 6.583894 11.726218 6.934893
BLOCK_48 13.399544 15.084696 13.882245 15.567397
BLOCK_49 11.355009 19.798088 11.767562 20.210641
BLOCK_50 13.302610 17.556954 13.627110 17.881454
BLOCK_51 13.746067 17.673924 14.073939 18.001796
BLOCK_52 9.800997 22.624669 10.216328 23.040000
BLOCK_53 10.086967 16.685722 10.540949 17.139704
BLOCK_54 12.670173 15.280622 12.991109 15.601558
BLOCK_55 11.713510 16.738405 12.136830 17.161725
BLOCK_56 12.107269 16.957130 12.431769 17.281630
BLOCK_57 12.132928 15.659647 12.550899 16.077618
BLOCK_58 10.145780 22.624669 10.561111 23.040000
BLOCK_59 10.311909 17.080575 10.632845 17.401511
BLOCK_60 12.341053 15.358517 12.668925 15.686389
BLOCK_61 11.277932 21.120645 11.532883 21.375596
BLOCK_62 8.810968 21.838654 9.338035 22.365721
BLOCK_63 12.256146 17.278232 12.801948 17.824034
BLOCK_64 5.139838 10.449798 5.541460 10.851420
BLOCK_65 7.410018 16.935070 7.878526 17.403578
BLOCK_66 20.220811 11.879172 20.825046 12.483407
BLOCK_67 12.952265 18.400681 13.273201 18.721617
BLOCK_68 9.235019 19.829396 9.684018 20.278395
BLOCK_69 12.550177 14.358404 13.081402 14.889629
BLOCK_70 13.211548 14.554676 13.753212 15.096340
BLOCK_71 11.335853 19.185597 11.714535 19.564279
BLOCK_72 10.355111 7.486138 10.993625 8.124652
BLOCK_73 3.288419 17.425525 3.667101 17.804207
BLOCK_74 10.574965 15.897987 11.116629 16.439651
BLOCK_75 13.896651 17.408146 14.247650 17.759145
BLOCK_76 11.513353 17.333537 11.834289 17.654473
BLOCK_77 7.627296 17.260591 8.128195 17.761490
BLOCK_78 16.481911 18.358127 17.111593 18.987809
BLOCK_79 10.997056 16.073702 11.495654 16.572300
BLOCK_80 18.187926 16.405689 18.719151 16.936914
BLOCK_81 11.847040 16.317394 12.275642 16.745996
BLOCK_82 20.197625 13.977248 20.837859 14.617482
BLOCK_83 6.786084 19.991021 7.429823 20.634760
BLOCK_84 13.387052 21.765232 13.750645 22.128825
BLOCK_85 9.694777 16.022465 10.206734 16.534422
BLOCK_86 9.576750 17.399471 10.164117 17.986838
BLOCK_87 14.933056 16.848397 15.502968 17.418309
BLOCK_88 6.274779 14.763760 6.757480 15.246461
BLOCK_89 11.103888 9.350222 11.622347 9.868681
BLOCK_90 7.104911 5.446067 7.411668 5.752824
BLOCK_91 11.216572 13.918384 11.595254 14.297066
BLOCK_92 11.698693 15.238248 12.185930 15.725485
BLOCK_93 13.846297 14.743009 14.344895 15.241607
BLOCK_94 14.343052 13.297557 14.825753 13.780258
BLOCK_95 8.844025 10.150437 9.377410 10.683822
BLOCK_96 7.769135 18.023306 8.247152 18.501323
BLOCK_97 15.111086 13.128132 15.593787 13.610833
BLOCK_98 6.665837 19.628196 7.199222 20.161581
BLOCK_99 10.518988 17.378666 10.955336 17.815014
BLOCK_100 3.450562 12.105868 3.826195 12.481501
BLOCK_101 10.996361 16.798553 11.474378 17.276570
BLOCK_102 12.236814 20.626468 12.680773 21.070427
BLOCK_103 10.638161 18.261343 11.064072 18.687254
BLOCK_104 11.146820 14.518546 11.730344 15.102070
BLOCK_105 10.954079 20.331997 11.501984 20.879902
BLOCK_106 18.048640 9.740115 18.358962 10.050437
BLOCK_107 10.119832 12.075238 10.638291 12.593697
BLOCK_108 11.211282 15.471434 11.833777 16.093929
BLOCK_109 11.798722 13.432030 12.539532 14.172840
BLOCK_110 6.215295 15.476418 6.775295 16.036418
BLOCK_111 8.139154 14.758300 8.557125 15.176271
BLOCK_112 10.062235 7.812360 10.525916 8.276041
BLOCK_113 7.625135 19.677969 8.000768 20.053602
BLOCK_114 11.092426 13.381579 11.515746 13.804899
BLOCK_115 9.457291 15.775913 10.027203 16.345825
BLOCK_116 11.593917 19.078488 12.001102 19.485673
BLOCK_117 15.778019 13.128055 16.211839 13.561875
BLOCK_118 11.954223 11.878066 12.369554 12.293397
BLOCK_119 12.369348 20.944180 12.800509 21.375341
BLOCK_120 6.110956 15.119354 6.574637 15.583035
BLOCK_121 14.795729 14.504664 15.416454 15.125389
BLOCK_122 7.885191 16.798459 8.263873 17.177141
BLOCK_123 9.714293 18.915950 10.175595 19.377252
BLOCK_124 12.640951 11.275463 13.074771 11.709283
BLOCK_125 9.666139 18.118186 10.205769 18.657816
BLOCK_126 10.338045 18.775682 10.832211 19.269848
BLOCK_127 7.768755 8.756961 8.189469 9.177675
BLOCK_128 12.861331 14.758508 13.268516 15.165693
BLOCK_129 10.041229 19.177865 10.599261 19.735897
BLOCK_130 9.747489 16.762097 10.046822 17.061430
BLOCK_131 11.517049 14.765753 11.848410 15.097114
BLOCK_132 11.295359 18.076303 11.940805 18.721749
BLOCK_133 5.766195 16.407825 6.189515 16.831145
BLOCK_134 11.567639 13.953595 12.135618 14.521574
BLOCK_135 8.126909 18.601479 8.487325 18.961895
BLOCK_136 14.462913 17.278346 14.979246 17.794679
BLOCK_137 9.202496 16.507515 9.823221 17.128240
BLOCK_138 7.515554 17.719528 8.065463 18.269437
BLOCK_139 12.984215 17.706724 13.399546 18.122055
BLOCK_140 11.379925 17.036449 11.714589 17.371113
BLOCK_141 8.124633 18.137662 8.528984 18.542013
BLOCK_142 11.953646 14.987779 12.431663 15.465796
BLOCK_143 7.378708 9.831876 7.835107 10.288275
BLOCK_144 7.493419 8.998055 8.000962 9.505598
BLOCK_145 9.526722 7.728515 9.960542 8.162335
BLOCK_146 10.370997 15.863719 10.708932 16.201654
BLOCK_147 11.408314 16.438491 11.834225 16.864402
BLOCK_148 13.638887 17.998962 13.986738 18.346813
BLOCK_149 13.745540 18.410205 14.171451 18.836116
BLOCK_150 10.214077 16.135787 10.639988 16.561698
BLOCK_151 4.450864 13.905314 4.858049 14.312499
BLOCK_152 10.041641 8.569640 10.398992 8.926991
BLOCK_153 9.806325 10.266234 10.240145 10.700054
BLOCK_154 11.595052 19.917593 12.128437 20.450978
BLOCK_155 11.714083 10.798430 12.020840 11.105187
BLOCK_156 11.713747 20.834080 12.001671 21.122004
BLOCK_157 7.856826 9.715796 8.128672 9.987642
BLOCK_158 10.040224 22.105440 10.361160 22.426376
BLOCK_159 14.020514 18.119043 14.441228 18.539757
BLOCK_160 1.295843 13.370166 2.240036 14.314359
BLOCK_161 8.964254 16.804682 9.408213 17.248641
BLOCK_162 11.440783 17.639181 11.972008 18.170406
BLOCK_163 9.442488 22.601138 9.881350 23.040000
BLOCK_164 6.573769 6.391478 6.961196 6.778905
BLOCK_165 11.881024 17.158613 12.312185 17.589774
BLOCK_166 8.913196 18.873078 9.241068 19.200950
BLOCK_167 14.731526 12.299754 15.667368 13.235596
BLOCK_168 7.470764 6.902202 7.770097 7.201535
BLOCK_169 12.613005 15.118180 12.960856 15.466031
BLOCK_170 13.539587 18.238363 13.877522 18.576298
BLOCK_171 10.410567 16.558449 10.758418 16.906300
BLOCK_172 8.701849 15.698960 8.965288 15.962399
BLOCK_173 11.861196 14.573240 12.192557 14.904601
BLOCK_174 12.694941 11.784668 13.148923 12.238650
BLOCK_175 12.072759 14.399167 12.404120 14.730528
BLOCK_176 8.513832 20.430235 8.845193 20.761596
BLOCK_177 10.050605 11.173080 10.519113 11.641588
BLOCK_178 8.503623 19.679010 8.848152 20.023539
BLOCK_179 3.226909 13.785253 3.650229 14.208573
BLOCK_180 9.252769 9.987559 9.826616 10.561406
BLOCK_181 7.279262 7.312090 7.639678 7.672506
BLOCK_182 10.774874 12.718470 11.062798 13.006394
BLOCK_183 7.529416 14.888696 8.122459 15.481739
BLOCK_184 6.931088 15.120636 7.172335 15.361883
BLOCK_185 7.052127 15.470978 7.629881 16.048732
BLOCK_186 8.007460 8.930798 8.377054 9.300392
BLOCK_187 7.644465 15.737425 8.368482 16.461442
BLOCK_188 13.744778 12.415120 14.055100 12.725442
BLOCK_189 8.717790 16.075774 9.323925 16.681909
BLOCK_190 10.451629 20.998346 10.789564 21.336281
BLOCK_191 9.922346 9.118461 10.279697 9.475812
BLOCK_192 10.036986 14.157816 10.465588 14.586418
BLOCK_193 8.890784 9.237345 9.375758 9.722319
BLOCK_194 6.580276 14.398128 7.230968 15.048820
BLOCK_195 9.331621 21.238688 9.682620 21.589687
BLOCK_196 11.095855 10.558997 11.367701 10.830843
BLOCK_197 9.981833 20.758079 10.482732 21.258978
BLOCK_198 12.206273 21.559862 12.624244 21.977833
BLOCK_199 10.945328 19.438712 11.344076 19.837460
BLOCK_200 6.912258 8.800269 7.557704 9.445715
BLOCK_201 16.028415 12.308343 16.287645 12.567573
BLOCK_202 14.234240 10.933965 14.702748 11.402473
BLOCK_203 9.083822 8.622729 9.343052 8.881959
BLOCK_204 7.167297 14.670869 7.737209 15.240781
BLOCK_205 8.664672 7.557347 9.232651 8.125326
BLOCK_206 8.365879 15.987203 8.700543 16.321867
BLOCK_207 7.115791 18.598401 7.923132 19.405742
BLOCK_208 8.556065 12.320858 9.076642 12.841435
BLOCK_209 9.203417 6.221628 9.520907 6.539118
BLOCK_210 7.517648 15.613882 7.758895 15.855129
BLOCK_211 8.968837 15.477616 9.444442 15.953221
BLOCK_212 5.856697 14.038463 6.188058 14.369824
BLOCK_213 5.227495 7.558086 5.911746 8.242337
BLOCK_214 6.932357 14.278414 7.224076 14.570133
BLOCK_215 8.108504 17.517718 8.367734 17.776948
BLOCK_216 9.463333 11.412366 10.160542 12.109575
BLOCK_217 9.345972 20.405772 9.802371 20.862171
BLOCK_218 8.249457 9.235031 8.606808 9.592382
BLOCK_219 11.250515 12.986601 11.834039 13.570125
BLOCK_220 7.171290 15.985986 7.412537 16.227233
BLOCK_221 9.487211 12.967957 10.224978 13.705724
BLOCK_222 6.931700 6.601520 7.319127 6.988947
BLOCK_223 10.137567 10.776202 10.638466 11.277101
BLOCK_224 11.770987 22.702065 12.108922 23.040000
BLOCK_225 7.733272 10.321253 8.009315 10.597296
BLOCK_226 11.678292 22.078244 12.109453 22.509405
BLOCK_227 11.594329 12.212724 11.928993 12.547388
BLOCK_228 9.634710 19.798234 9.966071 20.129595
BLOCK_229 10.552147 14.517938 10.927780 14.893571
BLOCK_230 7.029154 22.486014 7.583140 23.040000
BLOCK_231 9.322606 15.191071 9.712862 15.581327
BLOCK_232 6.098894 12.728307 6.572180 13.201593
BLOCK_233 9.721576 8.126476 10.222475 8.627375
BLOCK_234 6.311869 22.472021 6.879848 23.040000
BLOCK_235 12.026435 17.757719 12.551316 18.282600
BLOCK_236 7.357508 11.937582 7.736190 12.316264
BLOCK_237 6.715112 5.809471 7.288959 6.383318
BLOCK_238 9.681896 14.395166 10.048502 14.761772
BLOCK_239 9.913929 14.578824 10.280535 14.945430
BLOCK_240 10.382214 14.638558 10.757847 15.014191
BLOCK_241 6.043560 14.129329 6.574785 14.660554
BLOCK_242 8.401922 22.374042 9.067880 23.040000
BLOCK_243 3.904075 15.733959 4.420408 16.250292
BLOCK_244 16.445181 9.987565 16.993086 10.535470
BLOCK_245 6.631693 7.984637 7.052407 8.405351
BLOCK_246 9.633701 14.638192 9.921625 14.926116
BLOCK_247 7.052218 9.384576 7.393539 9.725897
BLOCK_248 5.853783 19.438045 6.235359 19.819621
BLOCK_249 9.600732 10.840539 9.921668 11.161475
BLOCK_250 7.898261 20.998610 8.170107 21.270456
BLOCK_251 9.801555 16.905710 10.180237 17.284392
BLOCK_252 11.002577 17.368471 11.487551 17.853445
BLOCK_253 13.174699 18.132189 13.553381 18.510871
BLOCK_254 7.409568 18.760746 7.769984 19.121162
BLOCK_255 8.605701 6.881838 9.410313 7.686450
BLOCK_256 6.075750 6.359179 6.581121 6.864550
BLOCK_257 5.737380 13.800810 6.061880 14.125310
BLOCK_258 10.571554 16.918478 10.997465 17.344389
BLOCK_259 7.649320 21.118636 8.143486 21.612802
BLOCK_260 6.045040 7.076309 6.476201 7.507470
BLOCK_261 10.159439 9.797909 10.443340 10.081810
BLOCK_262 10.897059 16.575027 11.269752 16.947720
BLOCK_263 5.617447 7.504818 5.938383 7.825754
BLOCK_264 8.964936 20.549857 9.416378 21.001299
BLOCK_265 12.218973 14.638321 12.642293 15.061641
BLOCK_266 8.191166 17.278245 8.486801 17.573880
BLOCK_267 6.655999 8.862228 7.051979 9.258208
BLOCK_268 9.857637 8.938015 10.160622 9.241000
BLOCK_269 8.575171 18.958984 9.084877 19.468690
BLOCK_270 2.170268 18.761010 2.844582 19.435324
BLOCK_271 11.935614 22.601138 12.374476 23.040000
BLOCK_272 11.592599 22.682649 11.949950 23.040000
BLOCK_273 6.789250 19.318307 7.113750 19.642807
BLOCK_274 11.594116 15.958687 12.020027 16.384598
BLOCK_275 6.327626 19.247211 6.769101 19.688686
BLOCK_276 6.812906 7.164736 7.327007 7.678837
BLOCK_277 6.036306 8.207869 6.335639 8.507202
BLOCK_278 4.237354 11.136261 4.676216 11.575123
BLOCK_279 7.134380 16.445481 7.623972 16.935073
BLOCK_280 8.318911 6.554984 8.625668 6.861741
BLOCK_281 7.530162 8.263491 7.942715 8.676044
BLOCK_282 13.689298 13.438290 14.023962 13.772954
BLOCK_283 7.747877 6.463047 8.279102 6.994272
BLOCK_284 9.861373 19.682533 10.463785 20.284945
BLOCK_285 11.115878 11.878384 11.375108 12.137614
BLOCK_286 12.072193 10.369545 12.498104 10.795456
BLOCK_287 12.443339 12.318750 12.727240 12.602651
BLOCK_288 10.398944 13.749862 10.811497 14.162415
BLOCK_289 5.969864 7.915233 6.336470 8.281839
BLOCK_290 8.581905 8.529217 9.084995 9.032307
BLOCK_291 6.903655 20.553837 7.231527 20.881709
BLOCK_292 6.020129 22.517219 6.542910 23.040000
BLOCK_293 8.446250 8.938381 8.895249 9.387380
BLOCK_294 10.782412 10.468150 11.117076 10.802814
BLOCK_295 17.469482 13.797700 17.985815 14.314033
BLOCK_296 15.444350 17.013316 16.207501 17.776467
BLOCK_297 9.988802 15.238571 10.280521 15.530290
BLOCK_298 15.468104 13.526257 16.041951 14.100104
BLOCK_299 10.760033 14.288704 11.135666 14.664337
BLOCK_300 11.513116 18.512391 11.834052 18.833327
BLOCK_301 7.626866 12.415860 7.961530 12.750524
BLOCK_302 6.801836 8.080445 7.298223 8.576832
BLOCK_303 10.334946 12.689145 10.808232 13.162431
BLOCK_304 8.108696 13.543881 8.487378 13.922563
BLOCK_305 10.398846 14.222833 10.686770 14.510757
BLOCK_306 18.674968 11.456651 19.191301 11.972984
BLOCK_307 16.685637 12.730653 17.297274 13.342290
BLOCK_308 5.254983 14.775370 5.857395 15.377782
BLOCK_309 10.271347 10.290765 10.901029 10.920447
BLOCK_310 6.520860 13.835512 6.967402 14.282054
BLOCK_311 11.833174 11.058079 12.121098 11.346003
BLOCK_312 14.949655 11.862211 15.294184 12.206740
BLOCK_313 8.686273 11.638702 9.109593 12.062022
BLOCK_314 10.521104 13.032316 10.933657 13.444869
BLOCK_315 10.518195 11.269105 11.019094 11.770004
BLOCK_316 10.878118 10.914187 11.334517 11.370586
BLOCK_317 7.133774 11.038121 7.484773 11.389120
BLOCK_318 12.957772 11.038609 13.471873 11.552710
BLOCK_319 13.194560 12.051464 13.746466 12.603370
BLOCK_320 5.621571 22.012256 6.070570 22.461255
BLOCK_321 13.865041 11.229940 14.296202 11.661101
BLOCK_322 9.920812 13.939922 10.262133 14.281243
BLOCK_323 11.372304 10.737580 11.713625 11.078901
BLOCK_324 5.466688 15.358400 5.868310 15.760022
BLOCK_325 6.235313 8.303280 6.694225 8.762192
BLOCK_326 10.302511 20.503016 10.681193 20.881698
BLOCK_327 8.243786 18.958221 8.568286 19.282721
BLOCK_328 8.706112 18.717837 8.965342 18.977067
BLOCK_329 13.351235 12.925547 13.627278 13.201590
BLOCK_330 5.569186 14.518662 6.182619 15.132095
BLOCK_331 7.529671 21.418605 7.832656 21.721590
BLOCK_332 10.384557 8.520196 10.985057 9.120696
BLOCK_333 10.951162 21.574418 11.358347 21.981603
BLOCK_334 9.083601 20.157959 9.359644 20.434002
BLOCK_335 10.404056 9.189857 10.695775 9.481576
BLOCK_336 10.818334 20.688584 11.355921 21.226171
BLOCK_337 8.104600 14.259133 8.486176 14.640709
BLOCK_338 12.867552 17.998829 13.252000 18.383277
BLOCK_339 5.416968 14.013009 5.737904 14.333945
BLOCK_340 10.041181 20.153208 10.530773 20.642800
BLOCK_341 10.826133 12.191595 11.236011 12.601473
BLOCK_342 3.246212 7.960514 3.783799 8.498101
BLOCK_343 13.506385 12.983490 13.844320 13.321425
BLOCK_344 11.364147 22.198310 11.648048 22.482211
BLOCK_345 8.599076 17.933655 9.146981 18.481560
BLOCK_346 7.768378 9.556934 8.363273 10.151829
BLOCK_347 6.061522 20.068204 6.546496 20.553178
BLOCK_348 7.349555 8.016878 7.800997 8.468320
BLOCK_349 9.779780 6.604854 10.186965 7.012039
BLOCK_350 8.844980 15.955253 9.211586 16.321859
BLOCK_351 10.623004 21.945171 10.906905 22.229072
BLOCK_352 0.961473 16.422989 1.899716 17.361232
BLOCK_353 12.578476 12.617185 12.996447 13.035156
BLOCK_354 8.451217 17.398239 8.820811 17.767833
BLOCK_355 9.801243 17.520844 10.100576 17.820177
BLOCK_356 11.461410 21.900153 11.745311 22.184054
BLOCK_357 8.706384 11.518381 9.085066 11.897063
BLOCK_358 11.203736 22.318258 11.487637 22.602159
BLOCK_359 12.697673 11.998627 13.029034 12.329988
BLOCK_360 8.844179 10.880746 9.288138 11.324705
BLOCK_361 11.206518 21.445697 11.602498 21.841677
BLOCK_362 9.328341 8.482893 9.663005 8.817557
BLOCK_363 15.769721 21.887437 16.114250 22.231966
BLOCK_364 10.509050 9.957455 10.846985 10.295390
BLOCK_365 7.649237 14.336355 7.959559 14.646677
BLOCK_366 8.844521 14.518100 9.327222 15.000801
BLOCK_367 7.284477 18.221880 7.638596 18.575999
BLOCK_368 14.224051 12.478089 14.519686 12.773724
BLOCK_369 9.493274 6.874528 10.000817 7.382071
BLOCK_370 9.322681 18.993039 9.689287 19.359645
BLOCK_371 8.206658 20.998397 8.608280 21.400019
BLOCK_372 8.369402 9.811137 8.964297 10.406032
BLOCK_373 4.488019 19.927909 4.842138 20.282028
BLOCK_374 9.151151 14.829253 9.563704 15.241806
BLOCK_375 6.259546 7.299151 6.813532 7.853137
BLOCK_376 1.696132 11.510213 2.370446 12.184527
BLOCK_377 5.886086 19.557660 6.465741 20.137315
BLOCK_378 10.240757 11.724553 10.759216 12.243012
BLOCK_379 10.637795 20.118297 11.042146 20.522648
BLOCK_380 6.783741 17.263976 7.235183 17.715418
BLOCK_381 8.605735 9.490932 9.029055 9.914252
BLOCK_382 14.224529 11.652993 14.830664 12.259128
BLOCK_383 9.443161 19.082362 9.884636 19.523837
BLOCK_384 11.625574 10.233777 11.953446 10.561649
BLOCK_385 10.981324 12.595818 11.475490 13.089984
BLOCK_386 6.868745 12.933483 7.259001 13.323739
BLOCK_387 4.761632 20.761192 5.255798 21.255358
BLOCK_388 6.008068 18.817503 6.423399 19.232834
BLOCK_389 8.736203 13.573007 9.204711 14.041515
BLOCK_390 13.029805 12.358163 13.396411 12.724769
BLOCK_391 9.192783 11.037728 9.748751 11.593696
BLOCK_392 9.218354 17.639384 9.614334 18.035364
BLOCK_393 9.083741 21.121202 9.444157 21.481618
BLOCK_394 8.379643 15.186688 8.794974 15.602019
BLOCK_395 8.204750 8.077066 8.810885 8.683201
BLOCK_396 10.638003 9.566788 11.152104 10.080889
BLOCK_397 9.303447 9.641178 9.696639 10.034370
BLOCK_398 13.395560 22.043318 13.979084 22.626842
BLOCK_399 6.494548 18.483747 7.048534 19.037733
BLOCK_400 9.203206 17.226496 9.581888 17.605178
BLOCK_401 11.202560 18.662077 11.501893 18.961410
BLOCK_402 5.179662 20.460886 5.600376 20.881600
BLOCK_403 10.518030 8.394940 10.859351 8.736261
BLOCK_404 11.049807 11.158215 11.475718 11.584126
BLOCK_405 12.321456 11.505876 12.697089 11.881509
BLOCK_406 16.014272 12.836647 16.401699 13.224074
BLOCK_407 8.902708 19.285480 9.312586 19.695358
BLOCK_408 6.375963 21.867106 6.710627 22.201770
BLOCK_409 12.899051 13.078291 13.393217 13.572457
BLOCK_410 13.436333 16.559854 14.095575 17.219096
BLOCK_411 8.258139 14.397467 8.740840 14.880168
BLOCK_412 8.007742 18.839300 8.412093 19.243651
BLOCK_413 6.932628 11.638235 7.280479 11.986086
BLOCK_414 10.664203 18.838172 11.144515 19.318484
BLOCK_415 11.354918 12.626872 11.689582 12.961536
BLOCK_416 8.584633 12.216139 8.963315 12.594821
BLOCK_417 12.553831 22.603652 12.990179 23.040000
BLOCK_418 6.624572 13.069474 7.053174 13.498076
BLOCK_419 4.602732 21.478419 4.947261 21.822948
BLOCK_420 8.862371 17.517887 9.323673 17.979189
BLOCK_421 5.731700 21.636416 6.347005 22.251721
BLOCK_422 10.968880 9.957956 11.356307 10.345383
BLOCK_423 7.963115 13.678440 8.356307 14.071632
BLOCK_424 14.675044 19.488938 15.313558 20.127452
BLOCK_425 9.442513 9.286370 9.868424 9.712281
BLOCK_426 10.518886 19.589632 10.903334 19.974080
BLOCK_427 8.724472 12.954979 9.091078 13.321585
BLOCK_428 5.084629 20.039808 5.626293 20.581472
BLOCK_429 10.331825 21.641361 10.638582 21.948118
BLOCK_430 18.375944 13.006221 19.115268 13.745545
BLOCK_431 12.742265 12.718958 13.186224 13.162917
BLOCK_432 12.789281 10.597176 13.113781 10.921676
BLOCK_433 9.589808 7.428962 9.962501 7.801655
BLOCK_434 6.812639 13.490281 7.243800 13.921442
BLOCK_435 8.840418 22.598525 9.281893 23.040000
BLOCK_436 12.572926 21.860531 13.014401 22.302006
BLOCK_437 8.222250 10.297425 8.606698 10.681873
BLOCK_438 13.148029 11.595499 13.489350 11.936820
BLOCK_439 9.681564 6.436981 10.009436 6.764853
BLOCK_440 9.561761 20.526500 10.015743 20.980482
BLOCK_441 6.252502 21.507793 6.587166 21.842457
BLOCK_442 11.355374 10.197252 11.676310 10.518188
BLOCK_443 8.878903 4.229272 9.418533 4.768902
BLOCK_444 16.941944 20.132488 17.405625 20.596169
BLOCK_445 9.442567 6.286174 9.773928 6.617535
BLOCK_446 11.713706 12.371834 12.219077 12.877205
BLOCK_447 9.680842 21.122070 10.165816 21.607044
BLOCK_448 10.732992 14.978475 11.413947 15.659430
BLOCK_449 6.693342 20.624764 7.129690 21.061112
BLOCK_450 8.457981 16.776145 8.845408 17.163572
BLOCK_451 9.324885 18.283192 9.753487 18.711794
BLOCK_452 10.534860 21.240059 11.070304 21.775503
BLOCK_453 15.191602 11.998528 15.539453 12.346379
BLOCK_454 5.094326 21.797498 5.562834 22.266006
BLOCK_455 7.051685 8.517453 7.402684 8.868452
BLOCK_456 5.381025 6.957635 5.877412 7.454022
BLOCK_457 12.434212 10.685871 12.909817 11.161476
BLOCK_458 9.126256 19.605313 9.562604 20.041661
BLOCK_459 9.263416 21.990266 9.594777 22.321627
BLOCK_460 6.934691 21.124434 7.292042 21.481785
BLOCK_461 14.488782 11.878710 14.799104 12.189032
BLOCK_462 11.848702 21.873061 12.297701 22.322060
BLOCK_463 9.920506 9.952223 10.290100 10.321817
BLOCK_464 8.126731 19.318407 8.454603 19.646279
BLOCK_465 4.204885 20.630910 4.768889 21.194914
BLOCK_466 7.519948 5.631853 7.889542 6.001447
BLOCK_467 13.970323 11.772022 14.314852 12.116551
BLOCK_468 5.497961 6.662413 6.027111 7.191563
BLOCK_469 14.208644 22.020516 14.748274 22.560146
BLOCK_470 8.659123 17.134513 9.022716 17.498106
BLOCK_471 19.451462 16.048853 20.100384 16.697775
BLOCK_472 12.928891 15.408425 13.722238 16.201772
BLOCK_473 9.970164 12.478442 10.450476 12.958754
BLOCK_474 4.350530 14.513974 5.198469 15.361913
BLOCK_475 8.607175 15.034716 9.182935 15.610476
BLOCK_476 12.804047 10.307025 13.267728 10.770706
BLOCK_477 13.481571 12.598379 13.863147 12.979955
BLOCK_478 7.409967 13.077190 7.894941 13.562164
BLOCK_479 18.742901 15.021629 19.204203 15.482931
BLOCK_480 12.513386 21.225095 13.059188 21.770897
BLOCK_481 11.850762 20.461687 12.238189 20.849114
BLOCK_482 14.027389 12.238124 14.355261 12.565996
BLOCK_483 4.559828 20.222344 4.961450 20.623966
BLOCK_484 6.651758 10.757006 7.227518 11.332766
BLOCK_485 7.052070 12.175266 7.477981 12.601177
BLOCK_486 6.097957 13.436603 6.667869 14.006515
BLOCK_487 7.952648 15.065975 8.248283 15.361610
BLOCK_488 5.834582 13.137748 6.376246 13.679412
BLOCK_489 6.082226 11.941898 6.691980 12.551652
BLOCK_490 11.468880 9.280230 12.166089 9.977439
BLOCK_491 8.111160 12.837573 8.596134 13.322547
BLOCK_492 9.376562 12.116540 9.922364 12.662342
BLOCK_493 2.856149 16.833755 3.506841 17.484447
BLOCK_494 11.546165 21.251863 12.073232 21.778930
BLOCK_495 13.921089 21.814265 14.399106 22.292282
BLOCK_496 17.300351 9.732607 17.684799 10.117055
BLOCK_497 13.012135 21.784090 13.427466 22.199421
BLOCK_498 9.378614 14.084895 9.709975 14.416256
BLOCK_499 12.209690 11.103989 12.627661 11.521960
BLOCK_500 6.416144 11.709916 6.896456 12.190228
BLOCK_501 11.528669 10.918811 11.882788 11.272930
BLOCK_502 7.082550 6.690500 7.497881 7.105831
BLOCK_503 9.082717 12.477280 9.747021 13.141584
BLOCK_504 9.675153 13.786069 10.050786 14.161702
BLOCK_505 7.509869 11.254386 7.876475 11.620992
BLOCK_506 9.346915 13.596961 9.681579 13.931625
BLOCK_507 13.035756 18.599027 13.420204 18.983475
BLOCK_508 13.284199 22.521541 13.802658 23.040000
BLOCK_509 8.477999 18.257988 8.844605 18.624594
BLOCK_510 11.014338 14.158251 11.355659 14.499572
BLOCK_511 11.490982 6.009252 11.978219 6.496489
BLOCK_512 13.821207 15.670890 14.534299 16.383982
BLOCK_513 6.222866 7.707797 6.589472 8.074403
BLOCK_514 4.533298 10.317869 5.020535 10.805106
BLOCK_515 17.237378 14.789482 17.724615 15.276719
BLOCK_516 7.649442 6.160799 7.970378 6.481735
BLOCK_517 13.028716 8.351620 13.614122 8.937026
BLOCK_518 8.326143 13.065369 8.822530 13.561756
BLOCK_519 7.239637 10.621736 7.652190 11.034289
BLOCK_520 13.506586 11.434303 13.860705 11.788422
BLOCK_521 9.761780 7.223914 10.140462 7.602596
BLOCK_522 7.974118 11.080297 8.726913 11.833092
BLOCK_523 6.317676 12.475571 6.814063 12.971958
BLOCK_524 11.906985 13.192322 12.276579 13.561916
BLOCK_525 5.653426 16.987207 6.452425 17.786206
BLOCK_526 8.248358 20.284178 8.605709 20.641529
BLOCK_527 6.872538 15.251171 7.193474 15.572107
BLOCK_528 8.577292 10.666836 9.084835 11.174379
BLOCK_529 10.452047 17.768716 11.165139 18.481808
BLOCK_530 4.139301 13.318640 4.662082 13.841421
BLOCK_531 5.375161 12.170657 6.006588 12.802084
BLOCK_532 3.076653 12.836271 3.878463 13.638081
BLOCK_533 10.271798 4.568994 10.997332 5.294528
BLOCK_534 12.311063 12.096952 12.695511 12.481400
BLOCK_535 9.079418 21.414217 9.564392 21.899191
BLOCK_536 5.400106 21.173534 5.943889 21.717317
BLOCK_537 11.835525 21.194468 12.242710 21.601653
BLOCK_538 4.087285 8.938453 4.665039 9.516207
BLOCK_539 7.127900 12.679203 7.650681 13.201984
BLOCK_540 6.872387 12.283268 7.311249 12.722130
BLOCK_541 11.714104 11.638167 12.185060 12.109123
BLOCK_542 4.991720 22.521541 5.510179 23.040000
BLOCK_543 8.310928 5.779725 9.025561 6.494358
BLOCK_544 10.853208 19.733754 11.342800 20.223346
BLOCK_545 8.964698 13.212980 9.433206 13.681488
BLOCK_546 4.541447 6.694694 5.251377 7.404624
BLOCK_547 9.230311 7.970196 9.645642 8.385527
BLOCK_548 7.591211 13.433241 8.009182 13.851212
BLOCK_549 9.932181 18.334364 10.437552 18.839735
BLOCK_550 13.387405 16.117616 13.831364 16.561575
BLOCK_551 6.062771 5.570282 6.670718 6.178229
BLOCK_552 13.810115 21.207904 14.319821 21.717610
BLOCK_553 7.768780 21.589377 8.141473 21.962070
BLOCK_554 5.736086 22.679584 6.096502 23.040000
BLOCK_555 2.423976 8.769776 3.133906 9.479706
BLOCK_556 8.964700 18.305248 9.502287 18.842835
BLOCK_557 9.065361 11.785216 9.514360 12.234215
BLOCK_558 7.879761 8.150826 8.345915 8.616980
BLOCK_559 8.748213 6.410136 9.323973 6.985896
BLOCK_560 8.099761 16.438281 8.722256 17.060776
BLOCK_561 7.815909 12.287388 8.129915 12.601394
BLOCK_562 7.716482 19.438033 8.129035 19.850586
BLOCK_563 8.186539 21.718002 8.666851 22.198314
BLOCK_564 7.206719 19.438556 7.650678 19.882515
BLOCK_565 6.534082 18.841039 6.932830 19.239787
BLOCK_566 8.367183 13.798353 8.937095 14.368265
BLOCK_567 7.893945 7.438547 8.248064 7.792666
BLOCK_568 16.375365 12.571410 16.765621 12.961666
BLOCK_569 15.872550 11.873029 16.438501 12.438980
BLOCK_570 7.971372 19.804092 8.367352 20.200072
BLOCK_571 3.687678 7.568392 4.216828 8.097542
BLOCK_572 11.540666 20.589328 11.950544 20.999206
BLOCK_573 7.350306 6.357863 7.760184 6.767741
BLOCK_574 12.192433 12.885533 12.596784 13.289884
BLOCK_575 11.964277 11.279248 12.312128 11.627099
BLOCK_576 4.781788 9.955930 5.259805 10.433947
BLOCK_577 10.111617 17.566437 10.518802 17.973622
BLOCK_578 5.372931 22.555026 5.857905 23.040000
BLOCK_579 6.334688 6.742681 6.798369 7.206362
BLOCK_580 9.542655 21.976266 10.041253 22.474864
BLOCK_581 4.855012 10.830671 5.502237 11.477896
BLOCK_582 15.658832 12.207195 16.084743 12.633106
BLOCK_583 10.072716 13.318580 10.569103 13.814967
BLOCK_584 7.741854 11.659379 8.331091 12.248616
BLOCK_585 17.213332 10.272141 17.731791 10.790600
BLOCK_586 12.368187 22.192600 12.920093 22.744506
BLOCK_587 8.006077 6.718272 8.404825 7.117020
BLOCK_588 12.941374 22.630122 13.351252 23.040000
BLOCK_589 6.357248 21.038856 6.813647 21.495255
BLOCK_590 8.667408 20.775282 9.152382 21.260256
BLOCK_591 10.927604 11.706285 11.595287 12.373968
BLOCK_592 11.953632 12.652720 12.382234 13.081322
BLOCK_593 17.915378 10.229289 18.433837 10.747748
BLOCK_594 7.750943 12.691379 8.247330 13.187766
BLOCK_595 11.805910 9.958475 12.313453 10.466018
BLOCK_596 9.799225 9.478481 10.211778 9.891034
BLOCK_597 14.077178 12.617731 14.722624 13.263177
BLOCK_598 15.180075 11.396132 15.736043 11.952100
BLOCK_599 9.295074 22.652573 9.682501 23.040000
BLOCK_600 10.654491 13.496371 11.236041 14.077921
BLOCK_601 11.474464 11.432146 11.858912 11.816594
BLOCK_602 4.937607 21.059016 5.406115 21.527524
BLOCK_603 6.841266 22.632815 7.248451 23.040000
BLOCK_604 6.585647 21.910228 7.051801 22.376382
BLOCK_605 6.334852 18.218315 6.719300 18.602763
BLOCK_606 13.499400 11.754426 13.986637 12.241663
BLOCK_607 6.162491 17.496633 6.714397 18.048539
BLOCK_608 10.673448 8.998376 11.146734 9.471662
BLOCK_609 8.480395 19.917811 9.079060 20.516476
BLOCK_610 6.693049 17.044224 7.065742 17.416917
BLOCK_611 8.015716 15.518752 8.486672 15.989708
BLOCK_612 6.722551 17.878731 7.247432 18.403612
BLOCK_613 6.419715 16.558227 6.969624 17.108136
BLOCK_614 8.366954 17.591060 8.724305 17.948411
BLOCK_615 7.147439 17.158945 7.504790 17.516296
BLOCK_616 8.105954 20.668425 8.487530 21.050001
BLOCK_617 6.967250 17.711304 7.440536 18.184590
BLOCK_618 6.070827 18.062642 6.455275 18.447090
BLOCK_619 4.580584 7.327962 5.122248 7.869626
BLOCK_620 13.755702 13.063702 14.204701 13.512701
BLOCK_621 12.359895 18.043986 12.830851 18.514942
BLOCK_622 4.744651 22.234213 5.208332 22.697894
BLOCK_623 9.482685 10.601659 9.921547 11.040521
BLOCK_624 9.113823 8.878092 9.562822 9.327091
BLOCK_625 15.867625 12.717852 16.255052 13.105279
BLOCK_626 8.479119 21.115206 8.845725 21.481812
BLOCK_627 7.052962 13.646786 7.671832 14.265656
BLOCK_628 4.782214 21.621016 5.260231 22.099033
BLOCK_629 11.243995 10.318907 11.594994 10.669906
BLOCK_630 5.614282 9.501967 6.134859 10.022544
BLOCK_631 10.228181 9.413527 10.656783 9.842129
BLOCK_632 15.262909 17.722626 15.933878 18.393595
BLOCK_633 7.717164 7.186571 8.493437 7.962844
BLOCK_634 20.429184 14.592001 21.051679 15.214496
BLOCK_635 8.422460 21.478917 8.932166 21.988623
BLOCK_636 8.881592 8.094679 9.296923 8.510010
BLOCK_637 8.366817 19.492069 8.733423 19.858675
BLOCK_638 7.031183 5.820780 7.477725 6.267322
BLOCK_639 7.416753 20.878496 7.767752 21.229495
BLOCK_640 7.625358 20.386007 8.000991 20.761640
BLOCK_641 9.801471 21.747470 10.255453 22.201452
BLOCK_642 8.127656 12.118324 8.603261 12.593929
BLOCK_643 7.641011 10.459188 8.374223 11.192400
BLOCK_644 7.481378 14.038530 8.016822 14.573974
BLOCK_645 9.921633 21.370988 10.303209 21.752564
BLOCK_646 10.470385 15.270219 10.921827 15.721661
BLOCK_647 7.500878 20.147142 8.128731 20.774995
BLOCK_648 6.777109 21.358152 7.195080 21.776123
BLOCK_649 6.937724 21.717564 7.399026 22.178866
BLOCK_650 12.062380 10.609404 12.431974 10.978998
BLOCK_651 7.161249 20.998694 7.530843 21.368288
BLOCK_652 7.410295 16.316660 7.895269 16.801634
BLOCK_653 6.678163 15.704647 7.172329 16.198813
BLOCK_654 6.670611 16.316665 7.155585 16.801639
BLOCK_655 6.308900 16.078707 6.704880 16.474687
BLOCK_656 15.419175 14.969423 16.083479 15.633727
BLOCK_657 7.312139 21.741188 7.773441 22.202490
BLOCK_658 9.548748 8.613070 10.017256 9.081578
BLOCK_659 1.853428 10.422732 2.521111 11.090415
BLOCK_660 7.070236 11.415382 7.614019 11.959165
BLOCK_661 7.724163 5.491873 8.438796 6.206506
BLOCK_662 5.727591 6.035519 6.237297 6.545225
BLOCK_663 9.684162 14.997444 10.448753 15.762035
BLOCK_664 7.036625 7.536182 7.530791 8.030348
BLOCK_665 8.963725 14.038575 9.577158 14.652008
BLOCK_666 4.129275 9.861166 4.549275 10.281166
BLOCK_667 16.812039 15.598983 17.232039 16.018983
BLOCK_668 5.493947 17.881043 5.913947 18.301043
BLOCK_669 5.109317 16.558415 5.529317 16.978415
BLOCK_670 6.405044 9.362486 6.825044 9.782486
BLOCK_671 10.757168 7.974003 11.177168 8.394003
BLOCK_672 9.038529 3.626401 9.458529 4.046401
BLOCK_673 18.153034 12.187656 18.573034 12.607656
BLOCK_674 21.426732 14.151145 21.846732 14.571145
BLOCK_675 6.453524 5.225129 6.873524 5.645129
BLOCK_676 11.079023 18.958442 11.499023 19.378442
BLOCK_677 16.487048 10.862840 16.907048 11.282840
BLOCK_678 11.862700 5.796633 12.282700 6.216633
BLOCK_679 3.984362 10.716630 4.404362 11.136630
BLOCK_680 3.557214 5.913783 3.977214 6.333783
BLOCK_681 6.310529 10.021502 6.730529 10.441502
BLOCK_682 14.010510 16.798440 14.430510 17.218440
BLOCK_683 3.695824 10.407035 4.115824 10.827035
BLOCK_684 4.661445 15.224630 5.081445 15.644630
BLOCK_685 20.884005 9.375635 21.304005 9.795635
BLOCK_686 12.550327 9.905130 12.970327 10.325130
BLOCK_687 16.792956 18.718406 17.212956 19.138406
BLOCK_688 11.314454 8.774893 11.734454 9.194893
BLOCK_689 4.783226 11.941640 5.203226 12.361640
BLOCK_690 6.475783 3.301577 6.895783 3.721577
BLOCK_691 4.123072 8.523368 4.543072 8.943368
BLOCK_692 3.764045 12.718393 4.184045 13.138393
BLOCK_693 3.528544 14.518434 3.948544 14.938434
BLOCK_694 3.823049 12.041395 4.243049 12.461395
BLOCK_695 10.780656 4.112463 11.200656 4.532463
BLOCK_696 16.078162 13.449251 16.498162 13.869251
BLOCK_697 19.168549 13.145781 19.588549 13.565781
BLOCK_698 13.745492 17.398381 14.165492 17.818381
BLOCK_699 12.131505 8.341319 12.551505 8.761319
BLOCK_700 4.122898 6.810590 4.542898 7.230590
BLOCK_701 15.822987 18.171128 16.242987 18.591128
BLOCK_702 2.852418 17.525805 3.272418 17.945805
BLOCK_703 12.369496 9.781689 12.789496 10.201689
BLOCK_704 3.465794 11.461637 3.885794 11.881637
BLOCK_705 11.377358 7.678341 11.797358 8.098341
BLOCK_706 22.110000 11.097254 22.950000 12.057254
BLOCK_707 4.050673 11.377883 4.890673 12.337883
BLOCK_708 6.232155 4.285124 7.072155 5.245124
BLOCK_709 14.168574 14.872768 15.008574 15.832768
BLOCK_710 6.592005 9.704156 7.432005 10.664156
BLOCK_711 4.793814 16.918386 5.633814 17.878386
BLOCK_712 6.835341 3.271224 7.675341 4.231224
BLOCK_713 1.100613 19.451230 1.940613 20.411230
BLOCK_714 19.734422 17.321617 20.574422 18.281617
BLOCK_715 2.992753 22.080000 3.832753 23.040000
BLOCK_716 2.696919 15.238368 3.536919 16.198368
BLOCK_717 4.859157 5.701221 5.699157 6.661221
BLOCK_718 4.778929 13.580386 5.618929 14.540386
BLOCK_719 18.874577 21.247381 19.714577 22.207381
BLOCK_720 18.864097 16.921651 19.704097 17.881651
BLOCK_721 16.559372 11.653629 17.399372 12.613629
BLOCK_722 14.729063 21.600976 15.569063 22.560976
BLOCK_723 3.902511 22.080000 4.742511 23.040000
BLOCK_724 17.454125 18.445257 18.294125 19.405257
BLOCK_725 7.151313 4.460730 7.991313 5.420730
BLOCK_726 0.857493 9.378626 1.697493 10.338626
BLOCK_727 3.590138 17.415565 4.430138 18.375565
BLOCK_728 1.721278 17.394226 2.561278 18.354226
BLOCK_729 11.905784 18.739409 12.745784 19.699409
BLOCK_730 1.001162 10.396664 1.841162 11.356664
BLOCK_731 1.988379 19.718569 2.828379 20.678569
BLOCK_732 13.734214 18.818380 14.574214 19.778380
BLOCK_733 0.000000 6.975044 0.840000 7.935044
BLOCK_734 3.943895 5.595711 4.783895 6.555711
BLOCK_735 14.292088 16.188667 15.132088 17.148667
BLOCK_736 18.443111 13.761210 19.283111 14.721210
BLOCK_737 0.936483 15.396465 1.776483 16.356465
BLOCK_738 12.544296 19.823023 13.384296 20.783023
BLOCK_739 0.866256 11.441842 1.706256 12.401842
BLOCK_740 15.440932 20.843245 16.280932 21.803245
BLOCK_741 5.670968 20.394000 6.510968 21.354000
BLOCK_742 0.000000 12.085279 0.840000 13.045279
BLOCK_743 2.219932 10.925414 3.059932 11.885414
BLOCK_744 19.528496 12.838344 20.368496 13.798344
BLOCK_745 17.167356 15.379160 18.007356 16.339160
BLOCK_746 0.814314 20.432222 1.654314 21.392222
BLOCK_747 9.835758 5.444776 10.675758 6.404776
BLOCK_748 0.224980 18.870982 1.064980 19.830982
BLOCK_749 1.856441 15.438335 2.696441 16.398335
BLOCK_750 17.415886 11.916100 18.255886 12.876100
BLOCK_751 2.900736 20.398564 3.740736 21.358564
BLOCK_752 16.523927 16.389987 17.363927 17.349987
BLOCK_753 12.241707 15.897336 13.081707 16.857336
BLOCK_754 17.431914 16.380136 18.271914 17.340136
BLOCK_755 17.722839 19.427435 18.562839 20.387435
BLOCK_756 5.734889 8.641479 6.574889 9.601479
BLOCK_757 15.765347 19.567927 16.605347 20.527927
BLOCK_758 19.377844 11.813083 20.217844 12.773083
BLOCK_759 1.001739 8.292560 1.841739 9.252560
BLOCK_760 20.877510 16.606781 21.717510 17.566781
BLOCK_761 0.954947 21.609903 1.794947 22.569903
BLOCK_762 3.672793 21.049546 4.512793 22.009546
BLOCK_763 11.689847 0.132634 12.529847 1.092634
BLOCK_764 5.913135 10.786975 6.753135 11.746975
BLOCK_765 11.009460 4.601636 11.849460 5.561636
BLOCK_766 0.010723 7.979773 0.850723 8.939773
BLOCK_767 3.408396 9.430477 4.248396 10.390477
BLOCK_768 1.765645 6.706235 2.605645 7.666235
BLOCK_769 19.988014 15.149477 20.828014 16.109477
BLOCK_770 17.620692 14.151682 18.460692 15.111682
BLOCK_771 3.513491 14.847321 4.353491 15.807321
BLOCK_772 21.773467 15.811565 22.613467 16.771565
BLOCK_773 8.528488 2.879002 9.368488 3.839002
BLOCK_774 2.432511 21.292950 3.272511 22.252950
BLOCK_775 11.262765 2.219047 12.502765 3.499047
BLOCK_776 19.296868 18.231136 20.136868 19.191136
BLOCK_777 3.536346 4.612246 4.376346 5.572246
BLOCK_778 19.340405 13.841140 20.180405 14.801140
BLOCK_779 2.047849 16.426830 2.887849 17.386830
BLOCK_780 14.250450 20.705856 15.090450 21.665856
BLOCK_781 1.301529 18.478459 2.141529 19.438459
BLOCK_782 15.638455 18.598968 16.478455 19.558968
BLOCK_783 9.422502 4.233100 10.262502 5.193100
BLOCK_784 17.114640 17.495161 17.954640 18.455161
BLOCK_785 22.110000 12.142573 22.950000 13.102573
BLOCK_786 18.017462 15.089226 18.857462 16.049226
BLOCK_787 0.000000 10.079322 0.840000 11.039322
BLOCK_788 2.594944 7.209175 3.434944 8.169175
BLOCK_789 21.099451 14.485067 21.939451 15.445067
BLOCK_790 0.831535 14.282487 1.671535 15.242487
BLOCK_791 11.910851 1.176152 12.750851 2.136152
BLOCK_792 9.592831 3.232264 10.432831 4.192264
BLOCK_793 5.138751 11.269542 5.978751 12.229542
BLOCK_794 5.348477 4.784609 6.188477 5.744609
BLOCK_795 3.630415 19.659616 4.470415 20.619616
BLOCK_796 16.307207 20.459828 17.147207 21.419828
BLOCK_797 1.967749 12.183329 2.807749 13.143329
BLOCK_798 3.104766 8.457216 3.944766 9.417216
BLOCK_799 4.422323 17.820906 5.262323 18.780906
BLOCK_800 4.452510 4.477529 5.292510 5.437529
BLOCK_801 11.198488 6.803514 12.038488 7.763514
BLOCK_802 3.571556 13.674887 4.411556 14.634887
BLOCK_803 0.000000 17.954338 0.840000 18.914338
BLOCK_804 22.038774 14.856693 22.878774 15.816693
BLOCK_805 3.396420 6.591423 4.236420 7.551423
BLOCK_806 0.213742 13.014114 1.053742 13.974114
BLOCK_807 8.958819 5.134451 9.798819 6.094451
BLOCK_808 13.109542 9.238411 13.949542 10.198411
BLOCK_809 18.561653 10.301315 19.401653 11.261315
BLOCK_810 15.673835 16.078578 16.513835 17.038578
BLOCK_811 4.997710 12.627060 5.837710 13.587060
BLOCK_812 1.708318 14.422610 2.548318 15.382610
BLOCK_813 0.736301 6.160785 1.576301 7.120785
BLOCK_814 15.540341 14.007741 16.380341 14.967741
BLOCK_815 19.981887 16.336220 20.821887 17.296220
BLOCK_816 0.000000 19.820976 0.840000 20.780976
BLOCK_817 16.138496 21.759876 17.398496 23.039876
BLOCK_818 21.155980 10.138518 21.995980 11.098518
BLOCK_819 20.633341 17.580624 21.473341 18.540624
BLOCK_820 11.457365 3.667218 12.297365 4.627218
BLOCK_821 2.515583 14.114888 3.355583 15.074888
BLOCK_822 14.929278 15.478375 15.769278 16.438375
BLOCK_823 18.525763 12.036641 19.365763 12.996641
BLOCK_824 15.736951 10.906061 16.576951 11.866061
BLOCK_825 1.686103 20.673144 2.526103 21.633144
BLOCK_826 8.189304 4.508407 9.029304 5.468407
BLOCK_827 20.464662 12.395575 21.304662 13.355575
BLOCK_828 1.909630 7.948742 2.749630 8.908742
BLOCK_829 10.631426 1.366117 11.471426 2.326117
BLOCK_830 0.000000 11.027823 0.840000 11.987823
BLOCK_831 3.198287 16.081596 4.038287 17.041596
BLOCK_832 2.556924 9.733839 3.396924 10.693839
BLOCK_833 16.067905 15.167554 16.907905 16.127554
BLOCK_834 4.087899 7.743507 4.927899 8.703507
BLOCK_835 0.000000 16.894248 0.840000 17.854248
BLOCK_836 16.853532 10.713084 17.693532 11.673084
BLOCK_837 0.000000 13.925420 0.840000 14.885420
BLOCK_838 12.554324 13.447449 13.394324 14.407449
BLOCK_839 14.509113 13.592666 15.349113 14.552666
BLOCK_840 9.945251 2.178281 10.785251 3.138281
BLOCK_841 14.363199 17.669895 15.203199 18.629895
BLOCK_842 13.709129 19.835225 14.549129 20.795225
BLOCK_843 2.268987 13.147422 3.108987 14.107422
BLOCK_844 11.874540 4.871292 12.714540 5.831292
BLOCK_845 4.089568 18.739301 4.929568 19.699301
BLOCK_846 16.480897 14.251905 17.320897 15.211905
BLOCK_847 12.686903 16.720002 13.526903 17.680002
BLOCK_848 11.162953 8.035089 12.002953 8.995089
BLOCK_849 14.592302 10.688208 15.432302 11.648208
BLOCK_850 4.133279 12.441260 4.973279 13.401260
BLOCK_851 10.458237 22.080000 11.298237 23.040000
BLOCK_852 2.784728 19.192473 3.624728 20.152473
BLOCK_853 7.539977 22.080000 8.379977 23.040000
BLOCK_854 16.197009 17.348854 17.037009 18.308854
BLOCK_855 4.450813 15.648366 5.290813 16.608366
BLOCK_856 17.464536 12.899270 18.304536 13.859270
BLOCK_857 18.015224 17.267602 18.855224 18.227602
BLOCK_858 20.685633 13.332892 21.525633 14.292892
BLOCK_859 3.268056 18.344868 4.108056 19.304868
BLOCK_860 17.523801 21.843556 18.363801 22.803556
BLOCK_861 22.110000 10.118986 22.950000 11.078986
BLOCK_862 10.720910 5.565406 11.560910 6.525406
BLOCK_863 12.825551 18.876921 13.665551 19.836921
BLOCK_864 20.521634 11.041682 21.361634 12.001682
BLOCK_865 5.290129 18.221920 6.130129 19.181920
BLOCK_866 5.364524 15.627913 6.204524 16.587913
BLOCK_867 0.000000 14.998641 0.840000 15.958641
BLOCK_868 0.851363 17.498050 1.691363 18.458050
BLOCK_869 17.762465 10.932566 18.602465 11.892566
BLOCK_870 13.068451 20.654158 13.908451 21.614158
BLOCK_871 18.386990 18.214660 19.226990 19.174660
BLOCK_872 19.368665 10.801629 20.208665 11.761629
BLOCK_873 0.000000 8.959170 0.840000 9.919170
BLOCK_874 2.473088 17.878858 3.313088 18.838858
BLOCK_875 13.328888 10.350880 14.168888 11.310880
BLOCK_876 0.000000 21.069914 0.840000 22.029914
BLOCK_877 4.543001 9.107603 5.383001 10.067603
BLOCK_878 1.732199 9.238185 2.572199 10.198185
BLOCK_879 14.925079 19.959108 15.765079 20.919108
BLOCK_880 1.660960 5.705545 2.500960 6.665545
BLOCK_881 19.138471 14.860585 19.978471 15.820585
BLOCK_882 15.372753 10.013397 16.212753 10.973397
BLOCK_883 7.763498 3.514804 8.603498 4.474804
BLOCK_884 10.498219 3.289180 11.338219 4.249180
BLOCK_885 12.016885 6.201399 12.856885 7.161399
BLOCK_886 2.650119 5.943851 3.490119 6.903851
BLOCK_887 16.680890 19.212785 17.520890 20.172785
BLOCK_888 12.074158 7.368349 12.914158 8.328349
BLOCK_889 1.077197 12.434604 1.917197 13.394604
BLOCK_890 4.937363 8.189394 5.777363 9.149394
BLOCK_891 18.623654 15.892243 19.463654 16.852243
BLOCK_892 22.110000 13.862362 22.950000 14.822362
BLOCK_893 5.457333 9.924167 6.297333 10.884167
BLOCK_894 20.869393 15.503049 21.709393 16.463049
BLOCK_895 14.743241 18.588402 15.583241 19.548402
BLOCK_896 2.785117 11.852895 3.625117 12.812895
BLOCK_897 0.969153 7.273066 1.809153 8.233066
BLOCK_898 3.073367 10.674768 3.913367 11.634768
BLOCK_899 16.476542 13.269999 17.316542 14.229999
BLOCK_900 10.266218 6.549852 11.106218 7.509852
BLOCK_901 12.069857 8.711743 12.909857 9.671743
BLOCK_902 21.573928 12.992581 22.413928 13.952581
BLOCK_903 0.000000 15.956513 0.840000 16.916513
BLOCK_904 2.650831 4.962480 3.490831 5.922480
BLOCK_905 20.121763 10.088739 20.961763 11.048739
BLOCK_906 21.202664 11.761494 22.042664 12.721494
BLOCK_907 14.236452 9.698853 15.076452 10.658853
BLOCK_908 3.969357 16.529015 4.809357 17.489015
BLOCK_909 12.430000 0.000000 22.950000 10.520000
BLOCK_910 13.479292 13.677803 14.319292 14.637803
BLOCK_911 4.900585 19.130328 5.740585 20.090328

[Iter 7000] geometry_scale=12.000000
BLOCK_1 10.116806 5.307090 10.211674 5.401958
BLOCK_2 14.486708 20.158354 14.612008 20.283654
BLOCK_3 10.116636 5.306872 10.211504 5.401740
BLOCK_4 13.626092 10.564441 13.751392 10.689741
BLOCK_5 10.116455 5.306715 10.211323 5.401583
BLOCK_6 14.578413 20.260066 14.703713 20.385366
BLOCK_7 20.616552 13.555716 20.741852 13.681016
BLOCK_8 14.582211 20.262810 14.707511 20.388110
BLOCK_9 17.145903 16.836647 17.212985 16.903729
BLOCK_10 10.117137 5.307423 10.212005 5.402291
BLOCK_11 11.152512 21.026785 11.247381 21.121653
BLOCK_12 17.145904 16.836672 17.212986 16.903754
BLOCK_13 5.670900 17.934559 5.737982 18.001641
BLOCK_14 17.644169 5.234754 17.691073 5.281659
BLOCK_15 7.287797 4.215524 7.403555 4.331282
BLOCK_16 17.644247 5.234734 17.691152 5.281638
BLOCK_17 17.145912 16.836657 17.212994 16.903739
BLOCK_18 17.145900 16.836656 17.212982 16.903738
BLOCK_19 14.238427 10.798367 14.363727 10.923667
BLOCK_20 14.218950 10.684639 14.344250 10.809939
BLOCK_21 5.493148 9.244103 5.618448 9.369403
BLOCK_22 3.700233 5.525817 3.795101 5.620685
BLOCK_23 14.164438 20.156354 14.289738 20.281654
BLOCK_24 5.362926 9.354868 5.488226 9.480168
BLOCK_25 7.410453 4.367298 7.505322 4.462166
BLOCK_26 5.362869 9.354726 5.488169 9.480026
BLOCK_27 6.932319 20.278497 7.027187 20.373366
BLOCK_28 5.139343 9.356335 5.264643 9.481635
BLOCK_29 3.700233 5.525817 3.795101 5.620685
BLOCK_30 3.700233 5.525817 3.795101 5.620685
BLOCK_31 20.616194 13.555596 20.741494 13.680896
BLOCK_32 20.319594 13.366644 20.444894 13.491944
BLOCK_33 3.700233 5.525817 3.795101 5.620685
BLOCK_34 7.267991 4.196458 7.383749 4.312216
BLOCK_35 7.410462 4.367314 7.505330 4.462182
BLOCK_36 13.157129 4.152950 13.313973 4.309794
BLOCK_37 13.626107 10.564859 13.751407 10.690159
BLOCK_38 5.152344 20.398362 5.258174 20.504192
BLOCK_39 20.244667 13.344185 20.369967 13.469485
BLOCK_40 12.096372 19.756429 12.497994 20.158051
BLOCK_41 12.289697 18.389944 12.741139 18.841386
BLOCK_42 14.524370 9.133839 14.779321 9.388790
BLOCK_43 5.856555 16.798413 6.166877 17.108735
BLOCK_44 4.302744 10.438405 4.785445 10.921106
BLOCK_45 12.310376 20.081510 12.670792 20.441926
BLOCK_46 14.312037 14.234328 14.629527 14.551818
BLOCK_47 11.363536 6.478676 11.714535 6.829675
BLOCK_48 13.492192 15.105925 13.974893 15.588626
BLOCK_49 11.449100 19.692678 11.861653 20.105231
BLOCK_50 13.433338 17.558371 13.757838 17.882871
BLOCK_51 13.805060 17.673821 14.132932 18.001693
BLOCK_52 9.865244 22.624669 10.280575 23.040000
BLOCK_53 10.065049 16.689233 10.519031 17.143215
BLOCK_54 12.695483 15.365776 13.016419 15.686712
BLOCK_55 11.713694 16.738371 12.137014 17.161691
BLOCK_56 12.212520 16.925158 12.537020 17.249658
BLOCK_57 12.191710 15.605145 12.609681 16.023116
BLOCK_58 10.159662 22.624669 10.574993 23.040000
BLOCK_59 10.310385 16.995062 10.631321 17.315998
BLOCK_60 12.382204 15.393804 12.710076 15.721676
BLOCK_61 11.282916 21.206879 11.537867 21.461830
BLOCK_62 8.796800 21.846848 9.323867 22.373915
BLOCK_63 12.311282 17.298757 12.857084 17.844559
BLOCK_64 5.139400 10.318333 5.541022 10.719955
BLOCK_65 7.333742 16.976825 7.802250 17.445333
BLOCK_66 20.325239 11.867722 20.929474 12.471957
BLOCK_67 13.066999 18.400588 13.387935 18.721524
BLOCK_68 9.303188 19.832746 9.752187 20.281745
BLOCK_69 12.595406 14.460595 13.126631 14.991820
BLOCK_70 13.310502 14.610030 13.852166 15.151694
BLOCK_71 11.352429 19.198406 11.731111 19.577088
BLOCK_72 10.327918 7.414040 10.966432 8.052554
BLOCK_73 2.969103 17.890769 3.347785 18.269451
BLOCK_74 10.590954 15.899975 11.132618 16.441639
BLOCK_75 13.993320 17.518315 14.344319 17.869314
BLOCK_76 11.632628 17.345439 11.953564 17.666375
BLOCK_77 7.627783 17.278357 8.128682 17.779256
BLOCK_78 16.574905 18.380027 17.204587 19.009709
BLOCK_79 10.996661 16.078690 11.495259 16.577288
BLOCK_80 18.323391 16.443425 18.854616 16.974650
BLOCK_81 11.896446 16.246496 12.325048 16.675098
BLOCK_82 20.365772 14.022327 21.006006 14.662561
BLOCK_83 6.729209 19.992850 7.372948 20.636589
BLOCK_84 13.502627 21.786030 13.866220 22.149623
BLOCK_85 9.720657 16.069501 10.232614 16.581458
BLOCK_86 9.681483 17.398579 10.268850 17.985946
BLOCK_87 15.034872 16.869031 15.604784 17.438943
BLOCK_88 6.215263 14.759245 6.697964 15.241946
BLOCK_89 11.096769 9.262703 11.615228 9.781162
BLOCK_90 7.104658 5.260350 7.411415 5.567107
BLOCK_91 11.216090 13.918552 11.594772 14.297234
BLOCK_92 11.706083 15.305898 12.193320 15.793135
BLOCK_93 13.940729 14.743144 14.439327 15.241742
BLOCK_94 14.347553 13.293493 14.830254 13.776194
BLOCK_95 8.821452 10.113292 9.354837 10.646677
BLOCK_96 7.766290 18.043178 8.244307 18.521195
BLOCK_97 15.149587 13.141610 15.632288 13.624311
BLOCK_98 6.844314 19.649601 7.377699 20.182986
BLOCK_99 10.637930 17.398422 11.074278 17.834770
BLOCK_100 3.453005 11.978001 3.828638 12.353634
BLOCK_101 10.996552 16.842372 11.474569 17.320389
BLOCK_102 12.310958 20.638316 12.754917 21.082275
BLOCK_103 10.700405 18.269753 11.126316 18.695664
BLOCK_104 11.156651 14.465994 11.740175 15.049518
BLOCK_105 11.061202 20.399292 11.609107 20.947197
BLOCK_106 18.048604 9.827266 18.358926 10.137588
BLOCK_107 10.120282 12.067179 10.638741 12.585638
BLOCK_108 11.228105 15.462511 11.850600 16.085006
BLOCK_109 11.834033 13.438342 12.574843 14.179152
BLOCK_110 6.251450 15.478254 6.811450 16.038254
BLOCK_111 8.130874 14.758901 8.548845 15.176872
BLOCK_112 10.102721 7.764032 10.566402 8.227713
BLOCK_113 7.633428 19.674597 8.009061 20.050230
BLOCK_114 11.266095 13.378308 11.689415 13.801628
BLOCK_115 9.479371 15.855038 10.049283 16.424950
BLOCK_116 11.632097 19.078284 12.039282 19.485469
BLOCK_117 15.873054 13.247732 16.306874 13.681552
BLOCK_118 12.034073 11.878398 12.449404 12.293729
BLOCK_119 12.459530 20.941925 12.890691 21.373086
BLOCK_120 6.095666 15.118104 6.559347 15.581785
BLOCK_121 14.888778 14.494604 15.509503 15.115329
BLOCK_122 7.861801 16.867697 8.240483 17.246379
BLOCK_123 9.801391 18.924375 10.262693 19.385677
BLOCK_124 12.669713 11.278261 13.103533 11.712081
BLOCK_125 9.740655 18.176602 10.280285 18.716232
BLOCK_126 10.404823 18.883160 10.898989 19.377326
BLOCK_127 7.768910 8.604855 8.189624 9.025569
BLOCK_128 12.909191 14.852887 13.316376 15.260072
BLOCK_129 10.077632 19.243618 10.635664 19.801650
BLOCK_130 9.741734 16.798923 10.041067 17.098256
BLOCK_131 11.504976 14.804773 11.836337 15.136134
BLOCK_132 11.382137 18.100688 12.027583 18.746134
BLOCK_133 5.656139 16.395278 6.079459 16.818598
BLOCK_134 11.624699 13.962280 12.192678 14.530259
BLOCK_135 7.888595 18.601435 8.249011 18.961851
BLOCK_136 14.547625 17.288903 15.063958 17.805236
BLOCK_137 9.131733 16.558438 9.752458 17.179163
BLOCK_138 7.515475 17.719811 8.065384 18.269720
BLOCK_139 13.076159 17.726471 13.491490 18.141802
BLOCK_140 11.474735 16.946931 11.809399 17.281595
BLOCK_141 8.127605 18.236257 8.531956 18.640608
BLOCK_142 11.953709 14.992381 12.431726 15.470398
BLOCK_143 7.377306 9.787274 7.833705 10.243673
BLOCK_144 7.456905 8.969187 7.964448 9.476730
BLOCK_145 9.562017 7.641124 9.995837 8.074944
BLOCK_146 10.398687 15.863587 10.736622 16.201522
BLOCK_147 11.407790 16.438403 11.833701 16.864314
BLOCK_148 13.757330 18.013804 14.105181 18.361655
BLOCK_149 13.823982 18.415826 14.249893 18.841737
BLOCK_150 10.227661 16.153021 10.653572 16.578932
BLOCK_151 4.457962 13.863788 4.865147 14.270973
BLOCK_152 10.040169 8.515149 10.397520 8.872500
BLOCK_153 9.783526 10.318317 10.217346 10.752137
BLOCK_154 11.640824 19.918590 12.174209 20.451975
BLOCK_155 11.713532 10.798247 12.020289 11.105004
BLOCK_156 11.769632 20.869944 12.057556 21.157868
BLOCK_157 7.856962 9.689804 8.128808 9.961650
BLOCK_158 10.109875 22.101789 10.430811 22.422725
BLOCK_159 14.124259 18.162669 14.544973 18.583383
BLOCK_160 1.204388 13.294010 2.148581 14.238203
BLOCK_161 8.978256 16.886575 9.422215 17.330534
BLOCK_162 11.490014 17.638787 12.021239 18.170012
BLOCK_163 9.433903 22.601138 9.872765 23.040000
BLOCK_164 6.545259 6.183414 6.932686 6.570841
BLOCK_165 11.959422 17.110974 12.390583 17.542135
BLOCK_166 9.158454 18.846649 9.486326 19.174521
BLOCK_167 14.842674 12.275875 15.778516 13.211717
BLOCK_168 7.540980 6.750930 7.840313 7.050263
BLOCK_169 12.669848 15.107464 13.017699 15.455315
BLOCK_170 13.628070 18.238348 13.966005 18.576283
BLOCK_171 10.518192 16.558398 10.866043 16.906249
BLOCK_172 8.656351 15.718526 8.919790 15.981965
BLOCK_173 11.858742 14.625173 12.190103 14.956534
BLOCK_174 12.814275 11.878698 13.268257 12.332680
BLOCK_175 12.100355 14.398211 12.431716 14.729572
BLOCK_176 8.614664 20.429265 8.946025 20.760626
BLOCK_177 10.080381 11.158358 10.548889 11.626866
BLOCK_178 8.501174 19.697169 8.845703 20.041698
BLOCK_179 3.226840 13.567450 3.650160 13.990770
BLOCK_180 9.228391 9.867844 9.802238 10.441691
BLOCK_181 7.277182 7.078417 7.637598 7.438833
BLOCK_182 10.828807 12.838365 11.116731 13.126289
BLOCK_183 7.535513 14.919490 8.128556 15.512533
BLOCK_184 6.931126 15.120328 7.172373 15.361575
BLOCK_185 7.078459 15.478401 7.656213 16.056155
BLOCK_186 7.888729 8.878336 8.258323 9.247930
BLOCK_187 7.647696 15.755400 8.371713 16.479417
BLOCK_188 13.745703 12.407058 14.056025 12.717380
BLOCK_189 8.717786 16.079822 9.323921 16.685957
BLOCK_190 10.419662 20.998348 10.757597 21.336283
BLOCK_191 9.922978 9.095747 10.280329 9.453098
BLOCK_192 10.039980 14.158456 10.468582 14.587058
BLOCK_193 8.848909 9.183669 9.333883 9.668643
BLOCK_194 6.572203 14.392446 7.222895 15.043138
BLOCK_195 9.342466 21.238651 9.693465 21.589650
BLOCK_196 11.069034 10.649726 11.340880 10.921572
BLOCK_197 9.955615 20.758516 10.456514 21.259415
BLOCK_198 12.293688 21.560191 12.711659 21.978162
BLOCK_199 10.876860 19.440170 11.275608 19.838918
BLOCK_200 6.886310 8.638304 7.531756 9.283750
BLOCK_201 16.136553 12.238706 16.395783 12.497936
BLOCK_202 14.252555 10.970342 14.721063 11.438850
BLOCK_203 9.083833 8.502448 9.343063 8.761678
BLOCK_204 7.139290 14.671624 7.709202 15.241536
BLOCK_205 8.691356 7.495362 9.259335 8.063341
BLOCK_206 8.366685 16.078391 8.701349 16.413055
BLOCK_207 6.865945 18.592154 7.673286 19.399495
BLOCK_208 8.603034 12.296216 9.123611 12.816793
BLOCK_209 9.216119 6.134223 9.533609 6.451713
BLOCK_210 7.290840 15.600447 7.532087 15.841694
BLOCK_211 9.083360 15.478606 9.558965 15.954211
BLOCK_212 5.856531 14.038283 6.187892 14.369644
BLOCK_213 5.257932 7.388752 5.942183 8.073003
BLOCK_214 6.932276 14.278253 7.223995 14.569972
BLOCK_215 8.108419 17.518454 8.367649 17.777684
BLOCK_216 9.463378 11.348850 10.160587 12.046059
BLOCK_217 9.400029 20.392852 9.856428 20.849251
BLOCK_218 8.249179 9.103472 8.606530 9.460823
BLOCK_219 11.370004 12.936091 11.953528 13.519615
BLOCK_220 7.170274 16.078495 7.411521 16.319742
BLOCK_221 9.562031 12.951671 10.299798 13.689438
BLOCK_222 6.904512 6.454042 7.291939 6.841469
BLOCK_223 10.138573 10.736717 10.639472 11.237616
BLOCK_224 11.802186 22.702065 12.140121 23.040000
BLOCK_225 7.732996 10.259925 8.009039 10.535968
BLOCK_226 11.756864 22.067996 12.188025 22.499157
BLOCK_227 11.600462 12.147221 11.935126 12.481885
BLOCK_228 9.600836 19.798473 9.932197 20.129834
BLOCK_229 10.502448 14.456889 10.878081 14.832522
BLOCK_230 6.970112 22.486014 7.524098 23.040000
BLOCK_231 9.323009 15.200907 9.713265 15.591163
BLOCK_232 6.017625 12.718236 6.490911 13.191522
BLOCK_233 9.683855 8.140857 10.184754 8.641756
BLOCK_234 6.225349 22.472021 6.793328 23.040000
BLOCK_235 12.079355 17.755554 12.604236 18.280435
BLOCK_236 7.382203 11.983094 7.760885 12.361776
BLOCK_237 6.718062 5.653286 7.291909 6.227133
BLOCK_238 9.681468 14.397219 10.048074 14.763825
BLOCK_239 9.913833 14.638402 10.280439 15.005008
BLOCK_240 10.357933 14.626104 10.733566 15.001737
BLOCK_241 6.049032 14.118071 6.580257 14.649296
BLOCK_242 8.386318 22.374042 9.052276 23.040000
BLOCK_243 3.827332 15.778119 4.343665 16.294452
BLOCK_244 16.409308 10.013761 16.957213 10.561666
BLOCK_245 6.632037 7.985705 7.052751 8.406419
BLOCK_246 9.562366 14.692181 9.850290 14.980105
BLOCK_247 7.070013 9.263457 7.411334 9.604778
BLOCK_248 5.717545 19.318357 6.099121 19.699933
BLOCK_249 9.600577 10.798339 9.921513 11.119275
BLOCK_250 7.976289 20.985959 8.248135 21.257805
BLOCK_251 9.781869 16.918209 10.160551 17.296891
BLOCK_252 11.154635 17.356143 11.639609 17.841117
BLOCK_253 13.267480 18.118343 13.646162 18.497025
BLOCK_254 7.651323 18.780230 8.011739 19.140646
BLOCK_255 8.570340 6.798910 9.374952 7.603522
BLOCK_256 6.078537 6.216333 6.583908 6.721704
BLOCK_257 5.737003 13.798331 6.061503 14.122831
BLOCK_258 10.518333 17.010956 10.944244 17.436867
BLOCK_259 7.655459 21.127239 8.149625 21.621405
BLOCK_260 6.041207 6.917504 6.472368 7.348665
BLOCK_261 10.051899 9.760316 10.335800 10.044217
BLOCK_262 10.876886 16.669004 11.249579 17.041697
BLOCK_263 5.617458 7.360738 5.938394 7.681674
BLOCK_264 9.002872 20.550068 9.454314 21.001510
BLOCK_265 12.193086 14.697417 12.616406 15.120737
BLOCK_266 8.247003 17.346042 8.542638 17.641677
BLOCK_267 6.632907 8.755973 7.028887 9.151953
BLOCK_268 9.857736 8.938581 10.160721 9.241566
BLOCK_269 8.573841 18.958758 9.083547 19.468464
BLOCK_270 1.976403 19.130393 2.650717 19.804707
BLOCK_271 11.992369 22.601138 12.431231 23.040000
BLOCK_272 11.623292 22.682649 11.980643 23.040000
BLOCK_273 6.591538 19.302354 6.916038 19.626854
BLOCK_274 11.594086 16.016973 12.019997 16.442884
BLOCK_275 6.306629 19.343257 6.748104 19.784732
BLOCK_276 6.812897 7.012657 7.326998 7.526758
BLOCK_277 6.032021 8.102259 6.331354 8.401592
BLOCK_278 4.266971 11.010452 4.705833 11.449314
BLOCK_279 7.108745 16.506019 7.598337 16.995611
BLOCK_280 8.300019 6.478384 8.606776 6.785141
BLOCK_281 7.494822 8.228587 7.907375 8.641140
BLOCK_282 13.745688 13.484052 14.080352 13.818716
BLOCK_283 7.733595 6.351829 8.264820 6.883054
BLOCK_284 9.916441 19.735867 10.518853 20.338279
BLOCK_285 11.115607 11.862410 11.374837 12.121640
BLOCK_286 12.072166 10.375728 12.498077 10.801639
BLOCK_287 12.506429 12.423050 12.790330 12.706951
BLOCK_288 10.465622 13.748946 10.878175 14.161499
BLOCK_289 6.029791 7.795010 6.396397 8.161616
BLOCK_290 8.605701 8.498622 9.108791 9.001712
BLOCK_291 6.844394 20.565870 7.172266 20.893742
BLOCK_292 5.959951 22.517219 6.482732 23.040000
BLOCK_293 8.366725 8.868319 8.815724 9.317318
BLOCK_294 10.782158 10.438280 11.116822 10.772944
BLOCK_295 17.596548 13.798403 18.112881 14.314736
BLOCK_296 15.553352 17.042745 16.316503 17.805896
BLOCK_297 9.993667 15.358590 10.285386 15.650309
BLOCK_298 15.532216 13.514877 16.106063 14.088724
BLOCK_299 10.757062 14.386052 11.132695 14.761685
BLOCK_300 11.594041 18.512632 11.914977 18.833568
BLOCK_301 7.529961 12.386577 7.864625 12.721241
BLOCK_302 6.812847 7.823761 7.309234 8.320148
BLOCK_303 10.404575 12.718536 10.877861 13.191822
BLOCK_304 8.127640 13.473455 8.506322 13.852137
BLOCK_305 10.470312 14.038355 10.758236 14.326279
BLOCK_306 18.718930 11.506719 19.235263 12.023052
BLOCK_307 16.713831 12.706254 17.325468 13.317891
BLOCK_308 5.212851 14.758374 5.815263 15.360786
BLOCK_309 10.279164 10.226450 10.908846 10.856132
BLOCK_310 6.541805 13.798379 6.988347 14.244921
BLOCK_311 11.833128 10.983818 12.121052 11.271742
BLOCK_312 15.180041 11.813990 15.524570 12.158519
BLOCK_313 8.725569 11.597154 9.148889 12.020474
BLOCK_314 10.584991 13.149134 10.997544 13.561687
BLOCK_315 10.521299 11.260837 11.022198 11.761736
BLOCK_316 10.876856 10.918348 11.333255 11.374747
BLOCK_317 7.100009 10.953748 7.451008 11.304747
BLOCK_318 13.024563 11.112911 13.538664 11.627012
BLOCK_319 13.265224 12.118291 13.817130 12.670197
BLOCK_320 5.603862 22.014835 6.052861 22.463834
BLOCK_321 13.913013 11.234886 14.344174 11.666047
BLOCK_322 9.920647 14.022618 10.261968 14.363939
BLOCK_323 11.372994 10.627777 11.714315 10.969098
BLOCK_324 5.467160 15.358382 5.868782 15.760004
BLOCK_325 6.215154 8.174908 6.674066 8.633820
BLOCK_326 10.384033 20.518459 10.762715 20.897141
BLOCK_327 8.326137 18.839763 8.650637 19.164263
BLOCK_328 8.706087 18.810075 8.965317 19.069305
BLOCK_329 13.386864 12.946861 13.662907 13.222904
BLOCK_330 5.545846 14.508348 6.159279 15.121781
BLOCK_331 7.529512 21.417120 7.832497 21.720105
BLOCK_332 10.344215 8.468594 10.944715 9.069094
BLOCK_333 11.015062 21.550500 11.422247 21.957685
BLOCK_334 9.051816 20.125550 9.327859 20.401593
BLOCK_335 10.398667 9.184934 10.690386 9.476653
BLOCK_336 10.832169 20.732282 11.369756 21.269869
BLOCK_337 8.104316 14.259935 8.485892 14.641511
BLOCK_338 12.909406 18.017576 13.293854 18.402024
BLOCK_339 5.417057 13.992245 5.737993 14.313181
BLOCK_340 10.159515 20.164499 10.649107 20.654091
BLOCK_341 10.813233 12.203173 11.223111 12.613051
BLOCK_342 3.279662 7.793529 3.817249 8.331116
BLOCK_343 13.528080 13.078391 13.866015 13.416326
BLOCK_344 11.445240 22.198375 11.729141 22.482276
BLOCK_345 8.601831 17.998317 9.149736 18.546222
BLOCK_346 7.772795 9.478281 8.367690 10.073176
BLOCK_347 6.106456 20.014965 6.591430 20.499939
BLOCK_348 7.373443 7.872231 7.824885 8.323673
BLOCK_349 9.801076 6.525386 10.208261 6.932571
BLOCK_350 8.844739 15.958202 9.211345 16.324808
BLOCK_351 10.713490 21.962748 10.997391 22.246649
BLOCK_352 0.969808 16.493705 1.908051 17.431948
BLOCK_353 12.646067 12.688028 13.064038 13.105999
BLOCK_354 8.476024 17.512168 8.845618 17.881762
BLOCK_355 9.860303 17.582288 10.159636 17.881621
BLOCK_356 11.480975 21.917777 11.764876 22.201678
BLOCK_357 8.706131 11.495498 9.084813 11.874180
BLOCK_358 11.296521 22.318363 11.580422 22.602264
BLOCK_359 12.669924 12.032040 13.001285 12.363401
BLOCK_360 8.833716 10.837699 9.277675 11.281658
BLOCK_361 11.311996 21.478198 11.707976 21.874178
BLOCK_362 9.279849 8.349700 9.614513 8.684364
BLOCK_363 15.695441 22.094929 16.039970 22.439458
BLOCK_364 10.550390 9.838304 10.888325 10.176239
BLOCK_365 7.630029 14.398301 7.940351 14.708623
BLOCK_366 8.776590 14.518631 9.259291 15.001332
BLOCK_367 7.290428 18.335604 7.644547 18.689723
BLOCK_368 14.287678 12.480068 14.583313 12.775703
BLOCK_369 9.445141 6.805996 9.952684 7.313539
BLOCK_370 9.322933 19.075060 9.689539 19.441666
BLOCK_371 8.217530 20.953802 8.619152 21.355424
BLOCK_372 8.324474 9.755462 8.919369 10.350357
BLOCK_373 4.557761 19.974974 4.911880 20.329093
BLOCK_374 9.150070 14.828807 9.562623 15.241360
BLOCK_375 6.247444 7.172668 6.801430 7.726654
BLOCK_376 1.681981 11.365411 2.356295 12.039725
BLOCK_377 5.877011 19.483495 6.456666 20.063150
BLOCK_378 10.249482 11.723190 10.767941 12.241649
BLOCK_379 10.762181 20.141725 11.166532 20.546076
BLOCK_380 6.720859 17.278026 7.172301 17.729468
BLOCK_381 8.584096 9.459338 9.007416 9.882658
BLOCK_382 14.343233 11.722051 14.949368 12.328186
BLOCK_383 9.496914 19.089898 9.938389 19.531373
BLOCK_384 11.625809 10.233383 11.953681 10.561255
BLOCK_385 10.986021 12.587521 11.480187 13.081687
BLOCK_386 6.806573 12.931187 7.196829 13.321443
BLOCK_387 4.699358 20.867548 5.193524 21.361714
BLOCK_388 5.920289 18.682328 6.335620 19.097659
BLOCK_389 8.778554 13.573117 9.247062 14.041625
BLOCK_390 13.031493 12.402247 13.398099 12.768853
BLOCK_391 9.199802 10.998706 9.755770 11.554674
BLOCK_392 9.292619 17.649065 9.688599 18.045045
BLOCK_393 9.083178 21.121270 9.443594 21.481686
BLOCK_394 8.430246 15.186256 8.845577 15.601587
BLOCK_395 8.233543 8.035553 8.839678 8.641688
BLOCK_396 10.629053 9.483375 11.143154 9.997476
BLOCK_397 9.289291 9.566956 9.682483 9.960148
BLOCK_398 13.519266 22.050887 14.102790 22.634411
BLOCK_399 6.386149 18.450698 6.940135 19.004684
BLOCK_400 9.203393 17.383009 9.582075 17.761691
BLOCK_401 11.287658 18.662342 11.586991 18.961675
BLOCK_402 5.005380 20.508581 5.426094 20.929295
BLOCK_403 10.518159 8.276426 10.859480 8.617747
BLOCK_404 11.068855 11.162761 11.494766 11.588672
BLOCK_405 12.414690 11.518308 12.790323 11.893941
BLOCK_406 16.047205 12.838410 16.434632 13.225837
BLOCK_407 8.845068 19.251594 9.254946 19.661472
BLOCK_408 6.370082 21.895038 6.704746 22.229702
BLOCK_409 12.911806 13.177981 13.405972 13.672147
BLOCK_410 13.503722 16.561992 14.162964 17.221234
BLOCK_411 8.279725 14.378606 8.762426 14.861307
BLOCK_412 8.008133 18.968836 8.412484 19.373187
BLOCK_413 6.934579 11.522198 7.282430 11.870049
BLOCK_414 10.717779 18.746381 11.198091 19.226693
BLOCK_415 11.381089 12.655994 11.715753 12.990658
BLOCK_416 8.586655 12.131657 8.965337 12.510339
BLOCK_417 12.683650 22.603652 13.119998 23.040000
BLOCK_418 6.606393 13.039391 7.034995 13.467993
BLOCK_419 4.556716 21.547369 4.901245 21.891898
BLOCK_420 8.879876 17.540347 9.341178 18.001649
BLOCK_421 5.681924 21.596796 6.297229 22.212101
BLOCK_422 10.968454 9.958275 11.355881 10.345702
BLOCK_423 8.007980 13.665083 8.401172 14.058275
BLOCK_424 14.767337 19.520702 15.405851 20.159216
BLOCK_425 9.489774 9.118442 9.915685 9.544353
BLOCK_426 10.635573 19.657275 11.020021 20.041723
BLOCK_427 8.782478 12.954936 9.149084 13.321542
BLOCK_428 5.196366 19.990556 5.738030 20.532220
BLOCK_429 10.367207 21.695541 10.673964 22.002298
BLOCK_430 18.434570 13.063733 19.173894 13.803057
BLOCK_431 12.824556 12.823071 13.268515 13.267030
BLOCK_432 12.794183 10.649205 13.118683 10.973705
BLOCK_433 9.681672 7.376708 10.054365 7.749401
BLOCK_434 6.808420 13.490527 7.239581 13.921688
BLOCK_435 8.842515 22.598525 9.283990 23.040000
BLOCK_436 12.652731 21.880426 13.094206 22.321901
BLOCK_437 8.204730 10.293459 8.589178 10.677907
BLOCK_438 13.166071 11.660855 13.507392 12.002176
BLOCK_439 9.681515 6.301183 10.009387 6.629055
BLOCK_440 9.579168 20.529233 10.033150 20.983215
BLOCK_441 6.234023 21.539795 6.568687 21.874459
BLOCK_442 11.341801 10.120696 11.662737 10.441632
BLOCK_443 8.819560 4.097515 9.359190 4.637145
BLOCK_444 17.042213 20.144625 17.505894 20.608306
BLOCK_445 9.442481 6.266689 9.773842 6.598050
BLOCK_446 11.737430 12.237951 12.242801 12.743322
BLOCK_447 9.678177 21.167318 10.163151 21.652292
BLOCK_448 10.757141 14.976649 11.438096 15.657604
BLOCK_449 6.647753 20.685301 7.084101 21.121649
BLOCK_450 8.458545 16.798358 8.845972 17.185785
BLOCK_451 9.376969 18.238395 9.805571 18.666997
BLOCK_452 10.545034 21.249445 11.080478 21.784889
BLOCK_453 15.311075 11.998891 15.658926 12.346742
BLOCK_454 5.058977 21.853164 5.527485 22.321672
BLOCK_455 7.051830 8.368395 7.402829 8.719394
BLOCK_456 5.375315 6.778272 5.871702 7.274659
BLOCK_457 12.434243 10.672126 12.909848 11.147731
BLOCK_458 9.133442 19.605186 9.569790 20.041534
BLOCK_459 9.322996 21.969707 9.654357 22.301068
BLOCK_460 6.934485 21.124302 7.291836 21.481653
BLOCK_461 14.582367 11.902529 14.892689 12.212851
BLOCK_462 11.937207 21.872637 12.386206 22.321636
BLOCK_463 9.989982 9.958153 10.359576 10.327747
BLOCK_464 8.039785 19.289163 8.367657 19.617035
BLOCK_465 4.129987 20.613554 4.693991 21.177558
BLOCK_466 7.519892 5.510207 7.889486 5.879801
BLOCK_467 13.999597 11.720547 14.344126 12.065076
BLOCK_468 5.498016 6.477792 6.027166 7.006942
BLOCK_469 14.331781 22.078386 14.871411 22.618016
BLOCK_470 8.605674 17.157846 8.969267 17.521439
BLOCK_471 19.593795 16.150984 20.242717 16.799906
BLOCK_472 12.999798 15.449650 13.793145 16.242997
BLOCK_473 10.038902 12.481595 10.519214 12.961907
BLOCK_474 4.336818 14.509466 5.184757 15.357405
BLOCK_475 8.606628 15.118402 9.182388 15.694162
BLOCK_476 12.804665 10.338106 13.268346 10.801787
BLOCK_477 13.561233 12.664858 13.942809 13.046434
BLOCK_478 7.404773 13.076952 7.889747 13.561926
BLOCK_479 18.869410 15.060865 19.330712 15.522167
BLOCK_480 12.601521 21.236797 13.147323 21.782599
BLOCK_481 11.952884 20.440114 12.340311 20.827541
BLOCK_482 14.109763 12.238373 14.437635 12.566245
BLOCK_483 4.754434 20.268439 5.156056 20.670061
BLOCK_484 6.667095 10.614460 7.242855 11.190220
BLOCK_485 7.014178 12.136754 7.440089 12.562665
BLOCK_486 6.095607 13.416902 6.665519 13.986814
BLOCK_487 7.952968 15.066186 8.248603 15.361821
BLOCK_488 5.799887 13.139483 6.341551 13.681147
BLOCK_489 6.074758 11.930057 6.684512 12.539811
BLOCK_490 11.443841 9.290475 12.141050 9.987684
BLOCK_491 8.079518 12.836508 8.564492 13.321482
BLOCK_492 9.423525 12.108581 9.969327 12.654383
BLOCK_493 2.880908 16.957907 3.531600 17.608599
BLOCK_494 11.638699 21.228358 12.165766 21.755425
BLOCK_495 14.058942 21.848191 14.536959 22.326208
BLOCK_496 17.331593 9.767601 17.716041 10.152049
BLOCK_497 13.105385 21.786351 13.520716 22.201682
BLOCK_498 9.351140 14.038463 9.682501 14.369824
BLOCK_499 12.287883 11.158353 12.705854 11.576324
BLOCK_500 6.402203 11.654342 6.882515 12.134654
BLOCK_501 11.515825 10.916552 11.869944 11.270671
BLOCK_502 7.051848 6.529563 7.467179 6.944894
BLOCK_503 9.096055 12.475931 9.760359 13.140235
BLOCK_504 9.665468 13.815163 10.041101 14.190796
BLOCK_505 7.403326 11.275066 7.769932 11.641672
BLOCK_506 9.347699 13.558345 9.682363 13.893009
BLOCK_507 13.123110 18.606159 13.507558 18.990607
BLOCK_508 13.373548 22.521541 13.892007 23.040000
BLOCK_509 8.486205 18.359370 8.852811 18.725976
BLOCK_510 11.014544 14.171651 11.355865 14.512972
BLOCK_511 11.499734 5.911907 11.986971 6.399144
BLOCK_512 13.911211 15.678947 14.624303 16.392039
BLOCK_513 6.254290 7.558317 6.620896 7.924923
BLOCK_514 4.559133 10.198405 5.046370 10.685642
BLOCK_515 17.341073 14.874834 17.828310 15.362071
BLOCK_516 7.650738 6.044255 7.971674 6.365191
BLOCK_517 13.020039 8.371438 13.605445 8.956844
BLOCK_518 8.310172 12.945305 8.806559 13.441692
BLOCK_519 7.279013 10.629106 7.691566 11.041659
BLOCK_520 13.512126 11.518360 13.866245 11.872479
BLOCK_521 9.668392 7.057676 10.047074 7.436358
BLOCK_522 7.967664 11.061852 8.720459 11.814647
BLOCK_523 6.288376 12.465439 6.784763 12.961826
BLOCK_524 12.161276 13.154282 12.530870 13.523876
BLOCK_525 5.564810 16.955024 6.363809 17.754023
BLOCK_526 8.247682 20.284232 8.605033 20.641583
BLOCK_527 6.821023 15.226344 7.141959 15.547280
BLOCK_528 8.577386 10.621128 9.084929 11.128671
BLOCK_529 10.523541 17.769404 11.236633 18.482496
BLOCK_530 4.074510 13.272113 4.597291 13.794894
BLOCK_531 5.345546 12.129680 5.976973 12.761107
BLOCK_532 3.030921 12.718335 3.832731 13.520145
BLOCK_533 10.227704 4.495338 10.953238 5.220872
BLOCK_534 12.356432 12.097291 12.740880 12.481739
BLOCK_535 9.078128 21.445149 9.563102 21.930123
BLOCK_536 5.378503 21.149588 5.922286 21.693371
BLOCK_537 11.919689 21.186712 12.326874 21.593897
BLOCK_538 4.116238 8.783920 4.693992 9.361674
BLOCK_539 7.127621 12.714143 7.650402 13.236924
BLOCK_540 6.833465 12.282733 7.272327 12.721595
BLOCK_541 11.735720 11.519116 12.206676 11.990072
BLOCK_542 4.873826 22.521541 5.392285 23.040000
BLOCK_543 8.324354 5.685615 9.038987 6.400248
BLOCK_544 10.996354 19.798351 11.485946 20.287943
BLOCK_545 8.964617 13.213156 9.433125 13.681664
BLOCK_546 4.540148 6.525279 5.250078 7.235209
BLOCK_547 9.320153 7.778581 9.735484 8.193912
BLOCK_548 7.591035 13.438317 8.009006 13.856288
BLOCK_549 10.011120 18.358376 10.516491 18.863747
BLOCK_550 13.414358 16.117802 13.858317 16.561761
BLOCK_551 6.039799 5.393214 6.647746 6.001161
BLOCK_552 13.904597 21.235245 14.414303 21.744951
BLOCK_553 7.769107 21.583676 8.141800 21.956369
BLOCK_554 5.591760 22.679584 5.952176 23.040000
BLOCK_555 2.431484 8.624869 3.141414 9.334799
BLOCK_556 9.025368 18.304157 9.562955 18.841744
BLOCK_557 9.087102 11.792532 9.536101 12.241531
BLOCK_558 7.901499 8.062484 8.367653 8.528638
BLOCK_559 8.725323 6.303046 9.301083 6.878806
BLOCK_560 8.055581 16.494714 8.678076 17.117209
BLOCK_561 7.911164 12.238247 8.225170 12.552253
BLOCK_562 7.731726 19.389124 8.144279 19.801677
BLOCK_563 8.156045 21.696978 8.636357 22.177290
BLOCK_564 7.171482 19.304444 7.615441 19.748403
BLOCK_565 6.175571 18.838478 6.574319 19.237226
BLOCK_566 8.366748 13.732037 8.936660 14.301949
BLOCK_567 7.893929 7.318332 8.248048 7.672451
BLOCK_568 16.255406 12.668237 16.645662 13.058493
BLOCK_569 16.016623 11.849732 16.582574 12.415683
BLOCK_570 7.867562 19.888968 8.263542 20.284948
BLOCK_571 3.699982 7.392510 4.229132 7.921660
BLOCK_572 11.604414 20.561754 12.014292 20.971632
BLOCK_573 7.292661 6.221818 7.702539 6.631696
BLOCK_574 12.205210 12.808808 12.609561 13.213159
BLOCK_575 11.986264 11.279082 12.334115 11.626933
BLOCK_576 4.807910 9.840517 5.285927 10.318534
BLOCK_577 10.159718 17.594559 10.566903 18.001744
BLOCK_578 5.313867 22.555026 5.798841 23.040000
BLOCK_579 6.334751 6.617747 6.798432 7.081428
BLOCK_580 9.559387 22.033775 10.057985 22.532373
BLOCK_581 4.880269 10.738700 5.527494 11.385925
BLOCK_582 15.795428 12.115757 16.221339 12.541668
BLOCK_583 10.024070 13.390271 10.520457 13.886658
BLOCK_584 7.742057 11.607267 8.331294 12.196504
BLOCK_585 17.067302 10.295185 17.585761 10.813644
BLOCK_586 12.413138 22.214039 12.965044 22.765945
BLOCK_587 7.991184 6.624080 8.389932 7.022828
BLOCK_588 13.036425 22.630122 13.446303 23.040000
BLOCK_589 6.276771 21.048070 6.733170 21.504469
BLOCK_590 8.688932 20.758532 9.173906 21.243506
BLOCK_591 10.944859 11.732517 11.612542 12.400200
BLOCK_592 11.952258 12.652840 12.380860 13.081442
BLOCK_593 17.844133 10.263748 18.362592 10.782207
BLOCK_594 7.696849 12.598373 8.193236 13.094760
BLOCK_595 11.823508 9.957962 12.331051 10.465505
BLOCK_596 9.753713 9.530652 10.166266 9.943205
BLOCK_597 14.176978 12.640283 14.822424 13.285729
BLOCK_598 15.377880 11.334555 15.933848 11.890523
BLOCK_599 9.288348 22.652573 9.675775 23.040000
BLOCK_600 10.757656 13.460526 11.339206 14.042076
BLOCK_601 11.474489 11.398180 11.858937 11.782628
BLOCK_602 4.900306 21.152765 5.368814 21.621273
BLOCK_603 6.812813 22.632815 7.219998 23.040000
BLOCK_604 6.573594 21.930380 7.039748 22.396534
BLOCK_605 6.207939 18.118447 6.592387 18.502895
BLOCK_606 13.623478 11.783386 14.110715 12.270623
BLOCK_607 6.142444 17.503077 6.694350 18.054983
BLOCK_608 10.643692 8.868519 11.116978 9.341805
BLOCK_609 8.486131 19.873945 9.084796 20.472610
BLOCK_610 6.573656 17.038397 6.946349 17.411090
BLOCK_611 7.992106 15.522361 8.463062 15.993317
BLOCK_612 6.747583 17.878363 7.272464 18.403244
BLOCK_613 6.352038 16.558314 6.901947 17.108223
BLOCK_614 8.366055 17.707366 8.723406 18.064717
BLOCK_615 7.082982 17.164330 7.440333 17.521681
BLOCK_616 8.093040 20.622998 8.474616 21.004574
BLOCK_617 6.979093 17.729652 7.452379 18.202938
BLOCK_618 6.012100 18.012463 6.396548 18.396911
BLOCK_619 4.598486 7.166607 5.140150 7.708271
BLOCK_620 13.784547 13.015598 14.233546 13.464597
BLOCK_621 12.430781 18.063937 12.901737 18.534893
BLOCK_622 4.604544 22.322007 5.068225 22.785688
BLOCK_623 9.442644 10.482752 9.881506 10.921614
BLOCK_624 9.083990 8.878428 9.532989 9.327427
BLOCK_625 15.846918 12.718336 16.234345 13.105763
BLOCK_626 8.479237 21.121742 8.845843 21.488348
BLOCK_627 7.089660 13.658906 7.708530 14.277776
BLOCK_628 4.752020 21.701089 5.230037 22.179106
BLOCK_629 11.235481 10.318357 11.586480 10.669356
BLOCK_630 5.613042 9.398125 6.133619 9.918702
BLOCK_631 10.210078 9.386176 10.638680 9.814778
BLOCK_632 15.357131 17.746577 16.028100 18.417546
BLOCK_633 7.711070 7.138737 8.487343 7.915010
BLOCK_634 20.439296 14.642427 21.061791 15.264922
BLOCK_635 8.438562 21.478387 8.948268 21.988093
BLOCK_636 8.865744 7.986271 9.281075 8.401602
BLOCK_637 8.332865 19.514241 8.699471 19.880847
BLOCK_638 7.042078 5.637506 7.488620 6.084048
BLOCK_639 7.419102 20.890614 7.770101 21.241613
BLOCK_640 7.443608 20.507454 7.819241 20.883087
BLOCK_641 9.801138 21.747830 10.255120 22.201812
BLOCK_642 8.131603 12.118327 8.607208 12.593932
BLOCK_643 7.634401 10.438323 8.367613 11.171535
BLOCK_644 7.514036 14.038196 8.049480 14.573640
BLOCK_645 9.975575 21.398234 10.357151 21.779810
BLOCK_646 10.498885 15.236926 10.950327 15.688368
BLOCK_647 7.531121 20.133735 8.158974 20.761588
BLOCK_648 6.679437 21.358389 7.097408 21.776360
BLOCK_649 6.937164 21.635218 7.398466 22.096520
BLOCK_650 12.072189 10.672076 12.441783 11.041670
BLOCK_651 7.144641 21.012270 7.514235 21.381864
BLOCK_652 7.404553 16.318431 7.889527 16.803405
BLOCK_653 6.653985 15.718319 7.148151 16.212485
BLOCK_654 6.687136 16.318526 7.172110 16.803500
BLOCK_655 6.285498 16.118799 6.681478 16.514779
BLOCK_656 15.538316 14.993019 16.202620 15.657323
BLOCK_657 7.273575 21.774515 7.734877 22.235817
BLOCK_658 9.479226 8.518347 9.947734 8.986855
BLOCK_659 1.858553 10.284872 2.526236 10.952555
BLOCK_660 7.063824 11.454985 7.607607 11.998768
BLOCK_661 7.732712 5.394023 8.447345 6.108656
BLOCK_662 5.734840 5.852329 6.244546 6.362035
BLOCK_663 9.718771 15.011346 10.483362 15.775937
BLOCK_664 7.036868 7.375910 7.531034 7.870076
BLOCK_665 8.970285 14.085271 9.583718 14.698704
BLOCK_666 4.184289 9.718186 4.604289 10.138186
BLOCK_667 16.936622 15.647736 17.356622 16.067736
BLOCK_668 5.379080 17.827681 5.799080 18.247681
BLOCK_669 4.987141 16.543502 5.407141 16.963502
BLOCK_670 6.448040 9.301736 6.868040 9.721736
BLOCK_671 10.805168 7.957617 11.225168 8.377617
BLOCK_672 8.964367 3.525871 9.384367 3.945871
BLOCK_673 18.291890 12.213744 18.711890 12.633744
BLOCK_674 21.412849 14.187004 21.832849 14.607004
BLOCK_675 6.454198 5.071562 6.874198 5.491562
BLOCK_676 11.116040 18.993859 11.536040 19.413859
BLOCK_677 16.617741 10.981606 17.037741 11.401606
BLOCK_678 11.871336 5.701656 12.291336 6.121656
BLOCK_679 4.001748 10.591973 4.421748 11.011973
BLOCK_680 3.539817 5.724212 3.959817 6.144212
BLOCK_681 6.289939 9.958353 6.709939 10.378353
BLOCK_682 14.072241 16.798396 14.492241 17.218396
BLOCK_683 3.708319 10.215560 4.128319 10.635560
BLOCK_684 4.661155 15.306478 5.081155 15.726478
BLOCK_685 20.882960 9.378935 21.302960 9.798935
BLOCK_686 12.550268 9.901892 12.970268 10.321892
BLOCK_687 16.912539 18.742529 17.332539 19.162529
BLOCK_688 11.311795 8.733971 11.731795 9.153971
BLOCK_689 4.738944 11.916264 5.158944 12.336264
BLOCK_690 6.406973 3.191078 6.826973 3.611078
BLOCK_691 4.143773 8.371868 4.563773 8.791868
BLOCK_692 3.736081 12.598199 4.156081 13.018199
BLOCK_693 3.533067 14.421338 3.953067 14.841338
BLOCK_694 3.824317 11.924741 4.244317 12.344741
BLOCK_695 10.685394 4.040180 11.105394 4.460180
BLOCK_696 16.204750 13.499578 16.624750 13.919578
BLOCK_697 19.303872 13.251955 19.723872 13.671955
BLOCK_698 13.865189 17.327482 14.285189 17.747482
BLOCK_699 12.152668 8.295529 12.572668 8.715529
BLOCK_700 4.133323 6.645729 4.553323 7.065729
BLOCK_701 15.899409 18.182680 16.319409 18.602680
BLOCK_702 2.688567 17.512203 3.108567 17.932203
BLOCK_703 12.347536 9.781584 12.767536 10.201584
BLOCK_704 3.465873 11.341717 3.885873 11.761717
BLOCK_705 11.355047 7.578078 11.775047 7.998078
BLOCK_706 22.110000 10.922352 22.950000 11.882352
BLOCK_707 4.052913 11.277385 4.892913 12.237385
BLOCK_708 6.225269 4.107999 7.065269 5.067999
BLOCK_709 14.267691 14.873518 15.107691 15.833518
BLOCK_710 6.613315 9.598381 7.453315 10.558381
BLOCK_711 4.670102 16.891020 5.510102 17.851020
BLOCK_712 6.777850 3.109312 7.617850 4.069312
BLOCK_713 0.994077 19.516976 1.834077 20.476976
BLOCK_714 19.881589 17.430450 20.721589 18.390450
BLOCK_715 2.810913 22.080000 3.650913 23.040000
BLOCK_716 2.668671 15.061965 3.508671 16.021965
BLOCK_717 4.853091 5.520379 5.693091 6.480379
BLOCK_718 4.759497 13.557444 5.599497 14.517444
BLOCK_719 18.873193 21.256425 19.713193 22.216425
BLOCK_720 19.015626 16.979333 19.855626 17.939333
BLOCK_721 16.647534 11.727930 17.487534 12.687930
BLOCK_722 14.855991 21.639786 15.695991 22.599786
BLOCK_723 3.753272 22.080000 4.593272 23.040000
BLOCK_724 17.573588 18.484235 18.413588 19.444235
BLOCK_725 7.144172 4.328784 7.984172 5.288784
BLOCK_726 0.858517 9.247086 1.698517 10.207086
BLOCK_727 3.377075 17.439993 4.217075 18.399993
BLOCK_728 1.866749 17.335486 2.706749 18.295486
BLOCK_729 11.970855 18.766578 12.810855 19.726578
BLOCK_730 1.001280 10.268200 1.841280 11.228200
BLOCK_731 1.957457 19.829308 2.797457 20.789308
BLOCK_732 13.817384 18.840823 14.657384 19.800823
BLOCK_733 0.000000 6.823214 0.840000 7.783214
BLOCK_734 3.930986 5.424804 4.770986 6.384804
BLOCK_735 14.386614 16.198371 15.226614 17.158371
BLOCK_736 18.537227 13.804599 19.377227 14.764599
BLOCK_737 0.940882 15.486838 1.780882 16.446838
BLOCK_738 12.652652 19.833537 13.492652 20.793537
BLOCK_739 0.846017 11.334865 1.686017 12.294865
BLOCK_740 15.560310 20.873703 16.400310 21.833703
BLOCK_741 5.611946 20.322630 6.451946 21.282630
BLOCK_742 0.000000 12.040498 0.840000 13.000498
BLOCK_743 2.239956 10.794008 3.079956 11.754008
BLOCK_744 19.719467 12.956428 20.559467 13.916428
BLOCK_745 17.298213 15.421449 18.138213 16.381449
BLOCK_746 0.978909 20.526595 1.818909 21.486595
BLOCK_747 9.821944 5.350469 10.661944 6.310469
BLOCK_748 0.051558 18.994741 0.891558 19.954741
BLOCK_749 1.809788 15.237571 2.649788 16.197571
BLOCK_750 17.540944 11.911150 18.380944 12.871150
BLOCK_751 2.856313 20.541700 3.696313 21.501700
BLOCK_752 16.635495 16.425736 17.475495 17.385736
BLOCK_753 12.268890 15.931434 13.108890 16.891434
BLOCK_754 17.554428 16.423541 18.394428 17.383541
BLOCK_755 17.834368 19.470500 18.674368 20.430500
BLOCK_756 5.737132 8.567877 6.577132 9.527877
BLOCK_757 15.865827 19.600296 16.705827 20.560296
BLOCK_758 19.528423 11.979296 20.368423 12.939296
BLOCK_759 1.001849 8.158336 1.841849 9.118336
BLOCK_760 21.036713 16.713629 21.876713 17.673629
BLOCK_761 0.918098 21.605721 1.758098 22.565721
BLOCK_762 3.665962 21.086770 4.505962 22.046770
BLOCK_763 11.634694 0.058884 12.474694 1.018884
BLOCK_764 5.938221 10.748469 6.778221 11.708469
BLOCK_765 10.977624 4.512794 11.817624 5.472794
BLOCK_766 0.017842 7.833881 0.857842 8.793881
BLOCK_767 3.440823 9.270326 4.280823 10.230326
BLOCK_768 1.767780 6.543324 2.607780 7.503324
BLOCK_769 20.138953 15.258679 20.978953 16.218679
BLOCK_770 17.692137 14.175602 18.532137 15.135602
BLOCK_771 3.523695 14.839288 4.363695 15.799288
BLOCK_772 21.930719 15.947033 22.770719 16.907033
BLOCK_773 8.484644 2.746999 9.324644 3.706999
BLOCK_774 1.882937 21.919096 2.722937 22.879096
BLOCK_775 11.249753 2.123200 12.489753 3.403200
BLOCK_776 19.426121 18.337450 20.266121 19.297450
BLOCK_777 3.521324 4.428654 4.361324 5.388654
BLOCK_778 19.432452 13.935893 20.272452 14.895893
BLOCK_779 2.002943 16.235641 2.842943 17.195641
BLOCK_780 14.345019 20.753991 15.185019 21.713991
BLOCK_781 1.070027 18.484939 1.910027 19.444939
BLOCK_782 15.743823 18.622640 16.583823 19.582640
BLOCK_783 9.381723 4.095757 10.221723 5.055757
BLOCK_784 17.242146 17.527326 18.082146 18.487326
BLOCK_785 22.110000 12.102687 22.950000 13.062687
BLOCK_786 18.146841 15.101866 18.986841 16.061866
BLOCK_787 0.000000 9.960705 0.840000 10.920705
BLOCK_788 2.600650 7.059882 3.440650 8.019882
BLOCK_789 21.153364 14.518153 21.993364 15.478153
BLOCK_790 0.794210 14.398322 1.634210 15.358322
BLOCK_791 11.931399 1.084200 12.771399 2.044200
BLOCK_792 9.538820 3.091602 10.378820 4.051602
BLOCK_793 5.139419 11.225797 5.979419 12.185797
BLOCK_794 5.343982 4.593446 6.183982 5.553446
BLOCK_795 3.722165 19.707567 4.562165 20.667567
BLOCK_796 16.432823 20.484754 17.272823 21.444754
BLOCK_797 1.924193 12.049107 2.764193 13.009107
BLOCK_798 3.117810 8.298453 3.957810 9.258453
BLOCK_799 4.236839 17.782719 5.076839 18.742719
BLOCK_800 4.441894 4.308165 5.281894 5.268165
BLOCK_801 11.173810 6.730459 12.013810 7.690459
BLOCK_802 3.552817 13.643250 4.392817 14.603250
BLOCK_803 0.000000 18.032778 0.840000 18.992778
BLOCK_804 22.110000 14.967325 22.950000 15.927325
BLOCK_805 3.396993 6.419070 4.236993 7.379070
BLOCK_806 0.150526 13.005386 0.990526 13.965386
BLOCK_807 8.949315 5.009879 9.789315 5.969879
BLOCK_808 13.088354 9.258878 13.928354 10.218878
BLOCK_809 18.621660 10.187797 19.461660 11.147797
BLOCK_810 15.776870 16.102913 16.616870 17.062913
BLOCK_811 4.943400 12.598355 5.783400 13.558355
BLOCK_812 1.671318 14.233125 2.511318 15.193125
BLOCK_813 0.728972 6.001651 1.568972 6.961651
BLOCK_814 15.616345 14.036021 16.456345 14.996021
BLOCK_815 20.140715 16.443687 20.980715 17.403687
BLOCK_816 0.002513 19.987768 0.842513 20.947768
BLOCK_817 16.112487 21.760000 17.372487 23.040000
BLOCK_818 21.061761 10.087396 21.901761 11.047396
BLOCK_819 20.783920 17.691021 21.623920 18.651021
BLOCK_820 11.398092 3.566997 12.238092 4.526997
BLOCK_821 2.521484 13.945677 3.361484 14.905677
BLOCK_822 15.029144 15.481646 15.869144 16.441646
BLOCK_823 18.654460 12.137272 19.494460 13.097272
BLOCK_824 15.897135 10.825205 16.737135 11.785205
BLOCK_825 1.890553 20.870873 2.730553 21.830873
BLOCK_826 8.157732 4.405206 8.997732 5.365206
BLOCK_827 20.678545 12.336502 21.518545 13.296502
BLOCK_828 1.909639 7.798546 2.749639 8.758546
BLOCK_829 10.649074 1.241232 11.489074 2.201232
BLOCK_830 0.000000 10.921623 0.840000 11.881623
BLOCK_831 2.992638 16.025635 3.832638 16.985635
BLOCK_832 2.576776 9.600685 3.416776 10.560685
BLOCK_833 16.191984 15.199661 17.031984 16.159661
BLOCK_834 4.109740 7.582037 4.949740 8.542037
BLOCK_835 0.000000 17.053973 0.840000 18.013973
BLOCK_836 17.038467 10.761980 17.878467 11.721980
BLOCK_837 0.000000 13.943478 0.840000 14.903478
BLOCK_838 12.593832 13.561702 13.433832 14.521702
BLOCK_839 14.576981 13.582842 15.416981 14.542842
BLOCK_840 9.978204 2.066610 10.818204 3.026610
BLOCK_841 14.463420 17.692431 15.303420 18.652431
BLOCK_842 13.814175 19.865041 14.654175 20.825041
BLOCK_843 2.186985 13.005938 3.026985 13.965938
BLOCK_844 11.853937 4.773114 12.693937 5.733114
BLOCK_845 3.972951 18.725511 4.812951 19.685511
BLOCK_846 16.570736 14.266175 17.410736 15.226175
BLOCK_847 12.771034 16.751545 13.611034 17.711545
BLOCK_848 11.168580 7.979234 12.008580 8.939234
BLOCK_849 14.635932 10.761953 15.475932 11.721953
BLOCK_850 4.085629 12.386143 4.925629 13.346143
BLOCK_851 10.514849 22.080000 11.354849 23.040000
BLOCK_852 2.847539 19.401202 3.687539 20.361202
BLOCK_853 7.520389 22.080000 8.360389 23.040000
BLOCK_854 16.309825 17.383466 17.149825 18.343466
BLOCK_855 4.416385 15.656262 5.256385 16.616262
BLOCK_856 17.531081 12.897362 18.371081 13.857362
BLOCK_857 18.156308 17.311568 18.996308 18.271568
BLOCK_858 20.819699 13.310344 21.659699 14.270344
BLOCK_859 3.088797 18.421171 3.928797 19.381171
BLOCK_860 17.519431 21.867719 18.359431 22.827719
BLOCK_861 22.052797 9.937995 22.892797 10.897995
BLOCK_862 10.714952 5.490301 11.554952 6.450301
BLOCK_863 12.906700 18.874662 13.746700 19.834662
BLOCK_864 20.481526 10.941120 21.321526 11.901120
BLOCK_865 5.125954 18.130133 5.965954 19.090133
BLOCK_866 5.362532 15.600834 6.202532 16.560834
BLOCK_867 0.000000 15.118417 0.840000 16.078417
BLOCK_868 0.951278 17.518338 1.791278 18.478338
BLOCK_869 17.944243 10.927553 18.784243 11.887553
BLOCK_870 13.159926 20.684372 13.999926 21.644372
BLOCK_871 18.509852 18.269055 19.349852 19.229055
BLOCK_872 19.247562 10.968743 20.087562 11.928743
BLOCK_873 0.000000 8.821797 0.840000 9.781797
BLOCK_874 2.184870 18.250132 3.024870 19.210132
BLOCK_875 13.318100 10.377836 14.158100 11.337836
BLOCK_876 0.000000 21.006083 0.840000 21.966083
BLOCK_877 4.579871 8.965747 5.419871 9.925747
BLOCK_878 1.742519 9.102668 2.582519 10.062668
BLOCK_879 15.018283 20.001951 15.858283 20.961951
BLOCK_880 1.644081 5.534555 2.484081 6.494555
BLOCK_881 19.278850 14.946332 20.118850 15.906332
BLOCK_882 15.334806 10.017244 16.174806 10.977244
BLOCK_883 7.702300 3.371224 8.542300 4.331224
BLOCK_884 10.453428 3.206049 11.293428 4.166049
BLOCK_885 11.991546 6.144045 12.831546 7.104045
BLOCK_886 2.639054 5.783863 3.479054 6.743863
BLOCK_887 16.784327 19.232696 17.624327 20.192696
BLOCK_888 12.055889 7.318404 12.895889 8.278404
BLOCK_889 1.038821 12.335867 1.878821 13.295867
BLOCK_890 4.963262 8.029545 5.803262 8.989545
BLOCK_891 18.750722 15.927913 19.590722 16.887913
BLOCK_892 22.110000 13.959052 22.950000 14.919052
BLOCK_893 5.483563 9.863304 6.323563 10.823304
BLOCK_894 21.021206 15.598377 21.861206 16.558377
BLOCK_895 14.840727 18.622908 15.680727 19.582908
BLOCK_896 2.768545 11.721491 3.608545 12.681491
BLOCK_897 0.970172 7.123150 1.810172 8.083150
BLOCK_898 3.108340 10.528119 3.948340 11.488119
BLOCK_899 16.576265 13.279238 17.416265 14.239238
BLOCK_900 10.248326 6.468564 11.088326 7.428564
BLOCK_901 12.042557 8.694189 12.882557 9.654189
BLOCK_902 21.729473 13.021810 22.569473 13.981810
BLOCK_903 0.000000 16.099430 0.840000 17.059430
BLOCK_904 2.634073 4.794593 3.474073 5.754593
BLOCK_905 19.872846 10.133244 20.712846 11.093244
BLOCK_906 21.275654 11.510791 22.115654 12.470791
BLOCK_907 14.223705 9.766141 15.063705 10.726141
BLOCK_908 3.815026 16.521802 4.655026 17.481802
BLOCK_909 12.430000 0.000000 22.950000 10.520000
BLOCK_910 13.537261 13.687737 14.377261 14.647737
BLOCK_911 4.835662 19.081996 5.675662 20.041996

[Iter 8000] geometry_scale=12.000000
BLOCK_1 10.096063 5.254361 10.190931 5.349229
BLOCK_2 14.527155 20.160268 14.652455 20.285568
BLOCK_3 10.095727 5.254051 10.190595 5.348919
BLOCK_4 13.650078 10.633639 13.775378 10.758939
BLOCK_5 10.095370 5.253718 10.190238 5.348587
BLOCK_6 14.623804 20.276662 14.749104 20.401962
BLOCK_7 20.684481 13.501374 20.809781 13.626674
BLOCK_8 14.627999 20.276755 14.753299 20.402055
BLOCK_9 17.145897 16.858268 17.212979 16.925350
BLOCK_10 10.096720 5.254973 10.191588 5.349841
BLOCK_11 11.148666 21.026799 11.243534 21.121667
BLOCK_12 17.145901 16.858284 17.212983 16.925366
BLOCK_13 5.679960 17.934560 5.747042 18.001642
BLOCK_14 17.644159 5.234780 17.691063 5.281684
BLOCK_15 7.281620 4.143686 7.397378 4.259444
BLOCK_16 17.644235 5.234730 17.691139 5.281635
BLOCK_17 17.145899 16.858274 17.212981 16.925356
BLOCK_18 17.145901 16.858274 17.212983 16.925356
BLOCK_19 14.338458 10.798428 14.463758 10.923728
BLOCK_20 14.218934 10.798358 14.344234 10.923658
BLOCK_21 5.493150 9.236342 5.618450 9.361642
BLOCK_22 3.689690 5.462035 3.784559 5.556903
BLOCK_23 14.185621 20.158350 14.310921 20.283650
BLOCK_24 5.315915 9.255859 5.441215 9.381159
BLOCK_25 7.410460 4.295361 7.505328 4.390229
BLOCK_26 5.315922 9.254675 5.441222 9.379975
BLOCK_27 6.932335 20.308403 7.027203 20.403271
BLOCK_28 5.134576 9.352771 5.259876 9.478071
BLOCK_29 3.689690 5.462035 3.784559 5.556903
BLOCK_30 3.689690 5.462035 3.784559 5.556903
BLOCK_31 20.684392 13.501311 20.809692 13.626611
BLOCK_32 20.467631 13.405644 20.592931 13.530944
BLOCK_33 3.689690 5.462035 3.784559 5.556903
BLOCK_34 7.256784 4.127495 7.372542 4.243253
BLOCK_35 7.410460 4.295373 7.505328 4.390241
BLOCK_36 13.157840 4.144287 13.314684 4.301131
BLOCK_37 13.650948 10.637720 13.776248 10.763020
BLOCK_38 5.154009 20.398352 5.259839 20.504182
BLOCK_39 20.412459 13.405225 20.537759 13.530525
BLOCK_40 12.116878 19.751720 12.518500 20.153342
BLOCK_41 12.269227 18.392055 12.720669 18.843497
BLOCK_42 14.588399 9.195450 14.843350 9.450401
BLOCK_43 5.840324 16.798367 6.150646 17.108689
BLOCK_44 4.302612 10.373713 4.785313 10.856414
BLOCK_45 12.314108 20.080568 12.674524 20.440984
BLOCK_46 14.357911 14.243143 14.675401 14.560633
BLOCK_47 11.340946 6.423232 11.691945 6.774231
BLOCK_48 13.550146 15.119476 14.032847 15.602177
BLOCK_49 11.442550 19.689275 11.855103 20.101828
BLOCK_50 13.422009 17.559043 13.746509 17.883543
BLOCK_51 13.801801 17.674222 14.129673 18.002094
BLOCK_52 9.864836 22.624669 10.280167 23.040000
BLOCK_53 10.065309 16.678418 10.519291 17.132400
BLOCK_54 12.908927 15.321732 13.229863 15.642668
BLOCK_55 11.728000 16.738300 12.151320 17.161620
BLOCK_56 12.226725 16.918362 12.551225 17.242862
BLOCK_57 12.252869 15.546367 12.670840 15.964338
BLOCK_58 10.150986 22.624669 10.566317 23.040000
BLOCK_59 10.317638 17.008107 10.638574 17.329043
BLOCK_60 12.462470 15.389967 12.790342 15.717839
BLOCK_61 11.406506 21.117451 11.661457 21.372402
BLOCK_62 8.797064 21.838801 9.324131 22.365868
BLOCK_63 12.313722 17.303322 12.859524 17.849124
BLOCK_64 5.139454 10.252195 5.541076 10.653817
BLOCK_65 7.290858 16.990505 7.759366 17.459013
BLOCK_66 20.345148 11.871878 20.949383 12.476113
BLOCK_67 13.060641 18.386454 13.381577 18.707390
BLOCK_68 9.303027 19.832617 9.752026 20.281616
BLOCK_69 12.636439 14.470453 13.167664 15.001678
BLOCK_70 13.358548 14.596005 13.900212 15.137669
BLOCK_71 11.372453 19.198343 11.751135 19.577025
BLOCK_72 10.318148 7.327805 10.956662 7.966319
BLOCK_73 2.968669 17.923275 3.347351 18.301957
BLOCK_74 10.617942 15.877176 11.159606 16.418840
BLOCK_75 14.003583 17.518390 14.354582 17.869389
BLOCK_76 11.632683 17.347374 11.953619 17.668310
BLOCK_77 7.627672 17.284978 8.128571 17.785877
BLOCK_78 16.613386 18.421081 17.243068 19.050763
BLOCK_79 11.004912 16.078332 11.503510 16.576930
BLOCK_80 18.352526 16.510447 18.883751 17.041672
BLOCK_81 11.901003 16.207211 12.329605 16.635813
BLOCK_82 20.461659 13.972016 21.101893 14.612250
BLOCK_83 6.691511 19.978314 7.335250 20.622053
BLOCK_84 13.506727 21.784079 13.870320 22.147672
BLOCK_85 9.727727 16.075099 10.239684 16.587056
BLOCK_86 9.686663 17.398451 10.274030 17.985818
BLOCK_87 15.068284 16.907147 15.638196 17.477059
BLOCK_88 6.215137 14.766332 6.697838 15.249033
BLOCK_89 11.081675 9.199611 11.600134 9.718070
BLOCK_90 7.111025 5.185241 7.417782 5.491998
BLOCK_91 11.216266 13.918356 11.594948 14.297038
BLOCK_92 11.705126 15.260524 12.192363 15.747761
BLOCK_93 13.971391 14.779687 14.469989 15.278285
BLOCK_94 14.409506 13.310090 14.892207 13.792791
BLOCK_95 8.807243 10.063308 9.340628 10.596693
BLOCK_96 7.650555 18.098160 8.128572 18.576177
BLOCK_97 15.196634 13.136402 15.679335 13.619103
BLOCK_98 6.920647 19.670238 7.454032 20.203623
BLOCK_99 10.652400 17.403438 11.088748 17.839786
BLOCK_100 3.449884 11.963180 3.825517 12.338813
BLOCK_101 10.996683 16.841418 11.474700 17.319435
BLOCK_102 12.339309 20.630244 12.783268 21.074203
BLOCK_103 10.690949 18.316308 11.116860 18.742219
BLOCK_104 11.166733 14.464118 11.750257 15.047642
BLOCK_105 11.070382 20.398347 11.618287 20.946252
BLOCK_106 18.048746 9.861012 18.359068 10.171334
BLOCK_107 10.116900 12.048948 10.635359 12.567407
BLOCK_108 11.275320 15.437311 11.897815 16.059806
BLOCK_109 11.858879 13.438363 12.599689 14.179173
BLOCK_110 6.233067 15.478399 6.793067 16.038399
BLOCK_111 8.164388 14.758309 8.582359 15.176280
BLOCK_112 10.065188 7.678382 10.528869 8.142063
BLOCK_113 7.649521 19.678308 8.025154 20.053941
BLOCK_114 11.291223 13.374204 11.714543 13.797524
BLOCK_115 9.461082 15.871807 10.030994 16.441719
BLOCK_116 11.660172 19.080439 12.067357 19.487624
BLOCK_117 15.932055 13.247837 16.365875 13.681657
BLOCK_118 12.072183 11.894644 12.487514 12.309975
BLOCK_119 12.485662 20.943871 12.916823 21.375032
BLOCK_120 6.095610 15.118379 6.559291 15.582060
BLOCK_121 14.944654 14.501460 15.565379 15.122185
BLOCK_122 7.853335 16.905851 8.232017 17.284533
BLOCK_123 9.826544 18.930943 10.287846 19.392245
BLOCK_124 12.663278 11.299708 13.097098 11.733528
BLOCK_125 9.740541 18.166827 10.280171 18.706457
BLOCK_126 10.423313 18.884261 10.917479 19.378427
BLOCK_127 7.739241 8.575023 8.159955 8.995737
BLOCK_128 13.005764 14.866581 13.412949 15.273766
BLOCK_129 10.063837 19.246227 10.621869 19.804259
BLOCK_130 9.741768 16.798443 10.041101 17.097776
BLOCK_131 11.515512 14.813543 11.846873 15.144904
BLOCK_132 11.361970 18.096155 12.007416 18.741601
BLOCK_133 5.617464 16.407969 6.040784 16.831289
BLOCK_134 11.624674 13.956216 12.192653 14.524195
BLOCK_135 7.887895 18.650049 8.248311 19.010465
BLOCK_136 14.547419 17.308419 15.063752 17.824752
BLOCK_137 9.121791 16.599744 9.742516 17.220469
BLOCK_138 7.450709 17.755900 8.000618 18.305809
BLOCK_139 13.082839 17.716110 13.498170 18.131441
BLOCK_140 11.474522 16.946941 11.809186 17.281605
BLOCK_141 8.082867 18.220951 8.487218 18.625302
BLOCK_142 12.071213 14.998355 12.549230 15.476372
BLOCK_143 7.383734 9.758359 7.840133 10.214758
BLOCK_144 7.466739 8.944289 7.974282 9.451832
BLOCK_145 9.562018 7.563966 9.995838 7.997786
BLOCK_146 10.369866 15.863788 10.707801 16.201723
BLOCK_147 11.408136 16.438441 11.834047 16.864352
BLOCK_148 13.768937 18.017657 14.116788 18.365508
BLOCK_149 13.819127 18.415741 14.245038 18.841652
BLOCK_150 10.249523 16.160886 10.675434 16.586797
BLOCK_151 4.428575 13.874473 4.835760 14.281658
BLOCK_152 10.003982 8.404297 10.361333 8.761648
BLOCK_153 9.745917 10.190093 10.179737 10.623913
BLOCK_154 11.645055 19.918357 12.178440 20.451742
BLOCK_155 11.713582 10.797042 12.020339 11.103799
BLOCK_156 11.810554 20.833721 12.098478 21.121645
BLOCK_157 7.876777 9.689796 8.148623 9.961642
BLOCK_158 10.113880 22.186423 10.434816 22.507359
BLOCK_159 14.137015 18.189030 14.557729 18.609744
BLOCK_160 1.159879 13.276631 2.104072 14.220824
BLOCK_161 9.015785 16.957727 9.459744 17.401686
BLOCK_162 11.507637 17.638311 12.038862 18.169536
BLOCK_163 9.329426 22.601138 9.768288 23.040000
BLOCK_164 6.512919 6.091601 6.900346 6.479028
BLOCK_165 11.952721 17.085499 12.383882 17.516660
BLOCK_166 9.203372 18.838353 9.531244 19.166225
BLOCK_167 14.895565 12.275955 15.831407 13.211797
BLOCK_168 7.565120 6.694992 7.864453 6.994325
BLOCK_169 12.675757 15.093641 13.023608 15.441492
BLOCK_170 13.626192 18.238315 13.964127 18.576250
BLOCK_171 10.518289 16.558378 10.866140 16.906229
BLOCK_172 8.605763 15.723533 8.869202 15.986972
BLOCK_173 11.851248 14.643507 12.182609 14.974868
BLOCK_174 12.811339 11.887944 13.265321 12.341926
BLOCK_175 12.100337 14.398335 12.431698 14.729696
BLOCK_176 8.623521 20.430269 8.954882 20.761630
BLOCK_177 10.090047 11.139821 10.558555 11.608329
BLOCK_178 8.501398 19.724593 8.845927 20.069122
BLOCK_179 3.206713 13.558342 3.630033 13.981662
BLOCK_180 9.256415 9.838379 9.830262 10.412226
BLOCK_181 7.290040 6.977923 7.650456 7.338339
BLOCK_182 10.828818 12.838364 11.116742 13.126288
BLOCK_183 7.545034 14.944287 8.138077 15.537330
BLOCK_184 6.812802 15.120424 7.054049 15.361671
BLOCK_185 7.051846 15.486514 7.629600 16.064268
BLOCK_186 7.896376 8.878251 8.265970 9.247845
BLOCK_187 7.652896 15.801487 8.376913 16.525504
BLOCK_188 13.809465 12.444558 14.119787 12.754880
BLOCK_189 8.725364 16.104298 9.331499 16.710433
BLOCK_190 10.315413 21.041881 10.653348 21.379816
BLOCK_191 9.922816 8.998341 10.280167 9.355692
BLOCK_192 10.040090 14.158425 10.468692 14.587027
BLOCK_193 8.893305 9.141053 9.378279 9.626027
BLOCK_194 6.567145 14.387735 7.217837 15.038427
BLOCK_195 9.439157 21.250604 9.790156 21.601603
BLOCK_196 11.037347 10.649821 11.309193 10.921667
BLOCK_197 9.920428 20.775096 10.421327 21.275995
BLOCK_198 12.315378 21.563272 12.733349 21.981243
BLOCK_199 10.866690 19.523909 11.265438 19.922657
BLOCK_200 6.885538 8.618208 7.530984 9.263654
BLOCK_201 16.255780 12.238508 16.515010 12.497738
BLOCK_202 14.281971 11.038356 14.750479 11.506864
BLOCK_203 9.083858 8.502411 9.343088 8.761641
BLOCK_204 7.128087 14.696323 7.697999 15.266235
BLOCK_205 8.687364 7.473671 9.255343 8.041650
BLOCK_206 8.366806 16.078375 8.701470 16.413039
BLOCK_207 6.812791 18.620374 7.620132 19.427715
BLOCK_208 8.589753 12.261183 9.110330 12.781760
BLOCK_209 9.203430 6.050437 9.520920 6.367927
BLOCK_210 7.290698 15.720381 7.531945 15.961628
BLOCK_211 9.060097 15.478451 9.535702 15.954056
BLOCK_212 5.856575 14.036550 6.187936 14.367911
BLOCK_213 5.217732 7.301731 5.901983 7.985982
BLOCK_214 6.925079 14.278335 7.216798 14.570054
BLOCK_215 8.008005 17.518403 8.267235 17.777633
BLOCK_216 9.443704 11.324273 10.140913 12.021482
BLOCK_217 9.381477 20.398395 9.837876 20.854794
BLOCK_218 8.249407 9.075632 8.606758 9.432983
BLOCK_219 11.363782 12.929783 11.947306 13.513307
BLOCK_220 7.170177 16.078318 7.411424 16.319565
BLOCK_221 9.556192 12.943133 10.293959 13.680900
BLOCK_222 6.882062 6.432799 7.269489 6.820226
BLOCK_223 10.084640 10.711589 10.585539 11.212488
BLOCK_224 11.793438 22.702065 12.131373 23.040000
BLOCK_225 7.733007 10.232510 8.009050 10.508553
BLOCK_226 11.777369 22.078351 12.208530 22.509512
BLOCK_227 11.594077 12.146980 11.928741 12.481644
BLOCK_228 9.633431 19.830198 9.964792 20.161559
BLOCK_229 10.502227 14.457363 10.877860 14.832996
BLOCK_230 6.932338 22.486014 7.486324 23.040000
BLOCK_231 9.322923 15.152856 9.713179 15.543112
BLOCK_232 5.981892 12.684588 6.455178 13.157874
BLOCK_233 9.663822 8.094001 10.164721 8.594900
BLOCK_234 6.172494 22.472021 6.740473 23.040000
BLOCK_235 12.088589 17.754584 12.613470 18.279465
BLOCK_236 7.271834 11.982882 7.650516 12.361564
BLOCK_237 6.718023 5.599037 7.291870 6.172884
BLOCK_238 9.676929 14.398368 10.043535 14.764974
BLOCK_239 9.918540 14.665076 10.285146 15.031682
BLOCK_240 10.341102 14.627080 10.716735 15.002713
BLOCK_241 6.043476 14.111664 6.574701 14.642889
BLOCK_242 8.315454 22.374042 8.981412 23.040000
BLOCK_243 3.820276 15.786134 4.336609 16.302467
BLOCK_244 16.423890 10.018649 16.971795 10.566554
BLOCK_245 6.632056 7.980283 7.052770 8.400997
BLOCK_246 9.561960 14.639292 9.849884 14.927216
BLOCK_247 7.070097 9.260330 7.411418 9.601651
BLOCK_248 5.685891 19.383115 6.067467 19.764691
BLOCK_249 9.562016 10.783904 9.882952 11.104840
BLOCK_250 7.841675 21.089832 8.113521 21.361678
BLOCK_251 9.782044 16.918402 10.160726 17.297084
BLOCK_252 11.141592 17.363607 11.626566 17.848581
BLOCK_253 13.266069 18.118382 13.644751 18.497064
BLOCK_254 7.703016 18.827086 8.063432 19.187502
BLOCK_255 8.575352 6.756140 9.379964 7.560752
BLOCK_256 6.086327 6.216300 6.591698 6.721671
BLOCK_257 5.728079 13.796425 6.052579 14.120925
BLOCK_258 10.513992 17.042271 10.939903 17.468182
BLOCK_259 7.715575 21.227788 8.209741 21.721954
BLOCK_260 6.056563 6.899634 6.487724 7.330795
BLOCK_261 10.040145 9.718346 10.324046 10.002247
BLOCK_262 10.876820 16.668912 11.249513 17.041605
BLOCK_263 5.672455 7.342997 5.993391 7.663933
BLOCK_264 8.992620 20.565442 9.444062 21.016884
BLOCK_265 12.191733 14.638355 12.615053 15.061675
BLOCK_266 8.311135 17.375673 8.606770 17.671308
BLOCK_267 6.656839 8.725672 7.052819 9.121652
BLOCK_268 9.860027 8.867669 10.163012 9.170654
BLOCK_269 8.574144 19.011418 9.083850 19.521124
BLOCK_270 1.927966 19.180743 2.602280 19.855057
BLOCK_271 12.019640 22.601138 12.458502 23.040000
BLOCK_272 11.623015 22.682649 11.980366 23.040000
BLOCK_273 6.608856 19.357133 6.933356 19.681633
BLOCK_274 11.594046 16.015704 12.019957 16.441615
BLOCK_275 6.319409 19.342062 6.760884 19.783537
BLOCK_276 6.828935 6.977747 7.343036 7.491848
BLOCK_277 5.974196 8.044555 6.273529 8.343888
BLOCK_278 4.223375 10.938043 4.662237 11.376905
BLOCK_279 7.051919 16.438315 7.541511 16.927907
BLOCK_280 8.302967 6.448923 8.609724 6.755680
BLOCK_281 7.491372 8.178194 7.903925 8.590747
BLOCK_282 13.770479 13.520665 14.105143 13.855329
BLOCK_283 7.744362 6.318116 8.275587 6.849341
BLOCK_284 9.923748 19.770038 10.526160 20.372450
BLOCK_285 11.096730 11.862443 11.355960 12.121673
BLOCK_286 12.036361 10.375762 12.462272 10.801673
BLOCK_287 12.552547 12.437745 12.836448 12.721646
BLOCK_288 10.477614 13.749035 10.890167 14.161588
BLOCK_289 6.022220 7.780687 6.388826 8.147293
BLOCK_290 8.598152 8.481134 9.101242 8.984224
BLOCK_291 6.823541 20.573401 7.151413 20.901273
BLOCK_292 5.932367 22.517219 6.455148 23.040000
BLOCK_293 8.366819 8.854887 8.815818 9.303886
BLOCK_294 10.782252 10.438494 11.116916 10.773158
BLOCK_295 17.652900 13.836793 18.169233 14.353126
BLOCK_296 15.590468 17.083239 16.353619 17.846390
BLOCK_297 10.000623 15.388432 10.292342 15.680151
BLOCK_298 15.586283 13.513551 16.160130 14.087398
BLOCK_299 10.757336 14.398350 11.132969 14.773983
BLOCK_300 11.594056 18.520703 11.914992 18.841639
BLOCK_301 7.529963 12.358534 7.864627 12.693198
BLOCK_302 6.803306 7.778474 7.299693 8.274861
BLOCK_303 10.404637 12.718344 10.877923 13.191630
BLOCK_304 8.127577 13.438633 8.506259 13.817315
BLOCK_305 10.470351 14.038332 10.758275 14.326256
BLOCK_306 18.766313 11.522771 19.282646 12.039104
BLOCK_307 16.784152 12.702647 17.395789 13.314284
BLOCK_308 5.207960 14.758364 5.810372 15.360776
BLOCK_309 10.262454 10.226731 10.892136 10.856413
BLOCK_310 6.524679 13.798440 6.971221 14.244982
BLOCK_311 11.836861 10.918331 12.124785 11.206255
BLOCK_312 15.179970 11.794981 15.524499 12.139510
BLOCK_313 8.702287 11.578376 9.125607 12.001696
BLOCK_314 10.584911 13.149124 10.997464 13.561677
BLOCK_315 10.518708 11.260720 11.019607 11.761619
BLOCK_316 10.867177 10.914063 11.323576 11.370462
BLOCK_317 7.081926 10.930612 7.432925 11.281611
BLOCK_318 13.011355 11.138596 13.525456 11.652697
BLOCK_319 13.302503 12.141628 13.854409 12.693534
BLOCK_320 5.527975 22.068424 5.976974 22.517423
BLOCK_321 13.914566 11.272021 14.345727 11.703182
BLOCK_322 9.938645 14.001874 10.279966 14.343195
BLOCK_323 11.373169 10.661097 11.714490 11.002418
BLOCK_324 5.480201 15.358396 5.881823 15.760018
BLOCK_325 6.199734 8.158345 6.658646 8.617257
BLOCK_326 10.398743 20.572556 10.777425 20.951238
BLOCK_327 8.401772 18.877134 8.726272 19.201634
BLOCK_328 8.692074 18.800969 8.951304 19.060199
BLOCK_329 13.387048 12.958361 13.663091 13.234404
BLOCK_330 5.546413 14.502851 6.159846 15.116284
BLOCK_331 7.286266 21.308151 7.589251 21.611136
BLOCK_332 10.307755 8.401071 10.908255 9.001571
BLOCK_333 11.068292 21.574993 11.475477 21.982178
BLOCK_334 9.083883 20.125585 9.359926 20.401628
BLOCK_335 10.442706 9.149472 10.734425 9.441191
BLOCK_336 10.816793 20.820800 11.354380 21.358387
BLOCK_337 8.006587 14.260085 8.388163 14.641661
BLOCK_338 12.908975 17.998347 13.293423 18.382795
BLOCK_339 5.417049 13.992864 5.737985 14.313800
BLOCK_340 10.159738 20.201309 10.649330 20.690901
BLOCK_341 10.762665 12.191763 11.172543 12.601641
BLOCK_342 3.238511 7.720605 3.776098 8.258192
BLOCK_343 13.532688 13.095905 13.870623 13.433840
BLOCK_344 11.463787 22.198379 11.747688 22.482280
BLOCK_345 8.429942 17.998390 8.977847 18.546295
BLOCK_346 7.775574 9.472862 8.370469 10.067757
BLOCK_347 6.128902 20.022331 6.613876 20.507305
BLOCK_348 7.351218 7.814911 7.802660 8.266353
BLOCK_349 9.784297 6.430419 10.191482 6.837604
BLOCK_350 8.837802 15.962467 9.204408 16.329073
BLOCK_351 10.735162 21.928106 11.019063 22.212007
BLOCK_352 0.963831 16.512218 1.902074 17.450461
BLOCK_353 12.648171 12.718166 13.066142 13.136137
BLOCK_354 8.476154 17.518401 8.845748 17.887995
BLOCK_355 9.832335 17.567404 10.131668 17.866737
BLOCK_356 11.540052 21.896969 11.823953 22.180870
BLOCK_357 8.706153 11.405210 9.084835 11.783892
BLOCK_358 11.311097 22.318404 11.594998 22.602305
BLOCK_359 12.785064 12.118339 13.116425 12.449700
BLOCK_360 8.763105 10.812720 9.207064 11.256679
BLOCK_361 11.341000 21.464350 11.736980 21.860330
BLOCK_362 9.242219 8.304483 9.576883 8.639147
BLOCK_363 15.722623 22.150704 16.067152 22.495233
BLOCK_364 10.637367 9.853239 10.975302 10.191174
BLOCK_365 7.579235 14.450060 7.889557 14.760382
BLOCK_366 8.721586 14.517992 9.204287 15.000693
BLOCK_367 7.225005 18.487512 7.579124 18.841631
BLOCK_368 14.342464 12.566623 14.638099 12.862258
BLOCK_369 9.442497 6.715321 9.950040 7.222864
BLOCK_370 9.315871 19.074965 9.682477 19.441571
BLOCK_371 8.247173 20.878359 8.648795 21.279981
BLOCK_372 8.339661 9.718310 8.934556 10.313205
BLOCK_373 4.546566 19.993779 4.900685 20.347898
BLOCK_374 9.084293 14.791446 9.496846 15.203999
BLOCK_375 6.248518 7.167907 6.802504 7.721893
BLOCK_376 1.666933 11.324237 2.341247 11.998551
BLOCK_377 5.875515 19.471665 6.455170 20.051320
BLOCK_378 10.239855 11.705046 10.758314 12.223505
BLOCK_379 10.772678 20.229619 11.177029 20.633970
BLOCK_380 6.720872 17.255022 7.172314 17.706464
BLOCK_381 8.606601 9.419985 9.029921 9.843305
BLOCK_382 14.343396 11.776209 14.949531 12.382344
BLOCK_383 9.501701 19.120246 9.943176 19.561721
BLOCK_384 11.625734 10.233746 11.953606 10.561618
BLOCK_385 10.991217 12.586787 11.485383 13.080953
BLOCK_386 6.791814 12.913774 7.182070 13.304030
BLOCK_387 4.675184 20.873542 5.169350 21.367708
BLOCK_388 5.857111 18.703346 6.272442 19.118677
BLOCK_389 8.754858 13.566859 9.223366 14.035367
BLOCK_390 13.106298 12.475029 13.472904 12.841635
BLOCK_391 9.171979 10.933763 9.727947 11.489731
BLOCK_392 9.332540 17.636829 9.728520 18.032809
BLOCK_393 9.083629 21.119572 9.444045 21.479988
BLOCK_394 8.389325 15.186299 8.804656 15.601630
BLOCK_395 8.227797 8.025887 8.833932 8.632022
BLOCK_396 10.602761 9.447858 11.116862 9.961959
BLOCK_397 9.321297 9.554389 9.714489 9.947581
BLOCK_398 13.558074 22.051866 14.141598 22.635390
BLOCK_399 6.313801 18.459279 6.867787 19.013265
BLOCK_400 9.083898 17.503007 9.462580 17.881689
BLOCK_401 11.336324 18.669273 11.635657 18.968606
BLOCK_402 4.940570 20.516256 5.361284 20.936970
BLOCK_403 10.518260 8.158337 10.859581 8.499658
BLOCK_404 11.058419 11.173804 11.484330 11.599715
BLOCK_405 12.420342 11.518355 12.795975 11.893988
BLOCK_406 16.108411 12.838296 16.495838 13.225723
BLOCK_407 8.844834 19.271774 9.254712 19.681652
BLOCK_408 6.313514 21.922416 6.648178 22.257080
BLOCK_409 12.955820 13.198449 13.449986 13.692615
BLOCK_410 13.534908 16.588040 14.194150 17.247282
BLOCK_411 8.243500 14.329262 8.726201 14.811963
BLOCK_412 8.008126 18.958339 8.412477 19.362690
BLOCK_413 6.907022 11.518586 7.254873 11.866437
BLOCK_414 10.750405 18.838660 11.230717 19.318972
BLOCK_415 11.379880 12.626966 11.714544 12.961630
BLOCK_416 8.586600 12.091177 8.965282 12.469859
BLOCK_417 12.720235 22.603652 13.156583 23.040000
BLOCK_418 6.605813 13.027530 7.034415 13.456132
BLOCK_419 4.538284 21.545359 4.882813 21.889888
BLOCK_420 8.884525 17.664304 9.345827 18.125606
BLOCK_421 5.587310 21.607185 6.202615 22.222490
BLOCK_422 10.970870 9.970997 11.358297 10.358424
BLOCK_423 8.008024 13.648445 8.401216 14.041637
BLOCK_424 14.802004 19.550651 15.440518 20.189165
BLOCK_425 9.560007 9.118375 9.985918 9.544286
BLOCK_426 10.602826 19.678440 10.987274 20.062888
BLOCK_427 8.810013 12.954990 9.176619 13.321596
BLOCK_428 5.196314 20.019333 5.737978 20.560997
BLOCK_429 10.398743 21.718372 10.705500 22.025129
BLOCK_430 18.508993 13.102422 19.248317 13.841746
BLOCK_431 12.802663 12.838258 13.246622 13.282217
BLOCK_432 12.890533 10.678366 13.215033 11.002866
BLOCK_433 9.669102 7.295377 10.041795 7.668070
BLOCK_434 6.796841 13.490425 7.228002 13.921586
BLOCK_435 8.741181 22.598525 9.182656 23.040000
BLOCK_436 12.654202 21.880187 13.095677 22.321662
BLOCK_437 8.140739 10.285933 8.525187 10.670381
BLOCK_438 13.166249 11.688648 13.507570 12.029969
BLOCK_439 9.643327 6.219003 9.971199 6.546875
BLOCK_440 9.562020 20.559392 10.016002 21.013374
BLOCK_441 6.120515 21.602792 6.455179 21.937456
BLOCK_442 11.329723 10.102483 11.650659 10.423419
BLOCK_443 8.776168 4.018843 9.315798 4.558473
BLOCK_444 17.091207 20.195312 17.554888 20.658993
BLOCK_445 9.429455 6.150299 9.760816 6.481660
BLOCK_446 11.806828 12.217435 12.312199 12.722806
BLOCK_447 9.681546 21.236779 10.166520 21.721753
BLOCK_448 10.730469 14.983057 11.411424 15.664012
BLOCK_449 6.671973 20.720595 7.108321 21.156943
BLOCK_450 8.478918 16.798346 8.866345 17.185773
BLOCK_451 9.317502 18.258936 9.746104 18.687538
BLOCK_452 10.562691 21.239922 11.098135 21.775366
BLOCK_453 15.311224 12.024292 15.659075 12.372143
BLOCK_454 5.000075 21.849270 5.468583 22.317778
BLOCK_455 7.051851 8.316226 7.402850 8.667225
BLOCK_456 5.378435 6.729003 5.874822 7.225390
BLOCK_457 12.460476 10.678357 12.936081 11.153962
BLOCK_458 9.133530 19.605302 9.569878 20.041650
BLOCK_459 9.339739 21.958363 9.671100 22.289724
BLOCK_460 6.931718 21.165763 7.289069 21.523114
BLOCK_461 14.582352 11.939987 14.892674 12.250309
BLOCK_462 11.950402 21.872559 12.399401 22.321558
BLOCK_463 10.143398 9.952042 10.512992 10.321636
BLOCK_464 8.039780 19.354037 8.367652 19.681909
BLOCK_465 4.071897 20.629927 4.635901 21.193931
BLOCK_466 7.519969 5.450372 7.889563 5.819966
BLOCK_467 14.001482 11.736029 14.346011 12.080558
BLOCK_468 5.492832 6.425899 6.021982 6.955049
BLOCK_469 14.365752 22.120510 14.905382 22.660140
BLOCK_470 8.605790 17.158382 8.969383 17.521975
BLOCK_471 19.625387 16.253876 20.274309 16.902798
BLOCK_472 13.052242 15.480067 13.845589 16.273414
BLOCK_473 10.028583 12.481020 10.508895 12.961332
BLOCK_474 4.343878 14.517670 5.191817 15.365609
BLOCK_475 8.610284 15.145805 9.186044 15.721565
BLOCK_476 12.784729 10.338036 13.248410 10.801717
BLOCK_477 13.604118 12.718384 13.985694 13.099960
BLOCK_478 7.408411 13.076653 7.893385 13.561627
BLOCK_479 18.943283 15.130994 19.404585 15.592296
BLOCK_480 12.635089 21.238357 13.180891 21.784159
BLOCK_481 11.984654 20.435820 12.372081 20.823247
BLOCK_482 14.135922 12.273767 14.463794 12.601639
BLOCK_483 4.725106 20.252590 5.126728 20.654212
BLOCK_484 6.666271 10.585921 7.242031 11.161681
BLOCK_485 6.984620 12.130649 7.410531 12.556560
BLOCK_486 6.087692 13.391578 6.657604 13.961490
BLOCK_487 7.952636 15.066068 8.248271 15.361703
BLOCK_488 5.793911 13.134782 6.335575 13.676446
BLOCK_489 6.063689 11.902409 6.673443 12.512163
BLOCK_490 11.396481 9.277496 12.093690 9.974705
BLOCK_491 8.098114 12.810689 8.583088 13.295663
BLOCK_492 9.418466 12.094543 9.964268 12.640345
BLOCK_493 2.837916 16.915441 3.488608 17.566133
BLOCK_494 11.668512 21.225472 12.195579 21.752539
BLOCK_495 14.085066 21.867203 14.563083 22.345220
BLOCK_496 17.347835 9.776044 17.732283 10.160492
BLOCK_497 13.127761 21.806253 13.543092 22.221584
BLOCK_498 9.322974 14.003849 9.654335 14.335210
BLOCK_499 12.252821 11.158617 12.670792 11.576588
BLOCK_500 6.345837 11.647877 6.826149 12.128189
BLOCK_501 11.523274 10.918320 11.877393 11.272439
BLOCK_502 7.034934 6.434841 7.450265 6.850172
BLOCK_503 9.083840 12.446330 9.748144 13.110634
BLOCK_504 9.665487 13.825630 10.041120 14.201263
BLOCK_505 7.403221 11.275028 7.769827 11.641634
BLOCK_506 9.347731 13.558261 9.682395 13.892925
BLOCK_507 13.123069 18.598396 13.507517 18.982844
BLOCK_508 13.393347 22.521541 13.911806 23.040000
BLOCK_509 8.514133 18.398212 8.880739 18.764818
BLOCK_510 11.011569 14.180336 11.352890 14.521657
BLOCK_511 11.497672 5.862684 11.984909 6.349921
BLOCK_512 13.960540 15.698298 14.673632 16.411390
BLOCK_513 6.242781 7.551392 6.609387 7.917998
BLOCK_514 4.571813 10.167818 5.059050 10.655055
BLOCK_515 17.391188 14.923187 17.878425 15.410424
BLOCK_516 7.651874 6.037156 7.972810 6.358092
BLOCK_517 13.009767 8.416264 13.595173 9.001670
BLOCK_518 8.322578 12.931613 8.818965 13.428000
BLOCK_519 7.268992 10.586336 7.681545 10.998889
BLOCK_520 13.512024 11.518393 13.866143 11.872512
BLOCK_521 9.667738 6.973809 10.046420 7.352491
BLOCK_522 7.939073 11.077078 8.691868 11.829873
BLOCK_523 6.261615 12.465304 6.758002 12.961691
BLOCK_524 12.159155 13.154856 12.528749 13.524450
BLOCK_525 5.552903 16.962629 6.351902 17.761628
BLOCK_526 8.247368 20.347568 8.604719 20.704919
BLOCK_527 6.932351 15.238356 7.253287 15.559292
BLOCK_528 8.568822 10.538136 9.076365 11.045679
BLOCK_529 10.523333 17.822383 11.236425 18.535475
BLOCK_530 4.063719 13.217012 4.586500 13.739793
BLOCK_531 5.319888 12.114540 5.951315 12.745967
BLOCK_532 3.008895 12.707942 3.810705 13.509752
BLOCK_533 10.198474 4.409840 10.924008 5.135374
BLOCK_534 12.406008 12.091889 12.790456 12.476337
BLOCK_535 9.081331 21.425987 9.566305 21.910961
BLOCK_536 5.397420 21.143416 5.941203 21.687199
BLOCK_537 11.960368 21.177539 12.367553 21.584724
BLOCK_538 4.100934 8.741622 4.678688 9.319376
BLOCK_539 7.127698 12.718319 7.650479 13.241100
BLOCK_540 6.812657 12.282790 7.251519 12.721652
BLOCK_541 11.733954 11.518565 12.204910 11.989521
BLOCK_542 4.758323 22.521541 5.276782 23.040000
BLOCK_543 8.319544 5.640737 9.034177 6.355370
BLOCK_544 10.983981 19.803317 11.473573 20.292909
BLOCK_545 8.974064 13.213106 9.442572 13.681614
BLOCK_546 4.540940 6.456349 5.250870 7.166279
BLOCK_547 9.321221 7.735428 9.736552 8.150759
BLOCK_548 7.595447 13.438397 8.013418 13.856368
BLOCK_549 9.971363 18.358391 10.476734 18.863762
BLOCK_550 13.412481 16.135339 13.856440 16.579298
BLOCK_551 6.020867 5.355359 6.628814 5.963306
BLOCK_552 13.934633 21.247199 14.444339 21.756905
BLOCK_553 7.636384 21.598358 8.009077 21.971051
BLOCK_554 5.497290 22.679584 5.857706 23.040000
BLOCK_555 2.431498 8.560397 3.141428 9.270327
BLOCK_556 8.999500 18.317457 9.537087 18.855044
BLOCK_557 9.083923 11.742586 9.532922 12.191585
BLOCK_558 7.900894 8.055204 8.367048 8.521358
BLOCK_559 8.731749 6.237782 9.307509 6.813542
BLOCK_560 8.053227 16.527955 8.675722 17.150450
BLOCK_561 7.844296 12.226227 8.158302 12.540233
BLOCK_562 7.769056 19.405233 8.181609 19.817786
BLOCK_563 8.094190 21.623825 8.574502 22.104137
BLOCK_564 7.223893 19.278225 7.667852 19.722184
BLOCK_565 6.106866 18.857999 6.505614 19.256747
BLOCK_566 8.366687 13.743150 8.936599 14.313062
BLOCK_567 7.893797 7.312974 8.247916 7.667093
BLOCK_568 16.320290 12.676433 16.710546 13.066689
BLOCK_569 16.039116 11.849729 16.605067 12.415680
BLOCK_570 7.871874 19.994770 8.267854 20.390750
BLOCK_571 3.670957 7.335168 4.200107 7.864318
BLOCK_572 11.594050 20.548851 12.003928 20.958729
BLOCK_573 7.277929 6.183438 7.687807 6.593316
BLOCK_574 12.204957 12.809233 12.609308 13.213584
BLOCK_575 11.966981 11.278416 12.314832 11.626267
BLOCK_576 4.782193 9.788581 5.260210 10.266598
BLOCK_577 10.208327 17.594497 10.615512 18.001682
BLOCK_578 5.252085 22.555026 5.737059 23.040000
BLOCK_579 6.336402 6.594264 6.800083 7.057945
BLOCK_580 9.532059 22.078325 10.030657 22.576923
BLOCK_581 4.874915 10.710580 5.522140 11.357805
BLOCK_582 15.840680 12.118346 16.266591 12.544257
BLOCK_583 10.022839 13.385628 10.519226 13.882015
BLOCK_584 7.694950 11.641554 8.284187 12.230791
BLOCK_585 17.091710 10.297817 17.610169 10.816276
BLOCK_586 12.423511 22.232624 12.975417 22.784530
BLOCK_587 8.000477 6.625797 8.399225 7.024545
BLOCK_588 13.060268 22.630122 13.470146 23.040000
BLOCK_589 6.292908 21.025229 6.749307 21.481628
BLOCK_590 8.674012 20.871462 9.158986 21.356436
BLOCK_591 10.968613 11.746388 11.636296 12.414071
BLOCK_592 11.921048 12.653046 12.349650 13.081648
BLOCK_593 17.880461 10.283470 18.398920 10.801929
BLOCK_594 7.680382 12.598416 8.176769 13.094803
BLOCK_595 11.799348 9.954091 12.306891 10.461634
BLOCK_596 9.815022 9.479967 10.227575 9.892520
BLOCK_597 14.214238 12.670571 14.859684 13.316017
BLOCK_598 15.443702 11.342049 15.999670 11.898017
BLOCK_599 9.225792 22.652573 9.613219 23.040000
BLOCK_600 10.759620 13.460143 11.341170 14.041693
BLOCK_601 11.474491 11.398190 11.858939 11.782638
BLOCK_602 4.890630 21.125061 5.359138 21.593569
BLOCK_603 6.767409 22.632815 7.174594 23.040000
BLOCK_604 6.583689 21.940977 7.049843 22.407131
BLOCK_605 6.156164 18.118473 6.540612 18.502921
BLOCK_606 13.623932 11.825206 14.111169 12.312443
BLOCK_607 6.133400 17.515282 6.685306 18.067188
BLOCK_608 10.637799 8.729968 11.111085 9.203254
BLOCK_609 8.486190 19.937422 9.084855 20.536087
BLOCK_610 6.572371 17.074163 6.945064 17.446856
BLOCK_611 7.944463 15.545099 8.415419 16.016055
BLOCK_612 6.693210 17.900367 7.218091 18.425248
BLOCK_613 6.333030 16.574292 6.882939 17.124201
BLOCK_614 8.249379 17.654015 8.606730 18.011366
BLOCK_615 7.106837 17.183927 7.464188 17.541278
BLOCK_616 8.008150 20.740084 8.389726 21.121660
BLOCK_617 6.942127 17.770323 7.415413 18.243609
BLOCK_618 5.950478 18.027717 6.334926 18.412165
BLOCK_619 4.558015 7.104119 5.099679 7.645783
BLOCK_620 13.834668 13.053682 14.283667 13.502681
BLOCK_621 12.430816 18.070753 12.901772 18.541709
BLOCK_622 4.560526 22.304266 5.024207 22.767947
BLOCK_623 9.442463 10.475487 9.881325 10.914349
BLOCK_624 9.113752 8.889895 9.562751 9.338894
BLOCK_625 15.897990 12.718341 16.285417 13.105768
BLOCK_626 8.455232 21.167227 8.821838 21.533833
BLOCK_627 7.077679 13.649794 7.696549 14.268664
BLOCK_628 4.709412 21.686891 5.187429 22.164908
BLOCK_629 11.235035 10.330661 11.586034 10.681660
BLOCK_630 5.593839 9.350965 6.114416 9.871542
BLOCK_631 10.265321 9.302374 10.693923 9.730976
BLOCK_632 15.372910 17.782460 16.043879 18.453429
BLOCK_633 7.710904 7.117465 8.487177 7.893738
BLOCK_634 20.413029 14.648751 21.035524 15.271246
BLOCK_635 8.447195 21.610807 8.956901 22.120513
BLOCK_636 8.852975 7.941011 9.268306 8.356342
BLOCK_637 8.339140 19.558339 8.705746 19.924945
BLOCK_638 7.041034 5.572910 7.487576 6.019452
BLOCK_639 7.497090 20.890646 7.848089 21.241645
BLOCK_640 7.387328 20.518356 7.762961 20.893989
BLOCK_641 9.801091 21.784260 10.255073 22.238242
BLOCK_642 8.131133 12.118341 8.606738 12.593946
BLOCK_643 7.628382 10.438279 8.361594 11.171491
BLOCK_644 7.497748 14.038261 8.033192 14.573705
BLOCK_645 10.053936 21.508563 10.435512 21.890139
BLOCK_646 10.501590 15.231270 10.953032 15.682712
BLOCK_647 7.529997 20.145060 8.157850 20.772913
BLOCK_648 6.450795 21.381419 6.868766 21.799390
BLOCK_649 6.838355 21.629748 7.299657 22.091050
BLOCK_650 12.168410 10.672062 12.538004 11.041656
BLOCK_651 7.140940 20.998912 7.510534 21.368506
BLOCK_652 7.404515 16.387692 7.889489 16.872666
BLOCK_653 6.576801 15.717430 7.070967 16.211596
BLOCK_654 6.644528 16.318353 7.129502 16.803327
BLOCK_655 6.215130 16.145700 6.611110 16.541680
BLOCK_656 15.603907 15.001315 16.268211 15.665619
BLOCK_657 7.204187 21.746500 7.665489 22.207802
BLOCK_658 9.423012 8.477321 9.891520 8.945829
BLOCK_659 1.856902 10.234390 2.524585 10.902073
BLOCK_660 7.029565 11.398405 7.573348 11.942188
BLOCK_661 7.711609 5.357666 8.426242 6.072299
BLOCK_662 5.736386 5.810936 6.246092 6.320642
BLOCK_663 9.676391 15.022297 10.440982 15.786888
BLOCK_664 7.036788 7.311852 7.530954 7.806018
BLOCK_665 8.991371 14.094047 9.604804 14.707480
BLOCK_666 4.177499 9.661509 4.597499 10.081509
BLOCK_667 16.995475 15.664282 17.415475 16.084282
BLOCK_668 5.343289 17.839799 5.763289 18.259799
BLOCK_669 4.959345 16.568051 5.379345 16.988051
BLOCK_670 6.431335 9.266852 6.851335 9.686852
BLOCK_671 10.775397 7.861636 11.195397 8.281636
BLOCK_672 8.942821 3.451308 9.362821 3.871308
BLOCK_673 18.364991 12.262180 18.784991 12.682180
BLOCK_674 21.479317 14.147395 21.899317 14.567395
BLOCK_675 6.453779 5.023752 6.873779 5.443752
BLOCK_676 11.140993 19.025420 11.560993 19.445420
BLOCK_677 16.686747 10.976244 17.106747 11.396244
BLOCK_678 11.886121 5.693061 12.306121 6.113061
BLOCK_679 3.974203 10.503806 4.394203 10.923806
BLOCK_680 3.537767 5.670256 3.957767 6.090256
BLOCK_681 6.274235 9.920401 6.694235 10.340401
BLOCK_682 14.065053 16.798341 14.485053 17.218341
BLOCK_683 3.701792 10.164150 4.121792 10.584150
BLOCK_684 4.661250 15.327461 5.081250 15.747461
BLOCK_685 20.882174 9.379546 21.302174 9.799546
BLOCK_686 12.522118 9.916377 12.942118 10.336377
BLOCK_687 16.934734 18.766252 17.354734 19.186252
BLOCK_688 11.314414 8.701681 11.734414 9.121681
BLOCK_689 4.718438 11.932565 5.138438 12.352565
BLOCK_690 6.382515 3.151795 6.802515 3.571795
BLOCK_691 4.161995 8.337136 4.581995 8.757136
BLOCK_692 3.710892 12.534357 4.130892 12.954357
BLOCK_693 3.537682 14.395936 3.957682 14.815936
BLOCK_694 3.824523 11.863134 4.244523 12.283134
BLOCK_695 10.684455 3.959319 11.104455 4.379319
BLOCK_696 16.269743 13.498798 16.689743 13.918798
BLOCK_697 19.352698 13.342765 19.772698 13.762765
BLOCK_698 13.865156 17.357550 14.285156 17.777550
BLOCK_699 12.148054 8.308044 12.568054 8.728044
BLOCK_700 4.128950 6.566949 4.548950 6.986949
BLOCK_701 15.950037 18.206500 16.370037 18.626500
BLOCK_702 2.681199 17.573217 3.101199 17.993217
BLOCK_703 12.312860 9.781605 12.732860 10.201605
BLOCK_704 3.429705 11.320294 3.849705 11.740294
BLOCK_705 11.354980 7.544783 11.774980 7.964783
BLOCK_706 22.110000 10.870573 22.950000 11.830573
BLOCK_707 4.042283 11.210438 4.882283 12.170438
BLOCK_708 6.229587 4.065290 7.069587 5.025290
BLOCK_709 14.320404 14.878363 15.160404 15.838363
BLOCK_710 6.611234 9.567587 7.451234 10.527587
BLOCK_711 4.651895 16.911361 5.491895 17.871361
BLOCK_712 6.764166 3.038311 7.604166 3.998311
BLOCK_713 0.954952 19.566591 1.794952 20.526591
BLOCK_714 19.961523 17.460893 20.801523 18.420893
BLOCK_715 2.727402 22.080000 3.567402 23.040000
BLOCK_716 2.662193 15.037160 3.502193 15.997160
BLOCK_717 4.854649 5.458701 5.694649 6.418701
BLOCK_718 4.745570 13.549290 5.585570 14.509290
BLOCK_719 18.872685 21.260440 19.712685 22.220440
BLOCK_720 19.077922 17.063805 19.917922 18.023805
BLOCK_721 16.695975 11.719996 17.535975 12.679996
BLOCK_722 14.885663 21.674901 15.725663 22.634901
BLOCK_723 3.663359 22.080000 4.503359 23.040000
BLOCK_724 17.605285 18.527318 18.445285 19.487318
BLOCK_725 7.155841 4.247786 7.995841 5.207786
BLOCK_726 0.869264 9.189169 1.709264 10.149169
BLOCK_727 3.297910 17.470913 4.137910 18.430913
BLOCK_728 1.876509 17.353693 2.716509 18.313693
BLOCK_729 11.995538 18.775409 12.835538 19.735409
BLOCK_730 0.997720 10.208357 1.837720 11.168357
BLOCK_731 1.909918 19.889272 2.749918 20.849272
BLOCK_732 13.838786 18.858672 14.678786 19.818672
BLOCK_733 0.000000 6.769221 0.840000 7.729221
BLOCK_734 3.927256 5.353908 4.767256 6.313908
BLOCK_735 14.427842 16.215731 15.267842 17.175731
BLOCK_736 18.582386 13.858767 19.422386 14.818767
BLOCK_737 0.933776 15.494653 1.773776 16.454653
BLOCK_738 12.686045 19.836628 13.526045 20.796628
BLOCK_739 0.841467 11.286608 1.681467 12.246608
BLOCK_740 15.595267 20.911807 16.435267 21.871807
BLOCK_741 5.587927 20.305438 6.427927 21.265438
BLOCK_742 0.000000 12.005853 0.840000 12.965853
BLOCK_743 2.220623 10.772923 3.060623 11.732923
BLOCK_744 19.753235 13.063558 20.593235 14.023558
BLOCK_745 17.364619 15.457502 18.204619 16.417502
BLOCK_746 0.975306 20.603115 1.815306 21.563115
BLOCK_747 9.809833 5.251952 10.649833 6.211952
BLOCK_748 0.000000 19.045819 0.840000 20.005819
BLOCK_749 1.802084 15.226623 2.642084 16.186623
BLOCK_750 17.595032 11.942938 18.435032 12.902938
BLOCK_751 2.813289 20.600337 3.653289 21.560337
BLOCK_752 16.664038 16.442122 17.504038 17.402122
BLOCK_753 12.263123 15.892329 13.103123 16.852329
BLOCK_754 17.577941 16.474725 18.417941 17.434725
BLOCK_755 17.891828 19.513838 18.731828 20.473838
BLOCK_756 5.734705 8.529047 6.574705 9.489047
BLOCK_757 15.910571 19.627714 16.750571 20.587714
BLOCK_758 19.609293 12.083955 20.449293 13.043955
BLOCK_759 0.990020 8.096719 1.830020 9.056719
BLOCK_760 21.127661 16.692770 21.967661 17.652770
BLOCK_761 0.885623 21.699880 1.725623 22.659880
BLOCK_762 3.645538 21.098208 4.485538 22.058208
BLOCK_763 11.606529 0.021902 12.446529 0.981902
BLOCK_764 5.922239 10.708830 6.762239 11.668830
BLOCK_765 10.954172 4.438685 11.794172 5.398685
BLOCK_766 0.000000 7.785483 0.840000 8.745483
BLOCK_767 3.426621 9.216021 4.266621 10.176021
BLOCK_768 1.739779 6.449613 2.579779 7.409613
BLOCK_769 20.242251 15.338070 21.082251 16.298070
BLOCK_770 17.730485 14.222916 18.570485 15.182916
BLOCK_771 3.523055 14.801694 4.363055 15.761694
BLOCK_772 22.078030 15.996601 22.918030 16.956601
BLOCK_773 8.489155 2.642220 9.329155 3.602220
BLOCK_774 1.798685 22.058385 2.638685 23.018385
BLOCK_775 11.249938 2.070918 12.489938 3.350918
BLOCK_776 19.466681 18.360840 20.306681 19.320840
BLOCK_777 3.518950 4.365586 4.358950 5.325586
BLOCK_778 19.475559 14.048172 20.315559 15.008172
BLOCK_779 1.980758 16.230456 2.820758 17.190456
BLOCK_780 14.378995 20.781944 15.218995 21.741944
BLOCK_781 1.033026 18.520812 1.873026 19.480812
BLOCK_782 15.765755 18.648008 16.605755 19.608008
BLOCK_783 9.345523 4.000543 10.185523 4.960543
BLOCK_784 17.276695 17.561660 18.116695 18.521660
BLOCK_785 22.110000 12.046290 22.950000 13.006290
BLOCK_786 18.222602 15.142627 19.062602 16.102627
BLOCK_787 0.000000 9.906969 0.840000 10.866969
BLOCK_788 2.572801 6.959235 3.412801 7.919235
BLOCK_789 21.142392 14.481665 21.982392 15.441665
BLOCK_790 0.796458 14.399638 1.636458 15.359638
BLOCK_791 11.931300 1.036192 12.771300 1.996192
BLOCK_792 9.529473 3.001371 10.369473 3.961371
BLOCK_793 5.124018 11.212275 5.964018 12.172275
BLOCK_794 5.343679 4.534722 6.183679 5.494722
BLOCK_795 3.685563 19.740217 4.525563 20.700217
BLOCK_796 16.474622 20.519251 17.314622 21.479251
BLOCK_797 1.907297 12.025855 2.747297 12.985855
BLOCK_798 3.117811 8.219597 3.957811 9.179597
BLOCK_799 4.168708 17.803025 5.008708 18.763025
BLOCK_800 4.442816 4.226158 5.282816 5.186158
BLOCK_801 11.161076 6.673976 12.001076 7.633976
BLOCK_802 3.563043 13.607588 4.403043 14.567588
BLOCK_803 0.000000 18.072765 0.840000 19.032765
BLOCK_804 22.110000 14.988294 22.950000 15.948294
BLOCK_805 3.388866 6.357669 4.228866 7.317669
BLOCK_806 0.111131 12.980403 0.951131 13.940403
BLOCK_807 8.922018 4.921655 9.762018 5.881655
BLOCK_808 13.068236 9.298356 13.908236 10.258356
BLOCK_809 18.650243 10.191437 19.490243 11.151437
BLOCK_810 15.801593 16.130127 16.641593 17.090127
BLOCK_811 4.922197 12.596646 5.762197 13.556646
BLOCK_812 1.672060 14.211661 2.512060 15.171661
BLOCK_813 0.712578 5.927358 1.552578 6.887358
BLOCK_814 15.678057 14.038345 16.518057 14.998345
BLOCK_815 20.217124 16.473974 21.057124 17.433974
BLOCK_816 0.000000 20.053938 0.840000 21.013938
BLOCK_817 16.201588 21.760000 17.461588 23.040000
BLOCK_818 20.996098 10.060293 21.836098 11.020293
BLOCK_819 20.876683 17.681111 21.716683 18.641111
BLOCK_820 11.396315 3.509460 12.236315 4.469460
BLOCK_821 2.524592 13.921926 3.364592 14.881926
BLOCK_822 15.075501 15.491705 15.915501 16.451705
BLOCK_823 18.718913 12.171277 19.558913 13.131277
BLOCK_824 15.970307 10.811687 16.810307 11.771687
BLOCK_825 1.878550 20.967705 2.718550 21.927705
BLOCK_826 8.118170 4.344454 8.958170 5.304454
BLOCK_827 20.798148 12.274910 21.638148 13.234910
BLOCK_828 1.909702 7.723718 2.749702 8.683718
BLOCK_829 10.683083 1.180723 11.523083 2.140723
BLOCK_830 0.000000 10.876289 0.840000 11.836289
BLOCK_831 2.998049 15.990371 3.838049 16.950371
BLOCK_832 2.569572 9.575737 3.409572 10.535737
BLOCK_833 16.249231 15.222057 17.089231 16.182057
BLOCK_834 4.083084 7.523889 4.923084 8.483889
BLOCK_835 0.000000 17.088526 0.840000 18.048526
BLOCK_836 17.114130 10.766527 17.954130 11.726527
BLOCK_837 0.000000 13.931766 0.840000 14.891766
BLOCK_838 12.614936 13.578575 13.454936 14.538575
BLOCK_839 14.637831 13.592489 15.477831 14.552489
BLOCK_840 9.983845 1.982171 10.823845 2.942171
BLOCK_841 14.476521 17.714697 15.316521 18.674697
BLOCK_842 13.855191 19.885581 14.695191 20.845581
BLOCK_843 2.151339 12.986440 2.991339 13.946440
BLOCK_844 11.834006 4.746322 12.674006 5.706322
BLOCK_845 3.935905 18.759995 4.775905 19.719995
BLOCK_846 16.615541 14.278347 17.455541 15.238347
BLOCK_847 12.763160 16.727176 13.603160 17.687176
BLOCK_848 11.155990 7.929345 11.995990 8.889345
BLOCK_849 14.664011 10.798414 15.504011 11.758414
BLOCK_850 4.061789 12.340962 4.901789 13.300962
BLOCK_851 10.539141 22.080000 11.379141 23.040000
BLOCK_852 2.800449 19.465375 3.640449 20.425375
BLOCK_853 7.470304 22.080000 8.310304 23.040000
BLOCK_854 16.346348 17.408683 17.186348 18.368683
BLOCK_855 4.368517 15.679569 5.208517 16.639569
BLOCK_856 17.602164 12.932829 18.442164 13.892829
BLOCK_857 18.203356 17.369919 19.043356 18.329919
BLOCK_858 20.916565 13.255126 21.756565 14.215126
BLOCK_859 3.043070 18.484758 3.883070 19.444758
BLOCK_860 17.582009 21.873490 18.422009 22.833490
BLOCK_861 21.995274 9.881981 22.835274 10.841981
BLOCK_862 10.710584 5.416186 11.550584 6.376186
BLOCK_863 12.929510 18.868762 13.769510 19.828762
BLOCK_864 20.413171 10.921637 21.253171 11.881637
BLOCK_865 5.063484 18.138706 5.903484 19.098706
BLOCK_866 5.308844 15.603460 6.148844 16.563460
BLOCK_867 0.000000 15.118444 0.840000 16.078444
BLOCK_868 0.960812 17.540999 1.800812 18.500999
BLOCK_869 18.009685 10.972218 18.849685 11.932218
BLOCK_870 13.189060 20.693780 14.029060 21.653780
BLOCK_871 18.548288 18.338018 19.388288 19.298018
BLOCK_872 19.241789 11.036638 20.081789 11.996638
BLOCK_873 0.000000 8.777594 0.840000 9.737594
BLOCK_874 2.141005 18.295093 2.981005 19.255093
BLOCK_875 13.348681 10.403692 14.188681 11.363692
BLOCK_876 0.000000 21.074729 0.840000 22.034729
BLOCK_877 4.581807 8.904785 5.421807 9.864785
BLOCK_878 1.754372 9.032084 2.594372 9.992084
BLOCK_879 15.061427 20.036083 15.901427 20.996083
BLOCK_880 1.644099 5.443429 2.484099 6.403429
BLOCK_881 19.363500 15.058913 20.203500 16.018913
BLOCK_882 15.346289 10.037201 16.186289 10.997201
BLOCK_883 7.694664 3.261847 8.534664 4.221847
BLOCK_884 10.445876 3.121356 11.285876 4.081356
BLOCK_885 11.986116 6.140989 12.826116 7.100989
BLOCK_886 2.636973 5.690501 3.476973 6.650501
BLOCK_887 16.824747 19.268891 17.664747 20.228891
BLOCK_888 12.043491 7.318353 12.883491 8.278353
BLOCK_889 1.018765 12.302911 1.858765 13.262911
BLOCK_890 4.954335 7.964389 5.794335 8.924389
BLOCK_891 18.773283 16.004779 19.613283 16.964779
BLOCK_892 22.110000 13.979302 22.950000 14.939302
BLOCK_893 5.475487 9.821604 6.315487 10.781604
BLOCK_894 21.131763 15.618409 21.971763 16.578409
BLOCK_895 14.859990 18.651524 15.699990 19.611524
BLOCK_896 2.753447 11.699645 3.593447 12.659645
BLOCK_897 0.960120 7.070104 1.800120 8.030104
BLOCK_898 3.093243 10.495629 3.933243 11.455629
BLOCK_899 16.637584 13.278887 17.477584 14.238887
BLOCK_900 10.236565 6.381314 11.076565 7.341314
BLOCK_901 12.019461 8.706342 12.859461 9.666342
BLOCK_902 21.837133 13.005704 22.677133 13.965704
BLOCK_903 0.000000 16.117033 0.840000 17.077033
BLOCK_904 2.620347 4.698368 3.460347 5.658368
BLOCK_905 19.801043 10.116534 20.641043 11.076534
BLOCK_906 21.263535 11.363059 22.103535 12.323059
BLOCK_907 14.240150 9.817413 15.080150 10.777413
BLOCK_908 3.785044 16.566147 4.625044 17.526147
BLOCK_909 12.430000 0.000000 22.950000 10.520000
BLOCK_910 13.590943 13.702432 14.430943 14.662432
BLOCK_911 4.811627 19.095812 5.651627 20.055812

