[Iter 0]
sb0 117.039481 113.903403 160.039481 146.903403
sb1 106.142789 116.134436 171.142789 153.134436
sb2 107.218691 109.765338 160.218691 143.765338
sb3 113.385272 100.509470 150.385272 167.509470
sb4 110.330521 130.664039 139.330521 149.664039
sb5 103.552189 114.633763 142.552189 163.633763
sb6 119.211757 117.159548 159.211757 135.159548
sb7 132.216167 116.863848 154.216167 156.863848
sb8 110.564890 96.333551 160.564890 158.333551
sb9 118.248937 115.291702 134.248937 156.291702
sb10 121.032440 102.164940 139.032440 154.164940
sb11 125.713106 101.903253 164.713106 160.903253
sb12 100.081104 125.612134 161.081104 153.612134
sb13 108.679001 115.736320 156.679001 172.736320
sb14 103.465513 121.519500 166.465513 164.519500
sb15 111.859705 108.765116 170.859705 160.765116
sb16 108.048795 112.602292 144.048795 169.602292
sb17 114.410114 96.575935 158.410114 162.575935
sb18 100.373402 102.005191 148.373402 153.005191
sb19 115.563066 111.414598 146.563066 161.414598
sb20 118.531279 130.745197 155.531279 149.745197
sb21 99.684964 107.668483 163.684964 157.668483
sb22 106.555681 119.963186 155.555681 153.963186
sb23 125.374974 105.263519 145.374974 154.263519
sb24 113.624816 118.516187 158.624816 146.516187
sb25 113.882887 112.876724 167.882887 151.876724
sb26 100.713936 121.578967 155.713936 161.578967
sb27 124.250226 97.060809 149.250226 162.060809
sb28 115.947610 115.872839 154.947610 161.872839
sb29 131.220632 106.047981 155.220632 168.047981
sb30 124.199816 121.927492 148.199816 147.927492
sb31 123.266958 122.779685 149.266958 156.779685
sb32 113.253000 102.364121 156.253000 155.364121
sb33 115.806553 113.884084 137.806553 148.884084
sb34 111.436669 105.332492 138.436669 159.332492
sb35 114.507978 109.735855 145.507978 147.735855
sb36 102.030784 96.841134 141.030784 163.841134
sb37 132.760006 107.366987 152.760006 167.366987
sb38 127.923671 110.041282 150.923671 167.041282
sb39 112.468082 112.864072 164.468082 167.864072
sb40 123.705887 121.752653 149.705887 150.752653
sb41 109.658256 105.262165 136.658256 160.262165
sb42 100.066310 109.537726 162.066310 162.537726
sb43 99.006397 105.399486 160.006397 151.399486
sb44 106.025962 108.951564 171.025962 155.951564
sb45 134.965958 117.693247 157.965958 161.693247
sb46 115.203595 121.184580 154.203595 143.184580
sb47 99.842517 106.949652 164.842517 139.949652
sb48 102.725266 113.037481 159.725266 140.037481
sb49 115.176792 91.861362 162.176792 156.861362
sb50 105.341381 117.409613 172.341381 149.409613
sb51 113.871995 111.925216 151.871995 168.925216
sb52 101.289773 115.115065 155.289773 160.115065
sb53 112.134763 111.894445 155.134763 132.894445
sb54 132.096980 105.864577 150.096980 166.864577
sb55 126.475558 108.403098 160.475558 164.403098
sb56 116.426123 100.264925 133.426123 163.264925
sb57 119.571525 110.077766 137.571525 157.077766
sb58 107.473233 112.682588 153.473233 146.682588
sb59 112.429111 115.711137 162.429111 152.711137
sb60 110.982139 118.959086 150.982139 141.959086
sb61 124.161028 121.692074 157.161028 144.692074
sb62 107.699037 113.171159 167.699037 132.171159
sb63 109.952276 108.633596 145.952276 153.633596
sb64 104.377779 111.296981 154.377779 158.296981
sb65 99.184993 107.035764 156.184993 163.035764
sb66 96.533453 98.528792 163.533453 159.528792
sb67 108.356492 107.609901 152.356492 147.609901
sb68 111.786311 95.510818 163.786311 158.510818
sb69 98.122909 118.942206 152.122909 145.942206
sb70 111.040618 114.868028 153.040618 156.868028
sb71 103.449430 120.933872 167.449430 142.933872
sb72 113.416244 103.062778 174.416244 164.062778
sb73 116.627810 95.402537 177.627810 162.402537
sb74 107.310854 112.663759 145.310854 154.663759
sb75 129.533087 122.266926 148.533087 150.266926
sb76 122.863025 120.434252 144.863025 153.434252
sb77 103.471217 109.768264 169.471217 166.768264
sb78 110.050611 119.418779 146.050611 151.418779
sb79 94.803378 114.976007 154.803378 155.976007
sb80 137.159684 110.745418 153.159684 168.745418
sb81 111.142068 113.884080 151.142068 163.884080
sb82 112.387737 101.142776 159.387737 158.142776
sb83 122.657816 125.875762 144.657816 141.875762
sb84 104.806811 116.183538 171.806811 138.183538
sb85 117.908392 120.792233 137.908392 145.792233
sb86 112.315194 111.479419 168.315194 148.479419
sb87 104.129841 117.453509 143.129841 161.453509
sb88 109.867548 120.576756 146.867548 144.576756
sb89 117.930805 126.714353 155.930805 153.714353
sb90 116.449486 119.124536 155.449486 152.124536
sb91 104.973811 119.317733 160.973811 152.317733
sb92 117.366882 121.870299 143.366882 137.870299
sb93 107.733610 118.006867 172.733610 153.006867
sb94 110.731833 111.963049 151.731833 170.963049
sb95 113.898004 129.034225 164.898004 148.034225
sb96 119.847656 101.086612 159.847656 167.086612
sb97 128.620245 103.726832 145.620245 170.726832
sb98 132.383289 105.485670 154.383289 167.485670
sb99 109.728264 107.246768 158.728264 173.246768

[Iter 50]
sb0 50.968193 170.785899 93.968193 203.785899
sb1 84.203782 104.583623 149.203782 141.583623
sb2 62.888118 234.000000 115.888118 268.000000
sb3 110.299684 129.971482 147.299684 196.971482
sb4 0.000000 144.926769 29.000000 163.926769
sb5 104.564798 88.645560 143.564798 137.645560
sb6 145.315983 192.199627 185.315983 210.199627
sb7 40.005694 123.183311 62.005694 163.183311
sb8 190.307117 0.000000 240.307117 62.000000
sb9 155.162290 208.359161 171.162290 249.359161
sb10 98.850527 6.257975 116.850527 58.257975
sb11 157.332416 167.109841 196.332416 226.109841
sb12 84.278880 200.073106 145.278880 228.073106
sb13 142.398636 144.353019 190.398636 201.353019
sb14 82.586899 109.572716 145.586899 152.572716
sb15 180.727051 74.285303 239.727051 126.285303
sb16 24.578027 111.804017 60.578027 168.804017
sb17 175.653317 185.724886 219.653317 251.724886
sb18 27.939984 205.420468 75.939984 256.420468
sb19 237.000000 117.161311 268.000000 167.161311
sb20 143.934050 144.043055 180.934050 163.043055
sb21 156.874835 93.116291 220.874835 143.116291
sb22 28.228839 128.991033 77.228839 162.991033
sb23 149.588625 105.224027 169.588625 154.224027
sb24 51.817561 131.376237 96.817561 159.376237
sb25 114.861039 68.150151 168.861039 107.150151
sb26 43.059120 219.582161 98.059120 259.582161
sb27 198.016335 4.335299 223.016335 69.335299
sb28 118.575173 181.137856 157.575173 227.137856
sb29 220.640829 81.783304 244.640829 143.783304
sb30 79.286758 134.604047 103.286758 160.604047
sb31 0.000000 36.842056 26.000000 70.842056
sb32 48.696086 41.296761 91.696086 94.296761
sb33 170.251269 145.322524 192.251269 180.322524
sb34 173.878089 86.761748 200.878089 140.761748
sb35 133.699395 23.799792 164.699395 61.799792
sb36 85.392697 127.546570 124.392697 194.546570
sb37 229.227815 122.814269 249.227815 182.814269
sb38 190.195583 129.876116 213.195583 186.876116
sb39 53.331854 210.413291 105.331854 265.413291
sb40 51.316887 81.203207 77.316887 110.203207
sb41 24.795727 139.981095 51.795727 194.981095
sb42 0.000000 172.999961 62.000000 225.999961
sb43 0.708144 20.833775 61.708144 66.833775
sb44 203.000000 0.000000 268.000000 47.000000
sb45 162.201698 137.840352 185.201698 181.840352
sb46 229.000000 124.983713 268.000000 146.983713
sb47 102.849989 0.000000 167.849989 33.000000
sb48 14.035747 42.489534 71.035747 69.489534
sb49 221.000000 24.772978 268.000000 89.772978
sb50 146.776413 171.344796 213.776413 203.344796
sb51 221.300553 181.115773 259.300553 238.115773
sb52 110.618870 90.801914 164.618870 135.801914
sb53 146.844585 30.318337 189.844585 51.318337
sb54 205.817199 157.617754 223.817199 218.617754
sb55 105.074546 12.464236 139.074546 68.464236
sb56 0.000000 71.049581 17.000000 134.049581
sb57 80.676883 72.909916 98.676883 119.909916
sb58 89.828507 0.000000 135.828507 34.000000
sb59 89.261374 231.000000 139.261374 268.000000
sb60 207.944207 209.495332 247.944207 232.495332
sb61 69.271735 68.213644 102.271735 91.213644
sb62 203.802420 75.511292 263.802420 94.511292
sb63 38.649926 161.239923 74.649926 206.239923
sb64 133.091252 32.523500 183.091252 79.523500
sb65 0.000000 87.954203 57.000000 143.954203
sb66 175.772647 178.363341 242.772647 239.363341
sb67 0.000000 148.656280 44.000000 188.656280
sb68 200.707360 39.866047 252.707360 102.866047
sb69 20.175430 164.613806 74.175430 191.613806
sb70 55.848599 15.016842 97.848599 57.016842
sb71 52.183507 164.600416 116.183507 186.600416
sb72 4.861974 33.893095 65.861974 94.893095
sb73 191.543050 98.883759 252.543050 165.883759
sb74 210.266825 125.387119 248.266825 167.387119
sb75 183.402642 20.233719 202.402642 48.233719
sb76 195.473544 130.509158 217.473544 163.509158
sb77 0.000000 187.226338 66.000000 244.226338
sb78 82.725286 177.629526 118.725286 209.629526
sb79 3.861371 76.933545 63.861371 117.933545
sb80 26.956754 110.504318 42.956754 168.504318
sb81 113.128673 46.557811 153.128673 96.557811
sb82 108.492098 16.647533 155.492098 73.647533
sb83 29.945045 147.535642 51.945045 163.535642
sb84 142.237597 54.155200 209.237597 76.155200
sb85 242.966257 148.561858 262.966257 173.561858
sb86 196.866107 18.770954 252.866107 55.770954
sb87 147.977335 154.832644 186.977335 198.832644
sb88 0.000000 36.852127 37.000000 60.852127
sb89 42.149389 125.614081 80.149389 152.614081
sb90 39.894194 224.153961 78.894194 257.153961
sb91 55.972007 11.190289 111.972007 44.190289
sb92 0.000000 85.539487 26.000000 101.539487
sb93 98.309588 205.929712 163.309588 240.929712
sb94 177.398159 93.535855 218.398159 152.535855
sb95 107.388495 225.599765 158.388495 244.599765
sb96 161.613676 195.997566 201.613676 261.997566
sb97 52.639487 19.746575 69.639487 86.746575
sb98 232.382788 152.418027 254.382788 214.418027
sb99 55.587477 81.094604 104.587477 147.094604

[Iter 100]
sb0 57.787073 120.768802 100.787073 153.768802
sb1 98.058849 2.539392 163.058849 39.539392
sb2 157.188306 159.138357 210.188306 193.138357
sb3 8.043938 162.453411 45.043938 229.453411
sb4 0.000000 62.228131 29.000000 81.228131
sb5 125.039909 53.308480 164.039909 102.308480
sb6 193.998133 7.513336 233.998133 25.513336
sb7 136.109977 83.160294 158.109977 123.160294
sb8 218.000000 146.685901 268.000000 208.685901
sb9 41.007139 216.519666 57.007139 257.519666
sb10 135.971457 122.568631 153.971457 174.568631
sb11 85.108988 61.445640 124.108988 120.445640
sb12 133.208597 223.556770 194.208597 251.556770
sb13 123.346331 200.276394 171.346331 257.276394
sb14 133.861022 27.105094 196.861022 70.105094
sb15 53.628617 59.395948 112.628617 111.395948
sb16 82.187738 142.637015 118.187738 199.637015
sb17 132.928893 103.530484 176.928893 169.530484
sb18 154.946399 126.550309 202.946399 177.550309
sb19 40.252034 10.259886 71.252034 60.259886
sb20 131.706245 168.907727 168.706245 187.907727
sb21 197.883074 13.472507 261.883074 63.472507
sb22 68.992503 34.026195 117.992503 68.026195
sb23 222.395422 173.995164 242.395422 222.995164
sb24 202.256897 103.419667 247.256897 131.419667
sb25 144.998718 130.395605 198.998718 169.395605
sb26 80.093576 198.391912 135.093576 238.391912
sb27 133.838571 114.957960 158.838571 179.957960
sb28 185.519391 222.000000 224.519391 268.000000
sb29 69.855495 127.846345 93.855495 189.846345
sb30 121.288720 0.000000 145.288720 26.000000
sb31 234.443229 84.747869 260.443229 118.747869
sb32 39.800030 0.000000 82.800030 53.000000
sb33 240.786111 188.687844 262.786111 223.687844
sb34 92.537907 96.077224 119.537907 150.077224
sb35 110.756127 125.075799 141.756127 163.075799
sb36 139.462278 20.624579 178.462278 87.624579
sb37 179.676724 117.733283 199.676724 177.733283
sb38 59.280441 176.244435 82.280441 233.244435
sb39 58.023142 208.306753 110.023142 263.306753
sb40 187.765339 169.356394 213.765339 198.356394
sb41 232.728665 125.629898 259.728665 180.629898
sb42 49.737258 88.785467 111.737258 141.785467
sb43 23.932710 121.741070 84.932710 167.741070
sb44 91.640446 211.622238 156.640446 258.622238
sb45 72.592285 223.857816 95.592285 267.857816
sb46 98.624629 43.041046 137.624629 65.041046
sb47 139.995732 89.773558 204.995732 122.773558
sb48 0.000000 153.480399 57.000000 180.480399
sb49 218.429659 99.999218 265.429659 164.999218
sb50 182.331719 79.016536 249.331719 111.016536
sb51 70.853088 118.809863 108.853088 175.809863
sb52 70.121995 223.000000 124.121995 268.000000
sb53 96.019180 164.896344 139.019180 185.896344
sb54 193.183082 140.564021 211.183082 201.564021
sb55 168.767089 52.844338 202.767089 108.844338
sb56 13.931230 134.152536 30.931230 197.152536
sb57 61.897210 69.152369 79.897210 116.152369
sb58 216.671997 121.824448 262.671997 155.824448
sb59 110.047707 98.927169 160.047707 135.927169
sb60 161.223737 172.494673 201.223737 195.494673
sb61 12.184773 93.750699 45.184773 116.750699
sb62 208.000000 48.940392 268.000000 67.940392
sb63 182.929620 46.059531 218.929620 91.059531
sb64 168.562685 160.463676 218.562685 207.463676
sb65 0.000000 69.802251 57.000000 125.802251
sb66 163.384447 68.121626 230.384447 129.121626
sb67 36.636213 97.673896 80.636213 137.673896
sb68 169.108629 0.000000 221.108629 63.000000
sb69 127.125909 137.140162 181.125909 164.140162
sb70 129.310117 203.045980 171.310117 245.045980
sb71 176.795944 192.568254 240.795944 214.568254
sb72 111.391860 207.000000 172.391860 268.000000
sb73 7.447009 21.342605 68.447009 88.342605
sb74 5.046275 207.118646 43.046275 249.118646
sb75 230.573166 76.839642 249.573166 104.839642
sb76 229.909986 42.080214 251.909986 75.080214
sb77 162.041029 200.259476 228.041029 257.259476
sb78 194.673571 76.003110 230.673571 108.003110
sb79 3.075387 220.051910 63.075387 261.051910
sb80 235.368439 179.296423 251.368439 237.296423
sb81 106.767920 122.749088 146.767920 172.749088
sb82 109.129124 129.362757 156.129124 186.362757
sb83 130.517236 151.295327 152.517236 167.295327
sb84 200.471161 220.977125 267.471161 242.977125
sb85 180.265252 140.441430 200.265252 165.441430
sb86 11.952005 123.385717 67.952005 160.385717
sb87 82.496250 53.611890 121.496250 97.611890
sb88 0.389618 59.883590 37.389618 83.883590
sb89 39.643917 127.991812 77.643917 154.991812
sb90 153.559479 235.000000 192.559479 268.000000
sb91 0.000000 118.204264 56.000000 151.204264
sb92 0.183667 111.097400 26.183667 127.097400
sb93 105.975725 34.815270 170.975725 69.815270
sb94 217.037631 3.960238 258.037631 62.960238
sb95 95.857974 74.914585 146.857974 93.914585
sb96 21.456868 134.414752 61.456868 200.414752
sb97 107.333972 193.411901 124.333972 260.411901
sb98 205.532208 137.107779 227.532208 199.107779
sb99 197.037100 0.000000 246.037100 66.000000

[Iter 150]
sb0 115.018825 158.887896 158.018825 191.887896
sb1 59.026145 6.043190 124.026145 43.043190
sb2 84.413647 134.984702 137.413647 168.984702
sb3 10.915205 114.201229 47.915205 181.201229
sb4 0.000000 173.406626 29.000000 192.406626
sb5 189.739865 2.834826 228.739865 51.834826
sb6 228.000000 176.296384 268.000000 194.296384
sb7 128.654557 163.801890 150.654557 203.801890
sb8 217.142410 37.107070 267.142410 99.107070
sb9 146.397654 180.070754 162.397654 221.070754
sb10 120.309038 123.002252 138.309038 175.002252
sb11 71.594071 41.360055 110.594071 100.360055
sb12 144.330217 142.967556 205.330217 170.967556
sb13 188.561298 191.615557 236.561298 248.615557
sb14 120.705850 48.519758 183.705850 91.519758
sb15 209.000000 81.867592 268.000000 133.867592
sb16 232.000000 114.825854 268.000000 171.825854
sb17 116.493569 134.260378 160.493569 200.260378
sb18 146.847250 0.000000 194.847250 51.000000
sb19 157.266385 11.026929 188.266385 61.026929
sb20 49.600193 127.939407 86.600193 146.939407
sb21 18.923295 43.739090 82.923295 93.739090
sb22 100.786728 190.155532 149.786728 224.155532
sb23 121.748787 213.140988 141.748787 262.140988
sb24 214.879030 107.615473 259.879030 135.615473
sb25 115.978805 41.084669 169.978805 80.084669
sb26 52.249060 202.426707 107.249060 242.426707
sb27 164.017091 63.801715 189.017091 128.801715
sb28 206.251193 117.131958 245.251193 163.131958
sb29 239.985124 110.183400 263.985124 172.183400
sb30 178.475995 159.335295 202.475995 185.335295
sb31 206.611505 170.567907 232.611505 204.567907
sb32 136.320110 182.444925 179.320110 235.444925
sb33 137.651236 178.539479 159.651236 213.539479
sb34 27.357579 184.974358 54.357579 238.974358
sb35 0.842089 193.542612 31.842089 231.542612
sb36 136.084566 104.435424 175.084566 171.435424
sb37 234.060723 43.507131 254.060723 103.507131
sb38 195.849403 85.146161 218.849403 142.146161
sb39 12.981471 143.112755 64.981471 198.112755
sb40 59.361113 167.176233 85.361113 196.176233
sb41 62.657575 141.249021 89.657575 196.249021
sb42 66.655956 135.298694 128.655956 188.298694
sb43 0.000000 173.307185 61.000000 219.307185
sb44 78.137293 221.000000 143.137293 268.000000
sb45 146.375503 120.823186 169.375503 164.823186
sb46 0.614437 175.493987 39.614437 197.493987
sb47 45.344173 235.000000 110.344173 268.000000
sb48 0.000000 80.437603 57.000000 107.437603
sb49 221.000000 178.707775 268.000000 243.707775
sb50 175.594769 40.553164 242.594769 72.553164
sb51 75.416233 56.603092 113.416233 113.603092
sb52 0.000000 223.000000 54.000000 268.000000
sb53 39.696245 176.145232 82.696245 197.145232
sb54 250.000000 119.652428 268.000000 180.652428
sb55 163.099541 116.541099 197.099541 172.541099
sb56 33.723898 186.322820 50.723898 249.322820
sb57 16.948513 83.390526 34.948513 130.390526
sb58 114.283401 48.064759 160.283401 82.064759
sb59 46.504694 140.166647 96.504694 177.166647
sb60 126.384851 207.111531 166.384851 230.111531
sb61 76.868965 83.822305 109.868965 106.822305
sb62 198.904876 72.652237 258.904876 91.652237
sb63 180.373363 124.288360 216.373363 169.288360
sb64 41.058940 0.000000 91.058940 47.000000
sb65 0.000000 35.254407 57.000000 91.254407
sb66 172.163501 73.898819 239.163501 134.898819
sb67 51.810725 84.667535 95.810725 124.667535
sb68 103.979817 58.859171 155.979817 121.859171
sb69 72.784363 218.924648 126.784363 245.924648
sb70 70.832314 218.866470 112.832314 260.866470
sb71 37.693742 192.182308 101.693742 214.182308
sb72 145.889775 207.000000 206.889775 268.000000
sb73 123.623662 0.000000 184.623662 67.000000
sb74 3.596482 31.950388 41.596482 73.950388
sb75 186.528519 6.798652 205.528519 34.798652
sb76 172.458474 38.622043 194.458474 71.622043
sb77 149.449693 211.000000 215.449693 268.000000
sb78 225.115611 158.607277 261.115611 190.607277
sb79 22.034010 46.986498 82.034010 87.986498
sb80 172.322165 159.190699 188.322165 217.190699
sb81 0.000000 121.794957 40.000000 171.794957
sb82 109.177879 191.476769 156.177879 248.476769
sb83 96.567962 93.738953 118.567962 109.738953
sb84 191.706680 240.869454 258.706680 262.869454
sb85 109.038173 69.777260 129.038173 94.777260
sb86 156.663605 85.399616 212.663605 122.399616
sb87 44.108662 102.209786 83.108662 146.209786
sb88 0.000000 155.512112 37.000000 179.512112
sb89 40.186538 31.010444 78.186538 58.010444
sb90 185.291792 202.852577 224.291792 235.852577
sb91 86.502276 115.665959 142.502276 148.665959
sb92 133.908018 82.164658 159.908018 98.164658
sb93 179.073156 32.398562 244.073156 67.398562
sb94 163.570128 51.085487 204.570128 110.085487
sb95 13.872507 190.816761 64.872507 209.816761
sb96 5.191275 97.093602 45.191275 163.093602
sb97 224.577313 190.741468 241.577313 257.741468
sb98 110.158313 87.977364 132.158313 149.977364
sb99 189.135439 151.239534 238.135439 217.239534

[Iter 200]
sb0 49.993337 172.585992 92.993337 205.585992
sb1 132.434760 0.000000 197.434760 37.000000
sb2 60.200445 139.816674 113.200445 173.816674
sb3 147.242913 45.098453 184.242913 112.098453
sb4 0.000000 62.465214 29.000000 81.465214
sb5 125.124629 100.212459 164.124629 149.212459
sb6 124.548734 209.890036 164.548734 227.890036
sb7 200.628414 180.091354 222.628414 220.091354
sb8 175.794474 27.952889 225.794474 89.952889
sb9 54.728087 214.068392 70.728087 255.068392
sb10 200.930224 197.117798 218.930224 249.117798
sb11 87.001159 74.417112 126.001159 133.417112
sb12 113.193596 56.833700 174.193596 84.833700
sb13 93.125205 192.793067 141.125205 249.793067
sb14 98.367185 110.314864 161.367185 153.314864
sb15 204.641329 152.531811 263.641329 204.531811
sb16 103.615016 201.956021 139.615016 258.956021
sb17 224.000000 169.756752 268.000000 235.756752
sb18 22.570466 6.613982 70.570466 57.613982
sb19 91.961201 8.483547 122.961201 58.483547
sb20 164.842176 142.465481 201.842176 161.465481
sb21 37.127696 42.080345 101.127696 92.080345
sb22 146.392698 61.250563 195.392698 95.250563
sb23 234.757537 72.210636 254.757537 121.210636
sb24 101.516422 167.590137 146.516422 195.590137
sb25 144.690629 10.714543 198.690629 49.714543
sb26 21.281885 206.663275 76.281885 246.663275
sb27 56.835595 58.628913 81.835595 123.628913
sb28 76.715541 204.763732 115.715541 250.763732
sb29 129.522158 2.785715 153.522158 64.785715
sb30 104.666039 201.649045 128.666039 227.649045
sb31 9.370763 120.101596 35.370763 154.101596
sb32 47.620268 195.342896 90.620268 248.342896
sb33 98.222194 118.312870 120.222194 153.312870
sb34 156.358755 132.591459 183.358755 186.591459
sb35 204.716215 125.682320 235.716215 163.682320
sb36 151.422120 131.960554 190.422120 198.960554
sb37 102.496962 54.191294 122.496962 114.191294
sb38 129.691014 123.579241 152.691014 180.579241
sb39 193.450720 100.481498 245.450720 155.481498
sb40 0.745307 145.756788 26.745307 174.756788
sb41 162.891153 36.711063 189.891153 91.711063
sb42 0.000000 1.785601 62.000000 54.785601
sb43 41.294099 222.000000 102.294099 268.000000
sb44 143.891879 48.329305 208.891879 95.329305
sb45 158.626751 223.706813 181.626751 267.706813
sb46 18.973589 150.830580 57.973589 172.830580
sb47 187.422438 93.479149 252.422438 126.479149
sb48 0.000000 105.375744 57.000000 132.375744
sb49 212.717266 12.754673 259.717266 77.754673
sb50 105.602969 86.742358 172.602969 118.742358
sb51 99.788327 182.206055 137.788327 239.206055
sb52 157.205885 214.548745 211.205885 259.548745
sb53 118.347465 132.825615 161.347465 153.825615
sb54 242.350680 171.001295 260.350680 232.001295
sb55 219.819190 137.268535 253.819190 193.268535
sb56 9.665899 122.354364 26.665899 185.354364
sb57 40.387702 129.181677 58.387702 176.181677
sb58 37.662158 130.264562 83.662158 164.264562
sb59 116.138374 231.000000 166.138374 268.000000
sb60 172.036210 183.748041 212.036210 206.748041
sb61 112.756302 77.004377 145.756302 100.004377
sb62 73.937871 91.625923 133.937871 110.625923
sb63 184.739674 168.000894 220.739674 213.000894
sb64 78.787196 15.812493 128.787196 62.812493
sb65 52.654187 66.344670 109.654187 122.344670
sb66 75.270292 156.943621 142.270292 217.943621
sb67 150.779513 154.520897 194.779513 194.520897
sb68 90.555031 89.360172 142.555031 152.360172
sb69 4.046209 175.006767 58.046209 202.006767
sb70 68.369562 34.030464 110.369562 76.030464
sb71 31.782307 173.197620 95.782307 195.197620
sb72 29.114597 108.054348 90.114597 169.054348
sb73 174.840458 38.767526 235.840458 105.767526
sb74 0.000000 47.841065 38.000000 89.841065
sb75 143.121222 4.293829 162.121222 32.293829
sb76 114.969118 64.745624 136.969118 97.745624
sb77 149.180270 185.777691 215.180270 242.777691
sb78 157.786792 172.115509 193.786792 204.115509
sb79 4.058349 87.733927 64.058349 128.733927
sb80 119.537063 9.170804 135.537063 67.170804
sb81 174.359008 161.971098 214.359008 211.971098
sb82 78.705559 30.994466 125.705559 87.994466
sb83 151.262094 114.945829 173.262094 130.945829
sb84 148.301340 145.266588 215.301340 167.266588
sb85 171.445429 100.617663 191.445429 125.617663
sb86 212.000000 101.654299 268.000000 138.654299
sb87 24.973791 137.966587 63.973791 181.966587
sb88 0.000000 63.595205 37.000000 87.595205
sb89 77.975434 0.943174 115.975434 27.943174
sb90 62.591792 233.434464 101.591792 266.434464
sb91 53.036417 23.555070 109.036417 56.555070
sb92 4.471435 203.309596 30.471435 219.309596
sb93 83.733099 150.227737 148.733099 185.227737
sb94 135.010621 175.941040 176.010621 234.941040
sb95 93.008645 246.068814 144.008645 265.068814
sb96 216.320472 85.895512 256.320472 151.895512
sb97 69.171768 201.000000 86.171768 268.000000
sb98 65.574560 140.927042 87.574560 202.927042
sb99 151.980415 191.321517 200.980415 257.321517

[Iter 250]
sb0 63.659068 34.752663 106.659068 67.752663
sb1 59.457341 12.406908 124.457341 49.406908
sb2 68.027389 166.567693 121.027389 200.567693
sb3 104.228446 167.309744 141.228446 234.309744
sb4 1.795930 141.727300 30.795930 160.727300
sb5 92.162133 111.668467 131.162133 160.668467
sb6 108.254627 233.573124 148.254627 251.573124
sb7 161.857018 13.647594 183.857018 53.647594
sb8 72.680305 0.000000 122.680305 62.000000
sb9 128.216506 148.175999 144.216506 189.175999
sb10 119.724861 18.228898 137.724861 70.228898
sb11 41.339328 197.787091 80.339328 256.787091
sb12 189.719196 163.727832 250.719196 191.727832
sb13 109.835558 209.777918 157.835558 266.777918
sb14 101.699060 114.391794 164.699060 157.391794
sb15 202.166335 77.832598 261.166335 129.832598
sb16 193.291472 143.154352 229.291472 200.154352
sb17 95.508536 116.766512 139.508536 182.766512
sb18 175.162579 24.986012 223.162579 75.986012
sb19 177.949313 76.759998 208.949313 126.759998
sb20 42.887172 127.990072 79.887172 146.990072
sb21 58.417324 50.491941 122.417324 100.491941
sb22 60.632157 196.624846 109.632157 230.624846
sb23 219.615762 206.485087 239.615762 255.485087
sb24 136.078271 171.417294 181.078271 199.417294
sb25 151.513880 151.866723 205.513880 190.866723
sb26 25.209216 223.434349 80.209216 263.434349
sb27 90.119935 120.429682 115.119935 185.429682
sb28 115.258083 211.093521 154.258083 257.093521
sb29 188.753505 144.311516 212.753505 206.311516
sb30 116.236628 108.251110 140.236628 134.251110
sb31 31.515298 142.587949 57.515298 176.587949
sb32 145.793720 134.679628 188.793720 187.679628
sb33 219.700866 186.864506 241.700866 221.864506
sb34 2.000171 84.515969 29.000171 138.515969
sb35 188.328405 123.420315 219.328405 161.420315
sb36 177.186719 128.046163 216.186719 195.046163
sb37 194.512538 52.054836 214.512538 112.054836
sb38 244.852227 75.906874 267.852227 132.906874
sb39 170.294171 102.656410 222.294171 157.656410
sb40 41.289773 86.668811 67.289773 115.668811
sb41 27.495684 116.752093 54.495684 171.752093
sb42 0.000000 66.346782 62.000000 119.346782
sb43 29.400700 168.282262 90.400700 214.282262
sb44 90.043330 56.641988 155.043330 103.641988
sb45 92.715152 210.815431 115.715152 254.815431
sb46 13.429312 147.496141 52.429312 169.496141
sb47 158.098639 119.365673 223.098639 152.365673
sb48 44.417891 124.920867 101.417891 151.920867
sb49 148.114240 110.865117 195.114240 175.865117
sb50 122.867140 22.326386 189.867140 54.326386
sb51 32.273416 105.906457 70.273416 162.906457
sb52 144.558295 204.968260 198.558295 249.968260
sb53 94.596382 73.407162 137.596382 94.407162
sb54 225.990863 124.447876 243.990863 185.447876
sb55 100.323136 11.527132 134.323136 67.527132
sb56 2.610404 131.886689 19.610404 194.886689
sb57 19.448378 114.243158 37.448378 161.243158
sb58 99.955891 5.146385 145.955891 39.146385
sb59 55.589000 229.241830 105.589000 266.241830
sb60 118.658537 133.560707 158.658537 156.560707
sb61 127.341214 77.277747 160.341214 100.277747
sb62 200.771597 29.556762 260.771597 48.556762
sb63 136.240730 51.972084 172.240730 96.972084
sb64 43.724407 65.982363 93.724407 112.982363
sb65 76.054509 61.853527 133.054509 117.853527
sb66 164.095859 69.871763 231.095859 130.871763
sb67 153.642679 52.296282 197.642679 92.296282
sb68 195.595955 22.467742 247.595955 85.467742
sb69 0.000000 45.070539 54.000000 72.070539
sb70 178.764951 178.907671 220.764951 220.907671
sb71 55.242775 37.184395 119.242775 59.184395
sb72 42.622662 164.434838 103.622662 225.434838
sb73 191.533578 0.000000 252.533578 67.000000
sb74 4.150900 170.946757 42.150900 212.946757
sb75 177.808660 0.000000 196.808660 28.000000
sb76 132.628176 57.242383 154.628176 90.242383
sb77 132.216208 202.235164 198.216208 259.235164
sb78 142.827352 46.230551 178.827352 78.230551
sb79 2.944595 61.499949 62.944595 102.499949
sb80 240.019423 140.917297 256.019423 198.917297
sb81 3.772664 60.694847 43.772664 110.694847
sb82 178.412126 182.964470 225.412126 239.964470
sb83 50.375987 175.864089 72.375987 191.864089
sb84 201.000000 179.109181 268.000000 201.109181
sb85 234.624611 95.201643 254.624611 120.201643
sb86 11.834578 163.838736 67.834578 200.838736
sb87 7.113333 34.102545 46.113333 78.102545
sb88 0.000000 122.385188 37.000000 146.385188
sb89 34.505410 0.000000 72.505410 27.000000
sb90 203.941505 217.891102 242.941505 250.891102
sb91 35.156147 53.690916 91.156147 86.690916
sb92 78.132891 84.958960 104.132891 100.958960
sb93 134.734415 85.723104 199.734415 120.723104
sb94 71.562455 118.648987 112.562455 177.648987
sb95 91.561550 192.574793 142.561550 211.574793
sb96 133.371706 86.155415 173.371706 152.155415
sb97 23.313805 201.000000 40.313805 268.000000
sb98 91.425113 116.430741 113.425113 178.430741
sb99 138.725413 202.000000 187.725413 268.000000

[Iter 300]
sb0 185.918535 152.439685 228.918535 185.439685
sb1 193.947516 55.919963 258.947516 92.919963
sb2 110.101330 118.242473 163.101330 152.242473
sb3 0.981654 145.156247 37.981654 212.156247
sb4 0.000000 184.375090 29.000000 203.375090
sb5 183.446690 87.947266 222.446690 136.947266
sb6 228.000000 221.127712 268.000000 239.127712
sb7 45.381302 106.585399 67.381302 146.585399
sb8 88.087302 3.608374 138.087302 65.608374
sb9 237.685472 107.461132 253.685472 148.461132
sb10 222.133492 42.527634 240.133492 94.527634
sb11 43.471060 198.014163 82.471060 257.014163
sb12 0.000000 232.851125 61.000000 260.851125
sb13 216.749069 159.129536 264.749069 216.129536
sb14 102.014750 205.962740 165.014750 248.962740
sb15 136.890038 21.696504 195.890038 73.696504
sb16 192.776648 184.003760 228.776648 241.003760
sb17 216.047765 150.414520 260.047765 216.414520
sb18 151.319182 217.000000 199.319182 268.000000
sb19 73.357617 55.348163 104.357617 105.348163
sb20 200.891595 246.941006 237.891595 265.941006
sb21 89.825289 56.821311 153.825289 106.821311
sb22 191.053678 132.889142 240.053678 166.889142
sb23 245.589133 140.615456 265.589133 189.615456
sb24 146.605256 121.805863 191.605256 149.805863
sb25 30.715875 87.022135 84.715875 126.022135
sb26 40.018616 223.845350 95.018616 263.845350
sb27 112.164341 69.542285 137.164341 134.542285
sb28 130.166729 219.383792 169.166729 265.383792
sb29 177.882451 54.492683 201.882451 116.492683
sb30 97.687011 154.080023 121.687011 180.080023
sb31 114.393278 142.972662 140.393278 176.972662
sb32 134.699961 52.565163 177.699961 105.565163
sb33 246.000000 65.567109 268.000000 100.567109
sb34 183.213130 72.516926 210.213130 126.516926
sb35 104.963099 146.621103 135.963099 184.621103
sb36 61.409292 103.455130 100.409292 170.455130
sb37 114.050788 69.058760 134.050788 129.058760
sb38 202.250307 113.470054 225.250307 170.470054
sb39 103.229106 95.483191 155.229106 150.483191
sb40 95.297802 147.683623 121.297802 176.683623
sb41 64.693350 143.079957 91.693350 198.079957
sb42 3.046466 117.318205 65.046466 170.318205
sb43 4.269776 56.601556 65.269776 102.601556
sb44 203.000000 149.440499 268.000000 196.440499
sb45 47.161883 203.300848 70.161883 247.300848
sb46 5.439795 110.851843 44.439795 132.851843
sb47 151.022046 119.736877 216.022046 152.736877
sb48 2.352413 198.875087 59.352413 225.875087
sb49 221.000000 43.143551 268.000000 108.143551
sb50 141.303728 141.772932 208.303728 173.772932
sb51 169.803181 211.000000 207.803181 268.000000
sb52 40.770737 132.421560 94.770737 177.421560
sb53 60.937053 29.151473 103.937053 50.151473
sb54 119.942294 126.418086 137.942294 187.418086
sb55 216.786774 77.648138 250.786774 133.648138
sb56 0.000000 134.551363 17.000000 197.551363
sb57 157.855160 195.162071 175.855160 242.162071
sb58 155.164574 15.557417 201.164574 49.557417
sb59 86.537970 197.431620 136.537970 234.431620
sb60 136.577750 152.612730 176.577750 175.612730
sb61 114.731526 92.402439 147.731526 115.402439
sb62 158.256350 37.691819 218.256350 56.691819
sb63 196.324438 117.077764 232.324438 162.077764
sb64 66.405094 65.449443 116.405094 112.449443
sb65 0.000000 7.432894 57.000000 63.432894
sb66 181.683017 177.772307 248.683017 238.772307
sb67 73.960906 87.308540 117.960906 127.308540
sb68 134.010175 0.000000 186.010175 63.000000
sb69 69.567812 126.188658 123.567812 153.188658
sb70 66.986061 136.977473 108.986061 178.977473
sb71 114.700394 246.000000 178.700394 268.000000
sb72 34.461620 154.710267 95.461620 215.710267
sb73 131.134193 52.053075 192.134193 119.053075
sb74 13.587248 77.835398 51.587248 119.835398
sb75 243.132837 18.471437 262.132837 46.471437
sb76 185.150506 83.433415 207.150506 116.433415
sb77 101.237942 211.000000 167.237942 268.000000
sb78 161.200862 135.393112 197.200862 167.393112
sb79 2.213637 38.626995 62.213637 79.626995
sb80 33.161753 110.842301 49.161753 168.842301
sb81 150.841902 113.305182 190.841902 163.305182
sb82 188.764779 0.000000 235.764779 57.000000
sb83 64.779133 117.488984 86.779133 133.488984
sb84 133.262106 149.684292 200.262106 171.684292
sb85 103.147839 15.437291 123.147839 40.437291
sb86 146.066505 205.904931 202.066505 242.904931
sb87 135.945908 88.481375 174.945908 132.481375
sb88 0.000000 86.539453 37.000000 110.539453
sb89 0.000000 102.977109 38.000000 129.977109
sb90 71.575241 235.000000 110.575241 268.000000
sb91 58.831732 24.404510 114.831732 57.404510
sb92 110.917162 100.663651 136.917162 116.663651
sb93 139.034952 67.943143 204.034952 102.943143
sb94 112.733788 200.773003 153.733788 259.773003
sb95 79.007090 201.347561 130.007090 220.347561
sb96 148.392391 160.321674 188.392391 226.321674
sb97 93.126444 197.693656 110.126444 264.693656
sb98 166.774618 147.608334 188.774618 209.608334
sb99 219.000000 197.982550 268.000000 263.982550

[Iter 350]
sb0 104.641685 162.474570 147.641685 195.474570
sb1 138.685212 17.009839 203.685212 54.009839
sb2 147.351085 62.193716 200.351085 96.193716
sb3 11.961689 96.262804 48.961689 163.262804
sb4 0.000000 177.941659 29.000000 196.941659
sb5 50.510458 36.825067 89.510458 85.825067
sb6 199.539681 215.750013 239.539681 233.750013
sb7 103.375981 174.843571 125.375981 214.843571
sb8 125.829224 161.779238 175.829224 223.779238
sb9 175.534888 94.623218 191.534888 135.623218
sb10 165.676537 99.618496 183.676537 151.618496
sb11 84.989224 202.486990 123.989224 261.486990
sb12 94.620864 67.735413 155.620864 95.735413
sb13 208.407427 93.335368 256.407427 150.335368
sb14 178.891820 114.027560 241.891820 157.027560
sb15 184.182471 121.961511 243.182471 173.961511
sb16 111.584226 120.096501 147.584226 177.096501
sb17 208.722526 124.999323 252.722526 190.999323
sb18 50.086316 182.338764 98.086316 233.338764
sb19 135.188986 43.280654 166.188986 93.280654
sb20 80.607129 165.115656 117.607129 184.115656
sb21 28.046127 162.740313 92.046127 212.740313
sb22 0.000000 91.520148 49.000000 125.520148
sb23 230.208968 149.992159 250.208968 198.992159
sb24 148.933942 162.794248 193.933942 190.794248
sb25 102.024535 5.192269 156.024535 44.192269
sb26 73.781152 218.050669 128.781152 258.050669
sb27 243.000000 125.473730 268.000000 190.473730
sb28 214.107468 222.000000 253.107468 268.000000
sb29 141.098670 22.438158 165.098670 84.438158
sb30 110.790851 94.238906 134.790851 120.238906
sb31 89.203849 116.919783 115.203849 150.919783
sb32 186.018632 159.689601 229.018632 212.689601
sb33 245.224660 97.363885 267.224660 132.363885
sb34 71.040166 87.993805 98.040166 141.993805
sb35 53.902246 142.901413 84.902246 180.901413
sb36 118.077497 29.942172 157.077497 96.942172
sb37 80.763379 52.944368 100.763379 112.944368
sb38 186.924899 79.721045 209.924899 136.721045
sb39 18.081779 63.898638 70.081779 118.898638
sb40 105.078428 116.661343 131.078428 145.661343
sb41 118.204340 56.218712 145.204340 111.218712
sb42 0.000000 24.956515 62.000000 77.956515
sb43 40.057593 130.185677 101.057593 176.185677
sb44 128.607960 144.588795 193.607960 191.588795
sb45 92.418722 164.155046 115.418722 208.155046
sb46 36.749320 90.839940 75.749320 112.839940
sb47 92.746063 114.107158 157.746063 147.107158
sb48 0.000000 182.304522 57.000000 209.304522
sb49 221.000000 27.909088 268.000000 92.909088
sb50 142.866998 104.591522 209.866998 136.591522
sb51 189.820033 78.086728 227.820033 135.086728
sb52 86.473760 132.461875 140.473760 177.461875
sb53 72.104571 126.460452 115.104571 147.460452
sb54 249.231668 170.663675 267.231668 231.663675
sb55 231.716560 106.408924 265.716560 162.408924
sb56 0.000000 57.405693 17.000000 120.405693
sb57 60.441367 70.066123 78.441367 117.066123
sb58 136.948119 207.463894 182.948119 241.463894
sb59 87.342600 202.121223 137.342600 239.121223
sb60 202.181292 185.946836 242.181292 208.946836
sb61 203.244162 86.329030 236.244162 109.329030
sb62 179.478556 36.518894 239.478556 55.518894
sb63 203.898870 162.638951 239.898870 207.638951
sb64 83.160797 0.152286 133.160797 47.152286
sb65 0.000000 123.450253 57.000000 179.450253
sb66 46.579251 178.215233 113.579251 239.215233
sb67 144.607439 66.603374 188.607439 106.603374
sb68 182.107785 0.000000 234.107785 63.000000
sb69 48.370587 150.673622 102.370587 177.673622
sb70 82.154084 62.545490 124.154084 104.545490
sb71 91.846865 244.547583 155.846865 266.547583
sb72 33.146976 137.163973 94.146976 198.163973
sb73 183.035794 0.000000 244.035794 67.000000
sb74 71.820880 30.404600 109.820880 72.404600
sb75 151.975296 24.241656 170.975296 52.241656
sb76 121.931958 59.694174 143.931958 92.694174
sb77 182.932516 211.000000 248.932516 268.000000
sb78 176.364930 189.970251 212.364930 221.970251
sb79 0.000000 63.603549 60.000000 104.603549
sb80 153.671186 15.535318 169.671186 73.535318
sb81 84.382642 70.077296 124.382642 120.077296
sb82 67.664234 79.719045 114.664234 136.719045
sb83 81.390977 85.519760 103.390977 101.519760
sb84 179.706952 84.531918 246.706952 106.531918
sb85 130.033036 24.123129 150.033036 49.123129
sb86 195.097009 68.178669 251.097009 105.178669
sb87 60.540701 36.040854 99.540701 80.040854
sb88 0.000000 55.998939 37.000000 79.998939
sb89 2.695956 8.477487 40.695956 35.477487
sb90 141.012229 235.000000 180.012229 268.000000
sb91 149.271905 165.716538 205.271905 198.716538
sb92 59.221035 140.105957 85.221035 156.105957
sb93 102.241070 104.479110 167.241070 139.479110
sb94 174.203155 50.629770 215.203155 109.629770
sb95 44.876323 204.418990 95.876323 223.418990
sb96 131.805381 113.317473 171.805381 179.317473
sb97 119.892054 201.000000 136.892054 268.000000
sb98 150.895699 158.595426 172.895699 220.595426
sb99 172.733822 199.570258 221.733822 265.570258

[Iter 400]
sb0 134.833420 79.561949 177.833420 112.561949
sb1 152.458921 3.246084 217.458921 40.246084
sb2 81.177002 158.054959 134.177002 192.054959
sb3 187.498608 125.556324 224.498608 192.556324
sb4 0.036695 149.042643 29.036695 168.042643
sb5 154.219187 112.795387 193.219187 161.795387
sb6 200.304059 201.185794 240.304059 219.185794
sb7 179.090727 133.560821 201.090727 173.560821
sb8 101.782515 200.881298 151.782515 262.881298
sb9 216.454757 156.583478 232.454757 197.583478
sb10 164.313446 31.687408 182.313446 83.687408
sb11 55.815370 96.189374 94.815370 155.189374
sb12 166.936991 108.707306 227.936991 136.707306
sb13 220.000000 137.713174 268.000000 194.713174
sb14 138.352883 85.672311 201.352883 128.672311
sb15 174.455695 99.714481 233.455695 151.714481
sb16 66.693052 43.165961 102.693052 100.165961
sb17 204.815244 157.137780 248.815244 223.137780
sb18 0.000000 0.000000 48.000000 51.000000
sb19 115.744733 124.822367 146.744733 174.822367
sb20 114.241568 244.908260 151.241568 263.908260
sb21 44.641941 125.079030 108.641941 175.079030
sb22 60.720730 44.562722 109.720730 78.562722
sb23 221.733343 100.681413 241.733343 149.681413
sb24 140.227250 165.284359 185.227250 193.284359
sb25 123.482447 174.260396 177.482447 213.260396
sb26 82.322069 224.116692 137.322069 264.116692
sb27 243.000000 80.544516 268.000000 145.544516
sb28 214.674528 208.885454 253.674528 254.885454
sb29 212.928336 87.521770 236.928336 149.521770
sb30 95.146295 71.905593 119.146295 97.905593
sb31 47.549523 99.992554 73.549523 133.992554
sb32 41.848924 181.322490 84.848924 234.322490
sb33 110.064222 104.464112 132.064222 139.464112
sb34 83.702827 10.856882 110.702827 64.856882
sb35 4.659503 170.307380 35.659503 208.307380
sb36 139.965201 71.954021 178.965201 138.954021
sb37 239.408094 47.901663 259.408094 107.901663
sb38 179.885723 70.600362 202.885723 127.600362
sb39 148.152133 0.000000 200.152133 55.000000
sb40 169.735748 188.448654 195.735748 217.448654
sb41 45.144242 139.073329 72.144242 194.073329
sb42 0.000000 93.671605 62.000000 146.671605
sb43 0.000000 215.184743 61.000000 261.184743
sb44 89.968297 37.574978 154.968297 84.574978
sb45 234.963780 114.818523 257.963780 158.818523
sb46 29.469176 153.952646 68.469176 175.952646
sb47 154.015426 169.648269 219.015426 202.648269
sb48 0.000000 14.988186 57.000000 41.988186
sb49 221.000000 1.374009 268.000000 66.374009
sb50 180.765631 123.451272 247.765631 155.451272
sb51 74.498415 165.939099 112.498415 222.939099
sb52 90.335722 106.462874 144.335722 151.462874
sb53 96.477207 97.081980 139.477207 118.081980
sb54 247.309754 158.637562 265.309754 219.637562
sb55 149.448112 16.606172 183.448112 72.606172
sb56 0.000000 78.770894 17.000000 141.770894
sb57 121.342616 35.643415 139.342616 82.643415
sb58 99.671017 220.967038 145.671017 254.967038
sb59 36.335763 203.405605 86.335763 240.405605
sb60 228.000000 183.556063 268.000000 206.556063
sb61 189.133737 92.172317 222.133737 115.172317
sb62 198.246552 39.147432 258.246552 58.147432
sb63 222.754190 155.696090 258.754190 200.696090
sb64 91.814469 150.296790 141.814469 197.296790
sb65 0.000000 164.889242 57.000000 220.889242
sb66 76.723442 20.889016 143.723442 81.889016
sb67 77.547039 84.082740 121.547039 124.082740
sb68 200.397500 42.517939 252.397500 105.517939
sb69 68.828350 79.561168 122.828350 106.561168
sb70 15.724096 137.158543 57.724096 179.158543
sb71 150.421752 162.774451 214.421752 184.774451
sb72 49.480273 131.025596 110.480273 192.025596
sb73 143.543652 31.191290 204.543652 98.191290
sb74 0.000000 133.117632 38.000000 175.117632
sb75 131.778895 3.916374 150.778895 31.916374
sb76 106.627207 104.924192 128.627207 137.924192
sb77 150.480497 211.000000 216.480497 268.000000
sb78 179.873682 186.521307 215.873682 218.521307
sb79 3.238339 62.127064 63.238339 103.127064
sb80 109.074594 109.080438 125.074594 167.080438
sb81 153.119709 141.396506 193.119709 191.396506
sb82 104.256699 196.646242 151.256699 253.646242
sb83 78.680172 130.838427 100.680172 146.838427
sb84 186.090712 243.443656 253.090712 265.443656
sb85 112.660000 30.119973 132.660000 55.119973
sb86 124.956229 135.885992 180.956229 172.885992
sb87 106.981328 69.611564 145.981328 113.611564
sb88 0.000000 45.771795 37.000000 69.771795
sb89 0.000000 66.521702 38.000000 93.521702
sb90 154.912683 235.000000 193.912683 268.000000
sb91 94.964484 136.233779 150.964484 169.233779
sb92 37.845487 135.839991 63.845487 151.839991
sb93 146.152275 106.346130 211.152275 141.346130
sb94 165.704488 53.186093 206.704488 112.186093
sb95 37.085821 189.426291 88.085821 208.426291
sb96 43.806453 69.336791 83.806453 135.336791
sb97 129.226981 201.000000 146.226981 268.000000
sb98 91.533824 163.332622 113.533824 225.332622
sb99 147.790525 171.594453 196.790525 237.594453

[Iter 450]
sb0 127.694657 235.000000 170.694657 268.000000
sb1 117.370388 106.996699 182.370388 143.996699
sb2 74.847144 183.392288 127.847144 217.392288
sb3 167.079735 71.713418 204.079735 138.713418
sb4 0.147204 162.862522 29.147204 181.862522
sb5 171.283917 85.436221 210.283917 134.436221
sb6 226.360768 205.978104 266.360768 223.978104
sb7 143.651238 220.821000 165.651238 260.821000
sb8 142.291852 132.167647 192.291852 194.167647
sb9 89.676113 183.584548 105.676113 224.584548
sb10 123.724808 36.130268 141.724808 88.130268
sb11 82.502276 42.328542 121.502276 101.328542
sb12 191.903984 149.573573 252.903984 177.573573
sb13 161.740729 191.369050 209.740729 248.369050
sb14 205.000000 97.338207 268.000000 140.338207
sb15 209.000000 107.768972 268.000000 159.768972
sb16 132.717037 124.821912 168.717037 181.821912
sb17 206.941836 117.357746 250.941836 183.357746
sb18 54.722186 7.864537 102.722186 58.864537
sb19 55.494546 175.714617 86.494546 225.714617
sb20 109.975706 121.926412 146.975706 140.926412
sb21 46.821078 216.235780 110.821078 266.235780
sb22 78.354694 68.442186 127.354694 102.442186
sb23 247.221135 117.435054 267.221135 166.435054
sb24 86.090923 87.506343 131.090923 115.506343
sb25 150.053189 158.058723 204.053189 197.058723
sb26 78.136723 138.059867 133.136723 178.059867
sb27 243.000000 138.211864 268.000000 203.211864
sb28 164.839482 197.433248 203.839482 243.433248
sb29 210.618464 156.564400 234.618464 218.564400
sb30 149.173094 55.081735 173.173094 81.081735
sb31 30.528146 67.844917 56.528146 101.844917
sb32 51.984873 204.505049 94.984873 257.505049
sb33 179.259874 109.125614 201.259874 144.125614
sb34 59.705066 56.396663 86.705066 110.396663
sb35 10.949122 144.652010 41.949122 182.652010
sb36 54.265661 48.782192 93.265661 115.782192
sb37 119.882022 75.627236 139.882022 135.627236
sb38 52.158651 151.498280 75.158651 208.498280
sb39 84.463973 118.990162 136.463973 173.990162
sb40 67.261454 140.343439 93.261454 169.343439
sb41 48.186447 118.130540 75.186447 173.130540
sb42 0.000000 64.506661 62.000000 117.506661
sb43 0.000000 206.234392 61.000000 252.234392
sb44 116.364934 5.775797 181.364934 52.775797
sb45 236.392685 175.645350 259.392685 219.645350
sb46 36.144965 158.939426 75.144965 180.939426
sb47 130.757209 91.756631 195.757209 124.756631
sb48 0.000000 52.953316 57.000000 79.953316
sb49 220.140316 59.405518 267.140316 124.405518
sb50 134.208739 162.587294 201.208739 194.587294
sb51 101.055009 158.811634 139.055009 215.811634
sb52 98.957459 160.792927 152.957459 205.792927
sb53 66.330033 47.246973 109.330033 68.246973
sb54 212.387786 164.353342 230.387786 225.353342
sb55 106.730792 25.287358 140.730792 81.287358
sb56 0.000000 95.651430 17.000000 158.651430
sb57 122.785900 107.710431 140.785900 154.710431
sb58 116.945067 129.018903 162.945067 163.018903
sb59 107.800903 231.000000 157.800903 268.000000
sb60 161.016513 160.607508 201.016513 183.607508
sb61 182.888046 115.588699 215.888046 138.588699
sb62 166.758188 17.558516 226.758188 36.558516
sb63 109.576174 145.613618 145.576174 190.613618
sb64 134.181118 71.424847 184.181118 118.424847
sb65 0.000000 130.621999 57.000000 186.621999
sb66 117.225284 0.000000 184.225284 61.000000
sb67 151.118455 32.243758 195.118455 72.243758
sb68 164.712798 28.837952 216.712798 91.837952
sb69 35.791079 111.705101 89.791079 138.705101
sb70 97.600477 168.272856 139.600477 210.272856
sb71 109.930024 204.640762 173.930024 226.640762
sb72 30.380003 175.571716 91.380003 236.571716
sb73 195.514375 5.724133 256.514375 72.724133
sb74 0.000000 176.346235 38.000000 218.346235
sb75 148.280725 55.632050 167.280725 83.632050
sb76 161.863589 122.655876 183.863589 155.655876
sb77 187.437748 191.262937 253.437748 248.262937
sb78 169.956594 231.914776 205.956594 263.914776
sb79 0.000000 93.557742 60.000000 134.557742
sb80 142.240816 159.518683 158.240816 217.518683
sb81 108.461841 213.191741 148.461841 263.191741
sb82 77.677362 38.625838 124.677362 95.625838
sb83 77.414196 188.932787 99.414196 204.932787
sb84 121.507296 70.105323 188.507296 92.105323
sb85 172.628530 78.563458 192.628530 103.563458
sb86 206.516816 72.251796 262.516816 109.251796
sb87 81.841914 108.538860 120.841914 152.538860
sb88 2.888646 63.588247 39.888646 87.588247
sb89 59.364232 125.014527 97.364232 152.014527
sb90 164.444647 235.000000 203.444647 268.000000
sb91 53.805588 109.888113 109.805588 142.888113
sb92 29.028906 43.264754 55.028906 59.264754
sb93 93.960834 219.407191 158.960834 254.407191
sb94 194.509675 85.675483 235.509675 144.675483
sb95 92.418414 239.458134 143.418414 258.458134
sb96 161.209829 140.814690 201.209829 206.814690
sb97 213.602102 120.557734 230.602102 187.557734
sb98 136.357344 79.897409 158.357344 141.897409
sb99 210.613897 202.000000 259.613897 268.000000

[Iter 500]
sb0 141.118550 78.961035 184.118550 111.961035
sb1 150.707568 144.470001 215.707568 181.470001
sb2 104.621491 13.844153 157.621491 47.844153
sb3 56.889622 78.095525 93.889622 145.095525
sb4 0.000000 177.456023 29.000000 196.456023
sb5 117.302835 57.898395 156.302835 106.898395
sb6 226.983170 184.957695 266.983170 202.957695
sb7 131.093927 170.832405 153.093927 210.832405
sb8 168.535613 150.692896 218.535613 212.692896
sb9 243.689014 102.606573 259.689014 143.606573
sb10 141.187556 17.149184 159.187556 69.149184
sb11 72.060571 108.602011 111.060571 167.602011
sb12 104.037594 87.570991 165.037594 115.570991
sb13 200.091700 103.640315 248.091700 160.640315
sb14 142.368830 56.920429 205.368830 99.920429
sb15 206.125638 108.509871 265.125638 160.509871
sb16 157.986532 123.836198 193.986532 180.836198
sb17 108.341051 168.800698 152.341051 234.800698
sb18 29.438094 6.747852 77.438094 57.747852
sb19 96.718236 155.378224 127.718236 205.378224
sb20 57.173891 166.285034 94.173891 185.285034
sb21 40.896771 152.696493 104.896771 202.696493
sb22 64.703897 85.915061 113.703897 119.915061
sb23 230.980079 167.922896 250.980079 216.922896
sb24 157.178069 161.353372 202.178069 189.353372
sb25 197.523902 116.140397 251.523902 155.140397
sb26 75.113122 29.590616 130.113122 69.590616
sb27 243.000000 89.339496 268.000000 154.339496
sb28 208.909871 220.635947 247.909871 266.635947
sb29 142.818648 104.009688 166.818648 166.009688
sb30 130.454475 59.172254 154.454475 85.172254
sb31 170.152585 105.661668 196.152585 139.661668
sb32 87.776447 174.023285 130.776447 227.023285
sb33 194.997070 111.734113 216.997070 146.734113
sb34 59.558887 100.465859 86.558887 154.465859
sb35 56.388942 194.717331 87.388942 232.717331
sb36 141.699519 86.679525 180.699519 153.679525
sb37 134.062293 137.361327 154.062293 197.361327
sb38 165.760902 65.573405 188.760902 122.573405
sb39 48.606759 104.677433 100.606759 159.677433
sb40 113.460060 116.165933 139.460060 145.165933
sb41 130.345015 130.696704 157.345015 185.696704
sb42 1.394878 87.416285 63.394878 140.416285
sb43 0.000000 191.393426 61.000000 237.393426
sb44 153.331518 60.607301 218.331518 107.607301
sb45 240.616871 129.334433 263.616871 173.334433
sb46 43.385103 129.607356 82.385103 151.607356
sb47 89.304524 149.980236 154.304524 182.980236
sb48 0.000000 21.144353 57.000000 48.144353
sb49 221.000000 25.049254 268.000000 90.049254
sb50 137.890448 168.665787 204.890448 200.665787
sb51 108.331401 181.217662 146.331401 238.217662
sb52 104.230043 204.869963 158.230043 249.869963
sb53 92.624512 73.987902 135.624512 94.987902
sb54 167.571132 198.190498 185.571132 259.190498
sb55 155.091532 18.784803 189.091532 74.784803
sb56 0.000000 79.382190 17.000000 142.382190
sb57 43.224818 139.856099 61.224818 186.856099
sb58 164.192345 184.806599 210.192345 218.806599
sb59 48.357684 201.923243 98.357684 238.923243
sb60 142.689949 229.873313 182.689949 252.873313
sb61 123.452271 91.754588 156.452271 114.754588
sb62 203.824836 55.908230 263.824836 74.908230
sb63 175.658389 199.520888 211.658389 244.520888
sb64 173.841325 108.016706 223.841325 155.016706
sb65 9.666168 154.923543 66.666168 210.923543
sb66 66.532585 10.720354 133.532585 71.720354
sb67 118.742475 19.038354 162.742475 59.038354
sb68 196.723629 43.945274 248.723629 106.945274
sb69 0.934320 60.161259 54.934320 87.161259
sb70 97.731086 101.191228 139.731086 143.191228
sb71 103.135458 220.379464 167.135458 242.379464
sb72 38.702473 86.454944 99.702473 147.454944
sb73 158.872039 0.000000 219.872039 67.000000
sb74 0.000000 128.409296 38.000000 170.409296
sb75 157.448451 0.804287 176.448451 28.804287
sb76 155.109854 149.888231 177.109854 182.888231
sb77 163.423001 199.360075 229.423001 256.360075
sb78 140.524398 189.193378 176.524398 221.193378
sb79 0.755526 102.920974 60.755526 143.920974
sb80 211.436525 101.460178 227.436525 159.460178
sb81 69.664591 154.699193 109.664591 204.699193
sb82 76.699991 76.109472 123.699991 133.109472
sb83 89.456487 143.468752 111.456487 159.468752
sb84 189.840783 89.058642 256.840783 111.058642
sb85 196.009202 45.295169 216.009202 70.295169
sb86 116.463867 115.930141 172.463867 152.930141
sb87 43.638118 51.383502 82.638118 95.383502
sb88 0.217030 80.833250 37.217030 104.833250
sb89 57.054047 65.977713 95.054047 92.977713
sb90 125.750306 235.000000 164.750306 268.000000
sb91 84.736096 37.113735 140.736096 70.113735
sb92 1.313706 77.783464 27.313706 93.783464
sb93 83.735331 226.696322 148.735331 261.696322
sb94 147.916303 46.026770 188.916303 105.026770
sb95 45.278075 189.104723 96.278075 208.104723
sb96 89.014944 132.247926 129.014944 198.247926
sb97 117.925263 19.858303 134.925263 86.858303
sb98 200.433209 156.400461 222.433209 218.400461
sb99 219.000000 170.035979 268.000000 236.035979

[Iter 550]
sb0 137.204282 67.698093 180.204282 100.698093
sb1 162.791383 107.867831 227.791383 144.867831
sb2 71.670285 166.840221 124.670285 200.840221
sb3 47.183657 125.439130 84.183657 192.439130
sb4 0.000000 100.895735 29.000000 119.895735
sb5 129.121603 143.690879 168.121603 192.690879
sb6 228.000000 217.024607 268.000000 235.024607
sb7 148.257974 143.902380 170.257974 183.902380
sb8 64.984137 199.682953 114.984137 261.682953
sb9 179.546485 154.143074 195.546485 195.143074
sb10 91.808813 46.541985 109.808813 98.541985
sb11 43.442900 112.899024 82.442900 171.899024
sb12 131.691087 120.754126 192.691087 148.754126
sb13 178.913198 141.718593 226.913198 198.718593
sb14 176.425107 34.887045 239.425107 77.887045
sb15 209.000000 147.055953 268.000000 199.055953
sb16 161.299168 101.857155 197.299168 158.857155
sb17 105.273907 186.655635 149.273907 252.655635
sb18 63.130253 23.840771 111.130253 74.840771
sb19 139.286771 113.920204 170.286771 163.920204
sb20 135.736800 197.106860 172.736800 216.106860
sb21 51.320113 163.625043 115.320113 213.625043
sb22 48.380090 81.138815 97.380090 115.138815
sb23 216.847774 171.858104 236.847774 220.858104
sb24 180.285179 172.246247 225.285179 200.246247
sb25 203.959647 122.819970 257.959647 161.819970
sb26 111.347883 21.769121 166.347883 61.769121
sb27 243.000000 91.844367 268.000000 156.844367
sb28 182.102883 222.000000 221.102883 268.000000
sb29 187.890919 98.035028 211.890919 160.035028
sb30 88.879732 102.115356 112.879732 128.115356
sb31 65.619767 71.777219 91.619767 105.777219
sb32 111.190989 179.976408 154.190989 232.976408
sb33 150.741595 86.961599 172.741595 121.961599
sb34 67.846268 89.227921 94.846268 143.227921
sb35 69.483103 209.019307 100.483103 247.019307
sb36 125.826423 2.881617 164.826423 69.881617
sb37 139.437906 102.842537 159.437906 162.842537
sb38 186.402399 92.880056 209.402399 149.880056
sb39 74.924237 77.513194 126.924237 132.513194
sb40 49.779447 128.180388 75.779447 157.180388
sb41 110.781912 112.634657 137.781912 167.634657
sb42 0.000000 19.210614 62.000000 72.210614
sb43 2.570866 201.700398 63.570866 247.700398
sb44 128.509134 47.031165 193.509134 94.031165
sb45 241.172652 152.876734 264.172652 196.876734
sb46 36.248651 174.836422 75.248651 196.836422
sb47 143.278756 88.520215 208.278756 121.520215
sb48 0.903831 117.694209 57.903831 144.694209
sb49 221.000000 49.762325 268.000000 114.762325
sb50 164.712232 94.360928 231.712232 126.360928
sb51 112.302958 187.870587 150.302958 244.870587
sb52 157.171562 201.637903 211.171562 246.637903
sb53 60.003650 47.687920 103.003650 68.687920
sb54 193.037060 172.564937 211.037060 233.564937
sb55 101.584632 57.583359 135.584632 113.583359
sb56 0.000000 115.140361 17.000000 178.140361
sb57 49.263360 191.555949 67.263360 238.555949
sb58 79.796611 223.579188 125.796611 257.579188
sb59 67.085124 231.000000 117.085124 268.000000
sb60 146.287802 211.721801 186.287802 234.721801
sb61 114.786458 97.968053 147.786458 120.968053
sb62 187.562032 54.617970 247.562032 73.617970
sb63 162.606362 183.209823 198.606362 228.209823
sb64 78.963516 123.755663 128.963516 170.755663
sb65 6.545131 131.089243 63.545131 187.089243
sb66 76.707798 21.658122 143.707798 82.658122
sb67 92.361267 83.127915 136.361267 123.127915
sb68 189.700309 54.771919 241.700309 117.771919
sb69 0.000000 69.331568 54.000000 96.331568
sb70 141.237558 153.267360 183.237558 195.267360
sb71 127.459444 148.700288 191.459444 170.700288
sb72 54.312585 156.027330 115.312585 217.027330
sb73 182.079960 2.569184 243.079960 69.569184
sb74 0.000000 184.851817 38.000000 226.851817
sb75 161.297686 16.223027 180.297686 44.223027
sb76 139.801725 97.416145 161.801725 130.416145
sb77 173.232000 209.137982 239.232000 266.137982
sb78 144.081114 184.361818 180.081114 216.361818
sb79 0.000000 78.016736 60.000000 119.016736
sb80 206.596488 118.175448 222.596488 176.175448
sb81 106.781454 156.467977 146.781454 206.467977
sb82 59.672954 63.245299 106.672954 120.245299
sb83 111.000879 168.197341 133.000879 184.197341
sb84 175.388687 136.527956 242.388687 158.527956
sb85 192.843910 61.060992 212.843910 86.060992
sb86 80.278703 121.597001 136.278703 158.597001
sb87 11.214182 122.933748 50.214182 166.933748
sb88 0.055563 58.012694 37.055563 82.012694
sb89 16.222195 92.662077 54.222195 119.662077
sb90 138.328119 232.251081 177.328119 265.251081
sb91 70.582012 34.932337 126.582012 67.932337
sb92 0.000000 37.372302 26.000000 53.372302
sb93 110.174697 232.703121 175.174697 267.703121
sb94 148.758983 21.879531 189.758983 80.879531
sb95 64.332921 215.196909 115.332921 234.196909
sb96 89.696279 105.567038 129.696279 171.567038
sb97 158.520079 16.328716 175.520079 83.328716
sb98 177.275218 156.948006 199.275218 218.948006
sb99 217.336096 195.851122 266.336096 261.851122

[Iter 600]
sb0 136.652700 71.775584 179.652700 104.775584
sb1 148.510201 0.000000 213.510201 37.000000
sb2 99.575925 124.759715 152.575925 158.759715
sb3 13.275128 121.507323 50.275128 188.507323
sb4 0.074101 169.307136 29.074101 188.307136
sb5 125.974576 105.702015 164.974576 154.702015
sb6 227.828200 213.315637 267.828200 231.315637
sb7 146.687395 111.036808 168.687395 151.036808
sb8 76.742983 199.481595 126.742983 261.481595
sb9 176.281533 155.815458 192.281533 196.815458
sb10 104.620779 50.720707 122.620779 102.720707
sb11 53.275743 119.460189 92.275743 178.460189
sb12 98.719158 87.939351 159.719158 115.939351
sb13 192.622327 144.966177 240.622327 201.966177
sb14 177.043798 41.306340 240.043798 84.306340
sb15 209.000000 145.371373 268.000000 197.371373
sb16 185.067410 93.339550 221.067410 150.339550
sb17 118.230549 201.494685 162.230549 267.494685
sb18 44.521802 15.714977 92.521802 66.714977
sb19 119.707927 132.074414 150.707927 182.074414
sb20 115.047308 180.692250 152.047308 199.692250
sb21 47.219878 152.119935 111.219878 202.119935
sb22 48.281625 75.334193 97.281625 109.334193
sb23 213.230466 139.303944 233.230466 188.303944
sb24 163.369284 165.403018 208.369284 193.403018
sb25 206.543211 108.124626 260.543211 147.124626
sb26 106.816110 24.873703 161.816110 64.873703
sb27 243.000000 92.579691 268.000000 157.579691
sb28 185.390687 221.679117 224.390687 267.679117
sb29 177.224591 88.363274 201.224591 150.363274
sb30 95.098971 86.627270 119.098971 112.627270
sb31 164.082562 100.041629 190.082562 134.041629
sb32 143.000209 198.213977 186.000209 251.213977
sb33 200.992620 106.735045 222.992620 141.735045
sb34 67.810594 64.264356 94.810594 118.264356
sb35 87.462882 180.326378 118.462882 218.326378
sb36 112.636693 12.959735 151.636693 79.959735
sb37 167.958487 82.263649 187.958487 142.263649
sb38 205.029084 155.906442 228.029084 212.906442
sb39 74.293897 102.027967 126.293897 157.027967
sb40 50.728021 132.892483 76.728021 161.892483
sb41 106.404382 128.071393 133.404382 183.071393
sb42 0.000000 80.348624 62.000000 133.348624
sb43 0.000000 199.497059 61.000000 245.497059
sb44 146.033605 51.323335 211.033605 98.323335
sb45 239.501552 157.542558 262.501552 201.542558
sb46 35.966059 173.332593 74.966059 195.332593
sb47 100.922002 53.047249 165.922002 86.047249
sb48 0.000000 23.989538 57.000000 50.989538
sb49 213.437969 58.979357 260.437969 123.979357
sb50 144.594910 144.950274 211.594910 176.950274
sb51 129.990137 192.732492 167.990137 249.732492
sb52 126.474969 142.849793 180.474969 187.849793
sb53 61.728235 52.165135 104.728235 73.165135
sb54 194.430864 164.610049 212.430864 225.610049
sb55 114.233517 74.410234 148.233517 130.410234
sb56 0.000000 103.103482 17.000000 166.103482
sb57 67.410297 194.360631 85.410297 241.360631
sb58 85.097224 229.880332 131.097224 263.880332
sb59 85.582447 229.693530 135.582447 266.693530
sb60 147.716774 231.309896 187.716774 254.309896
sb61 145.919004 106.235251 178.919004 129.235251
sb62 180.342821 31.773499 240.342821 50.773499
sb63 169.589803 177.330781 205.589803 222.330781
sb64 98.977123 170.804942 148.977123 217.804942
sb65 0.000000 128.241732 57.000000 184.241732
sb66 76.190478 4.627593 143.190478 65.627593
sb67 109.166021 73.586418 153.166021 113.586418
sb68 178.355496 37.221470 230.355496 100.221470
sb69 2.031596 63.612073 56.031596 90.612073
sb70 82.892059 110.990124 124.892059 152.990124
sb71 121.683368 169.932302 185.683368 191.932302
sb72 61.213714 160.276780 122.213714 221.276780
sb73 207.000000 0.000000 268.000000 67.000000
sb74 47.903851 181.916147 85.903851 223.916147
sb75 168.119834 41.795974 187.119834 69.795974
sb76 160.840647 93.665350 182.840647 126.665350
sb77 179.888935 206.172289 245.888935 263.172289
sb78 124.127861 182.290399 160.127861 214.290399
sb79 4.130479 83.884578 64.130479 124.884578
sb80 246.015377 108.744846 262.015377 166.744846
sb81 70.871193 158.276422 110.871193 208.276422
sb82 61.378811 80.086322 108.378811 137.086322
sb83 124.014076 167.108901 146.014076 183.108901
sb84 174.006833 113.108661 241.006833 135.108661
sb85 195.815392 70.909620 215.815392 95.909620
sb86 135.031386 130.396495 191.031386 167.396495
sb87 44.672578 114.172657 83.672578 158.172657
sb88 0.000000 61.541145 37.000000 85.541145
sb89 62.122100 64.441886 100.122100 91.441886
sb90 146.120752 235.000000 185.120752 268.000000
sb91 56.853235 51.027943 112.853235 84.027943
sb92 2.294864 55.874150 28.294864 71.874150
sb93 72.988453 220.589886 137.988453 255.589886
sb94 157.515663 33.171580 198.515663 92.171580
sb95 82.071057 213.208623 133.071057 232.208623
sb96 105.971029 107.051018 145.971029 173.051018
sb97 156.769151 19.888989 173.769151 86.888989
sb98 166.963387 155.611608 188.963387 217.611608
sb99 216.790722 192.922472 265.790722 258.922472

[Iter 650]
sb0 137.745479 91.159381 180.745479 124.159381
sb1 146.506477 2.846486 211.506477 39.846486
sb2 53.223410 78.610153 106.223410 112.610153
sb3 18.774812 152.447689 55.774812 219.447689
sb4 0.000000 117.956025 29.000000 136.956025
sb5 108.161361 78.993664 147.161361 127.993664
sb6 228.000000 223.136736 268.000000 241.136736
sb7 177.681237 110.461838 199.681237 150.461838
sb8 77.261036 184.209618 127.261036 246.209618
sb9 198.550133 158.320028 214.550133 199.320028
sb10 104.194006 60.990603 122.194006 112.990603
sb11 100.567341 61.704960 139.567341 120.704960
sb12 94.216738 114.851702 155.216738 142.851702
sb13 185.871605 141.959474 233.871605 198.959474
sb14 167.423511 61.041878 230.423511 104.041878
sb15 207.774490 142.033950 266.774490 194.033950
sb16 180.682156 96.820213 216.682156 153.820213
sb17 122.794624 193.905910 166.794624 259.905910
sb18 37.417572 9.427337 85.417572 60.427337
sb19 108.262957 148.048104 139.262957 198.048104
sb20 131.033708 159.174877 168.033708 178.174877
sb21 52.613086 113.878345 116.613086 163.878345
sb22 70.847742 67.302338 119.847742 101.302338
sb23 214.618514 156.049065 234.618514 205.049065
sb24 142.655650 171.512071 187.655650 199.512071
sb25 211.927074 106.470260 265.927074 145.470260
sb26 111.360702 14.426820 166.360702 54.426820
sb27 243.000000 96.008383 268.000000 161.008383
sb28 181.708587 222.000000 220.708587 268.000000
sb29 162.979214 100.465897 186.979214 162.465897
sb30 145.762571 70.384330 169.762571 96.384330
sb31 172.742582 86.231113 198.742582 120.231113
sb32 138.299167 201.110162 181.299167 254.110162
sb33 205.097611 93.981675 227.097611 128.981675
sb34 46.530074 54.772212 73.530074 108.772212
sb35 77.277989 179.802984 108.277989 217.802984
sb36 119.853376 7.534844 158.853376 74.534844
sb37 177.211196 69.535475 197.211196 129.535475
sb38 200.156143 145.326974 223.156143 202.326974
sb39 44.737871 119.962386 96.737871 174.962386
sb40 40.186621 120.411561 66.186621 149.411561
sb41 89.359178 143.826681 116.359178 198.826681
sb42 0.000000 124.964091 62.000000 177.964091
sb43 0.000000 189.495105 61.000000 235.495105
sb44 140.163469 51.774248 205.163469 98.774248
sb45 238.224280 157.899191 261.224280 201.899191
sb46 36.434215 166.865896 75.434215 188.865896
sb47 137.934093 25.478138 202.934093 58.478138
sb48 0.000000 63.175787 57.000000 90.175787
sb49 221.000000 56.394778 268.000000 121.394778
sb50 149.240547 140.639922 216.240547 172.639922
sb51 130.779285 198.059283 168.779285 255.059283
sb52 135.544009 169.617048 189.544009 214.617048
sb53 75.384197 52.973608 118.384197 73.973608
sb54 189.404488 164.546789 207.404488 225.546789
sb55 116.496083 57.868581 150.496083 113.868581
sb56 0.000000 98.829201 17.000000 161.829201
sb57 57.409329 135.196270 75.409329 182.196270
sb58 79.454128 232.327401 125.454128 266.327401
sb59 79.199619 224.890883 129.199619 261.890883
sb60 145.415133 242.046558 185.415133 265.046558
sb61 157.619935 124.313824 190.619935 147.313824
sb62 183.958030 35.775600 243.958030 54.775600
sb63 172.888742 182.421915 208.888742 227.421915
sb64 112.921382 138.359029 162.921382 185.359029
sb65 0.000000 71.727257 57.000000 127.727257
sb66 79.301128 6.307976 146.301128 67.307976
sb67 139.745156 103.125860 183.745156 143.125860
sb68 185.728842 37.271989 237.728842 100.271989
sb69 0.278515 32.304773 54.278515 59.304773
sb70 116.982701 107.315499 158.982701 149.315499
sb71 107.949030 187.614875 171.949030 209.614875
sb72 54.434059 152.001264 115.434059 213.001264
sb73 201.781607 0.000000 262.781607 67.000000
sb74 42.813085 188.268889 80.813085 230.268889
sb75 171.950972 35.394211 190.950972 63.394211
sb76 135.066147 120.090871 157.066147 153.090871
sb77 175.849250 208.619445 241.849250 265.619445
sb78 149.405978 201.443785 185.405978 233.443785
sb79 0.000000 98.504377 60.000000 139.504377
sb80 232.352289 110.633561 248.352289 168.633561
sb81 68.676309 161.027882 108.676309 211.027882
sb82 69.250884 97.702378 116.250884 154.702378
sb83 108.207038 168.198714 130.207038 184.198714
sb84 172.197429 123.948488 239.197429 145.948488
sb85 201.743773 65.439612 221.743773 90.439612
sb86 133.129416 143.029002 189.129416 180.029002
sb87 64.622210 77.337118 103.622210 121.337118
sb88 3.147558 63.991766 40.147558 87.991766
sb89 36.411461 142.405151 74.411461 169.405151
sb90 147.471400 234.351671 186.471400 267.351671
sb91 70.135954 53.630840 126.135954 86.630840
sb92 0.742091 50.597905 26.742091 66.597905
sb93 68.087922 207.985653 133.087922 242.985653
sb94 134.024049 52.320713 175.024049 111.320713
sb95 75.067134 209.298598 126.067134 228.298598
sb96 109.858403 111.542807 149.858403 177.542807
sb97 160.025551 12.125146 177.025551 79.125146
sb98 178.000293 160.008887 200.000293 222.008887
sb99 219.000000 195.633838 268.000000 261.633838

[Iter 700]
sb0 128.229098 69.946250 171.229098 102.946250
sb1 147.027343 2.297659 212.027343 39.297659
sb2 101.900184 182.235010 154.900184 216.235010
sb3 15.499336 130.312612 52.499336 197.312612
sb4 0.000000 105.885597 29.000000 124.885597
sb5 107.650298 92.744367 146.650298 141.744367
sb6 226.994714 201.710319 266.994714 219.710319
sb7 131.327999 139.808021 153.327999 179.808021
sb8 69.474430 195.565864 119.474430 257.565864
sb9 203.870515 123.122281 219.870515 164.122281
sb10 107.688911 78.774437 125.688911 130.774437
sb11 57.180140 124.368741 96.180140 183.368741
sb12 102.194521 83.750745 163.194521 111.750745
sb13 181.629317 125.417350 229.629317 182.417350
sb14 180.426800 56.459646 243.426800 99.459646
sb15 206.681665 133.786758 265.681665 185.786758
sb16 185.786647 77.163548 221.786647 134.163548
sb17 134.687357 202.000000 178.687357 268.000000
sb18 38.830168 4.306677 86.830168 55.306677
sb19 115.759256 160.460432 146.759256 210.460432
sb20 128.603864 176.288269 165.603864 195.288269
sb21 45.345138 132.361349 109.345138 182.361349
sb22 67.514622 100.199425 116.514622 134.199425
sb23 209.868768 157.766549 229.868768 206.766549
sb24 140.012217 168.793305 185.012217 196.793305
sb25 211.224049 105.145247 265.224049 144.145247
sb26 98.996243 22.639891 153.996243 62.639891
sb27 243.000000 92.824888 268.000000 157.824888
sb28 189.008826 222.000000 228.008826 268.000000
sb29 145.250380 100.427401 169.250380 162.427401
sb30 150.292284 90.743983 174.292284 116.743983
sb31 170.052880 85.422709 196.052880 119.422709
sb32 126.149076 202.286491 169.149076 255.286491
sb33 195.644731 87.007287 217.644731 122.007287
sb34 76.712693 70.212957 103.712693 124.212957
sb35 52.732128 178.348082 83.732128 216.348082
sb36 109.667313 13.972081 148.667313 80.972081
sb37 165.480237 92.797934 185.480237 152.797934
sb38 200.309013 138.285472 223.309013 195.285472
sb39 54.654129 65.899477 106.654129 120.899477
sb40 49.765320 132.606332 75.765320 161.606332
sb41 96.018442 161.110232 123.018442 216.110232
sb42 0.000000 72.310424 62.000000 125.310424
sb43 0.000000 186.801081 61.000000 232.801081
sb44 148.550502 39.287288 213.550502 86.287288
sb45 237.810559 150.434278 260.810559 194.434278
sb46 37.477510 170.090739 76.477510 192.090739
sb47 102.455860 47.066473 167.455860 80.066473
sb48 0.000000 51.291337 57.000000 78.291337
sb49 215.426107 59.492898 262.426107 124.492898
sb50 146.800145 140.924932 213.800145 172.924932
sb51 134.700747 201.612986 172.700747 258.612986
sb52 145.725437 166.100271 199.725437 211.100271
sb53 73.531423 58.560161 116.531423 79.560161
sb54 184.665587 169.686774 202.665587 230.686774
sb55 115.286809 78.143776 149.286809 134.143776
sb56 0.000000 89.250176 17.000000 152.250176
sb57 80.114626 184.920050 98.114626 231.920050
sb58 71.092606 213.399978 117.092606 247.399978
sb59 88.486906 229.871818 138.486906 266.871818
sb60 155.577707 236.022133 195.577707 259.022133
sb61 153.818303 114.983723 186.818303 137.983723
sb62 170.316251 38.556225 230.316251 57.556225
sb63 178.776909 176.330902 214.776909 221.330902
sb64 111.279745 118.057707 161.279745 165.057707
sb65 5.372222 132.593810 62.372222 188.593810
sb66 74.560053 1.624199 141.560053 62.624199
sb67 140.475038 82.345230 184.475038 122.345230
sb68 169.530624 22.846179 221.530624 85.846179
sb69 0.089085 24.329596 54.089085 51.329596
sb70 104.292206 125.396291 146.292206 167.396291
sb71 110.015438 194.388812 174.015438 216.388812
sb72 65.853722 151.019383 126.853722 212.019383
sb73 203.607572 3.548930 264.607572 70.548930
sb74 0.000000 134.064132 38.000000 176.064132
sb75 162.580006 38.431086 181.580006 66.431086
sb76 165.186090 109.673155 187.186090 142.673155
sb77 184.340642 205.788202 250.340642 262.788202
sb78 164.701135 195.318020 200.701135 227.318020
sb79 0.000000 81.121137 60.000000 122.121137
sb80 230.581612 100.865791 246.581612 158.865791
sb81 60.689097 153.162298 100.689097 203.162298
sb82 66.840230 92.980615 113.840230 149.980615
sb83 137.614137 153.654063 159.614137 169.654063
sb84 171.696292 118.703460 238.696292 140.703460
sb85 192.959460 76.102222 212.959460 101.102222
sb86 140.307505 130.456936 196.307505 167.456936
sb87 62.173766 95.278542 101.173766 139.278542
sb88 0.117630 63.186834 37.117630 87.186834
sb89 36.003875 111.077538 74.003875 138.077538
sb90 153.538774 235.000000 192.538774 268.000000
sb91 67.645454 60.115248 123.645454 93.115248
sb92 0.000000 46.476973 26.000000 62.476973
sb93 74.649586 226.893597 139.649586 261.893597
sb94 159.324413 45.499467 200.324413 104.499467
sb95 78.652525 218.595636 129.652525 237.595636
sb96 120.145718 118.649906 160.145718 184.649906
sb97 148.218820 13.692625 165.218820 80.692625
sb98 168.213264 146.573984 190.213264 208.573984
sb99 218.373527 182.853773 267.373527 248.853773

[Iter 750]
sb0 141.827712 75.652175 184.827712 108.652175
sb1 144.402821 7.053377 209.402821 44.053377
sb2 85.588766 164.320541 138.588766 198.320541
sb3 16.809015 130.434410 53.809015 197.434410
sb4 0.000000 132.584953 29.000000 151.584953
sb5 110.720471 93.516541 149.720471 142.516541
sb6 228.000000 215.722187 268.000000 233.722187
sb7 156.448140 121.838688 178.448140 161.838688
sb8 82.957473 196.591765 132.957473 258.591765
sb9 192.105819 117.256605 208.105819 158.256605
sb10 113.541105 64.877688 131.541105 116.877688
sb11 63.516199 124.405369 102.516199 183.405369
sb12 86.791621 83.247803 147.791621 111.247803
sb13 181.906884 137.523259 229.906884 194.523259
sb14 162.725155 33.580039 225.725155 76.580039
sb15 209.000000 139.197150 268.000000 191.197150
sb16 166.833997 96.927259 202.833997 153.927259
sb17 132.343310 202.000000 176.343310 268.000000
sb18 39.741326 9.472730 87.741326 60.472730
sb19 89.187498 178.879406 120.187498 228.879406
sb20 135.779333 178.549811 172.779333 197.549811
sb21 53.297473 146.750133 117.297473 196.750133
sb22 65.139448 110.273903 114.139448 144.273903
sb23 216.833289 150.881891 236.833289 199.881891
sb24 138.797679 157.455524 183.797679 185.455524
sb25 209.337982 108.447351 263.337982 147.447351
sb26 99.929530 24.391269 154.929530 64.391269
sb27 243.000000 89.112688 268.000000 154.112688
sb28 184.062570 222.000000 223.062570 268.000000
sb29 123.085804 79.681874 147.085804 141.681874
sb30 142.341769 102.948850 166.341769 128.948850
sb31 166.055623 65.019813 192.055623 99.019813
sb32 134.036057 197.273026 177.036057 250.273026
sb33 197.754394 101.711521 219.754394 136.711521
sb34 76.633702 72.197909 103.633702 126.197909
sb35 42.431096 195.094825 73.431096 233.094825
sb36 114.538432 20.801222 153.538432 87.801222
sb37 168.883978 89.556871 188.883978 149.556871
sb38 193.224649 152.459925 216.224649 209.459925
sb39 49.194904 68.800944 101.194904 123.800944
sb40 53.711423 133.587688 79.711423 162.587688
sb41 113.327887 152.462543 140.327887 207.462543
sb42 0.000000 58.375152 62.000000 111.375152
sb43 0.000000 202.337138 61.000000 248.337138
sb44 142.890794 58.201441 207.890794 105.201441
sb45 232.970074 144.740891 255.970074 188.740891
sb46 35.553307 177.030823 74.553307 199.030823
sb47 150.927264 87.270972 215.927264 120.270972
sb48 0.000000 107.296395 57.000000 134.296395
sb49 221.000000 62.347457 268.000000 127.347457
sb50 140.503489 141.945545 207.503489 173.945545
sb51 131.874051 207.689421 169.874051 264.689421
sb52 135.504272 161.836307 189.504272 206.836307
sb53 63.370741 64.115830 106.370741 85.115830
sb54 173.369299 169.396483 191.369299 230.396483
sb55 117.141711 78.579271 151.141711 134.579271
sb56 0.000000 74.776613 17.000000 137.776613
sb57 76.104998 181.434459 94.104998 228.434459
sb58 71.960944 219.296879 117.960944 253.296879
sb59 85.311282 231.000000 135.311282 268.000000
sb60 153.339076 230.770308 193.339076 253.770308
sb61 147.438842 121.541937 180.438842 144.541937
sb62 186.511082 44.011134 246.511082 63.011134
sb63 183.891513 176.715651 219.891513 221.715651
sb64 99.290407 121.686798 149.290407 168.686798
sb65 0.000000 142.735238 57.000000 198.735238
sb66 78.088528 8.591080 145.088528 69.591080
sb67 132.375292 87.184718 176.375292 127.184718
sb68 193.371611 47.991802 245.371611 110.991802
sb69 0.000000 24.232108 54.000000 51.232108
sb70 83.282383 113.167152 125.282383 155.167152
sb71 109.818429 197.281052 173.818429 219.281052
sb72 55.871095 158.513212 116.871095 219.513212
sb73 202.415870 0.000000 263.415870 67.000000
sb74 0.000000 158.238555 38.000000 200.238555
sb75 167.214842 42.210466 186.214842 70.210466
sb76 158.671744 91.022029 180.671744 124.022029
sb77 180.696581 203.824656 246.696581 260.824656
sb78 139.945433 186.204160 175.945433 218.204160
sb79 0.000000 84.999708 60.000000 125.999708
sb80 197.971881 109.044947 213.971881 167.044947
sb81 59.295854 168.431106 99.295854 218.431106
sb82 65.210214 106.135664 112.210214 163.135664
sb83 98.556733 155.095442 120.556733 171.095442
sb84 174.176052 135.713384 241.176052 157.713384
sb85 200.218086 78.151804 220.218086 103.151804
sb86 117.979896 127.234833 173.979896 164.234833
sb87 46.726135 99.604664 85.726135 143.604664
sb88 0.000171 62.484790 37.000171 86.484790
sb89 38.543329 135.206580 76.543329 162.206580
sb90 153.738342 235.000000 192.738342 268.000000
sb91 64.403952 69.338619 120.403952 102.338619
sb92 0.180600 60.769857 26.180600 76.769857
sb93 67.725680 227.159887 132.725680 262.159887
sb94 142.221891 21.147950 183.221891 80.147950
sb95 74.345197 221.642804 125.345197 240.642804
sb96 115.950763 129.638546 155.950763 195.638546
sb97 148.929555 17.398958 165.929555 84.398958
sb98 174.773062 161.910905 196.773062 223.910905
sb99 219.000000 191.486855 268.000000 257.486855

[Iter 800]
sb0 146.066751 63.426568 189.066751 96.426568
sb1 149.970645 0.000000 214.970645 37.000000
sb2 67.292326 180.510511 120.292326 214.510511
sb3 22.535863 132.476340 59.535863 199.476340
sb4 0.000000 139.673328 29.000000 158.673328
sb5 101.376312 68.559052 140.376312 117.559052
sb6 228.000000 209.988414 268.000000 227.988414
sb7 168.171303 132.547535 190.171303 172.547535
sb8 96.178178 206.000000 146.178178 268.000000
sb9 197.331229 129.039001 213.331229 170.039001
sb10 100.226212 52.945141 118.226212 104.945141
sb11 85.989977 111.206479 124.989977 170.206479
sb12 82.983081 64.735339 143.983081 92.735339
sb13 187.906544 144.987625 235.906544 201.987625
sb14 175.793467 40.212382 238.793467 83.212382
sb15 207.282840 144.382393 266.282840 196.382393
sb16 181.155992 99.443645 217.155992 156.443645
sb17 135.489800 201.833656 179.489800 267.833656
sb18 45.462602 5.998615 93.462602 56.998615
sb19 127.374356 163.953274 158.374356 213.953274
sb20 137.931470 165.645385 174.931470 184.645385
sb21 43.349145 158.216129 107.349145 208.216129
sb22 71.995665 87.173575 120.995665 121.173575
sb23 213.574295 156.024017 233.574295 205.024017
sb24 145.746902 166.928240 190.746902 194.928240
sb25 210.477182 109.549574 264.477182 148.549574
sb26 114.324671 18.590424 169.324671 58.590424
sb27 243.000000 86.549256 268.000000 151.549256
sb28 188.326822 222.000000 227.326822 268.000000
sb29 128.029580 76.018996 152.029580 138.018996
sb30 110.992276 104.196202 134.992276 130.196202
sb31 144.572353 88.147264 170.572353 122.147264
sb32 154.602047 198.343137 197.602047 251.343137
sb33 201.693446 96.299640 223.693446 131.299640
sb34 63.865665 104.631602 90.865665 158.631602
sb35 58.006758 200.457692 89.006758 238.457692
sb36 115.383718 8.155390 154.383718 75.155390
sb37 169.514600 78.803892 189.514600 138.803892
sb38 198.404647 149.519761 221.404647 206.519761
sb39 55.336905 123.459253 107.336905 178.459253
sb40 43.777319 129.143219 69.777319 158.143219
sb41 101.430190 158.962953 128.430190 213.962953
sb42 0.343617 76.687683 62.343617 129.687683
sb43 0.000000 202.150804 61.000000 248.150804
sb44 146.080495 48.640551 211.080495 95.640551
sb45 239.813988 153.168985 262.813988 197.168985
sb46 29.963477 178.300586 68.963477 200.300586
sb47 150.574231 87.914884 215.574231 120.914884
sb48 0.000000 25.305844 57.000000 52.305844
sb49 214.280683 61.244924 261.280683 126.244924
sb50 143.021966 136.102824 210.021966 168.102824
sb51 127.479106 200.780355 165.479106 257.780355
sb52 115.129501 164.471501 169.129501 209.471501
sb53 61.128328 60.590684 104.128328 81.590684
sb54 187.776416 164.800773 205.776416 225.800773
sb55 115.036919 57.620542 149.036919 113.620542
sb56 0.000000 70.221596 17.000000 133.221596
sb57 93.691646 100.217007 111.691646 147.217007
sb58 65.279921 221.890482 111.279921 255.890482
sb59 83.686004 231.000000 133.686004 268.000000
sb60 157.787231 244.567570 197.787231 267.567570
sb61 151.578539 105.370767 184.578539 128.370767
sb62 186.319503 32.991951 246.319503 51.991951
sb63 172.891058 173.457967 208.891058 218.457967
sb64 117.284048 128.396752 167.284048 175.396752
sb65 0.000000 134.922343 57.000000 190.922343
sb66 83.177362 1.355414 150.177362 62.355414
sb67 128.800393 88.209194 172.800393 128.209194
sb68 191.341253 45.418760 243.341253 108.418760
sb69 26.449784 58.110297 80.449784 85.110297
sb70 110.644374 118.981122 152.644374 160.981122
sb71 107.727971 186.194961 171.727971 208.194961
sb72 55.300786 161.225242 116.300786 222.225242
sb73 205.566821 4.703830 266.566821 71.703830
sb74 0.313448 170.296603 38.313448 212.296603
sb75 168.546862 34.725161 187.546862 62.725161
sb76 154.789376 108.604956 176.789376 141.604956
sb77 188.594636 208.051731 254.594636 265.051731
sb78 164.969703 206.948986 200.969703 238.948986
sb79 0.000000 96.544671 60.000000 137.544671
sb80 230.153183 110.248785 246.153183 168.248785
sb81 63.627790 170.124913 103.627790 220.124913
sb82 68.489781 108.402760 115.489781 165.402760
sb83 86.803602 139.822793 108.803602 155.822793
sb84 183.424861 128.209768 250.424861 150.209768
sb85 189.911136 83.354475 209.911136 108.354475
sb86 129.716534 132.353249 185.716534 169.353249
sb87 55.592595 77.674526 94.592595 121.674526
sb88 0.409946 74.380317 37.409946 98.380317
sb89 46.951625 84.029963 84.951625 111.029963
sb90 152.588085 235.000000 191.588085 268.000000
sb91 55.715056 65.179903 111.715056 98.179903
sb92 0.000000 58.696816 26.000000 74.696816
sb93 77.520095 219.725333 142.520095 254.725333
sb94 151.824455 30.070834 192.824455 89.070834
sb95 81.972600 216.421167 132.972600 235.421167
sb96 107.581235 121.256515 147.581235 187.256515
sb97 162.672140 12.846660 179.672140 79.846660
sb98 173.710136 150.762970 195.710136 212.762970
sb99 219.000000 193.092131 268.000000 259.092131

[Iter 850]
sb0 148.037841 77.412378 191.037841 110.412378
sb1 149.227851 0.804895 214.227851 37.804895
sb2 76.235150 175.048963 129.235150 209.048963
sb3 9.486320 129.512434 46.486320 196.512434
sb4 0.000000 135.307040 29.000000 154.307040
sb5 93.867541 67.917517 132.867541 116.917517
sb6 228.000000 207.023471 268.000000 225.023471
sb7 169.698634 135.755026 191.698634 175.755026
sb8 97.091184 206.000000 147.091184 268.000000
sb9 203.295558 120.812176 219.295558 161.812176
sb10 99.827590 59.298049 117.827590 111.298049
sb11 74.014911 119.650898 113.014911 178.650898
sb12 99.472321 77.048569 160.472321 105.048569
sb13 190.596413 139.850811 238.596413 196.850811
sb14 182.359862 40.357449 245.359862 83.357449
sb15 209.000000 140.947898 268.000000 192.947898
sb16 173.460908 101.389631 209.460908 158.389631
sb17 124.143675 202.000000 168.143675 268.000000
sb18 52.649640 16.852503 100.649640 67.852503
sb19 114.778041 162.201195 145.778041 212.201195
sb20 136.606853 159.901763 173.606853 178.901763
sb21 42.379113 157.105326 106.379113 207.105326
sb22 49.925206 125.109488 98.925206 159.109488
sb23 222.440998 155.493520 242.440998 204.493520
sb24 171.383157 172.446652 216.383157 200.446652
sb25 208.922424 99.754206 262.922424 138.754206
sb26 110.430619 26.119526 165.430619 66.119526
sb27 243.000000 92.552359 268.000000 157.552359
sb28 184.612491 222.000000 223.612491 268.000000
sb29 121.780996 81.615348 145.780996 143.615348
sb30 109.426752 79.215403 133.426752 105.215403
sb31 94.186846 113.092192 120.186846 147.092192
sb32 149.101523 195.606546 192.101523 248.606546
sb33 204.818822 108.921459 226.818822 143.921459
sb34 57.447791 109.891407 84.447791 163.891407
sb35 46.667638 200.161308 77.667638 238.161308
sb36 114.552934 9.129711 153.552934 76.129711
sb37 170.012478 77.209688 190.012478 137.209688
sb38 195.074998 134.487792 218.074998 191.487792
sb39 64.928082 73.383437 116.928082 128.383437
sb40 41.096297 133.104495 67.096297 162.104495
sb41 94.607007 150.668063 121.607007 205.668063
sb42 0.000000 72.505036 62.000000 125.505036
sb43 0.000000 197.413258 61.000000 243.413258
sb44 143.748374 48.928042 208.748374 95.928042
sb45 241.765678 146.328916 264.765678 190.328916
sb46 27.642601 174.498586 66.642601 196.498586
sb47 152.412768 92.605680 217.412768 125.605680
sb48 0.000000 20.087194 57.000000 47.087194
sb49 216.560982 64.555169 263.560982 129.555169
sb50 144.576616 119.539173 211.576616 151.539173
sb51 130.695500 199.452863 168.695500 256.452863
sb52 136.133183 170.556439 190.133183 215.556439
sb53 59.603542 57.328557 102.603542 78.328557
sb54 186.657925 169.332807 204.657925 230.332807
sb55 123.711323 65.756538 157.711323 121.756538
sb56 0.000000 74.884364 17.000000 137.884364
sb57 81.036692 108.014254 99.036692 155.014254
sb58 62.437875 223.821443 108.437875 257.821443
sb59 81.991566 230.843710 131.991566 267.843710
sb60 156.034730 245.000000 196.034730 268.000000
sb61 149.489716 115.538135 182.489716 138.538135
sb62 180.797997 27.679539 240.797997 46.679539
sb63 168.195770 175.548298 204.195770 220.548298
sb64 110.013964 124.944993 160.013964 171.944993
sb65 0.000000 133.653131 57.000000 189.653131
sb66 88.455096 11.181678 155.455096 72.181678
sb67 127.342328 88.934116 171.342328 128.934116
sb68 185.606450 37.197823 237.606450 100.197823
sb69 1.044960 48.153665 55.044960 75.153665
sb70 110.027039 109.330481 152.027039 151.330481
sb71 109.783929 183.771573 173.783929 205.771573
sb72 54.952195 160.338835 115.952195 221.338835
sb73 202.346113 8.481541 263.346113 75.481541
sb74 12.797174 164.701677 50.797174 206.701677
sb75 172.579553 34.700041 191.579553 62.700041
sb76 161.436445 112.569844 183.436445 145.569844
sb77 184.320435 203.996451 250.320435 260.996451
sb78 156.318445 207.950024 192.318445 239.950024
sb79 0.000000 92.653670 60.000000 133.653670
sb80 225.865402 108.144447 241.865402 166.144447
sb81 67.170588 159.200126 107.170588 209.200126
sb82 59.175495 103.074837 106.175495 160.074837
sb83 138.336340 176.908421 160.336340 192.908421
sb84 159.347652 150.895379 226.347652 172.895379
sb85 197.266469 79.155156 217.266469 104.155156
sb86 133.092785 129.421310 189.092785 166.421310
sb87 56.417404 74.390692 95.417404 118.390692
sb88 0.000000 68.912243 37.000000 92.912243
sb89 49.281922 65.648068 87.281922 92.648068
sb90 152.654042 235.000000 191.654042 268.000000
sb91 52.728649 57.945254 108.728649 90.945254
sb92 0.000000 58.954992 26.000000 74.954992
sb93 73.592127 213.792281 138.592127 248.792281
sb94 156.214182 30.289157 197.214182 89.289157
sb95 77.351857 215.494806 128.351857 234.494806
sb96 112.465830 121.905849 152.465830 187.905849
sb97 162.429286 18.256050 179.429286 85.256050
sb98 162.077318 154.221638 184.077318 216.221638
sb99 218.359333 189.356248 267.359333 255.356248

[Iter 900]
sb0 150.447019 62.370293 193.447019 95.370293
sb1 148.628905 0.000000 213.628905 37.000000
sb2 60.577710 171.231773 113.577710 205.231773
sb3 20.755664 129.521261 57.755664 196.521261
sb4 0.000000 165.267870 29.000000 184.267870
sb5 95.702074 82.727705 134.702074 131.727705
sb6 228.000000 210.814384 268.000000 228.814384
sb7 162.144046 128.172214 184.144046 168.172214
sb8 96.367398 200.724418 146.367398 262.724418
sb9 206.106742 108.696437 222.106742 149.696437
sb10 100.598909 49.268840 118.598909 101.268840
sb11 78.788147 95.779530 117.788147 154.779530
sb12 98.908371 73.656688 159.908371 101.656688
sb13 193.533540 131.528119 241.533540 188.528119
sb14 177.667323 35.907587 240.667323 78.907587
sb15 209.000000 140.778802 268.000000 192.778802
sb16 178.212547 93.816653 214.212547 150.816653
sb17 129.924587 202.000000 173.924587 268.000000
sb18 49.555694 15.171728 97.555694 66.171728
sb19 125.992115 165.737826 156.992115 215.737826
sb20 133.590791 173.718272 170.590791 192.718272
sb21 47.697904 150.094482 111.697904 200.094482
sb22 70.141082 83.929394 119.141082 117.929394
sb23 216.126685 161.123845 236.126685 210.123845
sb24 158.198445 156.739725 203.198445 184.739725
sb25 209.835337 111.739136 263.835337 150.739136
sb26 116.196916 16.269235 171.196916 56.269235
sb27 243.000000 93.281673 268.000000 158.281673
sb28 185.687733 222.000000 224.687733 268.000000
sb29 132.800214 87.518831 156.800214 149.518831
sb30 129.318983 95.085469 153.318983 121.085469
sb31 104.253637 106.638351 130.253637 140.638351
sb32 147.459216 198.749778 190.459216 251.749778
sb33 198.397036 95.574670 220.397036 130.574670
sb34 53.137536 78.919068 80.137536 132.919068
sb35 61.385684 194.022425 92.385684 232.022425
sb36 114.121162 12.290695 153.121162 79.290695
sb37 168.441325 87.850479 188.441325 147.850479
sb38 195.569589 142.978760 218.569589 199.978760
sb39 32.475544 105.788237 84.475544 160.788237
sb40 39.458471 129.350623 65.458471 158.350623
sb41 100.645485 164.557384 127.645485 219.557384
sb42 0.000000 74.546976 62.000000 127.546976
sb43 0.000000 196.697119 61.000000 242.697119
sb44 143.709751 49.079802 208.709751 96.079802
sb45 243.439661 154.475097 266.439661 198.475097
sb46 34.776538 175.775443 73.776538 197.775443
sb47 153.994293 88.958312 218.994293 121.958312
sb48 0.000000 21.712437 57.000000 48.712437
sb49 216.533233 61.413557 263.533233 126.413557
sb50 145.519257 141.767341 212.519257 173.767341
sb51 130.753717 208.620165 168.753717 265.620165
sb52 146.849181 164.101633 200.849181 209.101633
sb53 62.115347 61.046717 105.115347 82.046717
sb54 191.613250 165.588428 209.613250 226.588428
sb55 116.492205 52.322547 150.492205 108.322547
sb56 0.000000 95.540924 17.000000 158.540924
sb57 70.461757 113.278235 88.461757 160.278235
sb58 60.696089 216.692860 106.696089 250.692860
sb59 78.871349 231.000000 128.871349 268.000000
sb60 155.629984 239.070260 195.629984 262.070260
sb61 156.311762 95.380412 189.311762 118.380412
sb62 195.282556 38.810360 255.282556 57.810360
sb63 166.374260 175.135749 202.374260 220.135749
sb64 108.791352 134.245076 158.791352 181.245076
sb65 0.000000 138.154003 57.000000 194.154003
sb66 82.432010 7.327027 149.432010 68.327027
sb67 134.460212 84.686071 178.460212 124.686071
sb68 198.505572 46.279189 250.505572 109.279189
sb69 0.000000 45.616178 54.000000 72.616178
sb70 108.109159 119.313406 150.109159 161.313406
sb71 113.044431 191.349426 177.044431 213.349426
sb72 60.960368 153.280479 121.960368 214.280479
sb73 207.000000 2.123968 268.000000 69.123968
sb74 54.937895 162.078700 92.937895 204.078700
sb75 167.059061 36.482761 186.059061 64.482761
sb76 167.241801 111.592947 189.241801 144.592947
sb77 188.404232 208.691961 254.404232 265.691961
sb78 171.151886 193.804337 207.151886 225.804337
sb79 0.000000 89.694727 60.000000 130.694727
sb80 229.854996 124.936970 245.854996 182.936970
sb81 107.187692 164.187103 147.187692 214.187103
sb82 58.445978 103.925184 105.445978 160.925184
sb83 133.888513 161.192840 155.888513 177.192840
sb84 178.427886 123.596005 245.427886 145.596005
sb85 189.148066 79.587604 209.148066 104.587604
sb86 136.655195 120.920362 192.655195 157.920362
sb87 76.956199 87.530754 115.956199 131.530754
sb88 0.000000 66.401794 37.000000 90.401794
sb89 52.608338 67.513089 90.608338 94.513089
sb90 156.738590 234.949644 195.738590 267.949644
sb91 61.505352 59.350106 117.505352 92.350106
sb92 0.000000 65.074887 26.000000 81.074887
sb93 76.485099 220.459855 141.485099 255.459855
sb94 158.164280 22.858327 199.164280 81.858327
sb95 71.718249 219.306050 122.718249 238.306050
sb96 117.012220 121.406777 157.012220 187.406777
sb97 169.027948 11.849319 186.027948 78.849319
sb98 159.006874 151.071839 181.006874 213.071839
sb99 219.000000 195.232140 268.000000 261.232140

[Iter 950]
sb0 144.969030 65.516663 187.969030 98.516663
sb1 143.890498 0.000000 208.890498 37.000000
sb2 69.710788 162.472988 122.710788 196.472988
sb3 20.405008 129.110155 57.405008 196.110155
sb4 0.000000 170.178985 29.000000 189.178985
sb5 107.535384 78.610127 146.535384 127.610127
sb6 228.000000 210.427597 268.000000 228.427597
sb7 170.265271 108.175198 192.265271 148.175198
sb8 98.375102 203.701801 148.375102 265.701801
sb9 203.424590 117.724669 219.424590 158.724669
sb10 97.695227 57.569430 115.695227 109.569430
sb11 68.486423 102.765433 107.486423 161.765433
sb12 98.758108 75.089209 159.758108 103.089209
sb13 189.408054 134.229845 237.408054 191.229845
sb14 177.152690 31.794182 240.152690 74.794182
sb15 209.000000 139.014476 268.000000 191.014476
sb16 175.818336 107.989943 211.818336 164.989943
sb17 134.214232 189.841957 178.214232 255.841957
sb18 46.545316 12.019701 94.545316 63.019701
sb19 128.153084 152.381856 159.153084 202.381856
sb20 133.910376 170.028615 170.910376 189.028615
sb21 52.824165 156.179857 116.824165 206.179857
sb22 58.851208 74.216900 107.851208 108.216900
sb23 223.730167 150.844317 243.730167 199.844317
sb24 146.855020 157.817586 191.855020 185.817586
sb25 206.748731 96.372788 260.748731 135.372788
sb26 108.958992 18.028422 163.958992 58.028422
sb27 242.820236 94.776537 267.820236 159.776537
sb28 187.164072 222.000000 226.164072 268.000000
sb29 126.417593 82.289152 150.417593 144.289152
sb30 150.233389 86.204486 174.233389 112.204486
sb31 95.114228 116.213816 121.114228 150.213816
sb32 150.758554 195.327210 193.758554 248.327210
sb33 197.459082 93.905148 219.459082 128.905148
sb34 62.422310 62.538591 89.422310 116.538591
sb35 59.619026 198.814018 90.619026 236.814018
sb36 112.178512 10.030981 151.178512 77.030981
sb37 154.501703 100.149071 174.501703 160.149071
sb38 200.943901 135.099278 223.943901 192.099278
sb39 43.101831 114.912423 95.101831 169.912423
sb40 46.907106 128.030740 72.907106 157.030740
sb41 101.802326 157.519304 128.802326 212.519304
sb42 0.000000 81.794676 62.000000 134.794676
sb43 0.000000 196.099813 61.000000 242.099813
sb44 142.745221 44.295984 207.745221 91.295984
sb45 243.881799 145.948061 266.881799 189.948061
sb46 33.224115 169.567388 72.224115 191.567388
sb47 150.525364 81.879860 215.525364 114.879860
sb48 0.000000 28.863771 57.000000 55.863771
sb49 219.459712 56.311228 266.459712 121.311228
sb50 147.308845 139.739407 214.308845 171.739407
sb51 133.421454 200.774972 171.421454 257.774972
sb52 141.209585 152.244308 195.209585 197.244308
sb53 61.559234 50.977081 104.559234 71.977081
sb54 183.219485 164.738753 201.219485 225.738753
sb55 111.372857 55.656420 145.372857 111.656420
sb56 0.000000 101.078070 17.000000 164.078070
sb57 70.916997 123.169091 88.916997 170.169091
sb58 67.106910 216.514202 113.106910 250.514202
sb59 83.541542 230.822909 133.541542 267.822909
sb60 151.881970 242.295849 191.881970 265.295849
sb61 160.494166 104.542108 193.494166 127.542108
sb62 180.371548 30.178910 240.371548 49.178910
sb63 173.785335 177.613857 209.785335 222.613857
sb64 104.961189 119.441751 154.961189 166.441751
sb65 0.000000 148.391476 57.000000 204.391476
sb66 84.544110 9.931395 151.544110 70.931395
sb67 148.964750 84.170455 192.964750 124.170455
sb68 185.554621 38.042967 237.554621 101.042967
sb69 1.103823 66.566068 55.103823 93.566068
sb70 109.201265 102.160368 151.201265 144.160368
sb71 110.829043 188.816819 174.829043 210.816819
sb72 56.047962 157.902012 117.047962 218.902012
sb73 202.697560 0.000000 263.697560 67.000000
sb74 49.632042 172.837944 87.632042 214.837944
sb75 163.439491 36.858956 182.439491 64.858956
sb76 158.275280 122.581916 180.275280 155.581916
sb77 182.188705 210.168262 248.188705 267.168262
sb78 189.333682 183.897544 225.333682 215.897544
sb79 0.000000 93.198288 60.000000 134.198288
sb80 234.395647 101.076305 250.395647 159.076305
sb81 104.953667 155.553362 144.953667 205.553362
sb82 60.956110 96.045191 107.956110 153.045191
sb83 105.706535 148.023988 127.706535 164.023988
sb84 176.088816 120.645304 243.088816 142.645304
sb85 198.650536 74.297768 218.650536 99.297768
sb86 132.414290 116.282647 188.414290 153.282647
sb87 61.394493 97.976200 100.394493 141.976200
sb88 0.792374 68.914697 37.792374 92.914697
sb89 50.512637 60.513264 88.512637 87.513264
sb90 154.016527 235.000000 193.016527 268.000000
sb91 61.176828 57.102637 117.176828 90.102637
sb92 2.682303 56.043615 28.682303 72.043615
sb93 81.314064 216.469564 146.314064 251.469564
sb94 151.849433 20.908254 192.849433 79.908254
sb95 79.079720 217.289574 130.079720 236.289574
sb96 110.647691 121.374139 150.647691 187.374139
sb97 157.655075 9.601938 174.655075 76.601938
sb98 173.563347 166.539694 195.563347 228.539694
sb99 219.000000 189.670029 268.000000 255.670029

[Iter 1000]
sb0 152.338012 64.019327 195.338012 97.019327
sb1 146.123320 0.430306 211.123320 37.430306
sb2 62.446085 178.987891 115.446085 212.987891
sb3 18.957665 127.572973 55.957665 194.572973
sb4 0.000000 166.366575 29.000000 185.366575
sb5 109.949652 69.203741 148.949652 118.203741
sb6 228.000000 208.728949 268.000000 226.728949
sb7 170.327203 114.408278 192.327203 154.408278
sb8 98.009937 206.000000 148.009937 268.000000
sb9 202.866833 113.265472 218.866833 154.265472
sb10 95.894184 53.600930 113.894184 105.600930
sb11 77.514933 104.744325 116.514933 163.744325
sb12 95.020060 75.239419 156.020060 103.239419
sb13 189.584276 133.151157 237.584276 190.151157
sb14 179.543644 34.475668 242.543644 77.475668
sb15 209.000000 141.482609 268.000000 193.482609
sb16 170.627017 95.716623 206.627017 152.716623
sb17 135.677013 191.609255 179.677013 257.609255
sb18 46.045378 10.266670 94.045378 61.266670
sb19 127.118347 156.346410 158.118347 206.346410
sb20 124.697188 169.938176 161.697188 188.938176
sb21 49.197899 161.307909 113.197899 211.307909
sb22 60.835829 80.603569 109.835829 114.603569
sb23 223.135762 141.314045 243.135762 190.314045
sb24 156.878580 160.461698 201.878580 188.461698
sb25 210.194593 101.029876 264.194593 140.029876
sb26 109.983047 19.828635 164.983047 59.828635
sb27 243.000000 93.013307 268.000000 158.013307
sb28 186.634451 222.000000 225.634451 268.000000
sb29 130.948500 73.593638 154.948500 135.593638
sb30 135.634243 79.767073 159.634243 105.767073
sb31 93.632039 104.337001 119.632039 138.337001
sb32 152.060814 192.383253 195.060814 245.383253
sb33 194.191793 96.229237 216.191793 131.229237
sb34 64.905514 63.730233 91.905514 117.730233
sb35 53.167690 203.452592 84.167690 241.452592
sb36 112.748278 9.863861 151.748278 76.863861
sb37 156.577748 103.165907 176.577748 163.165907
sb38 199.994748 138.492281 222.994748 195.492281
sb39 36.117381 107.468509 88.117381 162.468509
sb40 40.693055 125.810826 66.693055 154.810826
sb41 101.796473 151.299626 128.796473 206.299626
sb42 0.000000 72.720930 62.000000 125.720930
sb43 0.056656 194.781132 61.056656 240.781132
sb44 145.829262 51.016257 210.829262 98.016257
sb45 240.401190 142.319720 263.401190 186.319720
sb46 26.029940 171.406443 65.029940 193.406443
sb47 153.401149 84.767756 218.401149 117.767756
sb48 0.000000 25.241988 57.000000 52.241988
sb49 215.745490 58.220597 262.745490 123.220597
sb50 144.216877 145.930779 211.216877 177.930779
sb51 127.657202 200.609882 165.657202 257.609882
sb52 141.165661 152.298093 195.165661 197.298093
sb53 58.447103 51.523557 101.447103 72.523557
sb54 172.473988 171.626066 190.473988 232.626066
sb55 109.587829 54.720159 143.587829 110.720159
sb56 0.000000 95.329893 17.000000 158.329893
sb57 67.395926 126.883067 85.395926 173.883067
sb58 62.505160 217.015306 108.505160 251.015306
sb59 78.227882 230.504885 128.227882 267.504885
sb60 151.561044 244.097215 191.561044 267.097215
sb61 150.662143 99.827496 183.662143 122.827496
sb62 188.150365 30.030354 248.150365 49.030354
sb63 182.037377 175.447169 218.037377 220.447169
sb64 105.580825 121.073633 155.580825 168.073633
sb65 0.000000 144.671992 57.000000 200.671992
sb66 86.495271 7.432285 153.495271 68.432285
sb67 143.878281 86.031263 187.878281 126.031263
sb68 191.376925 41.200864 243.376925 104.200864
sb69 0.144004 60.012054 54.144004 87.012054
sb70 107.847482 111.391056 149.847482 153.391056
sb71 106.645835 188.394797 170.645835 210.394797
sb72 54.579011 161.004875 115.579011 222.004875
sb73 202.557731 0.300288 263.557731 67.300288
sb74 54.920048 151.107655 92.920048 193.107655
sb75 165.635526 38.559314 184.635526 66.559314
sb76 152.803881 119.051013 174.803881 152.051013
sb77 184.027946 210.508383 250.027946 267.508383
sb78 199.296190 188.094152 235.296190 220.094152
sb79 0.000000 87.519293 60.000000 128.519293
sb80 200.304214 98.231422 216.304214 156.231422
sb81 105.427541 167.181874 145.427541 217.181874
sb82 60.723445 103.687827 107.723445 160.687827
sb83 93.292363 143.237601 115.292363 159.237601
sb84 176.494968 122.412703 243.494968 144.412703
sb85 198.693548 75.601870 218.693548 100.601870
sb86 130.177266 128.224082 186.177266 165.224082
sb87 56.852460 101.530820 95.852460 145.530820
sb88 0.200270 64.007035 37.200270 88.007035
sb89 54.547205 59.311567 92.547205 86.311567
sb90 153.340002 235.000000 192.340002 268.000000
sb91 57.272249 69.364069 113.272249 102.364069
sb92 0.000000 51.141570 26.000000 67.141570
sb93 81.805950 220.241097 146.805950 255.241097
sb94 153.724924 21.337662 194.724924 80.337662
sb95 72.479413 217.523234 123.479413 236.523234
sb96 113.457668 113.005336 153.457668 179.005336
sb97 161.355891 11.733636 178.355891 78.733636
sb98 172.721178 164.270658 194.721178 226.270658
sb99 219.000000 190.262131 268.000000 256.262131

[Iter 1050]
sb0 154.370465 65.346436 197.370465 98.346436
sb1 143.796689 0.000000 208.796689 37.000000
sb2 56.122956 175.704974 109.122956 209.704974
sb3 22.622272 124.265191 59.622272 191.265191
sb4 0.000000 130.529811 29.000000 149.529811
sb5 106.854045 85.578818 145.854045 134.578818
sb6 228.000000 204.435484 268.000000 222.435484
sb7 170.912016 114.284683 192.912016 154.284683
sb8 95.447590 199.592562 145.447590 261.592562
sb9 203.219779 106.429047 219.219779 147.429047
sb10 98.082827 56.694460 116.082827 108.694460
sb11 65.664177 124.542920 104.664177 183.542920
sb12 99.489189 73.520625 160.489189 101.520625
sb13 193.066469 130.468260 241.066469 187.468260
sb14 180.422311 35.084628 243.422311 78.084628
sb15 209.000000 140.885018 268.000000 192.885018
sb16 168.349314 111.603956 204.349314 168.603956
sb17 133.595145 198.220745 177.595145 264.220745
sb18 47.471614 6.723968 95.471614 57.723968
sb19 123.450410 157.549718 154.450410 207.549718
sb20 129.291500 171.759754 166.291500 190.759754
sb21 52.302912 160.485160 116.302912 210.485160
sb22 82.792299 89.742149 131.792299 123.742149
sb23 229.077243 155.747782 249.077243 204.747782
sb24 145.572411 163.465529 190.572411 191.465529
sb25 212.429407 109.756161 266.429407 148.756161
sb26 111.381718 19.851053 166.381718 59.851053
sb27 243.000000 89.764613 268.000000 154.764613
sb28 186.803749 222.000000 225.803749 268.000000
sb29 138.190801 90.649875 162.190801 152.649875
sb30 134.495235 80.582594 158.495235 106.582594
sb31 98.394610 107.048365 124.394610 141.048365
sb32 148.732407 198.563142 191.732407 251.563142
sb33 189.883377 95.729363 211.883377 130.729363
sb34 66.690762 62.336038 93.690762 116.336038
sb35 56.051860 201.184974 87.051860 239.184974
sb36 109.136144 18.734181 148.136144 85.734181
sb37 158.045598 98.033311 178.045598 158.033311
sb38 202.561647 139.836803 225.561647 196.836803
sb39 45.356936 82.204976 97.356936 137.204976
sb40 39.151228 133.480811 65.151228 162.480811
sb41 103.063021 157.427350 130.063021 212.427350
sb42 0.000000 78.326780 62.000000 131.326780
sb43 0.000000 198.629430 61.000000 244.629430
sb44 145.226721 45.238647 210.226721 92.238647
sb45 243.740042 142.204885 266.740042 186.204885
sb46 30.222538 174.953125 69.222538 196.953125
sb47 151.653331 84.487209 216.653331 117.487209
sb48 0.000000 22.763059 57.000000 49.763059
sb49 212.280591 61.913472 259.280591 126.913472
sb50 144.423187 146.601432 211.423187 178.601432
sb51 129.383783 203.945781 167.383783 260.945781
sb52 144.170163 162.225467 198.170163 207.225467
sb53 60.963989 51.928299 103.963989 72.928299
sb54 172.404128 169.518514 190.404128 230.518514
sb55 112.054709 56.836227 146.054709 112.836227
sb56 0.000000 92.214810 17.000000 155.214810
sb57 73.979841 122.925733 91.979841 169.925733
sb58 59.705530 214.896124 105.705530 248.896124
sb59 79.378005 231.000000 129.378005 268.000000
sb60 152.189577 245.000000 192.189577 268.000000
sb61 160.855756 90.996501 193.855756 113.996501
sb62 191.394055 41.131858 251.394055 60.131858
sb63 181.847572 176.704597 217.847572 221.704597
sb64 96.982355 112.177139 146.982355 159.177139
sb65 0.000000 147.282040 57.000000 203.282040
sb66 90.276157 11.870567 157.276157 72.870567
sb67 136.550852 81.014761 180.550852 121.014761
sb68 195.407264 51.739128 247.407264 114.739128
sb69 0.000000 45.329833 54.000000 72.329833
sb70 105.131732 113.343059 147.131732 155.343059
sb71 110.197181 191.527048 174.197181 213.527048
sb72 53.491787 157.791707 114.491787 218.791707
sb73 204.386288 2.528128 265.386288 69.528128
sb74 30.523285 125.455350 68.523285 167.455350
sb75 160.596393 35.688013 179.596393 63.688013
sb76 156.960223 129.274443 178.960223 162.274443
sb77 181.616081 210.459806 247.616081 267.459806
sb78 189.164406 182.909814 225.164406 214.909814
sb79 0.000000 85.013172 60.000000 126.013172
sb80 198.358293 108.765308 214.358293 166.765308
sb81 112.579676 158.805586 152.579676 208.805586
sb82 57.342738 100.346376 104.342738 157.346376
sb83 92.808396 145.454920 114.808396 161.454920
sb84 173.009137 120.137240 240.009137 142.137240
sb85 191.257836 80.318398 211.257836 105.318398
sb86 133.332429 110.583553 189.332429 147.583553
sb87 60.719583 101.153080 99.719583 145.153080
sb88 0.000000 63.829010 37.000000 87.829010
sb89 56.086042 58.061771 94.086042 85.061771
sb90 154.344317 235.000000 193.344317 268.000000
sb91 58.352994 62.202361 114.352994 95.202361
sb92 0.000000 64.145461 26.000000 80.145461
sb93 78.507114 215.507242 143.507114 250.507242
sb94 153.308004 23.786062 194.308004 82.786062
sb95 71.903186 218.636581 122.903186 237.636581
sb96 113.195837 122.851705 153.195837 188.851705
sb97 163.765442 12.455208 180.765442 79.455208
sb98 171.068546 170.445323 193.068546 232.445323
sb99 219.000000 189.393106 268.000000 255.393106

[Iter 1100]
sb0 152.594634 64.001183 195.594634 97.001183
sb1 146.404867 0.000000 211.404867 37.000000
sb2 56.192176 181.512945 109.192176 215.512945
sb3 19.567575 122.445944 56.567575 189.445944
sb4 0.000000 129.835289 29.000000 148.835289
sb5 102.099652 80.970197 141.099652 129.970197
sb6 228.000000 197.053611 268.000000 215.053611
sb7 174.293672 113.756641 196.293672 153.756641
sb8 103.060073 204.282949 153.060073 266.282949
sb9 206.378097 105.682118 222.378097 146.682118
sb10 95.296097 54.251234 113.296097 106.251234
sb11 63.512282 132.755124 102.512282 191.755124
sb12 91.766162 66.936212 152.766162 94.936212
sb13 191.030602 133.886187 239.030602 190.886187
sb14 182.441457 32.045825 245.441457 75.045825
sb15 209.000000 140.315756 268.000000 192.315756
sb16 164.400064 103.150303 200.400064 160.150303
sb17 133.584077 197.370903 177.584077 263.370903
sb18 49.533219 3.512583 97.533219 54.512583
sb19 126.473172 156.016396 157.473172 206.016396
sb20 131.429124 174.811768 168.429124 193.811768
sb21 49.852446 160.644591 113.852446 210.644591
sb22 63.473985 112.662443 112.473985 146.662443
sb23 223.758685 148.131198 243.758685 197.131198
sb24 148.837195 161.384224 193.837195 189.384224
sb25 212.228642 104.405137 266.228642 143.405137
sb26 113.256256 17.919654 168.256256 57.919654
sb27 243.000000 87.733496 268.000000 152.733496
sb28 186.565217 222.000000 225.565217 268.000000
sb29 131.333537 70.048184 155.333537 132.048184
sb30 134.492567 71.181079 158.492567 97.181079
sb31 92.150708 113.480532 118.150708 147.480532
sb32 151.671840 196.574394 194.671840 249.574394
sb33 190.853079 93.580607 212.853079 128.580607
sb34 63.830914 59.857277 90.830914 113.857277
sb35 57.049587 201.579161 88.049587 239.579161
sb36 108.312365 14.021346 147.312365 81.021346
sb37 160.351481 93.976848 180.351481 153.976848
sb38 199.045704 137.715748 222.045704 194.715748
sb39 56.478645 67.434711 108.478645 122.434711
sb40 41.040581 135.159274 67.040581 164.159274
sb41 104.351044 157.225218 131.351044 212.225218
sb42 0.000000 77.892884 62.000000 130.892884
sb43 0.072902 197.782998 61.072902 243.782998
sb44 145.707798 46.396274 210.707798 93.396274
sb45 239.473688 139.460370 262.473688 183.460370
sb46 31.706549 175.345160 70.706549 197.345160
sb47 153.139379 82.802184 218.139379 115.802184
sb48 0.000000 18.213950 57.000000 45.213950
sb49 211.716386 57.938919 258.716386 122.938919
sb50 144.142745 145.799237 211.142745 177.799237
sb51 131.895839 205.880580 169.895839 262.880580
sb52 136.003154 156.057450 190.003154 201.057450
sb53 61.829807 43.366262 104.829807 64.366262
sb54 174.102646 168.047549 192.102646 229.047549
sb55 109.156544 55.288447 143.156544 111.288447
sb56 0.000000 90.927782 17.000000 153.927782
sb57 70.202258 125.507265 88.202258 172.507265
sb58 66.508078 219.626278 112.508078 253.626278
sb59 80.433766 231.000000 130.433766 268.000000
sb60 154.527627 245.000000 194.527627 268.000000
sb61 150.579322 94.241750 183.579322 117.241750
sb62 188.117354 34.093542 248.117354 53.093542
sb63 184.038275 175.340177 220.038275 220.340177
sb64 108.760049 110.566172 158.760049 157.566172
sb65 0.000000 148.254621 57.000000 204.254621
sb66 88.962721 3.701112 155.962721 64.701112
sb67 133.493902 83.509862 177.493902 123.509862
sb68 193.485143 45.241700 245.485143 108.241700
sb69 0.000000 42.712778 54.000000 69.712778
sb70 107.372288 103.783932 149.372288 145.783932
sb71 110.923226 193.735515 174.923226 215.735515
sb72 56.568580 158.169537 117.568580 219.169537
sb73 204.359369 2.534994 265.359369 69.534994
sb74 31.951578 125.710609 69.951578 167.710609
sb75 164.164871 37.520349 183.164871 65.520349
sb76 155.833305 122.891147 177.833305 155.891147
sb77 186.700757 210.641904 252.700757 267.641904
sb78 193.488064 185.281352 229.488064 217.281352
sb79 0.000000 82.646306 60.000000 123.646306
sb80 198.700139 101.083656 214.700139 159.083656
sb81 104.356286 157.324265 144.356286 207.324265
sb82 59.461688 101.137598 106.461688 158.137598
sb83 96.394985 147.132087 118.394985 163.132087
sb84 174.307486 120.892632 241.307486 142.892632
sb85 185.985565 80.835333 205.985565 105.835333
sb86 127.197166 119.627018 183.197166 156.627018
sb87 56.829865 100.793311 95.829865 144.793311
sb88 0.000000 59.684538 37.000000 83.684538
sb89 48.545231 52.024260 86.545231 79.024260
sb90 156.051614 235.000000 195.051614 268.000000
sb91 58.821139 60.392184 114.821139 93.392184
sb92 0.000000 63.011162 26.000000 79.011162
sb93 80.043181 215.616531 145.043181 250.616531
sb94 154.654121 20.691255 195.654121 79.691255
sb95 73.573933 219.675722 124.573933 238.675722
sb96 114.075500 123.161764 154.075500 189.161764
sb97 164.034500 11.031592 181.034500 78.031592
sb98 170.231847 170.449964 192.231847 232.449964
sb99 219.000000 194.452643 268.000000 260.452643

[Iter 1150]
sb0 154.487497 62.658888 197.487497 95.658888
sb1 146.058043 0.000000 211.058043 37.000000
sb2 64.600192 182.132995 117.600192 216.132995
sb3 16.983068 125.230995 53.983068 192.230995
sb4 0.259964 132.305708 29.259964 151.305708
sb5 97.792526 78.582178 136.792526 127.582178
sb6 228.000000 195.749510 268.000000 213.749510
sb7 173.753516 107.110944 195.753516 147.110944
sb8 101.609908 206.000000 151.609908 268.000000
sb9 206.734912 104.136645 222.734912 145.136645
sb10 95.958339 55.611847 113.958339 107.611847
sb11 49.852030 136.993255 88.852030 195.993255
sb12 101.401744 67.733675 162.401744 95.733675
sb13 191.463994 133.254051 239.463994 190.254051
sb14 182.017585 28.316485 245.017585 71.316485
sb15 209.000000 141.367784 268.000000 193.367784
sb16 165.746530 102.014646 201.746530 159.014646
sb17 135.873268 195.941023 179.873268 261.941023
sb18 48.331906 4.223694 96.331906 55.223694
sb19 124.687584 158.611908 155.687584 208.611908
sb20 129.778767 175.026440 166.778767 194.026440
sb21 46.898398 162.687575 110.898398 212.687575
sb22 75.218543 142.657878 124.218543 176.657878
sb23 224.600969 146.259125 244.600969 195.259125
sb24 149.765716 162.864327 194.765716 190.864327
sb25 212.796437 104.202257 266.796437 143.202257
sb26 111.034109 16.649536 166.034109 56.649536
sb27 243.000000 91.923234 268.000000 156.923234
sb28 185.430126 222.000000 224.430126 268.000000
sb29 136.527850 94.618452 160.527850 156.618452
sb30 134.286443 73.578321 158.286443 99.578321
sb31 91.392124 116.746296 117.392124 150.746296
sb32 151.471500 196.332659 194.471500 249.332659
sb33 189.349515 93.695134 211.349515 128.695134
sb34 67.696269 62.516780 94.696269 116.516780
sb35 55.208253 204.927471 86.208253 242.927471
sb36 110.099845 12.983169 149.099845 79.983169
sb37 159.481105 96.123052 179.481105 156.123052
sb38 199.098221 139.365317 222.098221 196.365317
sb39 59.556150 72.603055 111.556150 127.603055
sb40 36.165263 134.845213 62.165263 163.845213
sb41 103.382955 156.472071 130.382955 211.472071
sb42 0.307469 71.389681 62.307469 124.389681
sb43 0.000000 197.588147 61.000000 243.588147
sb44 146.513896 48.248518 211.513896 95.248518
sb45 241.710644 141.313109 264.710644 185.313109
sb46 28.001433 175.570692 67.001433 197.570692
sb47 151.968235 80.485375 216.968235 113.485375
sb48 0.000000 18.626055 57.000000 45.626055
sb49 211.335799 59.332318 258.335799 124.332318
sb50 142.892012 144.190535 209.892012 176.190535
sb51 129.913382 206.884079 167.913382 263.884079
sb52 140.196110 155.211571 194.196110 200.211571
sb53 60.947561 45.324944 103.947561 66.324944
sb54 172.692076 168.375928 190.692076 229.375928
sb55 110.463596 53.768604 144.463596 109.768604
sb56 0.191520 90.442524 17.191520 153.442524
sb57 68.733383 128.906636 86.733383 175.906636
sb58 62.382843 221.542360 108.382843 255.542360
sb59 77.986321 231.000000 127.986321 268.000000
sb60 154.984447 245.000000 194.984447 268.000000
sb61 150.456974 93.686232 183.456974 116.686232
sb62 189.034223 31.503916 249.034223 50.503916
sb63 184.992009 175.667633 220.992009 220.667633
sb64 98.467909 102.603639 148.467909 149.603639
sb65 0.000000 144.738814 57.000000 200.738814
sb66 89.832868 2.956301 156.832868 63.956301
sb67 131.314557 82.435165 175.314557 122.435165
sb68 192.784352 43.981633 244.784352 106.981633
sb69 2.008939 45.017162 56.008939 72.017162
sb70 105.331004 102.700217 147.331004 144.700217
sb71 110.967880 193.758411 174.967880 215.758411
sb72 56.666479 157.537610 117.666479 218.537610
sb73 205.607970 0.000000 266.607970 67.000000
sb74 29.779915 105.677703 67.779915 147.677703
sb75 164.526830 34.578459 183.526830 62.578459
sb76 159.365610 122.146875 181.365610 155.146875
sb77 187.473725 211.000000 253.473725 268.000000
sb78 194.599560 185.320518 230.599560 217.320518
sb79 0.000000 82.983477 60.000000 123.983477
sb80 200.853710 99.831076 216.853710 157.831076
sb81 105.594907 154.550643 145.594907 204.550643
sb82 57.792990 103.367562 104.792990 160.367562
sb83 97.324055 151.286116 119.324055 167.286116
sb84 175.414664 122.942009 242.414664 144.942009
sb85 185.848576 80.702254 205.848576 105.702254
sb86 127.113078 118.881283 183.113078 155.881283
sb87 52.478311 103.666063 91.478311 147.666063
sb88 0.000000 59.909026 37.000000 83.909026
sb89 57.371119 57.808191 95.371119 84.808191
sb90 155.033213 235.000000 194.033213 268.000000
sb91 55.591577 59.631117 111.591577 92.631117
sb92 0.000000 59.481036 26.000000 75.481036
sb93 81.362919 218.581563 146.362919 253.581563
sb94 152.853129 17.520851 193.853129 76.520851
sb95 71.077289 219.093451 122.077289 238.093451
sb96 114.250377 121.242295 154.250377 187.242295
sb97 163.580604 10.454671 180.580604 77.454671
sb98 169.327353 167.666261 191.327353 229.666261
sb99 219.000000 200.816783 268.000000 266.816783

[Iter 1200]
sb0 153.140817 62.143273 196.140817 95.143273
sb1 143.817359 0.000000 208.817359 37.000000
sb2 59.313838 181.098541 112.313838 215.098541
sb3 16.802369 125.704284 53.802369 192.704284
sb4 0.000000 132.603892 29.000000 151.603892
sb5 100.528921 82.103493 139.528921 131.103493
sb6 228.000000 196.426426 268.000000 214.426426
sb7 175.068095 105.930784 197.068095 145.930784
sb8 99.588082 203.792318 149.588082 265.792318
sb9 205.011766 109.504186 221.011766 150.504186
sb10 94.253324 53.259918 112.253324 105.259918
sb11 51.467905 129.326766 90.467905 188.326766
sb12 99.026238 64.822421 160.026238 92.822421
sb13 188.903908 137.150178 236.903908 194.150178
sb14 183.841188 29.288840 246.841188 72.288840
sb15 209.000000 142.371677 268.000000 194.371677
sb16 165.847334 96.695910 201.847334 153.695910
sb17 134.107008 198.673845 178.107008 264.673845
sb18 49.751889 5.908203 97.751889 56.908203
sb19 123.201816 158.765744 154.201816 208.765744
sb20 129.631393 178.102358 166.631393 197.102358
sb21 48.080280 161.367869 112.080280 211.367869
sb22 75.143305 139.906473 124.143305 173.906473
sb23 223.518192 141.482824 243.518192 190.482824
sb24 150.260084 160.736100 195.260084 188.736100
sb25 212.247408 101.086906 266.247408 140.086906
sb26 109.793387 15.311050 164.793387 55.311050
sb27 243.000000 94.690564 268.000000 159.690564
sb28 186.206234 222.000000 225.206234 268.000000
sb29 136.851591 96.018716 160.851591 158.018716
sb30 134.478112 69.919089 158.478112 95.919089
sb31 92.850314 111.669847 118.850314 145.669847
sb32 151.923556 194.807540 194.923556 247.807540
sb33 197.145506 93.370606 219.145506 128.370606
sb34 65.297917 60.425670 92.297917 114.425670
sb35 52.712434 205.269405 83.712434 243.269405
sb36 111.472013 17.727895 150.472013 84.727895
sb37 163.853688 99.691166 183.853688 159.691166
sb38 198.360553 138.935276 221.360553 195.935276
sb39 56.113104 76.096678 108.113104 131.096678
sb40 36.878031 135.836790 62.878031 164.836790
sb41 103.235447 153.625559 130.235447 208.625559
sb42 1.630656 69.236199 63.630656 122.236199
sb43 0.000000 196.690085 61.000000 242.690085
sb44 146.783487 49.327239 211.783487 96.327239
sb45 240.155100 141.291076 263.155100 185.291076
sb46 30.585043 175.708013 69.585043 197.708013
sb47 152.453869 77.040887 217.453869 110.040887
sb48 0.000000 16.646398 57.000000 43.646398
sb49 216.699180 57.358491 263.699180 122.358491
sb50 143.253372 144.684421 210.253372 176.684421
sb51 127.614531 210.715793 165.614531 267.715793
sb52 137.639975 150.286369 191.639975 195.286369
sb53 59.177652 43.838229 102.177652 64.838229
sb54 171.921263 170.585255 189.921263 231.585255
sb55 108.391480 53.039542 142.391480 109.039542
sb56 0.000000 88.754765 17.000000 151.754765
sb57 69.671042 125.473840 87.671042 172.473840
sb58 62.804237 219.462549 108.804237 253.462549
sb59 76.360410 231.000000 126.360410 268.000000
sb60 154.488900 245.000000 194.488900 268.000000
sb61 144.758489 96.358012 177.758489 119.358012
sb62 188.202331 28.625777 248.202331 47.625777
sb63 184.697182 175.689303 220.697182 220.689303
sb64 97.604950 95.236316 147.604950 142.236316
sb65 0.000000 147.159100 57.000000 203.159100
sb66 90.917505 4.931901 157.917505 65.931901
sb67 135.398680 86.550198 179.398680 126.550198
sb68 192.127675 40.268898 244.127675 103.268898
sb69 0.000000 39.537449 54.000000 66.537449
sb70 105.160237 102.483770 147.160237 144.483770
sb71 111.821022 196.697754 175.821022 218.697754
sb72 57.712020 157.775695 118.712020 218.775695
sb73 202.377966 0.000000 263.377966 67.000000
sb74 22.375775 107.631991 60.375775 149.631991
sb75 165.673939 34.439055 184.673939 62.439055
sb76 159.356553 119.345351 181.356553 152.345351
sb77 185.832421 210.483392 251.832421 267.483392
sb78 194.839219 185.559471 230.839219 217.559471
sb79 0.000000 83.315798 60.000000 124.315798
sb80 199.369831 98.919122 215.369831 156.919122
sb81 102.642676 153.923143 142.642676 203.923143
sb82 57.761139 102.648032 104.761139 159.648032
sb83 94.181828 151.048734 116.181828 167.048734
sb84 176.653124 121.367513 243.653124 143.367513
sb85 189.294235 80.086858 209.294235 105.086858
sb86 128.670997 122.720165 184.670997 159.720165
sb87 54.540420 104.969806 93.540420 148.969806
sb88 0.002040 59.851374 37.002040 83.851374
sb89 57.246765 56.773625 95.246765 83.773625
sb90 155.932261 235.000000 194.932261 268.000000
sb91 56.019477 60.886601 112.019477 93.886601
sb92 0.000000 63.106347 26.000000 79.106347
sb93 79.297870 216.338881 144.297870 251.338881
sb94 155.022240 18.664087 196.022240 77.664087
sb95 68.004208 218.505780 119.004208 237.505780
sb96 114.811870 122.720394 154.811870 188.720394
sb97 162.399327 8.360058 179.399327 75.360058
sb98 169.952485 167.088174 191.952485 229.088174
sb99 219.000000 200.270626 268.000000 266.270626

[Iter 1250]
sb0 152.439786 63.337757 195.439786 96.337757
sb1 144.457374 0.000000 209.457374 37.000000
sb2 75.665633 178.364758 128.665633 212.364758
sb3 16.231742 128.539915 53.231742 195.539915
sb4 0.000000 139.345342 29.000000 158.345342
sb5 100.017537 83.272436 139.017537 132.272436
sb6 228.000000 194.405406 268.000000 212.405406
sb7 176.942730 107.789607 198.942730 147.789607
sb8 98.982849 203.689400 148.982849 265.689400
sb9 205.604362 113.276012 221.604362 154.276012
sb10 93.217922 55.536108 111.217922 107.536108
sb11 54.640624 152.112088 93.640624 211.112088
sb12 92.994583 74.322538 153.994583 102.322538
sb13 193.952839 140.402884 241.952839 197.402884
sb14 184.283076 28.097652 247.283076 71.097652
sb15 209.000000 141.691436 268.000000 193.691436
sb16 166.566279 102.550703 202.566279 159.550703
sb17 131.109373 199.290304 175.109373 265.290304
sb18 49.251655 11.639467 97.251655 62.639467
sb19 125.881513 158.124846 156.881513 208.124846
sb20 131.385859 177.542533 168.385859 196.542533
sb21 49.513982 162.060148 113.513982 212.060148
sb22 62.410220 130.277655 111.410220 164.277655
sb23 227.579962 149.719288 247.579962 198.719288
sb24 154.747308 161.588724 199.747308 189.588724
sb25 214.000000 103.270770 268.000000 142.270770
sb26 111.735084 18.043274 166.735084 58.043274
sb27 243.000000 90.792188 268.000000 155.792188
sb28 186.161527 222.000000 225.161527 268.000000
sb29 140.636449 79.753745 164.636449 141.753745
sb30 134.232664 73.735003 158.232664 99.735003
sb31 90.765201 111.503908 116.765201 145.503908
sb32 148.773371 198.335385 191.773371 251.335385
sb33 190.845133 92.764008 212.845133 127.764008
sb34 64.371348 60.046760 91.371348 114.046760
sb35 53.578077 204.526954 84.578077 242.526954
sb36 107.127216 15.645080 146.127216 82.645080
sb37 161.641654 96.582120 181.641654 156.582120
sb38 201.180488 140.907722 224.180488 197.907722
sb39 60.942771 83.037459 112.942771 138.037459
sb40 36.628228 137.410488 62.628228 166.410488
sb41 105.016429 156.844920 132.016429 211.844920
sb42 0.000000 77.092239 62.000000 130.092239
sb43 0.000000 205.593157 61.000000 251.593157
sb44 145.151467 46.721109 210.151467 93.721109
sb45 240.429369 140.032390 263.429369 184.032390
sb46 30.999234 175.796677 69.999234 197.796677
sb47 158.602339 77.704145 223.602339 110.704145
sb48 0.000000 18.137891 57.000000 45.137891
sb49 212.322313 58.350482 259.322313 123.350482
sb50 144.051409 144.548042 211.051409 176.548042
sb51 128.628007 211.000000 166.628007 268.000000
sb52 144.751828 158.884020 198.751828 203.884020
sb53 61.021020 41.375793 104.021020 62.375793
sb54 173.557736 168.714237 191.557736 229.714237
sb55 109.420592 54.638628 143.420592 110.638628
sb56 0.000000 89.755286 17.000000 152.755286
sb57 69.828154 125.609814 87.828154 172.609814
sb58 62.768359 218.124324 108.768359 252.124324
sb59 78.397404 231.000000 128.397404 268.000000
sb60 156.506787 245.000000 196.506787 268.000000
sb61 150.603370 95.793901 183.603370 118.793901
sb62 186.953562 28.797224 246.953562 47.797224
sb63 185.544125 175.524227 221.544125 220.524227
sb64 103.631526 108.681754 153.631526 155.681754
sb65 0.000000 151.400391 57.000000 207.400391
sb66 87.431422 8.821355 154.431422 69.821355
sb67 133.425290 83.667152 177.425290 123.667152
sb68 192.527314 40.434318 244.527314 103.434318
sb69 0.000000 44.964942 54.000000 71.964942
sb70 105.897701 103.543591 147.897701 145.543591
sb71 113.967430 195.913626 177.967430 217.913626
sb72 58.690109 155.297379 119.690109 216.297379
sb73 203.000017 0.000000 264.000017 67.000000
sb74 22.236814 120.184304 60.236814 162.184304
sb75 164.251229 34.479729 183.251229 62.479729
sb76 163.926526 122.374418 185.926526 155.374418
sb77 186.861704 211.000000 252.861704 268.000000
sb78 194.251096 185.848379 230.251096 217.848379
sb79 0.000000 84.378953 60.000000 125.378953
sb80 203.753262 101.628162 219.753262 159.628162
sb81 109.168912 153.342673 149.168912 203.342673
sb82 57.925583 100.570183 104.925583 157.570183
sb83 97.802102 148.084074 119.802102 164.084074
sb84 176.068326 119.111245 243.068326 141.111245
sb85 188.269816 79.140463 208.269816 104.140463
sb86 128.385333 121.341458 184.385333 158.341458
sb87 50.450214 105.226401 89.450214 149.226401
sb88 0.000000 60.782075 37.000000 84.782075
sb89 53.156654 60.477151 91.156654 87.477151
sb90 156.196048 235.000000 195.196048 268.000000
sb91 56.616402 59.556770 112.616402 92.556770
sb92 0.000000 60.099146 26.000000 76.099146
sb93 77.987328 217.556187 142.987328 252.556187
sb94 155.545778 17.513946 196.545778 76.513946
sb95 68.269906 218.078526 119.269906 237.078526
sb96 114.460966 122.390985 154.460966 188.390985
sb97 163.358751 9.117244 180.358751 76.117244
sb98 168.836420 171.440667 190.836420 233.440667
sb99 219.000000 200.729137 268.000000 266.729137

[Iter 1300]
sb0 151.804809 62.872515 194.804809 95.872515
sb1 143.667853 0.000000 208.667853 37.000000
sb2 58.737259 184.179431 111.737259 218.179431
sb3 17.365430 123.248421 54.365430 190.248421
sb4 0.000000 171.335721 29.000000 190.335721
sb5 102.358004 82.583143 141.358004 131.583143
sb6 228.000000 195.030230 268.000000 213.030230
sb7 174.947144 107.446913 196.947144 147.446913
sb8 101.844775 204.337098 151.844775 266.337098
sb9 205.122779 107.173894 221.122779 148.173894
sb10 91.189097 56.056785 109.189097 108.056785
sb11 62.968034 133.681777 101.968034 192.681777
sb12 98.133523 69.487990 159.133523 97.487990
sb13 189.505692 135.531972 237.505692 192.531972
sb14 185.132178 29.685153 248.132178 72.685153
sb15 209.000000 142.622664 268.000000 194.622664
sb16 165.931176 104.567342 201.931176 161.567342
sb17 132.587086 197.550102 176.587086 263.550102
sb18 51.120041 1.529840 99.120041 52.529840
sb19 125.141018 155.782001 156.141018 205.782001
sb20 127.575809 175.839842 164.575809 194.839842
sb21 47.752340 162.630427 111.752340 212.630427
sb22 68.910318 114.704909 117.910318 148.704909
sb23 227.585370 143.730393 247.585370 192.730393
sb24 150.063850 162.166929 195.063850 190.166929
sb25 214.000000 102.783471 268.000000 141.783471
sb26 111.890872 17.271073 166.890872 57.271073
sb27 243.000000 91.904253 268.000000 156.904253
sb28 186.241496 222.000000 225.241496 268.000000
sb29 126.548408 76.456099 150.548408 138.456099
sb30 134.378510 71.194947 158.378510 97.194947
sb31 90.246357 116.538291 116.246357 150.538291
sb32 150.904383 194.963503 193.904383 247.963503
sb33 188.073889 95.950617 210.073889 130.950617
sb34 62.160665 58.772096 89.160665 112.772096
sb35 51.790403 205.983784 82.790403 243.983784
sb36 108.932043 13.769570 147.932043 80.769570
sb37 156.926328 100.920059 176.926328 160.920059
sb38 202.371045 138.805583 225.371045 195.805583
sb39 60.502195 68.923504 112.502195 123.923504
sb40 37.027632 135.289312 63.027632 164.289312
sb41 104.527712 157.683531 131.527712 212.683531
sb42 0.000000 70.585770 62.000000 123.585770
sb43 0.000000 198.482244 61.000000 244.482244
sb44 144.354910 48.019343 209.354910 95.019343
sb45 243.618220 142.745202 266.618220 186.745202
sb46 23.559521 174.266431 62.559521 196.266431
sb47 154.755311 79.041584 219.755311 112.041584
sb48 0.000000 14.643451 57.000000 41.643451
sb49 212.625449 60.169367 259.625449 125.169367
sb50 145.836654 148.615029 212.836654 180.615029
sb51 125.907339 210.084211 163.907339 267.084211
sb52 139.417519 158.052169 193.417519 203.052169
sb53 60.974051 40.713344 103.974051 61.713344
sb54 170.108417 172.221823 188.108417 233.221823
sb55 107.131977 53.140308 141.131977 109.140308
sb56 0.000000 92.387728 17.000000 155.387728
sb57 66.107642 126.001422 84.107642 173.001422
sb58 63.001637 221.543481 109.001637 255.543481
sb59 74.566560 231.000000 124.566560 268.000000
sb60 154.387787 245.000000 194.387787 268.000000
sb61 152.965199 93.585428 185.965199 116.585428
sb62 188.258407 30.954616 248.258407 49.954616
sb63 183.716939 177.512310 219.716939 222.512310
sb64 107.463908 110.305969 157.463908 157.305969
sb65 0.000000 140.585532 57.000000 196.585532
sb66 89.945045 2.005753 156.945045 63.005753
sb67 134.906351 84.479911 178.906351 124.479911
sb68 193.507340 42.702504 245.507340 105.702504
sb69 0.000000 42.659010 54.000000 69.659010
sb70 105.069401 101.098390 147.069401 143.098390
sb71 109.284327 194.911098 173.284327 216.911098
sb72 51.377818 157.247201 112.377818 218.247201
sb73 203.574427 0.000000 264.574427 67.000000
sb74 23.794346 113.755735 61.794346 155.755735
sb75 162.969277 33.761699 181.969277 61.761699
sb76 161.953846 122.585084 183.953846 155.585084
sb77 186.674729 211.000000 252.674729 268.000000
sb78 196.896866 185.346381 232.896866 217.346381
sb79 0.000000 81.740450 60.000000 122.740450
sb80 201.264232 100.614933 217.264232 158.614933
sb81 98.497164 159.024044 138.497164 209.024044
sb82 54.966924 98.278459 101.966924 155.278459
sb83 98.010355 149.172326 120.010355 165.172326
sb84 175.701723 119.549171 242.701723 141.549171
sb85 192.433871 79.900835 212.433871 104.900835
sb86 125.907451 117.154154 181.907451 154.154154
sb87 53.697757 103.638848 92.697757 147.638848
sb88 0.000000 58.805104 37.000000 82.805104
sb89 49.212099 51.032175 87.212099 78.032175
sb90 154.813856 235.000000 193.813856 268.000000
sb91 56.587128 60.634809 112.587128 93.634809
sb92 0.000000 62.301370 26.000000 78.301370
sb93 78.356146 217.667989 143.356146 252.667989
sb94 156.445180 19.940049 197.445180 78.940049
sb95 68.725901 217.957314 119.725901 236.957314
sb96 109.144365 122.988996 149.144365 188.988996
sb97 163.856878 9.244358 180.856878 76.244358
sb98 171.604096 168.677425 193.604096 230.677425
sb99 219.000000 201.526564 268.000000 267.526564

[Iter 1350]
sb0 152.184410 59.364349 195.184410 92.364349
sb1 144.928432 0.000000 209.928432 37.000000
sb2 54.415505 181.141834 107.415505 215.141834
sb3 17.787162 125.448797 54.787162 192.448797
sb4 0.000000 171.201901 29.000000 190.201901
sb5 102.453627 84.498793 141.453627 133.498793
sb6 227.936294 196.228793 267.936294 214.228793
sb7 179.812455 102.872586 201.812455 142.872586
sb8 99.110952 204.227988 149.110952 266.227988
sb9 209.179691 106.569901 225.179691 147.569901
sb10 90.666716 52.801351 108.666716 104.801351
sb11 56.019018 124.209993 95.019018 183.209993
sb12 100.231622 71.365035 161.231622 99.365035
sb13 195.051760 136.071272 243.051760 193.071272
sb14 187.453339 24.431350 250.453339 67.431350
sb15 208.587615 143.010620 267.587615 195.010620
sb16 165.858713 97.010917 201.858713 154.010917
sb17 131.811601 197.944301 175.811601 263.944301
sb18 50.810611 7.776806 98.810611 58.776806
sb19 125.848902 157.888749 156.848902 207.888749
sb20 129.977097 175.301188 166.977097 194.301188
sb21 49.006717 161.077510 113.006717 211.077510
sb22 87.710066 136.351653 136.710066 170.351653
sb23 225.792809 141.245519 245.792809 190.245519
sb24 154.537229 160.356650 199.537229 188.356650
sb25 214.000000 101.125688 268.000000 140.125688
sb26 111.940706 14.200264 166.940706 54.200264
sb27 243.000000 96.468102 268.000000 161.468102
sb28 186.176808 222.000000 225.176808 268.000000
sb29 143.463532 99.688305 167.463532 161.688305
sb30 134.279610 65.656701 158.279610 91.656701
sb31 94.599293 112.610225 120.599293 146.610225
sb32 153.644597 196.724986 196.644597 249.724986
sb33 189.917360 94.993887 211.917360 129.993887
sb34 62.283317 58.863828 89.283317 112.863828
sb35 48.672423 205.001850 79.672423 243.001850
sb36 109.479783 15.122378 148.479783 82.122378
sb37 158.218020 101.795114 178.218020 161.795114
sb38 200.510349 138.236270 223.510349 195.236270
sb39 58.413720 77.544727 110.413720 132.544727
sb40 37.611545 132.263039 63.611545 161.263039
sb41 104.204346 152.999632 131.204346 207.999632
sb42 0.000000 70.617452 62.000000 123.617452
sb43 0.000000 199.129327 61.000000 245.129327
sb44 147.406905 45.915261 212.406905 92.915261
sb45 242.328999 142.211160 265.328999 186.211160
sb46 20.262800 173.061048 59.262800 195.061048
sb47 152.948866 75.474014 217.948866 108.474014
sb48 0.000000 16.193603 57.000000 43.193603
sb49 216.338508 58.760624 263.338508 123.760624
sb50 147.203188 144.819372 214.203188 176.819372
sb51 125.533220 209.419957 163.533220 266.419957
sb52 143.030714 155.380150 197.030714 200.380150
sb53 62.009048 37.700412 105.009048 58.700412
sb54 170.014944 172.007485 188.014944 233.007485
sb55 106.421235 52.412948 140.421235 108.412948
sb56 0.000000 91.990975 17.000000 154.990975
sb57 68.845822 125.297689 86.845822 172.297689
sb58 61.536011 218.562839 107.536011 252.562839
sb59 74.078162 231.000000 124.078162 268.000000
sb60 153.890668 245.000000 193.890668 268.000000
sb61 148.682652 92.170748 181.682652 115.170748
sb62 189.295150 26.683122 249.295150 45.683122
sb63 182.963604 177.300669 218.963604 222.300669
sb64 99.109156 95.763978 149.109156 142.763978
sb65 0.000000 142.463646 57.000000 198.463646
sb66 88.950363 4.847886 155.950363 65.847886
sb67 137.499946 83.326498 181.499946 123.326498
sb68 193.234033 39.564356 245.234033 102.564356
sb69 0.919390 44.262148 54.919390 71.262148
sb70 111.050229 99.149308 153.050229 141.149308
sb71 107.427086 195.049654 171.427086 217.049654
sb72 50.614937 156.867350 111.614937 217.867350
sb73 204.879529 0.000000 265.879529 67.000000
sb74 21.317763 116.614412 59.317763 158.614412
sb75 160.802884 34.330590 179.802884 62.330590
sb76 164.949651 117.167726 186.949651 150.167726
sb77 186.635808 211.000000 252.635808 268.000000
sb78 195.656041 184.921517 231.656041 216.921517
sb79 0.000000 84.219090 60.000000 125.219090
sb80 201.023233 96.849879 217.023233 154.849879
sb81 107.574224 161.889229 147.574224 211.889229
sb82 59.602668 98.138920 106.602668 155.138920
sb83 95.550017 146.381013 117.550017 162.381013
sb84 175.383388 120.232930 242.383388 142.232930
sb85 195.022510 78.615093 215.022510 103.615093
sb86 128.320388 124.034649 184.320388 161.034649
sb87 56.871584 104.227368 95.871584 148.227368
sb88 0.000000 60.410478 37.000000 84.410478
sb89 59.549533 55.187759 97.549533 82.187759
sb90 155.054708 235.000000 194.054708 268.000000
sb91 57.533209 62.285548 113.533209 95.285548
sb92 0.000000 59.474608 26.000000 75.474608
sb93 76.908856 215.570843 141.908856 250.570843
sb94 158.855119 13.051840 199.855119 72.051840
sb95 69.029668 217.115024 120.029668 236.115024
sb96 105.706577 125.822083 145.706577 191.822083
sb97 165.110978 5.296993 182.110978 72.296993
sb98 170.909115 171.563281 192.909115 233.563281
sb99 219.000000 201.294615 268.000000 267.294615

[Iter 1400]
sb0 153.534630 63.348489 196.534630 96.348489
sb1 143.137288 0.000000 208.137288 37.000000
sb2 55.662929 181.770836 108.662929 215.770836
sb3 16.796989 125.985672 53.796989 192.985672
sb4 0.000000 173.361271 29.000000 192.361271
sb5 100.226682 82.129462 139.226682 131.129462
sb6 227.983158 195.109464 267.983158 213.109464
sb7 179.570007 106.642598 201.570007 146.642598
sb8 99.713177 204.580471 149.713177 266.580471
sb9 209.843698 106.509181 225.843698 147.509181
sb10 91.513882 55.670631 109.513882 107.670631
sb11 55.277133 123.395583 94.277133 182.395583
sb12 99.606038 67.821537 160.606038 95.821537
sb13 195.006530 137.335034 243.006530 194.335034
sb14 188.424053 27.973073 251.424053 70.973073
sb15 206.245653 143.901230 265.245653 195.901230
sb16 166.081493 102.665918 202.081493 159.665918
sb17 131.563378 201.227800 175.563378 267.227800
sb18 50.332254 4.890567 98.332254 55.890567
sb19 126.315347 157.248924 157.315347 207.248924
sb20 129.606355 176.963237 166.606355 195.963237
sb21 48.971421 162.740105 112.971421 212.740105
sb22 84.038446 134.556470 133.038446 168.556470
sb23 226.333863 142.228431 246.333863 191.228431
sb24 155.439197 162.145393 200.439197 190.145393
sb25 214.000000 102.224316 268.000000 141.224316
sb26 112.576864 17.332520 167.576864 57.332520
sb27 243.000000 98.112811 268.000000 163.112811
sb28 186.475950 222.000000 225.475950 268.000000
sb29 142.077188 100.115466 166.077188 162.115466
sb30 134.374076 69.404845 158.374076 95.404845
sb31 90.511582 117.527022 116.511582 151.527022
sb32 151.489800 196.752869 194.489800 249.752869
sb33 192.910146 95.102165 214.910146 130.102165
sb34 63.120825 59.030211 90.120825 113.030211
sb35 48.891103 205.586793 79.891103 243.586793
sb36 109.029460 15.215760 148.029460 82.215760
sb37 163.240127 100.500874 183.240127 160.500874
sb38 202.106474 138.665853 225.106474 195.665853
sb39 59.795518 74.932766 111.795518 129.932766
sb40 35.879043 132.600458 61.879043 161.600458
sb41 106.867665 156.879707 133.867665 211.879707
sb42 0.000000 71.596480 62.000000 124.596480
sb43 0.000000 201.455921 61.000000 247.455921
sb44 144.249469 48.449961 209.249469 95.449961
sb45 243.431768 143.433224 266.431768 187.433224
sb46 23.496750 174.097977 62.496750 196.097977
sb47 152.365411 78.755191 217.365411 111.755191
sb48 0.000000 17.264229 57.000000 44.264229
sb49 216.561841 57.487024 263.561841 122.487024
sb50 142.742874 145.314130 209.742874 177.314130
sb51 124.693768 211.000000 162.693768 268.000000
sb52 141.388713 157.361966 195.388713 202.361966
sb53 61.278834 40.371060 104.278834 61.371060
sb54 169.979726 171.930832 187.979726 232.930832
sb55 107.978207 54.468784 141.978207 110.468784
sb56 0.000000 95.479470 17.000000 158.479470
sb57 65.746388 126.724570 83.746388 173.724570
sb58 60.127995 218.119768 106.127995 252.119768
sb59 73.090675 231.000000 123.090675 268.000000
sb60 155.412881 245.000000 195.412881 268.000000
sb61 149.119979 94.439112 182.119979 117.439112
sb62 189.382120 27.191230 249.382120 46.191230
sb63 182.954991 177.080234 218.954991 222.080234
sb64 99.130295 95.391052 149.130295 142.391052
sb65 0.000000 143.221097 57.000000 199.221097
sb66 89.653538 2.058616 156.653538 63.058616
sb67 135.757132 85.663272 179.757132 125.663272
sb68 194.357266 40.128246 246.357266 103.128246
sb69 0.000000 44.190379 54.000000 71.190379
sb70 106.088514 100.800320 148.088514 142.800320
sb71 108.556648 194.872623 172.556648 216.872623
sb72 52.914378 156.149437 113.914378 217.149437
sb73 202.112754 0.000000 263.112754 67.000000
sb74 22.654146 116.369507 60.654146 158.369507
sb75 163.372576 31.758728 182.372576 59.758728
sb76 163.922520 119.265393 185.922520 152.265393
sb77 187.161990 211.000000 253.161990 268.000000
sb78 195.819455 185.549895 231.819455 217.549895
sb79 0.000000 83.184428 60.000000 124.184428
sb80 199.407037 96.582451 215.407037 154.582451
sb81 107.540240 162.474993 147.540240 212.474993
sb82 58.186948 100.565599 105.186948 157.565599
sb83 94.497840 151.843277 116.497840 167.843277
sb84 177.112161 120.084087 244.112161 142.084087
sb85 194.930250 77.350949 214.930250 102.350949
sb86 125.170807 122.091964 181.170807 159.091964
sb87 54.555727 104.496051 93.555727 148.496051
sb88 0.000000 59.439814 37.000000 83.439814
sb89 55.423339 53.162333 93.423339 80.162333
sb90 154.961870 235.000000 193.961870 268.000000
sb91 54.700529 61.816441 110.700529 94.816441
sb92 0.000000 62.888368 26.000000 78.888368
sb93 76.599025 217.007776 141.599025 252.007776
sb94 159.042059 17.090420 200.042059 76.090420
sb95 66.075150 218.439722 117.075150 237.439722
sb96 107.473496 123.834309 147.473496 189.834309
sb97 165.750470 9.049208 182.750470 76.049208
sb98 169.966798 171.208735 191.966798 233.208735
sb99 219.000000 201.503276 268.000000 267.503276

[Iter 1450]
sb0 152.019642 62.997848 195.019642 95.997848
sb1 144.314130 0.000000 209.314130 37.000000
sb2 55.690724 179.838848 108.690724 213.838848
sb3 16.641599 124.677352 53.641599 191.677352
sb4 0.000000 172.482829 29.000000 191.482829
sb5 98.712029 74.080301 137.712029 123.080301
sb6 227.866610 194.504986 267.866610 212.504986
sb7 181.092403 103.119683 203.092403 143.119683
sb8 98.569667 205.266133 148.569667 267.266133
sb9 209.825456 104.825321 225.825456 145.825321
sb10 90.556429 52.628842 108.556429 104.628842
sb11 55.617412 121.795183 94.617412 180.795183
sb12 99.716418 64.624467 160.716418 92.624467
sb13 195.007992 136.321953 243.007992 193.321953
sb14 192.089967 25.533912 255.089967 68.533912
sb15 208.744642 142.826618 267.744642 194.826618
sb16 165.122606 101.207542 201.122606 158.207542
sb17 130.138923 201.006998 174.138923 267.006998
sb18 50.952388 2.728130 98.952388 53.728130
sb19 127.837348 158.427475 158.837348 208.427475
sb20 126.032111 176.955855 163.032111 195.955855
sb21 48.772315 160.996182 112.772315 210.996182
sb22 84.487322 134.092134 133.487322 168.092134
sb23 226.355628 137.987349 246.355628 186.987349
sb24 156.626780 164.326269 201.626780 192.326269
sb25 214.000000 99.257269 268.000000 138.257269
sb26 112.999164 15.190366 167.999164 55.190366
sb27 243.000000 96.687605 268.000000 161.687605
sb28 185.310205 222.000000 224.310205 268.000000
sb29 143.348917 98.912385 167.348917 160.912385
sb30 134.081401 64.947142 158.081401 90.947142
sb31 91.503778 114.203444 117.503778 148.203444
sb32 153.624720 197.108515 196.624720 250.108515
sb33 192.949222 93.645912 214.949222 128.645912
sb34 60.971134 55.383465 87.971134 109.383465
sb35 45.367734 205.347877 76.367734 243.347877
sb36 109.822743 12.055202 148.822743 79.055202
sb37 165.164390 94.593362 185.164390 154.593362
sb38 202.103595 138.269661 225.103595 195.269661
sb39 61.333969 73.416909 113.333969 128.416909
sb40 36.442856 131.126756 62.442856 160.126756
sb41 104.247107 152.274855 131.247107 207.274855
sb42 0.000000 70.345540 62.000000 123.345540
sb43 0.000000 199.789663 61.000000 245.789663
sb44 144.470658 48.255261 209.470658 95.255261
sb45 243.229169 142.485882 266.229169 186.485882
sb46 23.624400 172.608732 62.624400 194.608732
sb47 152.217001 74.597863 217.217001 107.597863
sb48 0.000000 14.916558 57.000000 41.916558
sb49 218.626575 56.967130 265.626575 121.967130
sb50 145.149935 146.159280 212.149935 178.159280
sb51 122.119244 211.000000 160.119244 268.000000
sb52 142.030373 155.590297 196.030373 200.590297
sb53 61.444339 36.842295 104.444339 57.842295
sb54 168.304173 171.077907 186.304173 232.077907
sb55 106.078289 52.520359 140.078289 108.520359
sb56 0.000000 93.766707 17.000000 156.766707
sb57 63.498332 124.480522 81.498332 171.480522
sb58 59.453327 218.354173 105.453327 252.354173
sb59 70.550079 231.000000 120.550079 268.000000
sb60 155.783042 245.000000 195.783042 268.000000
sb61 147.200537 94.307634 180.200537 117.307634
sb62 188.739314 23.535226 248.739314 42.535226
sb63 182.932970 177.042652 218.932970 222.042652
sb64 100.030533 95.058407 150.030533 142.058407
sb65 0.000000 142.291846 57.000000 198.291846
sb66 91.269103 0.000000 158.269103 61.000000
sb67 132.408770 87.443551 176.408770 127.443551
sb68 193.099254 37.576712 245.099254 100.576712
sb69 0.000000 42.955884 54.000000 69.955884
sb70 111.262455 99.684897 153.262455 141.684897
sb71 108.206066 194.491010 172.206066 216.491010
sb72 53.572184 155.691500 114.572184 216.691500
sb73 202.657884 0.000000 263.657884 67.000000
sb74 22.232281 114.596653 60.232281 156.596653
sb75 166.431359 30.582364 185.431359 58.582364
sb76 166.517782 118.424815 188.517782 151.424815
sb77 186.772396 211.000000 252.772396 268.000000
sb78 200.575741 184.937384 236.575741 216.937384
sb79 0.000000 82.881263 60.000000 123.881263
sb80 200.326869 95.977917 216.326869 153.977917
sb81 107.529681 161.513944 147.529681 211.513944
sb82 60.353950 101.296985 107.353950 158.296985
sb83 88.400385 146.914747 110.400385 162.914747
sb84 177.232084 118.880476 244.232084 140.880476
sb85 199.339172 75.797474 219.339172 100.797474
sb86 125.921724 125.147162 181.921724 162.147162
sb87 56.966748 101.966163 95.966748 145.966163
sb88 0.000000 58.908270 37.000000 82.908270
sb89 54.763843 50.980457 92.763843 77.980457
sb90 153.523780 235.000000 192.523780 268.000000
sb91 52.049975 56.724869 108.049975 89.724869
sb92 0.000000 61.609280 26.000000 77.609280
sb93 74.354599 214.370750 139.354599 249.370750
sb94 160.926008 14.219492 201.926008 73.219492
sb95 62.812556 217.816606 113.812556 236.816606
sb96 110.178298 121.062834 150.178298 187.062834
sb97 166.089937 6.634825 183.089937 73.634825
sb98 172.184553 172.368520 194.184553 234.368520
sb99 219.000000 201.641457 268.000000 267.641457

[Iter 1500]
sb0 152.478277 60.418602 195.478277 93.418602
sb1 145.012636 0.000000 210.012636 37.000000
sb2 55.818801 180.313003 108.818801 214.313003
sb3 16.476230 124.684184 53.476230 191.684184
sb4 0.000000 176.056781 29.000000 195.056781
sb5 100.331883 80.125020 139.331883 129.125020
sb6 227.944779 194.797150 267.944779 212.797150
sb7 183.354883 101.778698 205.354883 141.778698
sb8 100.565274 204.150557 150.565274 266.150557
sb9 210.013626 107.311434 226.013626 148.311434
sb10 90.182107 51.658851 108.182107 103.658851
sb11 60.843018 125.524134 99.843018 184.524134
sb12 100.971864 64.102032 161.971864 92.102032
sb13 193.244949 139.220758 241.244949 196.220758
sb14 191.776289 23.134326 254.776289 66.134326
sb15 208.705040 143.127508 267.705040 195.127508
sb16 165.572797 98.817254 201.572797 155.817254
sb17 129.242124 199.520108 173.242124 265.520108
sb18 50.690032 2.055923 98.690032 53.055923
sb19 127.543949 156.999643 158.543949 206.999643
sb20 126.988872 176.903478 163.988872 195.903478
sb21 48.810501 159.563258 112.810501 209.563258
sb22 85.212636 132.150088 134.212636 166.150088
sb23 226.463541 136.588298 246.463541 185.588298
sb24 157.773670 161.204538 202.773670 189.204538
sb25 214.000000 99.118379 268.000000 138.118379
sb26 113.180294 13.172879 168.180294 53.172879
sb27 243.000000 96.577943 268.000000 161.577943
sb28 185.423542 222.000000 224.423542 268.000000
sb29 146.564036 95.329149 170.564036 157.329149
sb30 134.828097 63.474082 158.828097 89.474082
sb31 92.374902 113.834317 118.374902 147.834317
sb32 151.631182 196.057594 194.631182 249.057594
sb33 191.041598 95.424144 213.041598 130.424144
sb34 61.429088 55.095309 88.429088 109.095309
sb35 45.273992 204.427185 76.273992 242.427185
sb36 109.925587 12.231595 148.925587 79.231595
sb37 160.529874 100.413049 180.529874 160.413049
sb38 202.762637 139.140426 225.762637 196.140426
sb39 61.832572 71.027419 113.832572 126.027419
sb40 34.805807 132.430995 60.805807 161.430995
sb41 104.485560 152.107536 131.485560 207.107536
sb42 0.000000 71.678864 62.000000 124.678864
sb43 0.000000 199.534065 61.000000 245.534065
sb44 146.574059 46.481895 211.574059 93.481895
sb45 243.267928 143.988323 266.267928 187.988323
sb46 19.417184 172.311203 58.417184 194.311203
sb47 155.663496 73.342329 220.663496 106.342329
sb48 0.000000 15.334904 57.000000 42.334904
sb49 216.655805 58.118414 263.655805 123.118414
sb50 147.133633 145.272906 214.133633 177.272906
sb51 121.590103 211.000000 159.590103 268.000000
sb52 141.214511 154.254567 195.214511 199.254567
sb53 62.194893 34.984384 105.194893 55.984384
sb54 167.881544 172.688128 185.881544 233.688128
sb55 106.426104 49.919954 140.426104 105.919954
sb56 0.000000 95.473883 17.000000 158.473883
sb57 65.186070 123.988981 83.186070 170.988981
sb58 60.165485 218.101375 106.165485 252.101375
sb59 70.205101 231.000000 120.205101 268.000000
sb60 154.350334 245.000000 194.350334 268.000000
sb61 147.263192 93.451526 180.263192 116.451526
sb62 189.173049 22.857830 249.173049 41.857830
sb63 182.540249 178.254104 218.540249 223.254104
sb64 101.162194 91.656414 151.162194 138.656414
sb65 0.000000 139.649757 57.000000 195.649757
sb66 90.886533 0.000000 157.886533 61.000000
sb67 134.794033 83.428239 178.794033 123.428239
sb68 194.169484 36.620091 246.169484 99.620091
sb69 0.000000 43.481617 54.000000 70.481617
sb70 109.016941 98.274545 151.016941 140.274545
sb71 106.850893 194.917793 170.850893 216.917793
sb72 50.805403 154.995674 111.805403 215.995674
sb73 205.084520 0.000000 266.084520 67.000000
sb74 29.383141 114.374791 67.383141 156.374791
sb75 163.806571 31.338798 182.806571 59.338798
sb76 168.284994 117.329483 190.284994 150.329483
sb77 185.540487 211.000000 251.540487 268.000000
sb78 199.447244 184.736728 235.447244 216.736728
sb79 0.000000 82.483586 60.000000 123.483586
sb80 200.034052 95.573002 216.034052 153.573002
sb81 105.833005 160.251789 145.833005 210.251789
sb82 57.990851 97.228726 104.990851 154.228726
sb83 92.226508 146.422910 114.226508 162.422910
sb84 175.688034 119.403729 242.688034 141.403729
sb85 193.404357 79.117893 213.404357 104.117893
sb86 125.856068 122.855506 181.856068 159.855506
sb87 55.440017 102.603495 94.440017 146.603495
sb88 0.000000 58.660333 37.000000 82.660333
sb89 54.027200 50.218283 92.027200 77.218283
sb90 153.335751 235.000000 192.335751 268.000000
sb91 55.341276 58.356487 111.341276 91.356487
sb92 0.000000 62.760454 26.000000 78.760454
sb93 73.483018 213.562575 138.483018 248.562575
sb94 160.696615 11.489154 201.696615 70.489154
sb95 63.863779 216.204145 114.863779 235.204145
sb96 107.572529 123.098407 147.572529 189.098407
sb97 166.510507 4.834375 183.510507 71.834375
sb98 171.711803 172.072578 193.711803 234.072578
sb99 219.000000 201.689940 268.000000 267.689940

[Iter 1550]
sb0 152.063369 60.390048 195.063369 93.390048
sb1 146.110359 0.000000 211.110359 37.000000
sb2 55.937517 179.863790 108.937517 213.863790
sb3 13.293514 125.529199 50.293514 192.529199
sb4 0.000000 176.861913 29.000000 195.861913
sb5 99.298369 73.035177 138.298369 122.035177
sb6 227.889280 194.618443 267.889280 212.618443
sb7 186.172638 99.698833 208.172638 139.698833
sb8 100.420688 204.018274 150.420688 266.018274
sb9 210.066831 108.799050 226.066831 149.799050
sb10 86.618477 51.848460 104.618477 103.848460
sb11 58.257440 122.791367 97.257440 181.791367
sb12 101.013885 65.007090 162.013885 93.007090
sb13 195.106407 140.405485 243.106407 197.405485
sb14 191.369310 21.351680 254.369310 64.351680
sb15 209.000000 142.567052 268.000000 194.567052
sb16 165.297889 101.332821 201.297889 158.332821
sb17 129.207632 201.505747 173.207632 267.505747
sb18 51.399257 2.060940 99.399257 53.060940
sb19 127.061571 158.402561 158.061571 208.402561
sb20 124.972271 176.261955 161.972271 195.261955
sb21 48.108318 160.332467 112.108318 210.332467
sb22 89.348412 132.590385 138.348412 166.590385
sb23 226.893244 135.483671 246.893244 184.483671
sb24 157.598348 160.847611 202.598348 188.847611
sb25 214.000000 98.694425 268.000000 137.694425
sb26 113.336685 13.522590 168.336685 53.522590
sb27 243.000000 94.821191 268.000000 159.821191
sb28 185.363509 222.000000 224.363509 268.000000
sb29 149.623802 94.995265 173.623802 156.995265
sb30 133.676171 61.686396 157.676171 87.686396
sb31 91.707777 114.609059 117.707777 148.609059
sb32 151.942246 195.799206 194.942246 248.799206
sb33 188.074537 96.394772 210.074537 131.394772
sb34 58.529026 54.848510 85.529026 108.848510
sb35 42.592232 203.568499 73.592232 241.568499
sb36 110.012927 8.470350 149.012927 75.470350
sb37 159.490702 99.619314 179.490702 159.619314
sb38 203.299304 139.174805 226.299304 196.174805
sb39 61.412071 71.593801 113.412071 126.593801
sb40 35.719051 131.060796 61.719051 160.060796
sb41 104.790228 153.121580 131.790228 208.121580
sb42 0.000000 67.572186 62.000000 120.572186
sb43 0.000000 198.768331 61.000000 244.768331
sb44 145.956930 46.357365 210.956930 93.357365
sb45 243.873459 143.754668 266.873459 187.754668
sb46 19.512222 172.091945 58.512222 194.091945
sb47 155.555445 70.048088 220.555445 103.048088
sb48 0.000000 11.029961 57.000000 38.029961
sb49 215.334243 58.224159 262.334243 123.224159
sb50 145.898810 146.432396 212.898810 178.432396
sb51 121.441187 211.000000 159.441187 268.000000
sb52 142.774891 153.478748 196.774891 198.478748
sb53 62.598181 33.788284 105.598181 54.788284
sb54 167.426333 172.896377 185.426333 233.896377
sb55 103.645872 49.771037 137.645872 105.771037
sb56 0.000000 93.440733 17.000000 156.440733
sb57 57.146027 121.186900 75.146027 168.186900
sb58 59.787694 217.781286 105.787694 251.781286
sb59 69.675223 231.000000 119.675223 268.000000
sb60 154.768572 245.000000 194.768572 268.000000
sb61 148.966167 92.430294 181.966167 115.430294
sb62 188.843531 22.630801 248.843531 41.630801
sb63 182.353026 177.543748 218.353026 222.543748
sb64 104.265141 93.288014 154.265141 140.288014
sb65 0.000000 139.896395 57.000000 195.896395
sb66 90.750457 0.000562 157.750457 61.000562
sb67 133.248837 84.733884 177.248837 124.733884
sb68 193.800054 36.539582 245.800054 99.539582
sb69 0.000000 38.632894 54.000000 65.632894
sb70 112.626335 95.407089 154.626335 137.407089
sb71 107.345144 194.115817 171.345144 216.115817
sb72 51.536370 154.918700 112.536370 215.918700
sb73 204.848110 0.000000 265.848110 67.000000
sb74 24.667325 111.981292 62.667325 153.981292
sb75 163.815485 30.659737 182.815485 58.659737
sb76 171.103937 115.375266 193.103937 148.375266
sb77 185.175111 211.000000 251.175111 268.000000
sb78 199.227318 184.718183 235.227318 216.718183
sb79 0.000000 83.291572 60.000000 124.291572
sb80 199.497466 94.389741 215.497466 152.389741
sb81 107.659080 160.168051 147.659080 210.168051
sb82 59.386980 98.355783 106.386980 155.355783
sb83 86.082852 147.900647 108.082852 163.900647
sb84 176.125326 120.261032 243.125326 142.261032
sb85 193.533344 79.496239 213.533344 104.496239
sb86 120.899196 124.911378 176.899196 161.911378
sb87 60.078039 103.580158 99.078039 147.580158
sb88 0.000000 58.866225 37.000000 82.866225
sb89 55.171152 50.297712 93.171152 77.297712
sb90 153.298058 235.000000 192.298058 268.000000
sb91 52.691212 56.005452 108.691212 89.005452
sb92 0.000000 59.629359 26.000000 75.629359
sb93 72.340451 214.513900 137.340451 249.513900
sb94 159.906132 9.859725 200.906132 68.859725
sb95 64.174669 216.411068 115.174669 235.411068
sb96 106.177335 119.911048 146.177335 185.911048
sb97 166.663378 4.314388 183.663378 71.314388
sb98 170.734929 172.284349 192.734929 234.284349
sb99 219.000000 201.682104 268.000000 267.682104

[Iter 1600]
sb0 151.196868 62.420101 194.196868 95.420101
sb1 147.661471 0.000000 212.661471 37.000000
sb2 54.614371 178.889957 107.614371 212.889957
sb3 13.586503 125.312333 50.586503 192.312333
sb4 0.000000 179.954245 29.000000 198.954245
sb5 99.823390 67.222117 138.823390 116.222117
sb6 228.000000 194.955422 268.000000 212.955422
sb7 184.590154 100.061141 206.590154 140.061141
sb8 100.659352 204.435570 150.659352 266.435570
sb9 209.413017 107.016368 225.413017 148.016368
sb10 87.259548 51.365411 105.259548 103.365411
sb11 59.696677 123.184906 98.696677 182.184906
sb12 101.281848 64.424688 162.281848 92.424688
sb13 192.487057 139.473995 240.487057 196.473995
sb14 192.300491 21.345757 255.300491 64.345757
sb15 209.000000 143.170644 268.000000 195.170644
sb16 166.770280 104.719259 202.770280 161.719259
sb17 128.312521 201.332235 172.312521 267.332235
sb18 50.616648 1.204976 98.616648 52.204976
sb19 128.618155 160.111509 159.618155 210.111509
sb20 121.923403 176.444500 158.923403 195.444500
sb21 47.899410 160.711748 111.899410 210.711748
sb22 87.742644 131.396483 136.742644 165.396483
sb23 226.932569 134.279903 246.932569 183.279903
sb24 159.458096 161.734991 204.458096 189.734991
sb25 214.000000 97.544947 268.000000 136.544947
sb26 113.223989 14.058273 168.223989 54.058273
sb27 243.000000 92.658126 268.000000 157.658126
sb28 184.331137 222.000000 223.331137 268.000000
sb29 148.185888 96.485143 172.185888 158.485143
sb30 134.324151 61.719232 158.324151 87.719232
sb31 92.397379 113.514803 118.397379 147.514803
sb32 151.600421 196.100789 194.600421 249.100789
sb33 192.274520 96.997008 214.274520 131.997008
sb34 58.254096 54.076453 85.254096 108.076453
sb35 41.364937 202.782926 72.364937 240.782926
sb36 109.796187 5.850178 148.796187 72.850178
sb37 163.382059 96.669105 183.382059 156.669105
sb38 205.059605 138.871878 228.059605 195.871878
sb39 60.115137 70.779788 112.115137 125.779788
sb40 36.748008 130.215298 62.748008 159.215298
sb41 103.055907 154.580939 130.055907 209.580939
sb42 0.000000 68.819275 62.000000 121.819275
sb43 0.000000 200.843550 61.000000 246.843550
sb44 146.343067 46.586646 211.343067 93.586646
sb45 243.490941 143.782761 266.490941 187.782761
sb46 19.634527 172.143221 58.634527 194.143221
sb47 154.979520 71.033003 219.979520 104.033003
sb48 0.000000 12.086517 57.000000 39.086517
sb49 211.844427 58.650381 258.844427 123.650381
sb50 144.396356 148.126389 211.396356 180.126389
sb51 119.195576 211.000000 157.195576 268.000000
sb52 140.433168 153.515948 194.433168 198.515948
sb53 62.118648 33.847765 105.118648 54.847765
sb54 166.345082 172.915465 184.345082 233.915465
sb55 103.596822 51.039848 137.596822 107.039848
sb56 0.000000 95.989048 17.000000 158.989048
sb57 56.621687 119.773175 74.621687 166.773175
sb58 59.806542 218.304394 105.806542 252.304394
sb59 67.400281 231.000000 117.400281 268.000000
sb60 154.631720 245.000000 194.631720 268.000000
sb61 151.292001 95.271546 184.292001 118.271546
sb62 188.501519 22.230518 248.501519 41.230518
sb63 182.483070 178.133890 218.483070 223.133890
sb64 101.773071 91.791893 151.773071 138.791893
sb65 0.000000 140.641402 57.000000 196.641402
sb66 91.074027 0.000000 158.074027 61.000000
sb67 130.302874 86.664146 174.302874 126.664146
sb68 193.001019 36.380076 245.001019 99.380076
sb69 0.000000 40.102389 54.000000 67.102389
sb70 115.743808 95.975718 157.743808 137.975718
sb71 107.616009 194.057730 171.616009 216.057730
sb72 50.996352 155.049238 111.996352 216.049238
sb73 207.000000 0.000000 268.000000 67.000000
sb74 24.643851 113.064184 62.643851 155.064184
sb75 163.750615 30.496957 182.750615 58.496957
sb76 169.244791 115.224411 191.244791 148.224411
sb77 185.529348 211.000000 251.529348 268.000000
sb78 201.287712 184.982269 237.287712 216.982269
sb79 0.000000 83.321253 60.000000 124.321253
sb80 198.577684 92.289063 214.577684 150.289063
sb81 103.769944 160.609808 143.769944 210.609808
sb82 60.966252 99.326474 107.966252 156.326474
sb83 83.580695 146.614978 105.580695 162.614978
sb84 176.533021 121.826150 243.533021 143.826150
sb85 184.997505 83.520418 204.997505 108.520418
sb86 119.243594 126.500715 175.243594 163.500715
sb87 61.825798 101.393225 100.825798 145.393225
sb88 0.000000 58.728168 37.000000 82.728168
sb89 55.496866 49.970799 93.496866 76.970799
sb90 151.398319 235.000000 190.398319 268.000000
sb91 49.631009 59.261986 105.631009 92.261986
sb92 0.000000 62.252817 26.000000 78.252817
sb93 70.459922 214.998706 135.459922 249.998706
sb94 160.631050 9.571277 201.631050 68.571277
sb95 61.669100 216.581179 112.669100 235.581179
sb96 107.532172 119.611522 147.532172 185.611522
sb97 166.642736 4.518956 183.642736 71.518956
sb98 171.767377 173.708431 193.767377 235.708431
sb99 219.000000 202.000000 268.000000 268.000000

[Iter 1650]
sb0 150.869675 62.103502 193.869675 95.103502
sb1 148.028314 0.000000 213.028314 37.000000
sb2 55.688645 180.220702 108.688645 214.220702
sb3 12.515837 125.865677 49.515837 192.865677
sb4 0.000000 180.048870 29.000000 199.048870
sb5 99.259878 65.908635 138.259878 114.908635
sb6 228.000000 194.135519 268.000000 212.135519
sb7 185.638225 101.348851 207.638225 141.348851
sb8 101.786547 205.447675 151.786547 267.447675
sb9 209.656712 109.462627 225.656712 150.462627
sb10 86.287583 51.908617 104.287583 103.908617
sb11 58.573575 126.198366 97.573575 185.198366
sb12 102.429242 65.029479 163.429242 93.029479
sb13 192.402362 141.727980 240.402362 198.727980
sb14 191.919753 22.016292 254.919753 65.016292
sb15 209.000000 142.781327 268.000000 194.781327
sb16 165.259979 105.215272 201.259979 162.215272
sb17 126.451982 201.466636 170.451982 267.466636
sb18 51.299522 0.967408 99.299522 51.967408
sb19 127.913753 159.474011 158.913753 209.474011
sb20 123.299257 175.723031 160.299257 194.723031
sb21 47.399849 160.447083 111.399849 210.447083
sb22 82.290691 134.998827 131.290691 168.998827
sb23 226.824386 133.689322 246.824386 182.689322
sb24 157.986294 163.933078 202.986294 191.933078
sb25 214.000000 98.220201 268.000000 137.220201
sb26 112.905891 13.889514 167.905891 53.889514
sb27 243.000000 93.966252 268.000000 158.966252
sb28 184.072932 222.000000 223.072932 268.000000
sb29 148.652252 92.824166 172.652252 154.824166
sb30 133.977475 61.456947 157.977475 87.456947
sb31 91.519205 113.756175 117.519205 147.756175
sb32 152.349388 195.137236 195.349388 248.137236
sb33 192.111556 93.441867 214.111556 128.441867
sb34 57.903749 54.534695 84.903749 108.534695
sb35 36.106314 201.232775 67.106314 239.232775
sb36 110.520677 5.393986 149.520677 72.393986
sb37 161.653587 97.048578 181.653587 157.048578
sb38 204.322973 139.726270 227.322973 196.726270
sb39 61.864081 71.420535 113.864081 126.420535
sb40 36.496390 130.748518 62.496390 159.748518
sb41 103.079396 152.820465 130.079396 207.820465
sb42 0.000000 65.608009 62.000000 118.608009
sb43 0.000000 200.461921 61.000000 246.461921
sb44 146.663654 46.375407 211.663654 93.375407
sb45 244.017811 144.708964 267.017811 188.708964
sb46 19.422667 172.600168 58.422667 194.600168
sb47 158.375529 71.754883 223.375529 104.754883
sb48 0.000000 10.183757 57.000000 37.183757
sb49 214.661227 57.411697 261.661227 122.411697
sb50 146.619271 146.087184 213.619271 178.087184
sb51 118.687058 211.000000 156.687058 268.000000
sb52 141.363945 152.540685 195.363945 197.540685
sb53 62.047152 33.779030 105.047152 54.779030
sb54 166.226720 172.345922 184.226720 233.345922
sb55 103.668611 50.870232 137.668611 106.870232
sb56 0.000000 95.702288 17.000000 158.702288
sb57 55.758074 120.250943 73.758074 167.250943
sb58 60.967572 219.321074 106.967572 253.321074
sb59 67.137245 231.000000 117.137245 268.000000
sb60 153.744859 245.000000 193.744859 268.000000
sb61 151.873713 93.264539 184.873713 116.264539
sb62 188.539203 22.415803 248.539203 41.415803
sb63 182.147857 177.852509 218.147857 222.852509
sb64 102.902489 95.705228 152.902489 142.705228
sb65 0.000000 140.956887 57.000000 196.956887
sb66 91.013960 0.000000 158.013960 61.000000
sb67 128.917100 85.944983 172.917100 125.944983
sb68 193.110780 36.652074 245.110780 99.652074
sb69 0.000000 38.650144 54.000000 65.650144
sb70 114.182793 95.281798 156.182793 137.281798
sb71 107.204474 193.815200 171.204474 215.815200
sb72 50.987326 155.718841 111.987326 216.718841
sb73 207.000000 0.000000 268.000000 67.000000
sb74 23.816398 109.045897 61.816398 151.045897
sb75 163.894365 30.146999 182.894365 58.146999
sb76 169.734032 115.667781 191.734032 148.667781
sb77 184.577724 211.000000 250.577724 268.000000
sb78 201.787360 185.070592 237.787360 217.070592
sb79 0.000000 83.671099 60.000000 124.671099
sb80 198.734613 93.503305 214.734613 151.503305
sb81 104.213688 161.434761 144.213688 211.434761
sb82 61.374741 100.314841 108.374741 157.314841
sb83 82.726761 147.187933 104.726761 163.187933
sb84 176.171827 119.404542 243.171827 141.404542
sb85 185.534932 82.816987 205.534932 107.816987
sb86 118.686341 125.920460 174.686341 162.920460
sb87 60.660621 103.307910 99.660621 147.307910
sb88 0.000000 59.437796 37.000000 83.437796
sb89 56.245393 49.452095 94.245393 76.452095
sb90 151.116941 235.000000 190.116941 268.000000
sb91 48.218009 61.172191 104.218009 94.172191
sb92 0.000000 63.055167 26.000000 79.055167
sb93 68.271060 213.865431 133.271060 248.865431
sb94 160.070028 11.089778 201.070028 70.089778
sb95 60.021601 216.799309 111.021601 235.799309
sb96 107.265627 119.102660 147.265627 185.102660
sb97 166.698513 4.722753 183.698513 71.722753
sb98 170.324691 175.036758 192.324691 237.036758
sb99 219.000000 202.000000 268.000000 268.000000

[Iter 1700]
sb0 151.062819 58.950704 194.062819 91.950704
sb1 147.281416 0.000000 212.281416 37.000000
sb2 56.561630 181.002846 109.561630 215.002846
sb3 12.880193 125.245947 49.880193 192.245947
sb4 0.000000 180.689515 29.000000 199.689515
sb5 99.047024 63.256212 138.047024 112.256212
sb6 228.000000 194.690011 268.000000 212.690011
sb7 185.255245 98.541534 207.255245 138.541534
sb8 101.295740 205.124782 151.295740 267.124782
sb9 209.458087 106.356512 225.458087 147.356512
sb10 86.097283 49.222170 104.097283 101.222170
sb11 58.817186 125.427926 97.817186 184.427926
sb12 101.238926 63.933840 162.238926 91.933840
sb13 193.249841 138.944731 241.249841 195.944731
sb14 192.062381 19.195304 255.062381 62.195304
sb15 209.000000 142.672502 268.000000 194.672502
sb16 165.355874 101.666689 201.355874 158.666689
sb17 126.905992 201.119396 170.905992 267.119396
sb18 51.378248 0.681381 99.378248 51.681381
sb19 128.972296 158.498272 159.972296 208.498272
sb20 122.159894 176.189903 159.159894 195.189903
sb21 48.073319 160.751101 112.073319 210.751101
sb22 82.970994 135.412985 131.970994 169.412985
sb23 227.113091 132.704317 247.113091 181.704317
sb24 159.155887 159.564011 204.155887 187.564011
sb25 214.000000 95.871097 268.000000 134.871097
sb26 112.758620 9.857315 167.758620 49.857315
sb27 243.000000 89.782286 268.000000 154.782286
sb28 184.094106 222.000000 223.094106 268.000000
sb29 148.617470 91.068216 172.617470 153.068216
sb30 133.989507 57.354251 157.989507 83.354251
sb31 92.295977 112.523652 118.295977 146.523652
sb32 152.108276 194.600354 195.108276 247.600354
sb33 187.631228 96.950137 209.631228 131.950137
sb34 57.407044 53.828226 84.407044 107.828226
sb35 37.500624 201.895391 68.500624 239.895391
sb36 109.898010 2.455966 148.898010 69.455966
sb37 159.884943 96.000071 179.884943 156.000071
sb38 204.896972 138.631472 227.896972 195.631472
sb39 61.164976 71.753049 113.164976 126.753049
sb40 36.610833 130.298286 62.610833 159.298286
sb41 104.440717 152.209843 131.440717 207.209843
sb42 0.000000 65.677670 62.000000 118.677670
sb43 0.000000 200.896241 61.000000 246.896241
sb44 144.065982 46.349719 209.065982 93.349719
sb45 243.989551 142.968987 266.989551 186.968987
sb46 18.007721 171.948678 57.007721 193.948678
sb47 156.680184 69.002155 221.680184 102.002155
sb48 0.000000 8.180493 57.000000 35.180493
sb49 208.305081 59.118219 255.305081 124.118219
sb50 145.448481 147.673858 212.448481 179.673858
sb51 118.292252 211.000000 156.292252 268.000000
sb52 142.203507 151.227946 196.203507 196.227946
sb53 60.436080 32.446897 103.436080 53.446897
sb54 165.961041 172.808225 183.961041 233.808225
sb55 102.765175 47.234277 136.765175 103.234277
sb56 0.000000 94.200302 17.000000 157.200302
sb57 56.807744 120.316114 74.807744 167.316114
sb58 60.137562 219.195434 106.137562 253.195434
sb59 66.428363 231.000000 116.428363 268.000000
sb60 153.506248 245.000000 193.506248 268.000000
sb61 152.208743 91.611418 185.208743 114.611418
sb62 188.548046 18.750987 248.548046 37.750987
sb63 181.780149 178.050498 217.780149 223.050498
sb64 102.174214 95.452134 152.174214 142.452134
sb65 0.000000 140.571676 57.000000 196.571676
sb66 91.357159 0.000000 158.357159 61.000000
sb67 126.420256 87.345905 170.420256 127.345905
sb68 193.070920 33.785151 245.070920 96.785151
sb69 0.000000 37.238924 54.000000 64.238924
sb70 114.533313 91.083116 156.533313 133.083116
sb71 106.816574 193.471866 170.816574 215.471866
sb72 50.613907 154.938120 111.613907 215.938120
sb73 206.901934 0.000000 267.901934 67.000000
sb74 24.039274 109.753948 62.039274 151.753948
sb75 163.925062 30.010237 182.925062 58.010237
sb76 169.375889 113.867050 191.375889 146.867050
sb77 185.285553 211.000000 251.285553 268.000000
sb78 197.707220 184.563933 233.707220 216.563933
sb79 0.000000 83.018202 60.000000 124.018202
sb80 200.188589 92.234389 216.188589 150.234389
sb81 105.896826 160.783103 145.896826 210.783103
sb82 61.589431 99.648920 108.589431 156.648920
sb83 82.182893 147.268263 104.182893 163.268263
sb84 175.932117 121.710371 242.932117 143.710371
sb85 180.653014 83.952239 200.653014 108.952239
sb86 118.230046 123.533736 174.230046 160.533736
sb87 61.450711 101.634749 100.450711 145.634749
sb88 0.000000 58.610484 37.000000 82.610484
sb89 56.568771 49.200479 94.568771 76.200479
sb90 150.946717 235.000000 189.946717 268.000000
sb91 47.990295 60.681334 103.990295 93.681334
sb92 0.000000 60.197020 26.000000 76.197020
sb93 68.304037 214.547597 133.304037 249.547597
sb94 160.235137 7.468215 201.235137 66.468215
sb95 60.911414 216.267027 111.911414 235.267027
sb96 107.034831 119.133819 147.034831 185.133819
sb97 166.558098 1.173331 183.558098 68.173331
sb98 169.693845 172.518003 191.693845 234.518003
sb99 219.000000 202.000000 268.000000 268.000000

[Iter 1750]
sb0 150.916352 58.420794 193.916352 91.420794
sb1 147.518058 0.000000 212.518058 37.000000
sb2 56.059456 181.265765 109.059456 215.265765
sb3 12.926799 125.384389 49.926799 192.384389
sb4 0.000000 184.187451 29.000000 203.187451
sb5 98.928290 63.212005 137.928290 112.212005
sb6 228.000000 194.159426 268.000000 212.159426
sb7 185.686398 98.748110 207.686398 138.748110
sb8 101.880232 205.504423 151.880232 267.504423
sb9 209.658761 108.103361 225.658761 149.103361
sb10 85.948946 49.011108 103.948946 101.011108
sb11 58.275977 126.353472 97.275977 185.353472
sb12 101.299310 63.875315 162.299310 91.875315
sb13 193.161641 140.295903 241.161641 197.295903
sb14 193.106871 19.235131 256.106871 62.235131
sb15 209.000000 142.755546 268.000000 194.755546
sb16 165.226574 101.019128 201.226574 158.019128
sb17 126.181349 201.988235 170.181349 267.988235
sb18 52.019746 1.248048 100.019746 52.248048
sb19 128.865505 159.240551 159.865505 209.240551
sb20 121.703862 176.184244 158.703862 195.184244
sb21 48.401644 160.658562 112.401644 210.658562
sb22 83.252907 134.444373 132.252907 168.444373
sb23 226.529816 131.387792 246.529816 180.387792
sb24 159.909262 158.976474 204.909262 186.976474
sb25 214.000000 95.395171 268.000000 134.395171
sb26 112.807926 10.163170 167.807926 50.163170
sb27 243.000000 90.928112 268.000000 155.928112
sb28 184.145727 222.000000 223.145727 268.000000
sb29 149.256663 92.194473 173.256663 154.194473
sb30 133.874560 57.731742 157.874560 83.731742
sb31 91.647344 112.619399 117.647344 146.619399
sb32 152.862740 195.581172 195.862740 248.581172
sb33 189.016482 96.757826 211.016482 131.757826
sb34 57.638801 53.254055 84.638801 107.254055
sb35 35.783016 200.745602 66.783016 238.745602
sb36 110.095797 2.452452 149.095797 69.452452
sb37 160.748811 96.753552 180.748811 156.753552
sb38 204.857031 138.680361 227.857031 195.680361
sb39 61.367524 72.135525 113.367524 127.135525
sb40 36.740254 130.076092 62.740254 159.076092
sb41 104.707129 150.824918 131.707129 205.824918
sb42 0.000000 65.407896 62.000000 118.407896
sb43 0.000000 202.028594 61.000000 248.028594
sb44 144.760812 45.831119 209.760812 92.831119
sb45 243.593326 143.565392 266.593326 187.565392
sb46 18.624294 172.017083 57.624294 194.017083
sb47 156.638962 68.192593 221.638962 101.192593
sb48 0.000000 9.428505 57.000000 36.428505
sb49 209.279200 59.054308 256.279200 124.054308
sb50 145.540479 146.762867 212.540479 178.762867
sb51 117.784180 211.000000 155.784180 268.000000
sb52 141.755945 151.234663 195.755945 196.234663
sb53 61.085983 31.533161 104.085983 52.533161
sb54 165.435432 173.324670 183.435432 234.324670
sb55 103.167531 47.680738 137.167531 103.680738
sb56 0.000000 93.970092 17.000000 156.970092
sb57 54.227586 118.397918 72.227586 165.397918
sb58 60.385183 219.734797 106.385183 253.734797
sb59 66.117092 231.000000 116.117092 268.000000
sb60 153.392636 245.000000 193.392636 268.000000
sb61 151.520216 91.354369 184.520216 114.354369
sb62 188.562117 18.443039 248.562117 37.443039
sb63 181.883011 178.272154 217.883011 223.272154
sb64 103.070439 94.125517 153.070439 141.125517
sb65 0.000000 140.703940 57.000000 196.703940
sb66 92.115967 0.000000 159.115967 61.000000
sb67 126.121835 87.727288 170.121835 127.727288
sb68 193.080069 33.552931 245.080069 96.552931
sb69 0.000000 37.386075 54.000000 64.386075
sb70 115.212653 91.830083 157.212653 133.830083
sb71 106.991783 194.094821 170.991783 216.094821
sb72 50.640640 154.750310 111.640640 215.750310
sb73 207.000000 0.000000 268.000000 67.000000
sb74 23.485514 109.689131 61.485514 151.689131
sb75 163.001188 30.030169 182.001188 58.030169
sb76 170.594458 113.707566 192.594458 146.707566
sb77 184.586892 211.000000 250.586892 268.000000
sb78 197.495818 184.730353 233.495818 216.730353
sb79 0.000000 82.527762 60.000000 123.527762
sb80 199.943934 92.304228 215.943934 150.304228
sb81 105.635486 160.493139 145.635486 210.493139
sb82 61.731512 98.841667 108.731512 155.841667
sb83 79.505138 146.683202 101.505138 162.683202
sb84 175.976492 121.876525 242.976492 143.876525
sb85 180.405804 84.745727 200.405804 109.745727
sb86 118.577629 124.090245 174.577629 161.090245
sb87 62.112311 101.742445 101.112311 145.742445
sb88 0.000000 57.567916 37.000000 81.567916
sb89 56.035421 49.732047 94.035421 76.732047
sb90 150.892119 235.000000 189.892119 268.000000
sb91 47.961948 59.206842 103.961948 92.206842
sb92 0.000000 59.152238 26.000000 75.152238
sb93 67.455307 213.920596 132.455307 248.920596
sb94 160.854400 7.451058 201.854400 66.451058
sb95 60.221102 216.164612 111.221102 235.164612
sb96 107.497500 119.044450 147.497500 185.044450
sb97 166.849005 0.902189 183.849005 67.902189
sb98 169.160390 172.274630 191.160390 234.274630
sb99 219.000000 202.000000 268.000000 268.000000

[Iter 1800]
sb0 150.770742 57.884618 193.770742 90.884618
sb1 147.503367 0.000000 212.503367 37.000000
sb2 56.004351 180.675808 109.004351 214.675808
sb3 13.018033 124.980524 50.018033 191.980524
sb4 0.000000 184.403107 29.000000 203.403107
sb5 98.212502 63.062221 137.212502 112.062221
sb6 228.000000 195.195435 268.000000 213.195435
sb7 188.033978 97.986895 210.033978 137.986895
sb8 102.957945 205.030116 152.957945 267.030116
sb9 211.747105 106.349322 227.747105 147.349322
sb10 84.296637 48.471295 102.296637 100.471295
sb11 59.086121 125.714438 98.086121 184.714438
sb12 103.054516 63.817901 164.054516 91.817901
sb13 194.712718 139.558252 242.712718 196.558252
sb14 195.554516 18.128475 258.554516 61.128475
sb15 209.000000 143.050119 268.000000 195.050119
sb16 165.818104 100.674571 201.818104 157.674571
sb17 125.605820 201.518711 169.605820 267.518711
sb18 51.880522 0.316879 99.880522 51.316879
sb19 131.281281 159.062336 162.281281 209.062336
sb20 117.824532 176.305958 154.824532 195.305958
sb21 48.872387 160.225171 112.872387 210.225171
sb22 84.565557 133.987799 133.565557 167.987799
sb23 226.568273 131.650015 246.568273 180.650015
sb24 159.262127 159.275355 204.262127 187.275355
sb25 214.000000 95.297824 268.000000 134.297824
sb26 112.875865 9.867624 167.875865 49.867624
sb27 243.000000 89.816713 268.000000 154.816713
sb28 183.716337 222.000000 222.716337 268.000000
sb29 150.907249 91.664419 174.907249 153.664419
sb30 132.865074 57.685699 156.865074 83.685699
sb31 92.069269 113.314464 118.069269 147.314464
sb32 154.298457 194.552489 197.298457 247.552489
sb33 188.017019 97.742988 210.017019 132.742988
sb34 56.449766 52.853981 83.449766 106.853981
sb35 33.216152 199.273906 64.216152 237.273906
sb36 109.585645 1.700286 148.585645 68.700286
sb37 159.848748 97.503452 179.848748 157.503452
sb38 205.120842 138.631589 228.120842 195.631589
sb39 62.403343 70.526316 114.403343 125.526316
sb40 35.737185 130.028868 61.737185 159.028868
sb41 105.356610 150.928896 132.356610 205.928896
sb42 0.000000 64.984981 62.000000 117.984981
sb43 0.000000 202.002554 61.000000 248.002554
sb44 144.264693 46.292264 209.264693 93.292264
sb45 243.894363 142.677130 266.894363 186.677130
sb46 15.601068 171.912822 54.601068 193.912822
sb47 158.508850 67.957664 223.508850 100.957664
sb48 0.000000 7.164028 57.000000 34.164028
sb49 208.640395 59.146510 255.640395 124.146510
sb50 146.022650 148.685827 213.022650 180.685827
sb51 115.806505 211.000000 153.806505 268.000000
sb52 142.991114 150.288042 196.991114 195.288042
sb53 62.010608 29.701112 105.010608 50.701112
sb54 163.571780 175.155129 181.571780 236.155129
sb55 101.254573 46.981086 135.254573 102.981086
sb56 0.000000 94.279454 17.000000 157.279454
sb57 54.253616 117.551871 72.253616 164.551871
sb58 61.446506 218.640950 107.446506 252.640950
sb59 64.174268 231.000000 114.174268 268.000000
sb60 153.075279 245.000000 193.075279 268.000000
sb61 151.536596 90.956082 184.536596 113.956082
sb62 188.483903 17.993205 248.483903 36.993205
sb63 180.901425 179.499884 216.901425 224.499884
sb64 104.221098 93.879251 154.221098 140.879251
sb65 0.000000 140.322765 57.000000 196.322765
sb66 93.059873 0.000000 160.059873 61.000000
sb67 126.689792 86.947109 170.689792 126.947109
sb68 193.071889 33.161872 245.071889 96.161872
sb69 0.000000 35.785682 54.000000 62.785682
sb70 115.362012 90.627443 157.362012 132.627443
sb71 105.432980 193.708450 169.432980 215.708450
sb72 49.108528 154.331742 110.108528 215.331742
sb73 207.000000 0.000000 268.000000 67.000000
sb74 24.818589 109.731580 62.818589 151.731580
sb75 163.417258 29.456813 182.417258 57.456813
sb76 172.573436 113.456872 194.573436 146.456872
sb77 184.498145 211.000000 250.498145 268.000000
sb78 199.280300 184.572634 235.280300 216.572634
sb79 0.000000 82.306472 60.000000 123.306472
sb80 200.596833 91.246692 216.596833 149.246692
sb81 106.298079 160.344808 146.298079 210.344808
sb82 61.260269 98.744668 108.260269 155.744668
sb83 79.742147 147.359311 101.742147 163.359311
sb84 175.852310 123.159189 242.852310 145.159189
sb85 182.016730 83.607709 202.016730 108.607709
sb86 119.069348 124.107261 175.069348 161.107261
sb87 63.450859 102.054466 102.450859 146.054466
sb88 0.000000 57.318158 37.000000 81.318158
sb89 55.790745 48.414531 93.790745 75.414531
sb90 149.617432 235.000000 188.617432 268.000000
sb91 47.618236 58.919419 103.618236 91.919419
sb92 0.000000 59.243817 26.000000 75.243817
sb93 64.779380 213.148919 129.779380 248.148919
sb94 162.334992 6.681653 203.334992 65.681653
sb95 57.857125 215.707599 108.857125 234.707599
sb96 107.100465 117.943465 147.100465 183.943465
sb97 166.795979 0.613393 183.795979 67.613393
sb98 167.384085 174.305105 189.384085 236.305105
sb99 219.000000 202.000000 268.000000 268.000000

[Iter 1850]
sb0 150.289985 58.804104 193.289985 91.804104
sb1 147.502035 0.000000 212.502035 37.000000
sb2 55.093450 180.289611 108.093450 214.289611
sb3 11.809449 121.664049 48.809449 188.664049
sb4 0.000000 184.175465 29.000000 203.175465
sb5 97.672800 61.244730 136.672800 110.244730
sb6 228.000000 194.476596 268.000000 212.476596
sb7 188.708617 98.243096 210.708617 138.243096
sb8 102.223338 205.448860 152.223338 267.448860
sb9 211.078360 108.452643 227.078360 149.452643
sb10 84.594654 48.790999 102.594654 100.790999
sb11 60.043717 125.333537 99.043717 184.333537
sb12 103.113618 63.194222 164.113618 91.194222
sb13 193.519997 141.057533 241.519997 198.057533
sb14 195.657187 18.633291 258.657187 61.633291
sb15 209.000000 141.869595 268.000000 193.869595
sb16 166.454469 101.336860 202.454469 158.336860
sb17 124.867407 201.800455 168.867407 267.800455
sb18 52.446273 0.007346 100.446273 51.007346
sb19 130.121563 159.803251 161.121563 209.803251
sb20 117.798625 176.301609 154.798625 195.301609
sb21 48.052386 160.134570 112.052386 210.134570
sb22 86.718517 132.566578 135.718517 166.566578
sb23 226.370133 130.911465 246.370133 179.911465
sb24 158.169150 159.955653 203.169150 187.955653
sb25 214.000000 95.013543 268.000000 134.013543
sb26 112.600510 10.097236 167.600510 50.097236
sb27 243.000000 87.345954 268.000000 152.345954
sb28 183.725288 222.000000 222.725288 268.000000
sb29 150.847943 91.964540 174.847943 153.964540
sb30 132.427388 57.543769 156.427388 83.543769
sb31 91.589582 112.828757 117.589582 146.828757
sb32 153.281882 195.090526 196.281882 248.090526
sb33 184.231098 98.220072 206.231098 133.220072
sb34 56.710751 52.144247 83.710751 106.144247
sb35 24.945083 191.111455 55.945083 229.111455
sb36 106.450741 0.000000 145.450741 67.000000
sb37 157.822574 97.209262 177.822574 157.209262
sb38 204.504790 139.074501 227.504790 196.074501
sb39 61.207955 69.945281 113.207955 124.945281
sb40 35.850512 129.811637 61.850512 158.811637
sb41 103.776623 149.845381 130.776623 204.845381
sb42 0.000000 64.284595 62.000000 117.284595
sb43 0.000000 202.126657 61.000000 248.126657
sb44 143.240931 44.767544 208.240931 91.767544
sb45 243.657658 142.625295 266.657658 186.625295
sb46 15.207525 171.922478 54.207525 193.922478
sb47 159.335401 68.246547 224.335401 101.246547
sb48 0.000000 6.420124 57.000000 33.420124
sb49 205.985328 59.292930 252.985328 124.292930
sb50 145.930639 148.436374 212.930639 180.436374
sb51 115.858880 211.000000 153.858880 268.000000
sb52 141.882589 150.923863 195.882589 195.923863
sb53 62.502283 29.277608 105.502283 50.277608
sb54 163.669354 175.289469 181.669354 236.289469
sb55 101.122523 47.430788 135.122523 103.430788
sb56 0.000000 93.252023 17.000000 156.252023
sb57 53.160105 117.727634 71.160105 164.727634
sb58 60.553528 219.378092 106.553528 253.378092
sb59 64.088342 231.000000 114.088342 268.000000
sb60 152.918403 245.000000 192.918403 268.000000
sb61 151.378858 91.757988 184.378858 114.757988
sb62 188.242652 16.333951 248.242652 35.333951
sb63 181.273479 179.384973 217.273479 224.384973
sb64 104.427584 92.728704 154.427584 139.728704
sb65 0.000000 140.360864 57.000000 196.360864
sb66 93.779802 0.000000 160.779802 61.000000
sb67 124.882543 85.559612 168.882543 125.559612
sb68 192.408479 32.795131 244.408479 95.795131
sb69 0.000000 34.687300 54.000000 61.687300
sb70 115.031753 91.554272 157.031753 133.554272
sb71 105.176050 193.912577 169.176050 215.912577
sb72 48.449273 154.932239 109.449273 215.932239
sb73 207.000000 0.000000 268.000000 67.000000
sb74 24.594800 109.308655 62.594800 151.308655
sb75 155.625632 26.546115 174.625632 54.546115
sb76 171.950898 113.326776 193.950898 146.326776
sb77 184.555897 211.000000 250.555897 268.000000
sb78 199.843384 184.618218 235.843384 216.618218
sb79 0.000000 80.087731 60.000000 121.087731
sb80 200.281819 90.260126 216.281819 148.260126
sb81 104.532201 160.454739 144.532201 210.454739
sb82 61.146387 99.341758 108.146387 156.341758
sb83 79.143657 147.007140 101.143657 163.007140
sb84 174.955791 122.495523 241.955791 144.495523
sb85 180.014662 83.697096 200.014662 108.697096
sb86 118.704288 123.718443 174.704288 160.718443
sb87 62.201685 102.496965 101.201685 146.496965
sb88 0.000000 55.525874 37.000000 79.525874
sb89 56.120557 47.576315 94.120557 74.576315
sb90 149.665363 235.000000 188.665363 268.000000
sb91 45.168075 61.780649 101.168075 94.780649
sb92 0.000000 58.956687 26.000000 74.956687
sb93 63.660440 213.220133 128.660440 248.220133
sb94 162.382176 7.040001 203.382176 66.040001
sb95 58.050654 215.917669 109.050654 234.917669
sb96 105.892298 117.852830 145.892298 183.852830
sb97 166.438580 0.887054 183.438580 67.887054
sb98 167.341279 175.633859 189.341279 237.633859
sb99 219.000000 202.000000 268.000000 268.000000

[Iter 1900]
sb0 150.014345 58.157477 193.014345 91.157477
sb1 147.322022 0.000000 212.322022 37.000000
sb2 55.013794 180.603640 108.013794 214.603640
sb3 8.752314 120.973837 45.752314 187.973837
sb4 0.000000 184.438721 29.000000 203.438721
sb5 96.141861 60.949186 135.141861 109.949186
sb6 228.000000 192.952290 268.000000 210.952290
sb7 188.953958 98.249588 210.953958 138.249588
sb8 102.580843 206.000000 152.580843 268.000000
sb9 211.711744 109.287149 227.711744 150.287149
sb10 82.590675 48.744009 100.590675 100.744009
sb11 60.014803 124.970207 99.014803 183.970207
sb12 103.622538 62.654988 164.622538 90.654988
sb13 193.809833 141.469181 241.809833 198.469181
sb14 195.555744 18.441333 258.555744 61.441333
sb15 209.000000 141.502660 268.000000 193.502660
sb16 165.855140 101.919217 201.855140 158.919217
sb17 123.491186 201.948878 167.491186 267.948878
sb18 51.883987 0.000000 99.883987 51.000000
sb19 130.842473 159.011269 161.842473 209.011269
sb20 117.562874 175.934300 154.562874 194.934300
sb21 48.024443 161.176462 112.024443 211.176462
sb22 87.065926 133.047487 136.065926 167.047487
sb23 226.505691 131.263921 246.505691 180.263921
sb24 158.613889 159.054742 203.613889 187.054742
sb25 214.000000 94.928208 268.000000 133.928208
sb26 112.498865 9.809292 167.498865 49.809292
sb27 243.000000 87.998144 268.000000 152.998144
sb28 183.419941 222.000000 222.419941 268.000000
sb29 151.475729 92.314922 175.475729 154.314922
sb30 131.414798 55.965178 155.414798 81.965178
sb31 90.874883 109.143485 116.874883 143.143485
sb32 153.996583 195.503881 196.996583 248.503881
sb33 184.101689 97.048338 206.101689 132.048338
sb34 56.469094 54.571009 83.469094 108.571009
sb35 21.588003 185.745971 52.588003 223.745971
sb36 106.585162 0.000000 145.585162 67.000000
sb37 157.411546 97.683541 177.411546 157.683541
sb38 205.111381 138.511339 228.111381 195.511339
sb39 61.873208 70.007533 113.873208 125.007533
sb40 34.869723 129.838872 60.869723 158.838872
sb41 104.431632 149.756688 131.431632 204.756688
sb42 0.000000 64.201682 62.000000 117.201682
sb43 0.000000 201.925137 61.000000 247.925137
sb44 143.566373 44.515526 208.566373 91.515526
sb45 244.071683 142.604973 267.071683 186.604973
sb46 14.910896 171.933326 53.910896 193.933326
sb47 159.506111 68.068466 224.506111 101.068466
sb48 0.000000 6.237355 57.000000 33.237355
sb49 206.432150 60.059685 253.432150 125.059685
sb50 145.848531 148.538455 212.848531 180.538455
sb51 115.126512 211.000000 153.126512 268.000000
sb52 141.993133 150.356321 195.993133 195.356321
sb53 61.594412 29.010017 104.594412 50.010017
sb54 163.333293 175.527566 181.333293 236.527566
sb55 99.548662 46.642823 133.548662 102.642823
sb56 0.000000 93.593680 17.000000 156.593680
sb57 49.771386 120.658094 67.771386 167.658094
sb58 60.401093 219.792140 106.401093 253.792140
sb59 63.317576 231.000000 113.317576 268.000000
sb60 152.614314 245.000000 192.614314 268.000000
sb61 152.847110 90.567325 185.847110 113.567325
sb62 188.497092 16.326874 248.497092 35.326874
sb63 181.375621 179.915268 217.375621 224.915268
sb64 104.519670 93.261608 154.519670 140.261608
sb65 0.000000 140.869420 57.000000 196.869420
sb66 93.633568 0.000000 160.633568 61.000000
sb67 124.432022 84.280779 168.432022 124.280779
sb68 192.649412 32.499881 244.649412 95.499881
sb69 0.000000 34.841254 54.000000 61.841254
sb70 114.986513 88.220873 156.986513 130.220873
sb71 105.154272 193.469734 169.154272 215.469734
sb72 48.289665 154.937939 109.289665 215.937939
sb73 207.000000 0.000000 268.000000 67.000000
sb74 23.704861 109.659060 61.704861 151.659060
sb75 156.585093 26.476275 175.585093 54.476275
sb76 172.661217 113.165554 194.661217 146.165554
sb77 184.224744 211.000000 250.224744 268.000000
sb78 197.639155 184.480695 233.639155 216.480695
sb79 0.000000 79.739017 60.000000 120.739017
sb80 200.245558 90.201348 216.245558 148.201348
sb81 105.177735 160.718687 145.177735 210.718687
sb82 60.396138 99.347469 107.396138 156.347469
sb83 79.831331 147.583970 101.831331 163.583970
sb84 172.304480 122.840142 239.304480 144.840142
sb85 179.987327 83.470446 199.987327 108.470446
sb86 115.773624 122.557605 171.773624 159.557605
sb87 60.306849 106.096180 99.306849 150.096180
sb88 0.000000 55.301548 37.000000 79.301548
sb89 56.839956 47.466431 94.839956 74.466431
sb90 149.205888 235.000000 188.205888 268.000000
sb91 44.177695 61.060352 100.177695 94.060352
sb92 0.000000 59.201088 26.000000 75.201088
sb93 62.145061 213.728728 127.145061 248.728728
sb94 162.031434 6.838338 203.031434 65.838338
sb95 57.664849 215.875964 108.664849 234.875964
sb96 106.723439 116.991349 146.723439 182.991349
sb97 166.489607 0.250755 183.489607 67.250755
sb98 167.206317 175.815243 189.206317 237.815243
sb99 219.000000 202.000000 268.000000 268.000000

[Iter 1950]
sb0 149.422309 56.739031 192.422309 89.739031
sb1 147.494111 0.000000 212.494111 37.000000
sb2 54.879185 180.680214 107.879185 214.680214
sb3 8.793524 121.237872 45.793524 188.237872
sb4 0.000000 184.401151 29.000000 203.401151
sb5 94.618980 61.437116 133.618980 110.437116
sb6 228.000000 192.441639 268.000000 210.441639
sb7 190.866337 97.866988 212.866337 137.866988
sb8 103.163194 205.692005 153.163194 267.692005
sb9 213.585125 107.769757 229.585125 148.769757
sb10 82.817592 48.146988 100.817592 100.146988
sb11 59.504317 124.683757 98.504317 183.683757
sb12 103.838541 62.840274 164.838541 90.840274
sb13 196.251416 140.937031 244.251416 197.937031
sb14 197.155891 17.648460 260.155891 60.648460
sb15 209.000000 141.103536 268.000000 193.103536
sb16 165.195318 101.646298 201.195318 158.646298
sb17 123.112393 202.000000 167.112393 268.000000
sb18 52.184404 0.000000 100.184404 51.000000
sb19 131.224782 159.503848 162.224782 209.503848
sb20 117.444649 175.735064 154.444649 194.735064
sb21 48.104409 161.255356 112.104409 211.255356
sb22 89.193036 133.126852 138.193036 167.126852
sb23 229.024216 131.437940 249.024216 180.437940
sb24 158.984644 158.476969 203.984644 186.476969
sb25 214.000000 94.719636 268.000000 133.719636
sb26 112.371342 7.808502 167.371342 47.808502
sb27 243.000000 85.015986 268.000000 150.015986
sb28 183.185786 222.000000 222.185786 268.000000
sb29 153.136188 92.715334 177.136188 154.715334
sb30 131.048356 53.571387 155.048356 79.571387
sb31 92.007112 107.396242 118.007112 141.396242
sb32 154.475268 195.564197 197.475268 248.564197
sb33 180.282164 97.553053 202.282164 132.553053
sb34 56.493890 54.681723 83.493890 108.681723
sb35 21.299370 185.680436 52.299370 223.680436
sb36 102.473858 0.000000 141.473858 67.000000
sb37 153.952239 98.712311 173.952239 158.712311
sb38 206.767497 137.883722 229.767497 194.883722
sb39 62.167872 70.897815 114.167872 125.897815
sb40 32.086838 130.609745 58.086838 159.609745
sb41 104.501521 150.418697 131.501521 205.418697
sb42 0.000000 62.114630 62.000000 115.114630
sb43 0.000000 202.145077 61.000000 248.145077
sb44 142.178554 43.250188 207.178554 90.250188
sb45 245.000000 142.783821 268.000000 186.783821
sb46 12.436905 171.937949 51.436905 193.937949
sb47 159.747787 67.323013 224.747787 100.323013
sb48 0.000000 4.187558 57.000000 31.187558
sb49 203.383745 60.342441 250.383745 125.342441
sb50 144.751790 148.712192 211.751790 180.712192
sb51 114.212484 211.000000 152.212484 268.000000
sb52 144.295940 150.956806 198.295940 195.956806
sb53 61.039929 28.986630 104.039929 49.986630
sb54 162.590346 175.843136 180.590346 236.843136
sb55 99.662527 45.861601 133.662527 101.861601
sb56 0.000000 93.111717 17.000000 156.111717
sb57 49.632059 121.058960 67.632059 168.058960
sb58 60.702170 219.229424 106.702170 253.229424
sb59 62.356349 231.000000 112.356349 268.000000
sb60 152.740683 245.000000 192.740683 268.000000
sb61 155.065904 89.774916 188.065904 112.774916
sb62 188.731238 16.115875 248.731238 35.115875
sb63 181.405858 179.612521 217.405858 224.612521
sb64 106.109364 93.061801 156.109364 140.061801
sb65 0.000000 140.308176 57.000000 196.308176
sb66 94.480142 0.000000 161.480142 61.000000
sb67 122.733906 83.874476 166.733906 123.874476
sb68 192.654955 32.849777 244.654955 95.849777
sb69 0.000000 33.370639 54.000000 60.370639
sb70 116.702092 87.344066 158.702092 129.344066
sb71 104.141036 193.390736 168.141036 215.390736
sb72 46.775188 154.283094 107.775188 215.283094
sb73 207.000000 0.000000 268.000000 67.000000
sb74 23.823648 108.141485 61.823648 150.141485
sb75 149.546870 25.039719 168.546870 53.039719
sb76 174.473006 113.266097 196.473006 146.266097
sb77 184.643816 211.000000 250.643816 268.000000
sb78 197.651233 183.785218 233.651233 215.785218
sb79 0.000000 80.012399 60.000000 121.012399
sb80 201.218207 91.274792 217.218207 149.274792
sb81 105.720011 160.749213 145.720011 210.749213
sb82 57.119914 97.199317 104.119914 154.199317
sb83 79.455836 147.103856 101.455836 163.103856
sb84 171.712249 123.391833 238.712249 145.391833
sb85 176.579073 83.823856 196.579073 108.823856
sb86 114.844568 122.819020 170.844568 159.819020
sb87 60.973116 106.456530 99.973116 150.456530
sb88 0.000000 55.381302 37.000000 79.381302
sb89 57.881454 47.727089 95.881454 74.727089
sb90 148.602131 235.000000 187.602131 268.000000
sb91 42.353563 58.829084 98.353563 91.829084
sb92 0.000000 58.918531 26.000000 74.918531
sb93 60.868786 214.246612 125.868786 249.246612
sb94 162.728685 6.197722 203.728685 65.197722
sb95 57.043017 215.372296 108.043017 234.372296
sb96 103.155579 117.242583 143.155579 183.242583
sb97 166.691879 0.000000 183.691879 67.000000
sb98 167.480673 175.851048 189.480673 237.851048
sb99 219.000000 202.000000 268.000000 268.000000

[Iter 2000]
sb0 150.478662 57.047307 193.478662 90.047307
sb1 148.458262 0.000000 213.458262 37.000000
sb2 54.850465 181.726458 107.850465 215.726458
sb3 8.693166 121.245341 45.693166 188.245341
sb4 0.000000 188.683520 29.000000 207.683520
sb5 94.048427 70.337912 133.048427 119.337912
sb6 228.000000 191.833333 268.000000 209.833333
sb7 189.435630 98.383754 211.435630 138.383754
sb8 103.032194 206.000000 153.032194 268.000000
sb9 212.991160 106.762481 228.991160 147.762481
sb10 82.898580 48.166128 100.898580 100.166128
sb11 58.652065 125.673047 97.652065 184.673047
sb12 103.014048 62.993553 164.014048 90.993553
sb13 196.459049 140.364677 244.459049 197.364677
sb14 196.847767 17.997968 259.847767 60.997968
sb15 209.000000 140.250066 268.000000 192.250066
sb16 165.645300 101.995687 201.645300 158.995687
sb17 122.531431 201.956674 166.531431 267.956674
sb18 51.649038 0.170161 99.649038 51.170161
sb19 130.286775 159.652488 161.286775 209.652488
sb20 117.728584 174.400805 154.728584 193.400805
sb21 48.052728 162.347657 112.052728 212.347657
sb22 89.115593 134.247343 138.115593 168.247343
sb23 228.248641 130.932713 248.248641 179.932713
sb24 158.626482 159.076495 203.626482 187.076495
sb25 214.000000 94.423239 268.000000 133.423239
sb26 112.932035 6.984795 167.932035 46.984795
sb27 243.000000 82.574624 268.000000 147.574624
sb28 183.150235 222.000000 222.150235 268.000000
sb29 152.001056 92.819972 176.001056 154.819972
sb30 133.012209 53.479981 157.012209 79.479981
sb31 91.405602 104.693894 117.405602 138.693894
sb32 154.547219 196.371152 197.547219 249.371152
sb33 176.945463 98.101119 198.945463 133.101119
sb34 56.408546 54.818047 83.408546 108.818047
sb35 20.449289 185.844903 51.449289 223.844903
sb36 100.003275 4.596032 139.003275 71.596032
sb37 148.811086 102.578530 168.811086 162.578530
sb38 206.415470 138.189579 229.415470 195.189579
sb39 60.717072 72.216170 112.717072 127.216170
sb40 27.967340 132.774465 53.967340 161.774465
sb41 103.709292 147.869002 130.709292 202.869002
sb42 0.000000 62.166940 62.000000 115.166940
sb43 0.000000 205.567840 61.000000 251.567840
sb44 138.862021 37.439849 203.862021 84.439849
sb45 245.000000 142.648133 268.000000 186.648133
sb46 11.804707 172.603799 50.804707 194.603799
sb47 159.559262 67.402791 224.559262 100.402791
sb48 0.000000 3.714897 57.000000 30.714897
sb49 201.606999 60.625841 248.606999 125.625841
sb50 146.381269 147.429019 213.381269 179.429019
sb51 114.334844 211.000000 152.334844 268.000000
sb52 144.640694 151.099061 198.640694 196.099061
sb53 60.459440 29.113752 103.459440 50.113752
sb54 162.508432 175.697611 180.508432 236.697611
sb55 100.650731 43.879380 134.650731 99.879380
sb56 0.000000 95.810375 17.000000 158.810375
sb57 49.420720 121.393194 67.420720 168.393194
sb58 60.234212 220.428065 106.234212 254.428065
sb59 62.566420 231.000000 112.566420 268.000000
sb60 152.608301 245.000000 192.608301 268.000000
sb61 154.738798 89.964451 187.738798 112.964451
sb62 188.919565 15.092486 248.919565 34.092486
sb63 181.304266 179.082268 217.304266 224.082268
sb64 104.354953 92.970275 154.354953 139.970275
sb65 0.000000 143.499387 57.000000 199.499387
sb66 93.977781 0.000000 160.977781 61.000000
sb67 131.232836 79.156137 175.232836 119.156137
sb68 193.157943 31.972847 245.157943 94.972847
sb69 0.000000 32.730649 54.000000 59.730649
sb70 116.141330 87.418060 158.141330 129.418060
sb71 104.358591 192.839024 168.358591 214.839024
sb72 46.219954 154.745863 107.219954 215.745863
sb73 207.000000 0.000000 268.000000 67.000000
sb74 21.993734 109.749588 59.993734 151.749588
sb75 139.768503 0.000000 158.768503 28.000000
sb76 172.273656 113.240603 194.273656 146.240603
sb77 184.582811 211.000000 250.582811 268.000000
sb78 197.459398 183.977772 233.459398 215.977772
sb79 0.000000 79.927495 60.000000 120.927495
sb80 200.693463 90.451427 216.693463 148.451427
sb81 106.053089 161.045013 146.053089 211.045013
sb82 52.246285 97.542810 99.246285 154.542810
sb83 79.502853 147.305200 101.502853 163.305200
sb84 171.140990 122.396813 238.140990 144.396813
sb85 180.730010 79.897419 200.730010 104.897419
sb86 115.255348 122.797535 171.255348 159.797535
sb87 60.742212 107.696591 99.742212 151.696591
sb88 0.000000 55.281162 37.000000 79.281162
sb89 57.816226 48.662205 95.816226 75.662205
sb90 148.738545 235.000000 187.738545 268.000000
sb91 44.308008 58.554540 100.308008 91.554540
sb92 0.000000 58.873631 26.000000 74.873631
sb93 60.511605 214.294118 125.511605 249.294118
sb94 161.878210 6.730483 202.878210 65.730483
sb95 57.607201 215.301374 108.607201 234.301374
sb96 100.893398 117.334839 140.893398 183.334839
sb97 167.106742 0.000000 184.106742 67.000000
sb98 166.997683 176.067540 188.997683 238.067540
sb99 219.000000 202.000000 268.000000 268.000000

[Iter 2050]
sb0 150.338580 56.738937 193.338580 89.738937
sb1 148.301339 0.000000 213.301339 37.000000
sb2 54.856076 182.312322 107.856076 216.312322
sb3 8.390089 121.168799 45.390089 188.168799
sb4 0.000000 188.061290 29.000000 207.061290
sb5 93.085942 72.489302 132.085942 121.489302
sb6 227.244914 191.276753 267.244914 209.276753
sb7 192.601382 98.038331 214.601382 138.038331
sb8 104.177213 206.000000 154.177213 268.000000
sb9 214.477237 109.405298 230.477237 150.405298
sb10 82.836717 48.062795 100.836717 100.062795
sb11 59.228604 125.962017 98.228604 184.962017
sb12 104.287009 62.765784 165.287009 90.765784
sb13 196.560945 142.484196 244.560945 199.484196
sb14 198.352317 17.625163 261.352317 60.625163
sb15 209.000000 138.939423 268.000000 190.939423
sb16 165.588905 101.853757 201.588905 158.853757
sb17 122.379090 202.000000 166.379090 268.000000
sb18 52.225227 0.218137 100.225227 51.218137
sb19 130.040253 159.366696 161.040253 209.366696
sb20 117.583352 174.259711 154.583352 193.259711
sb21 46.587954 162.963586 110.587954 212.963586
sb22 89.668159 134.198659 138.668159 168.198659
sb23 228.096897 130.429225 248.096897 179.429225
sb24 158.729411 158.776877 203.729411 186.776877
sb25 214.000000 93.845065 268.000000 132.845065
sb26 112.863063 6.512243 167.863063 46.512243
sb27 243.000000 81.402645 268.000000 146.402645
sb28 182.877923 222.000000 221.877923 268.000000
sb29 154.638121 92.573113 178.638121 154.573113
sb30 132.722150 53.321980 156.722150 79.321980
sb31 90.441879 103.717899 116.441879 137.717899
sb32 155.359212 196.128170 198.359212 249.128170
sb33 174.531273 96.449708 196.531273 131.449708
sb34 56.331342 54.983505 83.331342 108.983505
sb35 18.858272 186.540971 49.858272 224.540971
sb36 99.663025 4.101035 138.663025 71.101035
sb37 145.736173 102.280594 165.736173 162.280594
sb38 206.305239 138.075180 229.305239 195.075180
sb39 62.537098 72.120044 114.537098 127.120044
sb40 26.151370 132.864922 52.151370 161.864922
sb41 103.142959 149.428054 130.142959 204.428054
sb42 0.000000 61.641487 62.000000 114.641487
sb43 0.000000 205.083985 61.000000 251.083985
sb44 138.631831 36.129392 203.631831 83.129392
sb45 245.000000 142.646262 268.000000 186.646262
sb46 10.634220 172.821857 49.634220 194.821857
sb47 160.920451 67.243287 225.920451 100.243287
sb48 0.000000 2.509197 57.000000 29.509197
sb49 201.450410 60.935293 248.450410 125.935293
sb50 145.616925 146.462368 212.616925 178.462368
sb51 113.553204 211.000000 151.553204 268.000000
sb52 143.809409 151.448701 197.809409 196.448701
sb53 59.940657 29.027421 102.940657 50.027421
sb54 162.191256 175.981332 180.191256 236.981332
sb55 100.645448 43.461275 134.645448 99.461275
sb56 0.000000 94.870708 17.000000 157.870708
sb57 49.126574 121.128836 67.126574 168.128836
sb58 61.017515 221.163984 107.017515 255.163984
sb59 61.570156 231.000000 111.570156 268.000000
sb60 153.049314 245.000000 193.049314 268.000000
sb61 154.416142 89.622283 187.416142 112.622283
sb62 189.070491 14.118924 249.070491 33.118924
sb63 181.398837 179.383280 217.398837 224.383280
sb64 107.094961 93.664221 157.094961 140.664221
sb65 0.000000 142.357378 57.000000 198.357378
sb66 94.998627 0.000000 161.998627 61.000000
sb67 131.119913 77.056348 175.119913 117.056348
sb68 193.186868 30.987545 245.186868 93.987545
sb69 0.000000 31.971936 54.000000 58.971936
sb70 115.905180 87.282430 157.905180 129.282430
sb71 103.528486 193.515574 167.528486 215.515574
sb72 44.946140 155.110278 105.946140 216.110278
sb73 207.000000 0.000000 268.000000 67.000000
sb74 23.083829 109.113928 61.083829 151.113928
sb75 139.232915 0.000000 158.232915 28.000000
sb76 176.001961 113.546496 198.001961 146.546496
sb77 185.220446 211.000000 251.220446 268.000000
sb78 197.526626 184.056944 233.526626 216.056944
sb79 0.000000 79.809630 60.000000 120.809630
sb80 200.584819 89.190586 216.584819 147.190586
sb81 106.227969 161.251643 146.227969 211.251643
sb82 50.621037 96.983912 97.621037 153.983912
sb83 79.823157 147.269099 101.823157 163.269099
sb84 167.809750 123.087979 234.809750 145.087979
sb85 180.959058 79.734300 200.959058 104.734300
sb86 114.716233 122.820801 170.716233 159.820801
sb87 60.501379 108.747083 99.501379 152.747083
sb88 0.000000 55.109186 37.000000 79.109186
sb89 58.241311 48.631074 96.241311 75.631074
sb90 148.078596 235.000000 187.078596 268.000000
sb91 46.264982 55.084804 102.264982 88.084804
sb92 0.000000 58.388351 26.000000 74.388351
sb93 60.269981 215.245082 125.269981 250.245082
sb94 163.326380 6.257842 204.326380 65.257842
sb95 57.250703 215.257158 108.250703 234.257158
sb96 99.350296 117.614188 139.350296 183.614188
sb97 167.145704 0.000000 184.145704 67.000000
sb98 166.977650 176.169848 188.977650 238.169848
sb99 219.000000 202.000000 268.000000 268.000000

[Iter 2100]
sb0 150.837827 55.213865 193.837827 88.213865
sb1 148.300642 0.000000 213.300642 37.000000
sb2 54.514610 180.421988 107.514610 214.421988
sb3 8.262679 121.180530 45.262679 188.180530
sb4 0.000000 188.643853 29.000000 207.643853
sb5 92.503714 71.940465 131.503714 120.940465
sb6 227.839790 191.302051 267.839790 209.302051
sb7 192.579352 98.472305 214.579352 138.472305
sb8 103.934573 206.000000 153.934573 268.000000
sb9 214.825758 109.406038 230.825758 150.406038
sb10 82.565481 47.079649 100.565481 99.079649
sb11 59.047209 123.444574 98.047209 182.444574
sb12 105.550338 62.692333 166.550338 90.692333
sb13 197.208296 142.515867 245.208296 199.515867
sb14 200.718886 18.153184 263.718886 61.153184
sb15 209.000000 139.018409 268.000000 191.018409
sb16 164.977237 100.833924 200.977237 157.833924
sb17 122.602627 202.000000 166.602627 268.000000
sb18 53.197893 0.000000 101.197893 51.000000
sb19 130.763493 159.162263 161.763493 209.162263
sb20 117.618935 174.624176 154.618935 193.624176
sb21 46.677629 163.819476 110.677629 213.819476
sb22 90.425022 133.148546 139.425022 167.148546
sb23 228.592293 129.611893 248.592293 178.611893
sb24 158.739492 157.066925 203.739492 185.066925
sb25 214.000000 92.450058 268.000000 131.450058
sb26 113.094279 5.884690 168.094279 45.884690
sb27 243.000000 81.283515 268.000000 146.283515
sb28 182.701985 222.000000 221.701985 268.000000
sb29 154.677992 92.687064 178.677992 154.687064
sb30 132.674927 53.139921 156.674927 79.139921
sb31 89.882539 100.627514 115.882539 134.627514
sb32 155.498277 196.585532 198.498277 249.585532
sb33 174.581676 96.689369 196.581676 131.689369
sb34 56.343289 56.149537 83.343289 110.149537
sb35 18.573288 186.695167 49.573288 224.695167
sb36 99.352357 3.980957 138.352357 70.980957
sb37 145.210862 102.805868 165.210862 162.805868
sb38 206.280965 136.087360 229.280965 193.087360
sb39 62.172905 70.274049 114.172905 125.274049
sb40 26.238666 132.240110 52.238666 161.240110
sb41 103.671553 149.993343 130.671553 204.993343
sb42 0.000000 61.314554 62.000000 114.314554
sb43 0.000000 205.971684 61.000000 251.971684
sb44 138.523399 36.388797 203.523399 83.388797
sb45 245.000000 142.578747 268.000000 186.578747
sb46 9.835474 172.361026 48.835474 194.361026
sb47 162.857072 67.616872 227.857072 100.616872
sb48 0.000000 1.917034 57.000000 28.917034
sb49 201.372201 60.648277 248.372201 125.648277
sb50 145.811684 146.422631 212.811684 178.422631
sb51 113.096938 211.000000 151.096938 268.000000
sb52 144.290682 151.317214 198.290682 196.317214
sb53 58.628674 29.047248 101.628674 50.047248
sb54 161.938966 175.958358 179.938966 236.958358
sb55 100.617063 42.188501 134.617063 98.188501
sb56 0.000000 95.233133 17.000000 158.233133
sb57 48.907623 121.501733 66.907623 168.501733
sb58 60.648395 219.343069 106.648395 253.343069
sb59 60.917472 231.000000 110.917472 268.000000
sb60 153.992235 245.000000 193.992235 268.000000
sb61 155.075727 88.124992 188.075727 111.124992
sb62 189.800786 11.857026 249.800786 30.857026
sb63 181.270188 179.484126 217.270188 224.484126
sb64 106.759600 92.479921 156.759600 139.479921
sb65 0.000000 143.277733 57.000000 199.277733
sb66 97.044014 0.000000 164.044014 61.000000
sb67 130.440466 77.657253 174.440466 117.657253
sb68 194.026370 29.180755 246.026370 92.180755
sb69 0.000000 30.865303 54.000000 57.865303
sb70 116.241854 86.131076 158.241854 128.131076
sb71 103.077295 193.189276 167.077295 215.189276
sb72 44.371484 155.082862 105.371484 216.082862
sb73 207.000000 0.000000 268.000000 67.000000
sb74 22.309431 108.882697 60.309431 150.882697
sb75 138.447445 0.000000 157.447445 28.000000
sb76 175.784208 113.176542 197.784208 146.176542
sb77 186.085061 211.000000 252.085061 268.000000
sb78 197.580352 182.903955 233.580352 214.903955
sb79 0.000000 79.635906 60.000000 120.635906
sb80 200.698684 87.615815 216.698684 145.615815
sb81 105.902455 161.158235 145.902455 211.158235
sb82 50.094155 96.684075 97.094155 153.684075
sb83 79.830972 147.205750 101.830972 163.205750
sb84 167.805815 122.608060 234.805815 144.608060
sb85 180.138476 79.571176 200.138476 104.571176
sb86 112.853393 122.055889 168.853393 159.055889
sb87 60.616285 110.081247 99.616285 154.081247
sb88 0.000000 54.620508 37.000000 78.620508
sb89 57.890457 47.025764 95.890457 74.025764
sb90 147.635358 235.000000 186.635358 268.000000
sb91 45.412868 54.582473 101.412868 87.582473
sb92 0.000000 54.949617 26.000000 70.949617
sb93 60.475484 216.004971 125.475484 251.004971
sb94 165.067654 7.014905 206.067654 66.014905
sb95 56.315659 215.382343 107.315659 234.382343
sb96 98.760518 117.871919 138.760518 183.871919
sb97 167.635700 0.000000 184.635700 67.000000
sb98 167.693241 176.197205 189.693241 238.197205
sb99 219.000000 202.000000 268.000000 268.000000

[Iter 2150]
sb0 153.441622 55.553088 196.441622 88.553088
sb1 148.102937 0.000000 213.102937 37.000000
sb2 54.106670 180.664101 107.106670 214.664101
sb3 7.666668 121.035518 44.666668 188.035518
sb4 0.000000 188.924787 29.000000 207.924787
sb5 92.637806 71.924070 131.637806 120.924070
sb6 228.000000 191.182734 268.000000 209.182734
sb7 193.022279 98.664411 215.022279 138.664411
sb8 104.247355 206.000000 154.247355 268.000000
sb9 215.209895 109.470858 231.209895 150.470858
sb10 82.756065 47.380158 100.756065 99.380158
sb11 59.200614 123.652457 98.200614 182.652457
sb12 105.812490 62.671365 166.812490 90.671365
sb13 196.970487 142.819386 244.970487 199.819386
sb14 201.001972 18.113490 264.001972 61.113490
sb15 209.000000 139.036157 268.000000 191.036157
sb16 164.944212 100.638092 200.944212 157.638092
sb17 122.751073 202.000000 166.751073 268.000000
sb18 53.089562 0.000000 101.089562 51.000000
sb19 131.429299 159.276564 162.429299 209.276564
sb20 117.332823 174.427393 154.332823 193.427393
sb21 46.421101 163.664641 110.421101 213.664641
sb22 91.177635 132.937629 140.177635 166.937629
sb23 228.932111 129.687181 248.932111 178.687181
sb24 159.268039 156.667014 204.268039 184.667014
sb25 214.000000 92.387308 268.000000 131.387308
sb26 113.576529 5.665169 168.576529 45.665169
sb27 243.000000 81.370629 268.000000 146.370629
sb28 182.622300 222.000000 221.622300 268.000000
sb29 155.034032 92.740860 179.034032 154.740860
sb30 134.277199 53.038089 158.277199 79.038089
sb31 90.680234 100.149318 116.680234 134.149318
sb32 155.427582 196.735492 198.427582 249.735492
sb33 174.450428 96.587100 196.450428 131.587100
sb34 56.613150 55.737417 83.613150 109.737417
sb35 18.141179 186.457287 49.141179 224.457287
sb36 99.018126 3.974851 138.018126 70.974851
sb37 145.412331 102.658164 165.412331 162.658164
sb38 206.604113 135.796422 229.604113 192.796422
sb39 61.944709 70.176347 113.944709 125.176347
sb40 25.160083 131.995522 51.160083 160.995522
sb41 103.689537 150.487665 130.689537 205.487665
sb42 0.000000 61.636081 62.000000 114.636081
sb43 0.000000 206.126859 61.000000 252.126859
sb44 138.500911 36.132695 203.500911 83.132695
sb45 245.000000 142.704381 268.000000 186.704381
sb46 8.220546 172.056924 47.220546 194.056924
sb47 163.290447 67.604792 228.290447 100.604792
sb48 0.000000 1.802946 57.000000 28.802946
sb49 201.459007 60.782423 248.459007 125.782423
sb50 145.684308 146.488614 212.684308 178.488614
sb51 112.405931 211.000000 150.405931 268.000000
sb52 143.869625 151.519960 197.869625 196.519960
sb53 58.326907 28.906004 101.326907 49.906004
sb54 161.786658 176.242309 179.786658 237.242309
sb55 100.737285 40.983046 134.737285 96.983046
sb56 0.000000 95.644656 17.000000 158.644656
sb57 48.548812 121.403144 66.548812 168.403144
sb58 60.700275 219.664244 106.700275 253.664244
sb59 60.269486 231.000000 110.269486 268.000000
sb60 154.794531 245.000000 194.794531 268.000000
sb61 155.231768 88.737231 188.231768 111.737231
sb62 191.644110 11.325102 251.644110 30.325102
sb63 181.386643 179.448931 217.386643 224.448931
sb64 106.834634 92.255177 156.834634 139.255177
sb65 0.000000 143.969868 57.000000 199.969868
sb66 97.271337 0.000000 164.271337 61.000000
sb67 130.840662 77.290705 174.840662 117.290705
sb68 196.079629 28.975352 248.079629 91.975352
sb69 0.000000 31.007378 54.000000 58.007378
sb70 116.701548 85.347898 158.701548 127.347898
sb71 102.993621 193.527685 166.993621 215.527685
sb72 43.612420 154.490860 104.612420 215.490860
sb73 207.000000 0.000000 268.000000 67.000000
sb74 22.293435 109.587201 60.293435 151.587201
sb75 138.135286 0.000000 157.135286 28.000000
sb76 176.350131 113.360089 198.350131 146.360089
sb77 187.202632 211.000000 253.202632 268.000000
sb78 197.870419 182.863858 233.870419 214.863858
sb79 0.000000 79.451948 60.000000 120.451948
sb80 201.048932 87.720621 217.048932 145.720621
sb81 105.236355 161.309077 145.236355 211.309077
sb82 49.412775 96.086415 96.412775 153.086415
sb83 79.695465 146.990275 101.695465 162.990275
sb84 167.812778 122.910906 234.812778 144.910906
sb85 180.722077 79.673138 200.722077 104.673138
sb86 112.099299 122.086411 168.099299 159.086411
sb87 60.822774 109.749731 99.822774 153.749731
sb88 0.000000 54.245040 37.000000 78.245040
sb89 58.296338 47.036920 96.296338 74.036920
sb90 147.074126 235.000000 186.074126 268.000000
sb91 44.850146 55.148404 100.850146 88.148404
sb92 0.000000 54.889975 26.000000 70.889975
sb93 60.242200 215.813939 125.242200 250.813939
sb94 165.243550 6.870392 206.243550 65.870392
sb95 55.808539 214.708686 106.808539 233.708686
sb96 98.717973 117.485350 138.717973 183.485350
sb97 168.233583 0.000000 185.233583 67.000000
sb98 168.427028 176.233482 190.427028 238.233482
sb99 219.000000 202.000000 268.000000 268.000000

[Iter 2200]
sb0 153.090714 54.673590 196.090714 87.673590
sb1 148.085921 0.000000 213.085921 37.000000
sb2 53.229130 183.089758 106.229130 217.089758
sb3 6.779209 121.237244 43.779209 188.237244
sb4 0.000000 191.992403 29.000000 210.992403
sb5 91.656087 71.728677 130.656087 120.728677
sb6 228.000000 191.247840 268.000000 209.247840
sb7 193.363508 98.648693 215.363508 138.648693
sb8 105.095468 206.000000 155.095468 268.000000
sb9 215.616147 109.051733 231.616147 150.051733
sb10 82.907790 46.502503 100.907790 98.502503
sb11 59.741499 125.587092 98.741499 184.587092
sb12 105.454250 62.527412 166.454250 90.527412
sb13 196.927609 142.809108 244.927609 199.809108
sb14 201.848589 17.847714 264.848589 60.847714
sb15 209.000000 139.045952 268.000000 191.045952
sb16 164.168140 100.994283 200.168140 157.994283
sb17 122.462477 202.000000 166.462477 268.000000
sb18 53.002830 0.000000 101.002830 51.000000
sb19 131.271413 158.976459 162.271413 208.976459
sb20 117.222871 173.949915 154.222871 192.949915
sb21 45.337509 163.554617 109.337509 213.554617
sb22 91.706802 133.715203 140.706802 167.715203
sb23 229.564197 129.279398 249.564197 178.279398
sb24 159.648155 156.469026 204.648155 184.469026
sb25 214.000000 92.397737 268.000000 131.397737
sb26 115.465062 5.555670 170.465062 45.555670
sb27 243.000000 81.128714 268.000000 146.128714
sb28 182.559340 222.000000 221.559340 268.000000
sb29 155.341229 92.858267 179.341229 154.858267
sb30 134.301123 52.751473 158.301123 78.751473
sb31 90.709240 99.250718 116.709240 133.250718
sb32 156.334352 196.972474 199.334352 249.972474
sb33 173.258141 96.297914 195.258141 131.297914
sb34 56.583882 55.087033 83.583882 109.087033
sb35 17.136100 187.251912 48.136100 225.251912
sb36 98.773703 4.033741 137.773703 71.033741
sb37 144.834550 102.777830 164.834550 162.777830
sb38 206.942647 135.406477 229.942647 192.406477
sb39 61.827471 71.984149 113.827471 126.984149
sb40 24.246606 132.189096 50.246606 161.189096
sb41 103.255810 152.229321 130.255810 207.229321
sb42 0.000000 61.687344 62.000000 114.687344
sb43 0.000000 208.884023 61.000000 254.884023
sb44 138.198585 36.369508 203.198585 83.369508
sb45 245.000000 144.044636 268.000000 188.044636
sb46 7.388488 172.066694 46.388488 194.066694
sb47 163.184173 67.329519 228.184173 100.329519
sb48 0.000000 1.434648 57.000000 28.434648
sb49 201.183575 60.912760 248.183575 125.912760
sb50 145.659777 146.303830 212.659777 178.303830
sb51 111.861215 211.000000 149.861215 268.000000
sb52 144.353793 151.746295 198.353793 196.746295
sb53 57.453015 28.692569 100.453015 49.692569
sb54 161.569603 176.195836 179.569603 237.195836
sb55 100.621852 40.437865 134.621852 96.437865
sb56 0.000000 96.136927 17.000000 159.136927
sb57 47.607617 120.921272 65.607617 167.921272
sb58 61.354704 221.523994 107.354704 255.523994
sb59 59.554221 231.000000 109.554221 268.000000
sb60 155.034419 245.000000 195.034419 268.000000
sb61 158.722306 86.406285 191.722306 109.406285
sb62 192.888273 11.107467 252.888273 30.107467
sb63 181.318751 179.498041 217.318751 224.498041
sb64 107.086508 92.284582 157.086508 139.284582
sb65 0.000000 145.073350 57.000000 201.073350
sb66 97.424079 0.000000 164.424079 61.000000
sb67 129.423433 77.091164 173.423433 117.091164
sb68 197.304641 28.920139 249.304641 91.920139
sb69 0.000000 30.867164 54.000000 57.867164
sb70 117.832625 85.137518 159.832625 127.137518
sb71 102.923466 193.334023 166.923466 215.334023
sb72 42.904524 154.593340 103.904524 215.593340
sb73 207.000000 0.000000 268.000000 67.000000
sb74 22.415917 110.250528 60.415917 152.250528
sb75 137.814803 0.000000 156.814803 28.000000
sb76 176.154883 113.344830 198.154883 146.344830
sb77 187.432035 211.000000 253.432035 268.000000
sb78 197.378513 182.680938 233.378513 214.680938
sb79 0.000000 79.401636 60.000000 120.401636
sb80 200.982262 87.978046 216.982262 145.978046
sb81 104.995141 162.155778 144.995141 212.155778
sb82 48.449986 96.346668 95.449986 153.346668
sb83 78.670438 147.020500 100.670438 163.020500
sb84 167.599822 122.733361 234.599822 144.733361
sb85 180.661910 80.054897 200.661910 105.054897
sb86 110.518192 122.372095 166.518192 159.372095
sb87 60.937488 109.238032 99.937488 153.238032
sb88 0.000000 54.190664 37.000000 78.190664
sb89 58.620403 47.628886 96.620403 74.628886
sb90 146.889080 235.000000 185.889080 268.000000
sb91 44.006477 54.551335 100.006477 87.551335
sb92 0.000000 54.892974 26.000000 70.892974
sb93 60.286422 216.043433 125.286422 251.043433
sb94 165.353380 6.625663 206.353380 65.625663
sb95 54.998523 214.742914 105.998523 233.742914
sb96 98.424451 117.511832 138.424451 183.511832
sb97 170.389668 0.000000 187.389668 67.000000
sb98 167.997735 176.353252 189.997735 238.353252
sb99 219.000000 202.000000 268.000000 268.000000

[Iter 2250]
sb0 152.525261 54.725368 195.525261 87.725368
sb1 147.745457 0.000000 212.745457 37.000000
sb2 53.032627 183.518995 106.032627 217.518995
sb3 6.178063 121.122148 43.178063 188.122148
sb4 0.000000 192.575197 29.000000 211.575197
sb5 91.210320 71.740063 130.210320 120.740063
sb6 228.000000 191.231104 268.000000 209.231104
sb7 193.391499 98.769708 215.391499 138.769708
sb8 105.263706 206.000000 155.263706 268.000000
sb9 215.703757 108.940573 231.703757 149.940573
sb10 82.861074 45.820943 100.861074 97.820943
sb11 59.175989 125.822142 98.175989 184.822142
sb12 105.409526 61.921368 166.409526 89.921368
sb13 197.614228 142.962573 245.614228 199.962573
sb14 201.695674 17.860667 264.695674 60.860667
sb15 209.000000 139.115702 268.000000 191.115702
sb16 164.324596 101.437837 200.324596 158.437837
sb17 122.550679 202.000000 166.550679 268.000000
sb18 52.865084 0.000000 100.865084 51.000000
sb19 131.294203 159.370603 162.294203 209.370603
sb20 117.285740 174.265993 154.285740 193.265993
sb21 45.019292 163.867112 109.019292 213.867112
sb22 92.358215 133.425005 141.358215 167.425005
sb23 229.972364 128.679546 249.972364 177.679546
sb24 159.496177 156.735161 204.496177 184.735161
sb25 214.000000 92.235292 268.000000 131.235292
sb26 116.005496 5.260170 171.005496 45.260170
sb27 243.000000 81.252085 268.000000 146.252085
sb28 182.558320 222.000000 221.558320 268.000000
sb29 155.428915 92.925770 179.428915 154.925770
sb30 134.247011 51.990925 158.247011 77.990925
sb31 90.795460 98.080486 116.795460 132.080486
sb32 156.714568 197.444072 199.714568 250.444072
sb33 172.774756 96.325145 194.774756 131.325145
sb34 56.613113 55.024971 83.613113 109.024971
sb35 16.309723 186.939118 47.309723 224.939118
sb36 98.434457 4.064636 137.434457 71.064636
sb37 144.293083 103.003851 164.293083 163.003851
sb38 207.133495 135.237354 230.133495 192.237354
sb39 61.211998 71.945024 113.211998 126.945024
sb40 23.963697 132.278442 49.963697 161.278442
sb41 103.034891 152.197738 130.034891 207.197738
sb42 0.000000 61.392771 62.000000 114.392771
sb43 0.000000 209.413241 61.000000 255.413241
sb44 138.220748 36.409453 203.220748 83.409453
sb45 245.000000 145.718237 268.000000 189.718237
sb46 7.210887 172.015741 46.210887 194.015741
sb47 163.271186 67.313213 228.271186 100.313213
sb48 0.000000 1.296524 57.000000 28.296524
sb49 201.038445 60.966237 248.038445 125.966237
sb50 145.705834 146.287111 212.705834 178.287111
sb51 111.576945 211.000000 149.576945 268.000000
sb52 144.312037 152.055202 198.312037 197.055202
sb53 57.120735 28.195445 100.120735 49.195445
sb54 161.528547 176.084871 179.528547 237.084871
sb55 100.750821 40.117169 134.750821 96.117169
sb56 0.000000 96.536779 17.000000 159.536779
sb57 46.862996 120.505283 64.862996 167.505283
sb58 61.345085 222.070030 107.345085 256.070030
sb59 59.272766 231.000000 109.272766 268.000000
sb60 155.121785 245.000000 195.121785 268.000000
sb61 159.402094 86.387208 192.402094 109.387208
sb62 192.977068 10.811729 252.977068 29.811729
sb63 181.240529 179.405308 217.240529 224.405308
sb64 106.944390 91.480961 156.944390 138.480961
sb65 0.000000 145.645535 57.000000 201.645535
sb66 97.450072 0.000000 164.450072 61.000000
sb67 128.817102 77.098475 172.817102 117.098475
sb68 197.236640 28.689195 249.236640 91.689195
sb69 0.000000 30.530507 54.000000 57.530507
sb70 118.121302 85.134878 160.121302 127.134878
sb71 103.036106 193.094323 167.036106 215.094323
sb72 42.900820 154.425004 103.900820 215.425004
sb73 207.000000 0.000000 268.000000 67.000000
sb74 21.651194 109.670489 59.651194 151.670489
sb75 136.997575 0.000000 155.997575 28.000000
sb76 176.211710 113.389914 198.211710 146.389914
sb77 187.816522 211.000000 253.816522 268.000000
sb78 197.504615 182.521472 233.504615 214.521472
sb79 0.000000 79.236564 60.000000 120.236564
sb80 201.384090 87.907337 217.384090 145.907337
sb81 104.838561 162.139490 144.838561 212.139490
sb82 48.454138 96.532744 95.454138 153.532744
sb83 78.249466 146.979133 100.249466 162.979133
sb84 167.519953 122.468419 234.519953 144.468419
sb85 180.338302 80.279587 200.338302 105.279587
sb86 110.173767 122.514350 166.173767 159.514350
sb87 61.152216 109.321434 100.152216 153.321434
sb88 0.000000 53.863686 37.000000 77.863686
sb89 58.951444 47.701329 96.951444 74.701329
sb90 146.769394 235.000000 185.769394 268.000000
sb91 43.448683 54.038102 99.448683 87.038102
sb92 0.000000 54.855278 26.000000 70.855278
sb93 59.977624 216.281805 124.977624 251.281805
sb94 165.170425 6.565883 206.170425 65.565883
sb95 54.503395 214.479572 105.503395 233.479572
sb96 98.458774 117.875761 138.458774 183.875761
sb97 171.092163 0.000000 188.092163 67.000000
sb98 168.380551 176.412736 190.380551 238.412736
sb99 219.000000 202.000000 268.000000 268.000000

[Iter 2300]
sb0 152.188847 54.662173 195.188847 87.662173
sb1 147.755499 0.000000 212.755499 37.000000
sb2 53.375283 183.564823 106.375283 217.564823
sb3 4.979166 120.541743 41.979166 187.541743
sb4 0.000000 192.823098 29.000000 211.823098
sb5 90.631799 71.373075 129.631799 120.373075
sb6 228.000000 191.076023 268.000000 209.076023
sb7 192.992247 99.342079 214.992247 139.342079
sb8 105.701439 206.000000 155.701439 268.000000
sb9 216.234709 108.089127 232.234709 149.089127
sb10 82.519568 43.395275 100.519568 95.395275
sb11 59.188772 125.475617 98.188772 184.475617
sb12 105.668113 61.835862 166.668113 89.835862
sb13 198.330002 142.667239 246.330002 199.667239
sb14 202.366485 17.631991 265.366485 60.631991
sb15 209.000000 139.111873 268.000000 191.111873
sb16 162.812185 100.801990 198.812185 157.801990
sb17 122.122712 202.000000 166.122712 268.000000
sb18 52.908342 0.000000 100.908342 51.000000
sb19 131.448347 158.979425 162.448347 208.979425
sb20 117.250703 174.163962 154.250703 193.163962
sb21 43.778769 163.765151 107.778769 213.765151
sb22 92.599844 133.317806 141.599844 167.317806
sb23 230.018949 129.439986 250.018949 178.439986
sb24 159.774742 155.855718 204.774742 183.855718
sb25 214.000000 92.403221 268.000000 131.403221
sb26 116.194412 3.571756 171.194412 43.571756
sb27 243.000000 80.388222 268.000000 145.388222
sb28 182.355084 222.000000 221.355084 268.000000
sb29 155.347539 93.282049 179.347539 155.282049
sb30 134.356549 50.458026 158.356549 76.458026
sb31 88.093951 95.548833 114.093951 129.548833
sb32 157.315052 197.626638 200.315052 250.626638
sb33 172.241775 96.443480 194.241775 131.443480
sb34 56.366252 54.801384 83.366252 108.801384
sb35 15.000377 186.522855 46.000377 224.522855
sb36 98.387488 3.838399 137.387488 70.838399
sb37 143.918560 103.375891 163.918560 163.375891
sb38 206.886663 134.305165 229.886663 191.305165
sb39 60.869747 72.001430 112.869747 127.001430
sb40 23.886283 132.073494 49.886283 161.073494
sb41 102.726255 154.149051 129.726255 209.149051
sb42 0.000000 60.382115 62.000000 113.382115
sb43 0.000000 209.495270 61.000000 255.495270
sb44 138.039551 36.526783 203.039551 83.526783
sb45 245.000000 145.492891 268.000000 189.492891
sb46 6.921361 171.943197 45.921361 193.943197
sb47 163.429718 67.342956 228.429718 100.342956
sb48 0.000000 0.000000 57.000000 27.000000
sb49 200.772919 60.963791 247.772919 125.963791
sb50 145.538441 146.481833 212.538441 178.481833
sb51 110.679329 211.000000 148.679329 268.000000
sb52 145.033630 152.302912 199.033630 197.302912
sb53 56.178691 26.763194 99.178691 47.763194
sb54 161.410828 176.372855 179.410828 237.372855
sb55 100.932475 38.326814 134.932475 94.326814
sb56 0.000000 96.008034 17.000000 159.008034
sb57 45.611927 120.297300 63.611927 167.297300
sb58 61.598892 221.929752 107.598892 255.929752
sb59 58.498909 231.000000 108.498909 268.000000
sb60 155.170674 245.000000 195.170674 268.000000
sb61 158.273119 86.179957 191.273119 109.179957
sb62 192.722798 10.747846 252.722798 29.747846
sb63 181.098162 179.584423 217.098162 224.584423
sb64 106.928836 91.291343 156.928836 138.291343
sb65 0.000000 145.949092 57.000000 201.949092
sb66 97.799037 0.000000 164.799037 61.000000
sb67 128.425957 77.187771 172.425957 117.187771
sb68 197.219874 28.904713 249.219874 91.904713
sb69 0.000000 28.941391 54.000000 55.941391
sb70 115.914061 84.718978 157.914061 126.718978
sb71 102.833874 192.919471 166.833874 214.919471
sb72 42.695383 154.090492 103.695383 215.090492
sb73 207.000000 0.000000 268.000000 67.000000
sb74 21.474663 109.559817 59.474663 151.559817
sb75 136.870838 0.000000 155.870838 28.000000
sb76 176.338623 113.505338 198.338623 146.505338
sb77 188.062010 211.000000 254.062010 268.000000
sb78 197.477749 182.273823 233.477749 214.273823
sb79 0.000000 78.523658 60.000000 119.523658
sb80 200.489297 87.908614 216.489297 145.908614
sb81 105.339636 161.936071 145.339636 211.936071
sb82 48.154240 95.881545 95.154240 152.881545
sb83 78.038798 146.946739 100.038798 162.946739
sb84 167.715046 122.641672 234.715046 144.641672
sb85 180.277288 80.553331 200.277288 105.553331
sb86 107.938633 122.483388 163.938633 159.483388
sb87 60.037315 110.329255 99.037315 154.329255
sb88 0.000000 53.052923 37.000000 77.052923
sb89 59.263934 47.748638 97.263934 74.748638
sb90 146.183111 235.000000 185.183111 268.000000
sb91 43.297833 52.101170 99.297833 85.101170
sb92 0.000000 51.722864 26.000000 67.722864
sb93 58.973225 216.539078 123.973225 251.539078
sb94 165.328218 6.468109 206.328218 65.468109
sb95 53.509126 214.146240 104.509126 233.146240
sb96 97.961324 117.616467 137.961324 183.616467
sb97 171.105036 0.000000 188.105036 67.000000
sb98 168.410806 176.277853 190.410806 238.277853
sb99 219.000000 202.000000 268.000000 268.000000

[Iter 2350]
sb0 151.297767 53.886672 194.297767 86.886672
sb1 147.418173 0.000000 212.418173 37.000000
sb2 53.258238 183.328183 106.258238 217.328183
sb3 4.578508 118.845147 41.578508 185.845147
sb4 0.000000 192.747198 29.000000 211.747198
sb5 89.053787 71.589866 128.053787 120.589866
sb6 227.822498 191.010330 267.822498 209.010330
sb7 193.390846 99.688543 215.390846 139.688543
sb8 106.048588 206.000000 156.048588 268.000000
sb9 216.757920 107.234411 232.757920 148.234411
sb10 82.446253 40.540566 100.446253 92.540566
sb11 59.655059 125.389899 98.655059 184.389899
sb12 106.442569 61.551991 167.442569 89.551991
sb13 198.930129 142.678511 246.930129 199.678511
sb14 204.552428 17.785674 267.552428 60.785674
sb15 209.000000 138.802490 268.000000 190.802490
sb16 162.123904 100.944083 198.123904 157.944083
sb17 120.128410 202.000000 164.128410 268.000000
sb18 53.732108 0.000000 101.732108 51.000000
sb19 131.011040 158.528338 162.011040 208.528338
sb20 116.796279 174.030392 153.796279 193.030392
sb21 42.595013 164.028301 106.595013 214.028301
sb22 93.332379 132.783877 142.332379 166.783877
sb23 229.882080 129.540340 249.882080 178.540340
sb24 159.674901 155.686163 204.674901 183.686163
sb25 214.000000 92.346263 268.000000 131.346263
sb26 116.962467 2.016450 171.962467 42.016450
sb27 243.000000 79.720382 268.000000 144.720382
sb28 182.008681 222.000000 221.008681 268.000000
sb29 155.484727 95.103351 179.484727 157.103351
sb30 134.280209 49.541347 158.280209 75.541347
sb31 87.893632 92.145028 113.893632 126.145028
sb32 157.776322 198.919385 200.776322 251.919385
sb33 170.441139 96.300057 192.441139 131.300057
sb34 56.298450 54.583237 83.298450 108.583237
sb35 13.028279 184.678155 44.028279 222.678155
sb36 98.523726 4.026755 137.523726 71.026755
sb37 142.012078 104.599744 162.012078 164.599744
sb38 206.408634 134.293443 229.408634 191.293443
sb39 61.061686 71.807970 113.061686 126.807970
sb40 21.973372 132.122663 47.973372 161.122663
sb41 101.819869 154.281707 128.819869 209.281707
sb42 0.000000 59.846013 62.000000 112.846013
sb43 0.000000 209.615788 61.000000 255.615788
sb44 138.101845 36.904479 203.101845 83.904479
sb45 245.000000 145.455750 268.000000 189.455750
sb46 5.424320 171.960314 44.424320 193.960314
sb47 163.405750 67.317048 228.405750 100.317048
sb48 0.000000 0.000000 57.000000 27.000000
sb49 200.202431 61.331107 247.202431 126.331107
sb50 145.720847 146.370358 212.720847 178.370358
sb51 109.985786 211.000000 147.985786 268.000000
sb52 145.543079 153.458603 199.543079 198.458603
sb53 54.379000 26.078050 97.379000 47.078050
sb54 160.429829 176.608559 178.429829 237.608559
sb55 101.061702 36.259299 135.061702 92.259299
sb56 0.000000 96.074822 17.000000 159.074822
sb57 45.229068 119.627520 63.229068 166.627520
sb58 61.618721 221.728842 107.618721 255.728842
sb59 57.666614 231.000000 107.666614 268.000000
sb60 154.287943 245.000000 194.287943 268.000000
sb61 160.210261 85.540417 193.210261 108.540417
sb62 192.659587 10.340328 252.659587 29.340328
sb63 180.642975 179.528645 216.642975 224.528645
sb64 107.488535 90.700827 157.488535 137.700827
sb65 0.000000 145.669436 57.000000 201.669436
sb66 99.056758 0.000000 166.056758 61.000000
sb67 127.119454 77.163906 171.119454 117.163906
sb68 197.262898 28.733294 249.262898 91.733294
sb69 0.000000 28.380067 54.000000 55.380067
sb70 116.304602 83.916557 158.304602 125.916557
sb71 101.589220 193.072333 165.589220 215.072333
sb72 40.943050 153.817387 101.943050 214.817387
sb73 207.000000 0.000000 268.000000 67.000000
sb74 21.758566 109.828000 59.758566 151.828000
sb75 136.332739 0.000000 155.332739 28.000000
sb76 176.730247 113.349474 198.730247 146.349474
sb77 187.557976 211.000000 253.557976 268.000000
sb78 196.984158 182.395031 232.984158 214.395031
sb79 0.000000 77.222698 60.000000 118.222698
sb80 200.261082 88.243139 216.261082 146.243139
sb81 105.385486 161.664293 145.385486 211.664293
sb82 46.189595 95.175058 93.189595 152.175058
sb83 75.529764 147.159470 97.529764 163.159470
sb84 166.841777 122.666160 233.841777 144.666160
sb85 179.747399 82.294156 199.747399 107.294156
sb86 105.988211 121.980755 161.988211 158.980755
sb87 60.430164 109.642030 99.430164 153.642030
sb88 0.000000 51.769470 37.000000 75.769470
sb89 59.571868 47.331962 97.571868 74.331962
sb90 145.669836 235.000000 184.669836 268.000000
sb91 42.928262 50.204656 98.928262 83.204656
sb92 0.000000 50.929999 26.000000 66.929999
sb93 56.413895 216.539924 121.413895 251.539924
sb94 167.022511 6.463678 208.022511 65.463678
sb95 53.420778 214.001011 104.420778 233.001011
sb96 96.462162 117.955150 136.462162 183.955150
sb97 171.776994 0.000000 188.776994 67.000000
sb98 167.124819 176.653090 189.124819 238.653090
sb99 219.000000 202.000000 268.000000 268.000000

[Iter 2400]
sb0 151.133902 53.527908 194.133902 86.527908
sb1 147.115731 0.000000 212.115731 37.000000
sb2 52.688290 183.669407 105.688290 217.669407
sb3 3.733381 120.158398 40.733381 187.158398
sb4 0.000000 193.115159 29.000000 212.115159
sb5 89.498240 70.648541 128.498240 119.648541
sb6 227.645508 191.075391 267.645508 209.075391
sb7 197.352701 98.565258 219.352701 138.565258
sb8 106.861833 206.000000 156.861833 268.000000
sb9 219.273798 109.370255 235.273798 150.370255
sb10 82.533620 39.876844 100.533620 91.876844
sb11 60.832760 125.729411 99.832760 184.729411
sb12 107.141453 61.716091 168.141453 89.716091
sb13 199.825049 144.247783 247.825049 201.247783
sb14 204.877434 17.401207 267.877434 60.401207
sb15 209.000000 138.932613 268.000000 190.932613
sb16 162.135553 101.087126 198.135553 158.087126
sb17 119.883154 202.000000 163.883154 268.000000
sb18 53.720693 0.000000 101.720693 51.000000
sb19 131.100428 158.365193 162.100428 208.365193
sb20 113.628023 174.067607 150.628023 193.067607
sb21 42.060020 164.192316 106.060020 214.192316
sb22 96.411945 132.678585 145.411945 166.678585
sb23 230.753698 128.787807 250.753698 177.787807
sb24 159.800386 156.054642 204.800386 184.054642
sb25 214.000000 92.014142 268.000000 131.014142
sb26 117.342963 1.594736 172.342963 41.594736
sb27 243.000000 79.651449 268.000000 144.651449
sb28 181.439955 222.000000 220.439955 268.000000
sb29 159.405442 96.682048 183.405442 158.682048
sb30 134.381212 49.163969 158.381212 75.163969
sb31 88.033436 91.435886 114.033436 125.435886
sb32 158.851486 200.583877 201.851486 253.583877
sb33 169.944145 96.519097 191.944145 131.519097
sb34 56.434908 54.632050 83.434908 108.632050
sb35 12.613177 186.429007 43.613177 224.429007
sb36 97.641322 4.014821 136.641322 71.014821
sb37 140.318533 106.748871 160.318533 166.748871
sb38 206.998019 134.305094 229.998019 191.305094
sb39 62.670826 72.409604 114.670826 127.409604
sb40 20.936581 131.366044 46.936581 160.366044
sb41 101.994594 154.466318 128.994594 209.466318
sb42 0.000000 60.316367 62.000000 113.316367
sb43 0.000000 210.548298 61.000000 256.548298
sb44 137.351146 37.039068 202.351146 84.039068
sb45 245.000000 148.751545 268.000000 192.751545
sb46 2.593383 171.344619 41.593383 193.344619
sb47 163.913007 67.204765 228.913007 100.204765
sb48 0.000000 0.000000 57.000000 27.000000
sb49 199.807816 61.408177 246.807816 126.408177
sb50 145.383501 146.829088 212.383501 178.829088
sb51 109.059674 211.000000 147.059674 268.000000
sb52 146.275741 155.135704 200.275741 200.135704
sb53 53.020346 26.087618 96.020346 47.087618
sb54 159.294032 176.365277 177.294032 237.365277
sb55 101.153561 35.743145 135.153561 91.743145
sb56 0.000000 96.096965 17.000000 159.096965
sb57 44.698911 120.031966 62.698911 167.031966
sb58 62.191062 221.892516 108.191062 255.892516
sb59 56.540126 231.000000 106.540126 268.000000
sb60 154.568374 245.000000 194.568374 268.000000
sb61 160.367105 85.460943 193.367105 108.460943
sb62 192.827180 9.864902 252.827180 28.864902
sb63 180.040157 179.755836 216.040157 224.755836
sb64 110.776915 90.570541 160.776915 137.570541
sb65 0.000000 146.116638 57.000000 202.116638
sb66 98.976908 0.000000 165.976908 61.000000
sb67 127.216725 78.136369 171.216725 118.136369
sb68 197.259245 28.516379 249.259245 91.516379
sb69 0.000000 28.605694 54.000000 55.605694
sb70 116.475833 83.798518 158.475833 125.798518
sb71 100.605755 193.065041 164.605755 215.065041
sb72 39.034552 153.189692 100.034552 214.189692
sb73 207.000000 0.000000 268.000000 67.000000
sb74 22.345110 110.095346 60.345110 152.095346
sb75 135.649763 0.000000 154.649763 28.000000
sb76 180.359492 114.798228 202.359492 147.798228
sb77 188.475872 211.000000 254.475872 268.000000
sb78 197.244262 182.183706 233.244262 214.183706
sb79 0.000000 78.148774 60.000000 119.148774
sb80 200.747612 88.367472 216.747612 146.367472
sb81 105.038121 162.195113 145.038121 212.195113
sb82 45.351604 94.119614 92.351604 151.119614
sb83 75.187548 147.520049 97.187548 163.520049
sb84 166.344342 122.406733 233.344342 144.406733
sb85 179.947208 82.887115 199.947208 107.887115
sb86 106.017428 121.994079 162.017428 158.994079
sb87 60.737140 110.112032 99.737140 154.112032
sb88 0.000000 52.383439 37.000000 76.383439
sb89 59.307674 48.092439 97.307674 75.092439
sb90 145.001354 235.000000 184.001354 268.000000
sb91 41.204488 50.467359 97.204488 83.467359
sb92 0.000000 50.907198 26.000000 66.907198
sb93 56.178700 217.156670 121.178700 252.156670
sb94 167.374718 5.931814 208.374718 64.931814
sb95 53.143885 213.445377 104.143885 232.445377
sb96 95.510429 117.389615 135.510429 183.389615
sb97 171.897823 0.000000 188.897823 67.000000
sb98 167.432037 177.598975 189.432037 239.598975
sb99 219.000000 202.000000 268.000000 268.000000

[Iter 2450]
sb0 151.073941 54.026593 194.073941 87.026593
sb1 147.124063 0.000000 212.124063 37.000000
sb2 52.765681 184.406945 105.765681 218.406945
sb3 4.193658 121.172938 41.193658 188.172938
sb4 0.000000 194.315517 29.000000 213.315517
sb5 89.402685 70.290839 128.402685 119.290839
sb6 227.126185 190.636460 267.126185 208.636460
sb7 197.495768 98.849886 219.495768 138.849886
sb8 107.354573 206.000000 157.354573 268.000000
sb9 219.343058 109.463452 235.343058 150.463452
sb10 82.217873 37.327191 100.217873 89.327191
sb11 60.205621 126.248667 99.205621 185.248667
sb12 107.113169 61.943350 168.113169 89.943350
sb13 199.855397 144.572808 247.855397 201.572808
sb14 204.944740 17.452474 267.944740 60.452474
sb15 209.000000 138.570418 268.000000 190.570418
sb16 162.254138 101.758917 198.254138 158.758917
sb17 119.962643 202.000000 163.962643 268.000000
sb18 53.646400 0.000000 101.646400 51.000000
sb19 131.037026 157.960734 162.037026 207.960734
sb20 113.563485 174.151506 150.563485 193.151506
sb21 42.042808 165.517240 106.042808 215.517240
sb22 95.148837 133.013246 144.148837 167.013246
sb23 230.764467 127.827443 250.764467 176.827443
sb24 159.876049 156.441189 204.876049 184.441189
sb25 214.000000 91.145192 268.000000 130.145192
sb26 117.374444 1.532049 172.374444 41.532049
sb27 243.000000 79.168541 268.000000 144.168541
sb28 181.239234 222.000000 220.239234 268.000000
sb29 159.151164 96.620376 183.151164 158.620376
sb30 134.323877 49.060561 158.323877 75.060561
sb31 86.951654 89.111744 112.951654 123.111744
sb32 159.348917 200.817118 202.348917 253.817118
sb33 169.832195 96.614283 191.832195 131.614283
sb34 56.140241 54.667229 83.140241 108.667229
sb35 12.482617 187.602579 43.482617 225.602579
sb36 97.554708 3.850315 136.554708 70.850315
sb37 140.256516 107.065216 160.256516 167.065216
sb38 206.722661 134.000819 229.722661 191.000819
sb39 62.383540 72.843748 114.383540 127.843748
sb40 20.837775 131.105702 46.837775 160.105702
sb41 102.228339 154.863667 129.228339 209.863667
sb42 0.000000 60.093741 62.000000 113.093741
sb43 0.000000 211.364972 61.000000 257.364972
sb44 137.621269 36.901806 202.621269 83.901806
sb45 245.000000 151.039560 268.000000 195.039560
sb46 2.824327 170.912699 41.824327 192.912699
sb47 163.849357 67.122879 228.849357 100.122879
sb48 0.000000 0.000000 57.000000 27.000000
sb49 199.663084 62.055573 246.663084 127.055573
sb50 145.818256 147.653180 212.818256 179.653180
sb51 108.246707 211.000000 146.246707 268.000000
sb52 146.263521 155.243732 200.263521 200.243732
sb53 52.148172 25.278750 95.148172 46.278750
sb54 158.640253 177.312153 176.640253 238.312153
sb55 101.071253 35.528713 135.071253 91.528713
sb56 0.000000 96.579908 17.000000 159.579908
sb57 45.093932 120.256365 63.093932 167.256365
sb58 62.544373 222.223957 108.544373 256.223957
sb59 55.756961 231.000000 105.756961 268.000000
sb60 155.063647 245.000000 195.063647 268.000000
sb61 161.729294 85.566544 194.729294 108.566544
sb62 192.800332 8.549406 252.800332 27.549406
sb63 179.560590 180.156664 215.560590 225.156664
sb64 110.385638 91.073350 160.385638 138.073350
sb65 0.000000 146.778351 57.000000 202.778351
sb66 99.053422 0.000000 166.053422 61.000000
sb67 127.203309 77.728301 171.203309 117.728301
sb68 197.163575 27.497822 249.163575 90.497822
sb69 0.000000 28.478733 54.000000 55.478733
sb70 116.495357 83.547096 158.495357 125.547096
sb71 100.239130 192.885372 164.239130 214.885372
sb72 39.221327 152.946568 100.221327 213.946568
sb73 207.000000 0.000000 268.000000 67.000000
sb74 21.764920 109.994717 59.764920 151.994717
sb75 135.576757 0.000000 154.576757 28.000000
sb76 180.435425 115.281120 202.435425 148.281120
sb77 189.088993 211.000000 255.088993 268.000000
sb78 197.346030 182.148720 233.346030 214.148720
sb79 0.000000 79.089278 60.000000 120.089278
sb80 200.773184 88.466274 216.773184 146.466274
sb81 105.277683 162.260717 145.277683 212.260717
sb82 45.505498 94.073959 92.505498 151.073959
sb83 74.047624 150.117657 96.047624 166.117657
sb84 164.246480 122.863183 231.246480 144.863183
sb85 179.776427 83.042053 199.776427 108.042053
sb86 104.970287 121.691900 160.970287 158.691900
sb87 61.487455 110.707554 100.487455 154.707554
sb88 0.000000 53.119074 37.000000 77.119074
sb89 59.636231 48.319402 97.636231 75.319402
sb90 144.393878 235.000000 183.393878 268.000000
sb91 40.794354 50.491857 96.794354 83.491857
sb92 0.000000 50.939079 26.000000 66.939079
sb93 56.207625 218.141231 121.207625 253.141231
sb94 167.314691 5.923780 208.314691 64.923780
sb95 51.997128 213.366015 102.997128 232.366015
sb96 95.728133 117.099878 135.728133 183.099878
sb97 172.017779 0.000000 189.017779 67.000000
sb98 167.646282 178.351268 189.646282 240.351268
sb99 219.000000 202.000000 268.000000 268.000000

[Iter 2500]
sb0 151.089531 54.163047 194.089531 87.163047
sb1 147.068614 0.000000 212.068614 37.000000
sb2 52.338103 184.884120 105.338103 218.884120
sb3 4.540138 121.140609 41.540138 188.140609
sb4 0.000000 196.907640 29.000000 215.907640
sb5 88.740473 69.894261 127.740473 118.894261
sb6 226.656266 190.420283 266.656266 208.420283
sb7 197.766120 98.988587 219.766120 138.988587
sb8 107.739368 206.000000 157.739368 268.000000
sb9 219.574267 109.518469 235.574267 150.518469
sb10 82.325622 35.793901 100.325622 87.793901
sb11 60.018425 126.005156 99.018425 185.005156
sb12 107.454598 61.823996 168.454598 89.823996
sb13 200.231410 144.885686 248.231410 201.885686
sb14 205.000000 17.479742 268.000000 60.479742
sb15 209.000000 138.483313 268.000000 190.483313
sb16 162.671426 101.970514 198.671426 158.970514
sb17 120.019108 202.000000 164.019108 268.000000
sb18 53.886662 0.000000 101.886662 51.000000
sb19 131.594724 157.580600 162.594724 207.580600
sb20 113.323880 173.747648 150.323880 192.747648
sb21 41.609469 166.195632 105.609469 216.195632
sb22 95.890837 133.065734 144.890837 167.065734
sb23 235.182029 125.898305 255.182029 174.898305
sb24 161.956250 156.188152 206.956250 184.188152
sb25 214.000000 89.651556 268.000000 128.651556
sb26 117.467233 0.479662 172.467233 40.479662
sb27 243.000000 78.957016 268.000000 143.957016
sb28 180.952984 222.000000 219.952984 268.000000
sb29 159.372004 96.705267 183.372004 158.705267
sb30 134.267364 49.026080 158.267364 75.026080
sb31 88.031310 88.084157 114.031310 122.084157
sb32 159.822187 201.632781 202.822187 254.632781
sb33 169.890888 96.271333 191.890888 131.271333
sb34 56.557103 56.149280 83.557103 110.149280
sb35 11.680187 188.030892 42.680187 226.030892
sb36 97.085750 3.809329 136.085750 70.809329
sb37 139.870736 107.420515 159.870736 167.420515
sb38 210.078003 132.429318 233.078003 189.429318
sb39 62.187206 73.311578 114.187206 128.311578
sb40 20.096314 131.050800 46.096314 160.050800
sb41 102.023535 155.352339 129.023535 210.352339
sb42 0.000000 59.869566 62.000000 112.869566
sb43 0.000000 213.823477 61.000000 259.823477
sb44 136.955478 36.814605 201.955478 83.814605
sb45 244.955396 158.754488 267.955396 202.754488
sb46 2.520094 170.817466 41.520094 192.817466
sb47 164.493373 67.123003 229.493373 100.123003
sb48 0.000000 0.000000 57.000000 27.000000
sb49 199.585332 61.786735 246.585332 126.786735
sb50 145.899337 147.500631 212.899337 179.500631
sb51 107.433820 211.000000 145.433820 268.000000
sb52 146.389230 156.063421 200.389230 201.063421
sb53 48.876735 27.462713 91.876735 48.462713
sb54 157.928421 177.358574 175.928421 238.358574
sb55 101.010682 34.174044 135.010682 90.174044
sb56 0.000000 97.493398 17.000000 160.493398
sb57 45.652892 120.383421 63.652892 167.383421
sb58 62.624991 222.552229 108.624991 256.552229
sb59 54.989478 231.000000 104.989478 268.000000
sb60 155.125552 245.000000 195.125552 268.000000
sb61 163.333476 85.550515 196.333476 108.550515
sb62 192.994146 7.367518 252.994146 26.367518
sb63 178.794585 180.164069 214.794585 225.164069
sb64 110.667594 90.827467 160.667594 137.827467
sb65 0.000000 148.575100 57.000000 204.575100
sb66 99.237540 0.000000 166.237540 61.000000
sb67 126.982156 78.005018 170.982156 118.005018
sb68 197.152731 26.478426 249.152731 89.478426
sb69 0.000000 28.054534 54.000000 55.054534
sb70 117.273905 83.263462 159.273905 125.263462
sb71 99.077153 192.855231 163.077153 214.855231
sb72 38.818037 153.027322 99.818037 214.027322
sb73 207.000000 0.000000 268.000000 67.000000
sb74 20.974862 109.912550 58.974862 151.912550
sb75 135.545851 0.000000 154.545851 28.000000
sb76 180.333577 116.346071 202.333577 149.346071
sb77 189.437147 211.000000 255.437147 268.000000
sb78 197.250917 181.538892 233.250917 213.538892
sb79 0.000000 79.098171 60.000000 120.098171
sb80 201.409398 90.865746 217.409398 148.865746
sb81 104.797054 162.483154 144.797054 212.483154
sb82 44.677861 94.181212 91.677861 151.181212
sb83 73.991723 150.996328 95.991723 166.996328
sb84 164.389659 122.467315 231.389659 144.467315
sb85 179.617757 82.151888 199.617757 107.151888
sb86 105.048889 121.979044 161.048889 158.979044
sb87 62.491172 111.010872 101.491172 155.010872
sb88 0.000000 53.004226 37.000000 77.004226
sb89 59.967357 48.498963 97.967357 75.498963
sb90 143.803728 235.000000 182.803728 268.000000
sb91 39.963299 50.500759 95.963299 83.500759
sb92 0.000000 50.792595 26.000000 66.792595
sb93 56.195437 218.964199 121.195437 253.964199
sb94 167.432882 5.805278 208.432882 64.805278
sb95 50.275706 213.565055 101.275706 232.565055
sb96 95.240492 116.555518 135.240492 182.555518
sb97 171.979021 0.000000 188.979021 67.000000
sb98 167.816299 178.293780 189.816299 240.293780
sb99 219.000000 202.000000 268.000000 268.000000

[Iter 2550]
sb0 151.080744 54.061022 194.080744 87.061022
sb1 146.990288 0.000000 211.990288 37.000000
sb2 52.604785 184.865332 105.604785 218.865332
sb3 4.604076 121.208225 41.604076 188.208225
sb4 0.000000 197.122643 29.000000 216.122643
sb5 88.661300 64.976604 127.661300 113.976604
sb6 226.903569 190.283885 266.903569 208.283885
sb7 197.234443 100.072111 219.234443 140.072111
sb8 107.912781 206.000000 157.912781 268.000000
sb9 219.856746 109.433924 235.856746 150.433924
sb10 82.277033 34.271551 100.277033 86.271551
sb11 60.967450 126.160632 99.967450 185.160632
sb12 107.757962 61.718170 168.757962 89.718170
sb13 201.057681 145.171210 249.057681 202.171210
sb14 205.000000 18.071958 268.000000 61.071958
sb15 209.000000 138.545225 268.000000 190.545225
sb16 162.996343 102.011875 198.996343 159.011875
sb17 119.713393 202.000000 163.713393 268.000000
sb18 53.569477 0.000000 101.569477 51.000000
sb19 132.157546 157.277593 163.157546 207.277593
sb20 110.405233 173.412985 147.405233 192.412985
sb21 41.679834 167.298422 105.679834 217.298422
sb22 97.077327 133.113340 146.077327 167.113340
sb23 240.584343 125.807721 260.584343 174.807721
sb24 163.650380 156.155677 208.650380 184.155677
sb25 214.000000 90.209215 268.000000 129.209215
sb26 117.513552 0.011211 172.513552 40.011211
sb27 243.000000 77.812865 268.000000 142.812865
sb28 180.838019 222.000000 219.838019 268.000000
sb29 159.372668 96.939896 183.372668 158.939896
sb30 134.307946 48.780441 158.307946 74.780441
sb31 88.064823 87.791047 114.064823 121.791047
sb32 160.279613 202.463574 203.279613 255.463574
sb33 169.745219 96.856991 191.745219 131.856991
sb34 56.854826 58.774323 83.854826 112.774323
sb35 11.330072 187.964432 42.330072 225.964432
sb36 96.088131 0.027451 135.088131 67.027451
sb37 139.951950 109.079259 159.951950 169.079259
sb38 211.909646 131.490650 234.909646 188.490650
sb39 62.247195 73.193446 114.247195 128.193446
sb40 20.656119 130.739435 46.656119 159.739435
sb41 101.891296 155.576488 128.891296 210.576488
sb42 0.000000 61.499986 62.000000 114.499986
sb43 0.000000 213.733277 61.000000 259.733277
sb44 135.471545 36.609092 200.471545 83.609092
sb45 241.892459 164.328784 264.892459 208.328784
sb46 2.568725 170.653711 41.568725 192.653711
sb47 165.229782 67.728992 230.229782 100.728992
sb48 0.000000 0.000000 57.000000 27.000000
sb49 198.277390 60.956020 245.277390 125.956020
sb50 145.905096 147.318600 212.905096 179.318600
sb51 107.114239 211.000000 145.114239 268.000000
sb52 147.224451 156.815264 201.224451 201.815264
sb53 46.269704 30.254366 89.269704 51.254366
sb54 157.732021 177.486656 175.732021 238.486656
sb55 101.011384 33.836609 135.011384 89.836609
sb56 0.000000 98.482142 17.000000 161.482142
sb57 45.679810 121.626948 63.679810 168.626948
sb58 62.557153 222.638641 108.557153 256.638641
sb59 54.563828 231.000000 104.563828 268.000000
sb60 155.139407 245.000000 195.139407 268.000000
sb61 163.405684 85.489519 196.405684 108.489519
sb62 193.196390 7.939603 253.196390 26.939603
sb63 178.707803 180.069875 214.707803 225.069875
sb64 110.714367 90.504698 160.714367 137.504698
sb65 0.000000 149.302651 57.000000 205.302651
sb66 99.277171 0.000000 166.277171 61.000000
sb67 126.242133 78.790928 170.242133 118.790928
sb68 197.139453 27.161357 249.139453 90.161357
sb69 0.000000 28.971007 54.000000 55.971007
sb70 117.238664 83.170621 159.238664 125.170621
sb71 99.107171 191.883619 163.107171 213.883619
sb72 38.889871 152.885782 99.889871 213.885782
sb73 207.000000 0.000000 268.000000 67.000000
sb74 21.824620 111.831492 59.824620 153.831492
sb75 135.641713 0.000000 154.641713 28.000000
sb76 180.293020 117.431198 202.293020 150.431198
sb77 189.446691 211.000000 255.446691 268.000000
sb78 197.007334 181.266459 233.007334 213.266459
sb79 0.000000 79.327808 60.000000 120.327808
sb80 201.275936 92.169118 217.275936 150.169118
sb81 105.363761 162.615803 145.363761 212.615803
sb82 45.460251 93.832188 92.460251 150.832188
sb83 74.048707 151.434490 96.048707 167.434490
sb84 166.610977 122.255810 233.610977 144.255810
sb85 177.082493 81.101075 197.082493 106.101075
sb86 105.416887 122.112311 161.416887 159.112311
sb87 62.990969 112.652777 101.990969 156.652777
sb88 0.000000 53.218958 37.000000 77.218958
sb89 59.678840 48.487625 97.678840 75.487625
sb90 143.554413 235.000000 182.554413 268.000000
sb91 36.662090 52.076761 92.662090 85.076761
sb92 0.000000 50.992416 26.000000 66.992416
sb93 56.041482 220.333774 121.041482 255.333774
sb94 167.283813 6.253757 208.283813 65.253757
sb95 50.555522 213.455213 101.555522 232.455213
sb96 94.780107 113.878793 134.780107 179.878793
sb97 172.027321 0.000000 189.027321 67.000000
sb98 167.615657 178.428034 189.615657 240.428034
sb99 219.000000 202.000000 268.000000 268.000000

[Iter 2600]
sb0 150.995879 54.144845 193.995879 87.144845
sb1 146.822937 0.000000 211.822937 37.000000
sb2 52.735954 184.666213 105.735954 218.666213
sb3 4.527089 121.191780 41.527089 188.191780
sb4 0.000000 197.217651 29.000000 216.217651
sb5 86.816307 63.977683 125.816307 112.977683
sb6 227.107789 190.061625 267.107789 208.061625
sb7 197.624460 100.716313 219.624460 140.716313
sb8 108.033910 206.000000 158.033910 268.000000
sb9 219.873881 109.506205 235.873881 150.506205
sb10 82.240078 32.035535 100.240078 84.035535
sb11 60.948360 125.807167 99.948360 184.807167
sb12 108.414964 61.734002 169.414964 89.734002
sb13 201.622547 145.670721 249.622547 202.670721
sb14 205.000000 18.564702 268.000000 61.564702
sb15 209.000000 138.462919 268.000000 190.462919
sb16 163.231096 102.288433 199.231096 159.288433
sb17 117.874340 202.000000 161.874340 268.000000
sb18 53.487437 0.000000 101.487437 51.000000
sb19 132.316257 157.017200 163.316257 207.017200
sb20 110.325552 173.450355 147.325552 192.450355
sb21 41.423995 167.357730 105.423995 217.357730
sb22 97.342719 133.262951 146.342719 167.262951
sb23 248.000000 125.099333 268.000000 174.099333
sb24 163.890351 156.478197 208.890351 184.478197
sb25 214.000000 91.800834 268.000000 130.800834
sb26 117.689574 0.000000 172.689574 40.000000
sb27 243.000000 77.131667 268.000000 142.131667
sb28 180.650064 222.000000 219.650064 268.000000
sb29 159.194551 96.921135 183.194551 158.921135
sb30 134.242408 48.239337 158.242408 74.239337
sb31 87.960011 86.910703 113.960011 120.910703
sb32 160.482994 202.653041 203.482994 255.653041
sb33 167.226199 96.950780 189.226199 131.950780
sb34 57.091999 58.839298 84.091999 112.839298
sb35 11.002218 188.158011 42.002218 226.158011
sb36 95.849729 0.000000 134.849729 67.000000
sb37 139.588986 109.083060 159.588986 169.083060
sb38 214.093513 132.288411 237.093513 189.288411
sb39 62.140885 72.870760 114.140885 127.870760
sb40 19.831188 131.116659 45.831188 160.116659
sb41 101.971431 155.240318 128.971431 210.240318
sb42 0.000000 61.989711 62.000000 114.989711
sb43 0.000000 214.054268 61.000000 260.054268
sb44 135.465969 36.827951 200.465969 83.827951
sb45 239.051113 162.104149 262.051113 206.104149
sb46 2.499240 171.093254 41.499240 193.093254
sb47 166.031125 68.332156 231.031125 101.332156
sb48 0.000000 0.000000 57.000000 27.000000
sb49 197.504648 60.958895 244.504648 125.958895
sb50 145.955210 147.079299 212.955210 179.079299
sb51 106.643631 211.000000 144.643631 268.000000
sb52 147.550623 156.990144 201.550623 201.990144
sb53 44.601616 31.411759 87.601616 52.411759
sb54 157.505510 177.340170 175.505510 238.340170
sb55 100.969932 33.539127 134.969932 89.539127
sb56 0.000000 99.092729 17.000000 162.092729
sb57 45.684011 121.464955 63.684011 168.464955
sb58 62.481337 222.466794 108.481337 256.466794
sb59 54.106463 231.000000 104.106463 268.000000
sb60 154.836077 245.000000 194.836077 268.000000
sb61 163.763443 85.630582 196.763443 108.630582
sb62 193.442645 9.627915 253.442645 28.627915
sb63 178.685283 180.035582 214.685283 225.035582
sb64 110.651926 90.311298 160.651926 137.311298
sb65 0.000000 149.471299 57.000000 205.471299
sb66 99.278729 0.000000 166.278729 61.000000
sb67 124.389794 77.987684 168.389794 117.987684
sb68 197.368165 28.870560 249.368165 91.870560
sb69 0.000000 29.194201 54.000000 56.194201
sb70 117.332412 82.863391 159.332412 124.863391
sb71 99.043620 191.720526 163.043620 213.720526
sb72 38.908813 153.524339 99.908813 214.524339
sb73 207.000000 0.000000 268.000000 67.000000
sb74 21.718721 112.398664 59.718721 154.398664
sb75 135.083876 0.000000 154.083876 28.000000
sb76 180.301317 117.491359 202.301317 150.491359
sb77 189.978510 211.000000 255.978510 268.000000
sb78 193.765170 181.440708 229.765170 213.440708
sb79 0.000000 79.230340 60.000000 120.230340
sb80 201.258367 95.371157 217.258367 153.371157
sb81 105.526621 162.470593 145.526621 212.470593
sb82 44.895414 95.232180 91.895414 152.232180
sb83 73.901457 151.556200 95.901457 167.556200
sb84 166.347916 122.225436 233.347916 144.225436
sb85 176.277930 82.747695 196.277930 107.747695
sb86 105.249402 121.832062 161.249402 158.832062
sb87 63.304791 112.644341 102.304791 156.644341
sb88 0.000000 53.047766 37.000000 77.047766
sb89 59.465435 48.339073 97.465435 75.339073
sb90 143.103470 235.000000 182.103470 268.000000
sb91 34.234952 54.629757 90.234952 87.629757
sb92 0.000000 51.424605 26.000000 67.424605
sb93 54.040424 220.516074 119.040424 255.516074
sb94 167.267152 6.649826 208.267152 65.649826
sb95 49.647022 213.811607 100.647022 232.811607
sb96 94.170710 113.735840 134.170710 179.735840
sb97 172.233170 0.000000 189.233170 67.000000
sb98 166.454001 180.576424 188.454001 242.576424
sb99 219.000000 202.000000 268.000000 268.000000

[Iter 2650]
sb0 150.924832 52.456899 193.924832 85.456899
sb1 146.606497 0.000000 211.606497 37.000000
sb2 52.599396 185.238817 105.599396 219.238817
sb3 4.856644 121.126947 41.856644 188.126947
sb4 0.000000 197.498845 29.000000 216.498845
sb5 86.041375 63.780140 125.041375 112.780140
sb6 227.545829 189.959410 267.545829 207.959410
sb7 197.924103 100.746588 219.924103 140.746588
sb8 108.389929 206.000000 158.389929 268.000000
sb9 220.614711 109.518723 236.614711 150.518723
sb10 82.265538 29.107688 100.265538 81.107688
sb11 61.141358 126.323515 100.141358 185.323515
sb12 108.536305 61.684794 169.536305 89.684794
sb13 201.838960 145.905213 249.838960 202.905213
sb14 205.000000 18.493871 268.000000 61.493871
sb15 209.000000 138.360699 268.000000 190.360699
sb16 162.642839 100.700920 198.642839 157.700920
sb17 117.069556 202.000000 161.069556 268.000000
sb18 53.570453 0.000000 101.570453 51.000000
sb19 132.525106 156.325019 163.525106 206.325019
sb20 109.395499 173.305429 146.395499 192.305429
sb21 41.416065 167.120028 105.416065 217.120028
sb22 97.763623 133.317573 146.763623 167.317573
sb23 248.000000 125.979890 268.000000 174.979890
sb24 164.157739 155.278823 209.157739 183.278823
sb25 214.000000 92.760037 268.000000 131.760037
sb26 122.345497 0.000000 177.345497 40.000000
sb27 243.000000 77.121226 268.000000 142.121226
sb28 180.446809 222.000000 219.446809 268.000000
sb29 159.477789 96.906689 183.477789 158.906689
sb30 134.867733 46.114425 158.867733 72.114425
sb31 88.893205 84.207368 114.893205 118.207368
sb32 160.878556 202.884685 203.878556 255.884685
sb33 166.643481 96.580624 188.643481 131.580624
sb34 57.637865 58.872253 84.637865 112.872253
sb35 10.900142 188.364038 41.900142 226.364038
sb36 95.422728 0.000000 134.422728 67.000000
sb37 139.105652 109.287202 159.105652 169.287202
sb38 214.492486 133.643474 237.492486 190.643474
sb39 62.148637 73.228770 114.148637 128.228770
sb40 19.212214 130.993134 45.212214 159.993134
sb41 102.394851 154.944905 129.394851 209.944905
sb42 0.000000 61.895211 62.000000 114.895211
sb43 0.000000 214.468379 61.000000 260.468379
sb44 135.262530 36.850003 200.262530 83.850003
sb45 239.254999 164.141070 262.254999 208.141070
sb46 1.026347 170.834243 40.026347 192.834243
sb47 166.406505 68.287175 231.406505 101.287175
sb48 0.000000 0.000000 57.000000 27.000000
sb49 197.363061 61.229521 244.363061 126.229521
sb50 145.728749 147.240575 212.728749 179.240575
sb51 106.100384 211.000000 144.100384 268.000000
sb52 147.328348 157.070703 201.328348 202.070703
sb53 43.522156 31.456478 86.522156 52.456478
sb54 157.395168 177.446983 175.395168 238.446983
sb55 100.742408 30.606691 134.742408 86.606691
sb56 0.000000 99.208123 17.000000 162.208123
sb57 46.231555 120.684075 64.231555 167.684075
sb58 62.591845 223.013884 108.591845 257.013884
sb59 53.456485 231.000000 103.456485 268.000000
sb60 154.236687 245.000000 194.236687 268.000000
sb61 166.617335 83.321070 199.617335 106.321070
sb62 196.489553 9.784211 256.489553 28.784211
sb63 178.572221 180.077881 214.572221 225.077881
sb64 110.666864 90.211448 160.666864 137.211448
sb65 0.000000 149.551622 57.000000 205.551622
sb66 99.432382 0.000000 166.432382 61.000000
sb67 123.466547 77.756632 167.466547 117.756632
sb68 200.360458 29.388941 252.360458 92.388941
sb69 0.000000 29.092863 54.000000 56.092863
sb70 117.745424 80.589681 159.745424 122.589681
sb71 99.027576 191.649265 163.027576 213.649265
sb72 37.899440 153.452039 98.899440 214.452039
sb73 207.000000 0.000000 268.000000 67.000000
sb74 21.916070 112.456086 59.916070 154.456086
sb75 134.411208 0.000000 153.411208 28.000000
sb76 180.904227 117.508634 202.904227 150.508634
sb77 189.659339 211.000000 255.659339 268.000000
sb78 192.395089 181.297094 228.395089 213.297094
sb79 0.000000 78.989678 60.000000 119.989678
sb80 201.249336 96.421343 217.249336 154.421343
sb81 105.587000 162.630587 145.587000 212.630587
sb82 44.175533 94.970530 91.175533 151.970530
sb83 73.741519 151.411453 95.741519 167.411453
sb84 165.234298 122.023783 232.234298 144.023783
sb85 176.536441 83.161191 196.536441 108.161191
sb86 105.049412 120.692089 161.049412 157.692089
sb87 64.396228 111.817681 103.396228 155.817681
sb88 0.000000 52.721085 37.000000 76.721085
sb89 59.695449 48.486007 97.695449 75.486007
sb90 142.669043 235.000000 181.669043 268.000000
sb91 33.153176 54.578360 89.153176 87.578360
sb92 0.000000 50.917789 26.000000 66.917789
sb93 52.840430 220.231707 117.840430 255.231707
sb94 167.389886 6.549328 208.389886 65.549328
sb95 49.624445 213.671801 100.624445 232.671801
sb96 93.638356 113.697392 133.638356 179.697392
sb97 176.879209 0.000000 193.879209 67.000000
sb98 166.008898 180.600609 188.008898 242.600609
sb99 219.000000 202.000000 268.000000 268.000000

[Iter 2700]
sb0 149.961154 50.562179 192.961154 83.562179
sb1 146.322835 0.000000 211.322835 37.000000
sb2 52.313206 186.900417 105.313206 220.900417
sb3 4.893295 121.145987 41.893295 188.145987
sb4 0.000000 201.335825 29.000000 220.335825
sb5 85.588900 63.805839 124.588900 112.805839
sb6 227.297932 189.420835 267.297932 207.420835
sb7 198.175424 100.779338 220.175424 140.779338
sb8 108.650347 206.000000 158.650347 268.000000
sb9 220.867892 109.490159 236.867892 150.490159
sb10 80.945208 25.217042 98.945208 77.217042
sb11 60.777790 127.670429 99.777790 186.670429
sb12 107.885518 61.645439 168.885518 89.645439
sb13 201.654487 146.160267 249.654487 203.160267
sb14 205.000000 18.635441 268.000000 61.635441
sb15 209.000000 137.844806 268.000000 189.844806
sb16 162.305831 98.653465 198.305831 155.653465
sb17 116.555315 202.000000 160.555315 268.000000
sb18 53.385199 0.000000 101.385199 51.000000
sb19 132.988415 155.892776 163.988415 205.892776
sb20 109.294931 173.284176 146.294931 192.284176
sb21 41.413838 167.109230 105.413838 217.109230
sb22 98.505967 133.186403 147.505967 167.186403
sb23 248.000000 127.604758 268.000000 176.604758
sb24 164.189827 153.961023 209.189827 181.961023
sb25 214.000000 93.678664 268.000000 132.678664
sb26 125.029545 0.000000 180.029545 40.000000
sb27 243.000000 77.109001 268.000000 142.109001
sb28 180.363061 222.000000 219.363061 268.000000
sb29 159.514051 97.783258 183.514051 159.783258
sb30 134.105854 45.518150 158.105854 71.518150
sb31 89.551465 82.456308 115.551465 116.456308
sb32 161.301303 204.103933 204.301303 257.103933
sb33 166.257599 96.009161 188.257599 131.009161
sb34 58.320910 59.625837 85.320910 113.625837
sb35 10.651478 188.478625 41.651478 226.478625
sb36 95.011705 0.000000 134.011705 67.000000
sb37 137.741143 110.184606 157.741143 170.184606
sb38 215.130121 134.223651 238.130121 191.223651
sb39 61.598341 74.257959 113.598341 129.257959
sb40 17.890629 131.003971 43.890629 160.003971
sb41 102.812482 154.674016 129.812482 209.674016
sb42 0.000000 62.627427 62.000000 115.627427
sb43 0.000000 217.955295 61.000000 263.955295
sb44 135.116373 36.961964 200.116373 83.961964
sb45 239.184403 166.598972 262.184403 210.598972
sb46 0.000000 170.643925 39.000000 192.643925
sb47 165.559066 68.391652 230.559066 101.391652
sb48 0.000000 0.000000 57.000000 27.000000
sb49 197.339314 61.453686 244.339314 126.453686
sb50 145.432643 147.041055 212.432643 179.041055
sb51 105.885360 211.000000 143.885360 268.000000
sb52 147.442801 158.173692 201.442801 203.173692
sb53 40.473328 33.257599 83.473328 54.257599
sb54 157.351267 177.434077 175.351267 238.434077
sb55 99.674125 28.113439 133.674125 84.113439
sb56 0.000000 100.655647 17.000000 163.655647
sb57 46.320496 120.487149 64.320496 167.487149
sb58 62.721880 224.292986 108.721880 258.292986
sb59 53.070006 231.000000 103.070006 268.000000
sb60 154.242152 245.000000 194.242152 268.000000
sb61 167.716993 81.303407 200.716993 104.303407
sb62 198.413651 10.201533 258.413651 29.201533
sb63 178.632944 179.833668 214.632944 224.833668
sb64 110.777806 90.092439 160.777806 137.092439
sb65 0.000000 152.360857 57.000000 208.360857
sb66 99.257680 0.000000 166.257680 61.000000
sb67 123.007276 78.013027 167.007276 118.013027
sb68 201.428913 30.058285 253.428913 93.058285
sb69 0.000000 29.606971 54.000000 56.606971
sb70 117.829193 79.641171 159.829193 121.641171
sb71 98.917119 191.484963 162.917119 213.484963
sb72 36.808186 153.146932 97.808186 214.146932
sb73 207.000000 0.000000 268.000000 67.000000
sb74 21.579604 114.560979 59.579604 156.560979
sb75 134.153362 0.000000 153.153362 28.000000
sb76 181.164657 117.983404 203.164657 150.983404
sb77 189.879862 211.000000 255.879862 268.000000
sb78 191.049888 180.963124 227.049888 212.963124
sb79 0.000000 78.823970 60.000000 119.823970
sb80 201.071763 97.178599 217.071763 155.178599
sb81 105.073275 162.752077 145.073275 212.752077
sb82 42.762637 94.287500 89.762637 151.287500
sb83 73.642178 151.414342 95.642178 167.414342
sb84 163.622276 121.782879 230.622276 143.782879
sb85 176.415879 83.235221 196.415879 108.235221
sb86 104.967771 119.951136 160.967771 156.951136
sb87 64.992747 111.763883 103.992747 155.763883
sb88 0.000000 52.491759 37.000000 76.491759
sb89 59.418504 49.002287 97.418504 76.002287
sb90 142.596730 235.000000 181.596730 268.000000
sb91 32.380332 54.547454 88.380332 87.547454
sb92 0.000000 52.458973 26.000000 68.458973
sb93 52.171902 220.318419 117.171902 255.318419
sb94 167.304031 6.509588 208.304031 65.509588
sb95 49.982117 213.320159 100.982117 232.320159
sb96 92.436509 113.522209 132.436509 179.522209
sb97 179.868255 0.000000 196.868255 67.000000
sb98 165.666103 180.711652 187.666103 242.711652
sb99 219.000000 202.000000 268.000000 268.000000

[Iter 2750]
sb0 149.427276 50.501949 192.427276 83.501949
sb1 146.196271 0.000000 211.196271 37.000000
sb2 52.106918 187.624450 105.106918 221.624450
sb3 4.396016 121.173363 41.396016 188.173363
sb4 0.000000 201.444744 29.000000 220.444744
sb5 85.710088 63.747007 124.710088 112.747007
sb6 227.499240 189.256957 267.499240 207.256957
sb7 197.763136 100.736622 219.763136 140.736622
sb8 108.759223 206.000000 158.759223 268.000000
sb9 220.529592 109.873541 236.529592 150.873541
sb10 80.147053 24.939087 98.147053 76.939087
sb11 60.725621 128.222953 99.725621 187.222953
sb12 107.796581 61.504026 168.796581 89.504026
sb13 201.831933 146.732094 249.831933 203.732094
sb14 205.000000 18.748102 268.000000 61.748102
sb15 209.000000 137.797864 268.000000 189.797864
sb16 162.376330 98.467117 198.376330 155.467117
sb17 116.422937 202.000000 160.422937 268.000000
sb18 53.355979 0.000000 101.355979 51.000000
sb19 133.035463 155.924946 164.035463 205.924946
sb20 109.133907 173.368676 146.133907 192.368676
sb21 41.130019 167.887273 105.130019 217.887273
sb22 99.306254 133.351574 148.306254 167.351574
sb23 248.000000 127.406083 268.000000 176.406083
sb24 164.352211 153.808292 209.352211 181.808292
sb25 214.000000 93.365987 268.000000 132.365987
sb26 125.018782 0.000000 180.018782 40.000000
sb27 243.000000 76.978166 268.000000 141.978166
sb28 180.325873 222.000000 219.325873 268.000000
sb29 159.725315 98.205671 183.725315 160.205671
sb30 133.612312 45.328190 157.612312 71.328190
sb31 89.435209 82.714022 115.435209 116.714022
sb32 161.612845 205.261920 204.612845 258.261920
sb33 166.217967 96.336528 188.217967 131.336528
sb34 58.436341 60.687543 85.436341 114.687543
sb35 10.164457 188.408718 41.164457 226.408718
sb36 94.687807 0.000000 133.687807 67.000000
sb37 136.655363 111.874734 156.655363 171.874734
sb38 215.175487 134.277578 238.175487 191.277578
sb39 61.378833 74.727135 113.378833 129.727135
sb40 17.128982 130.802393 43.128982 159.802393
sb41 102.690281 154.800380 129.690281 209.800380
sb42 0.000000 62.519306 62.000000 115.519306
sb43 0.000000 218.426800 61.000000 264.426800
sb44 134.604463 37.056195 199.604463 84.056195
sb45 239.212193 166.678447 262.212193 210.678447
sb46 0.000000 170.492393 39.000000 192.492393
sb47 165.539732 68.448471 230.539732 101.448471
sb48 0.000000 0.000000 57.000000 27.000000
sb49 197.074370 61.452940 244.074370 126.452940
sb50 145.374278 147.469101 212.374278 179.469101
sb51 105.737971 211.000000 143.737971 268.000000
sb52 147.382906 159.310121 201.382906 204.310121
sb53 40.299116 33.236233 83.299116 54.236233
sb54 157.321371 177.443721 175.321371 238.443721
sb55 99.192892 28.145296 133.192892 84.145296
sb56 0.000000 100.939400 17.000000 163.939400
sb57 45.839029 121.506309 63.839029 168.506309
sb58 62.755553 224.945667 108.755553 258.945667
sb59 52.810130 231.000000 102.810130 268.000000
sb60 154.381393 245.000000 194.381393 268.000000
sb61 167.730023 80.942636 200.730023 103.942636
sb62 198.437462 9.562426 258.437462 28.562426
sb63 178.638429 179.766191 214.638429 224.766191
sb64 110.831668 89.771386 160.831668 136.771386
sb65 0.000000 152.512827 57.000000 208.512827
sb66 99.301954 0.000000 166.301954 61.000000
sb67 122.980225 78.873126 166.980225 118.873126
sb68 201.461311 29.644248 253.461311 92.644248
sb69 0.000000 29.490461 54.000000 56.490461
sb70 117.685387 79.507577 159.685387 121.507577
sb71 98.783868 191.473284 162.783868 213.473284
sb72 36.344979 152.867169 97.344979 213.867169
sb73 207.000000 0.000000 268.000000 67.000000
sb74 21.433983 114.104246 59.433983 156.104246
sb75 133.845089 0.000000 152.845089 28.000000
sb76 181.547805 120.728734 203.547805 153.728734
sb77 190.176350 211.000000 256.176350 268.000000
sb78 190.849896 180.971574 226.849896 212.971574
sb79 0.000000 78.876427 60.000000 119.876427
sb80 201.138271 96.900691 217.138271 154.900691
sb81 104.620418 162.783183 144.620418 212.783183
sb82 42.157182 93.959648 89.157182 150.959648
sb83 73.309589 152.393054 95.309589 168.393054
sb84 163.464200 122.087450 230.464200 144.087450
sb85 176.386690 83.424750 196.386690 108.424750
sb86 104.770238 120.114690 160.770238 157.114690
sb87 64.683746 112.736175 103.683746 156.736175
sb88 0.000000 52.459317 37.000000 76.459317
sb89 59.779203 49.228424 97.779203 76.228424
sb90 142.594445 235.000000 181.594445 268.000000
sb91 31.912729 54.499044 87.912729 87.499044
sb92 0.000000 51.243767 26.000000 67.243767
sb93 52.090280 221.217184 117.090280 256.217184
sb94 167.289310 6.517067 208.289310 65.517067
sb95 50.172763 213.017568 101.172763 232.017568
sb96 91.631779 113.545396 131.631779 179.545396
sb97 180.013573 0.000000 197.013573 67.000000
sb98 165.652981 180.950725 187.652981 242.950725
sb99 219.000000 202.000000 268.000000 268.000000

[Iter 2800]
sb0 147.599221 49.140843 190.599221 82.140843
sb1 146.004740 0.000000 211.004740 37.000000
sb2 51.865356 188.427080 104.865356 222.427080
sb3 3.148849 120.988162 40.148849 187.988162
sb4 0.000000 201.383655 29.000000 220.383655
sb5 85.704272 63.778310 124.704272 112.778310
sb6 227.977758 189.302832 267.977758 207.302832
sb7 198.619651 100.708376 220.619651 140.708376
sb8 109.219880 206.000000 159.219880 268.000000
sb9 221.332681 109.917559 237.332681 150.917559
sb10 77.129992 21.815352 95.129992 73.815352
sb11 60.859563 128.941677 99.859563 187.941677
sb12 107.975564 61.666164 168.975564 89.666164
sb13 201.992590 146.848995 249.992590 203.848995
sb14 205.000000 18.817506 268.000000 61.817506
sb15 209.000000 137.930474 268.000000 189.930474
sb16 162.012252 97.489576 198.012252 154.489576
sb17 116.445084 202.000000 160.445084 268.000000
sb18 53.453385 0.000000 101.453385 51.000000
sb19 132.943885 155.721601 163.943885 205.721601
sb20 108.793054 173.504600 145.793054 192.504600
sb21 40.500064 168.102437 104.500064 218.102437
sb22 99.679046 133.321599 148.679046 167.321599
sb23 248.000000 127.511672 268.000000 176.511672
sb24 164.285743 153.048413 209.285743 181.048413
sb25 214.000000 93.237490 268.000000 132.237490
sb26 124.500942 0.000000 179.500942 40.000000
sb27 243.000000 77.072970 268.000000 142.072970
sb28 180.264035 222.000000 219.264035 268.000000
sb29 160.114900 98.448046 184.114900 160.448046
sb30 130.212673 46.029129 154.212673 72.029129
sb31 89.638877 82.182576 115.638877 116.182576
sb32 162.072050 205.376095 205.072050 258.376095
sb33 166.163269 96.210249 188.163269 131.210249
sb34 58.903847 62.182082 85.903847 116.182082
sb35 9.351202 188.034119 40.351202 226.034119
sb36 94.469005 0.001983 133.469005 67.001983
sb37 136.259509 112.549963 156.259509 172.549963
sb38 215.205503 134.198439 238.205503 191.198439
sb39 61.544792 75.288345 113.544792 130.288345
sb40 16.782842 130.208327 42.782842 159.208327
sb41 102.526699 155.066162 129.526699 210.066162
sb42 0.000000 62.347879 62.000000 115.347879
sb43 0.000000 218.119985 61.000000 264.119985
sb44 134.376413 37.076366 199.376413 84.076366
sb45 239.150683 167.089505 262.150683 211.089505
sb46 0.000000 169.985532 39.000000 191.985532
sb47 165.919304 68.408761 230.919304 101.408761
sb48 0.000000 0.000000 57.000000 27.000000
sb49 197.189806 61.538722 244.189806 126.538722
sb50 145.616369 147.040939 212.616369 179.040939
sb51 105.243885 211.000000 143.243885 268.000000
sb52 147.296850 159.383557 201.296850 204.383557
sb53 36.305385 35.575453 79.305385 56.575453
sb54 156.507665 177.540198 174.507665 238.540198
sb55 96.464229 27.241625 130.464229 83.241625
sb56 0.000000 100.651924 17.000000 163.651924
sb57 44.609687 121.668022 62.609687 168.668022
sb58 63.089104 225.790266 109.089104 259.790266
sb59 52.378110 231.000000 102.378110 268.000000
sb60 154.520975 245.000000 194.520975 268.000000
sb61 167.780346 79.630772 200.780346 102.630772
sb62 198.539881 9.114469 258.539881 28.114469
sb63 177.914730 179.998516 213.914730 224.998516
sb64 111.331630 89.981784 161.331630 136.981784
sb65 0.000000 152.371004 57.000000 208.371004
sb66 99.398352 0.000000 166.398352 61.000000
sb67 123.241062 79.105962 167.241062 119.105962
sb68 201.157513 29.405640 253.157513 92.405640
sb69 0.000000 29.286040 54.000000 56.286040
sb70 117.580681 79.341079 159.580681 121.341079
sb71 97.560197 191.644483 161.560197 213.644483
sb72 35.828845 152.743488 96.828845 213.743488
sb73 207.000000 0.000000 268.000000 67.000000
sb74 21.607611 114.379414 59.607611 156.379414
sb75 133.522904 0.000000 152.522904 28.000000
sb76 182.462592 120.961775 204.462592 153.961775
sb77 190.210261 211.000000 256.210261 268.000000
sb78 190.467514 180.670129 226.467514 212.670129
sb79 0.000000 78.568118 60.000000 119.568118
sb80 200.878266 96.612535 216.878266 154.612535
sb81 104.448680 163.099185 144.448680 213.099185
sb82 41.864975 93.774904 88.864975 150.774904
sb83 71.449069 152.669978 93.449069 168.669978
sb84 163.254187 121.896386 230.254187 143.896386
sb85 176.243535 83.003358 196.243535 108.003358
sb86 104.091291 120.153976 160.091291 157.153976
sb87 64.210960 113.326452 103.210960 157.326452
sb88 0.000000 52.118830 37.000000 76.118830
sb89 59.922149 49.549275 97.922149 76.549275
sb90 142.365906 235.000000 181.365906 268.000000
sb91 31.679740 54.547566 87.679740 87.547566
sb92 0.000000 50.951060 26.000000 66.951060
sb93 52.027429 221.366111 117.027429 256.366111
sb94 167.306656 6.391671 208.306656 65.391671
sb95 49.242050 213.062906 100.242050 232.062906
sb96 91.716089 113.480277 131.716089 179.480277
sb97 180.269713 0.000000 197.269713 67.000000
sb98 165.605035 180.700497 187.605035 242.700497
sb99 219.000000 202.000000 268.000000 268.000000

[Iter 2850]
sb0 147.556994 49.069836 190.556994 82.069836
sb1 145.972436 0.000000 210.972436 37.000000
sb2 51.744110 189.074180 104.744110 223.074180
sb3 3.591309 120.012396 40.591309 187.012396
sb4 0.000000 201.340088 29.000000 220.340088
sb5 85.238134 63.668854 124.238134 112.668854
sb6 228.000000 189.206481 268.000000 207.206481
sb7 200.230430 100.729628 222.230430 140.729628
sb8 109.894869 206.000000 159.894869 268.000000
sb9 222.214269 110.988441 238.214269 151.988441
sb10 77.053200 21.719519 95.053200 73.719519
sb11 60.877203 129.424817 99.877203 188.424817
sb12 108.151472 61.582403 169.151472 89.582403
sb13 202.254077 147.731969 250.254077 204.731969
sb14 205.000000 18.879841 268.000000 61.879841
sb15 209.000000 137.909487 268.000000 189.909487
sb16 161.625551 97.464586 197.625551 154.464586
sb17 116.318293 202.000000 160.318293 268.000000
sb18 53.388482 0.000000 101.388482 51.000000
sb19 133.204214 155.664578 164.204214 205.664578
sb20 106.757775 173.376042 143.757775 192.376042
sb21 40.273892 170.028659 104.273892 220.028659
sb22 100.237283 133.407932 149.237283 167.407932
sb23 248.000000 128.256468 268.000000 177.256468
sb24 164.538128 153.058406 209.538128 181.058406
sb25 214.000000 93.590944 268.000000 132.590944
sb26 124.674808 0.000000 179.674808 40.000000
sb27 243.000000 77.004524 268.000000 142.004524
sb28 180.104311 222.000000 219.104311 268.000000
sb29 161.157128 98.272918 185.157128 160.272918
sb30 130.260584 45.729554 154.260584 71.729554
sb31 89.527584 82.771734 115.527584 116.771734
sb32 162.816331 205.440716 205.816331 258.440716
sb33 165.955137 96.264991 187.955137 131.264991
sb34 59.261656 63.185764 86.261656 117.185764
sb35 8.652582 186.927640 39.652582 224.927640
sb36 94.356592 0.000000 133.356592 67.000000
sb37 135.655083 113.308642 155.655083 173.308642
sb38 215.278000 134.260674 238.278000 191.260674
sb39 61.620527 75.697935 113.620527 130.697935
sb40 16.137995 129.883860 42.137995 158.883860
sb41 102.462607 155.192865 129.462607 210.192865
sb42 0.000000 62.314167 62.000000 115.314167
sb43 0.000000 218.612802 61.000000 264.612802
sb44 134.268730 37.183776 199.268730 84.183776
sb45 238.974720 168.075935 261.974720 212.075935
sb46 0.000000 169.652517 39.000000 191.652517
sb47 166.591972 68.424014 231.591972 101.424014
sb48 0.000000 0.000000 57.000000 27.000000
sb49 197.135191 61.617669 244.135191 126.617669
sb50 145.185007 147.409118 212.185007 179.409118
sb51 104.485243 211.000000 142.485243 268.000000
sb52 147.100670 159.379863 201.100670 204.379863
sb53 36.320595 37.372768 79.320595 58.372768
sb54 155.606190 178.181199 173.606190 239.181199
sb55 96.490239 27.333623 130.490239 83.333623
sb56 0.000000 100.876878 17.000000 163.876878
sb57 44.658084 122.459802 62.658084 169.459802
sb58 63.754208 226.229100 109.754208 260.229100
sb59 51.570781 231.000000 101.570781 268.000000
sb60 154.883006 245.000000 194.883006 268.000000
sb61 167.775807 79.446794 200.775807 102.446794
sb62 198.717153 9.163248 258.717153 28.163248
sb63 177.321809 180.105650 213.321809 225.105650
sb64 112.049775 89.828829 162.049775 136.828829
sb65 0.000000 152.540572 57.000000 208.540572
sb66 99.370940 0.000000 166.370940 61.000000
sb67 122.885731 79.460902 166.885731 119.460902
sb68 201.228822 29.631680 253.228822 92.631680
sb69 0.000000 29.233421 54.000000 56.233421
sb70 117.504872 79.225517 159.504872 121.225517
sb71 97.057081 191.476859 161.057081 213.476859
sb72 35.362409 152.620621 96.362409 213.620621
sb73 207.000000 0.000000 268.000000 67.000000
sb74 21.704321 114.160510 59.704321 156.160510
sb75 133.352004 0.000000 152.352004 28.000000
sb76 183.525769 120.842787 205.525769 153.842787
sb77 190.901845 211.000000 256.901845 268.000000
sb78 190.254756 180.789236 226.254756 212.789236
sb79 0.000000 77.753900 60.000000 118.753900
sb80 200.470552 96.456880 216.470552 154.456880
sb81 104.204578 163.116329 144.204578 213.116329
sb82 41.111296 93.421765 88.111296 150.421765
sb83 71.496268 155.198095 93.496268 171.198095
sb84 162.961927 122.219668 229.961927 144.219668
sb85 176.411775 83.106497 196.411775 108.106497
sb86 103.404344 120.294237 159.404344 157.294237
sb87 63.476162 114.937678 102.476162 158.937678
sb88 0.000000 51.305146 37.000000 75.305146
sb89 59.981423 49.817303 97.981423 76.817303
sb90 141.882210 235.000000 180.882210 268.000000
sb91 31.653945 53.465644 87.653945 86.465644
sb92 0.000000 50.943982 26.000000 66.943982
sb93 52.051380 223.356067 117.051380 258.356067
sb94 167.214743 6.420853 208.214743 65.420853
sb95 48.582365 212.973136 99.582365 231.973136
sb96 90.917194 113.137923 130.917194 179.137923
sb97 180.514386 0.000000 197.514386 67.000000
sb98 165.735948 181.396029 187.735948 243.396029
sb99 219.000000 202.000000 268.000000 268.000000

[Iter 2900]
sb0 147.464921 48.828009 190.464921 81.828009
sb1 145.873589 0.000000 210.873589 37.000000
sb2 51.699889 189.522422 104.699889 223.522422
sb3 3.293153 120.464378 40.293153 187.464378
sb4 0.000000 202.709162 29.000000 221.709162
sb5 84.523944 63.654914 123.523944 112.654914
sb6 227.773561 188.697019 267.773561 206.697019
sb7 201.183639 100.725684 223.183639 140.725684
sb8 110.669977 206.000000 160.669977 268.000000
sb9 222.977181 111.948799 238.977181 152.948799
sb10 76.754980 21.120346 94.754980 73.120346
sb11 60.863457 129.550246 99.863457 188.550246
sb12 108.440360 61.512508 169.440360 89.512508
sb13 202.467135 148.578345 250.467135 205.578345
sb14 205.000000 18.582592 268.000000 61.582592
sb15 209.000000 136.951815 268.000000 188.951815
sb16 161.651404 97.349986 197.651404 154.349986
sb17 116.250268 202.000000 160.250268 268.000000
sb18 53.330751 0.000000 101.330751 51.000000
sb19 133.477980 155.747027 164.477980 205.747027
sb20 105.088767 173.511087 142.088767 192.511087
sb21 40.069227 170.216104 104.069227 220.216104
sb22 100.621956 133.229312 149.621956 167.229312
sb23 248.000000 128.094224 268.000000 177.094224
sb24 164.738663 153.100254 209.738663 181.100254
sb25 214.000000 93.310338 268.000000 132.310338
sb26 124.873065 0.000000 179.873065 40.000000
sb27 243.000000 75.422933 268.000000 140.422933
sb28 180.033698 222.000000 219.033698 268.000000
sb29 162.109257 97.888392 186.109257 159.888392
sb30 130.056529 45.826976 154.056529 71.826976
sb31 89.604398 82.499093 115.604398 116.499093
sb32 163.599639 205.557683 206.599639 258.557683
sb33 166.020493 95.915135 188.020493 130.915135
sb34 59.414892 63.116277 86.414892 117.116277
sb35 8.421675 187.510133 39.421675 225.510133
sb36 94.296566 0.000000 133.296566 67.000000
sb37 135.558077 113.404992 155.558077 173.404992
sb38 215.342572 134.268080 238.342572 191.268080
sb39 61.730313 75.986970 113.730313 130.986970
sb40 15.554153 129.890230 41.554153 158.890230
sb41 102.480731 155.197762 129.480731 210.197762
sb42 0.000000 62.125595 62.000000 115.125595
sb43 0.042888 219.611874 61.042888 265.611874
sb44 134.463444 37.156390 199.463444 84.156390
sb45 239.108467 168.197031 262.108467 212.197031
sb46 0.000000 169.688283 39.000000 191.688283
sb47 167.462887 68.209251 232.462887 101.209251
sb48 0.000000 0.000000 57.000000 27.000000
sb49 196.767104 62.850874 243.767104 127.850874
sb50 144.518086 149.262212 211.518086 181.262212
sb51 103.985749 211.000000 141.985749 268.000000
sb52 147.263292 159.398153 201.263292 204.398153
sb53 36.260827 36.919202 79.260827 57.919202
sb54 154.945831 179.789663 172.945831 240.789663
sb55 96.358080 26.836819 130.358080 82.836819
sb56 0.000000 101.086518 17.000000 164.086518
sb57 44.547827 122.736571 62.547827 169.736571
sb58 64.391573 226.386522 110.391573 260.386522
sb59 51.038578 231.000000 101.038578 268.000000
sb60 155.164275 245.000000 195.164275 268.000000
sb61 167.874464 79.214709 200.874464 102.214709
sb62 198.879491 8.680070 258.879491 27.680070
sb63 177.248590 180.561008 213.248590 225.561008
sb64 112.785711 89.639915 162.785711 136.639915
sb65 0.000000 152.736823 57.000000 208.736823
sb66 99.385364 0.000000 166.385364 61.000000
sb67 122.680509 79.056297 166.680509 119.056297
sb68 201.344354 29.290880 253.344354 92.290880
sb69 0.000000 29.185002 54.000000 56.185002
sb70 117.503774 79.152920 159.503774 121.152920
sb71 96.748340 191.508432 160.748340 213.508432
sb72 35.078052 152.555140 96.078052 213.555140
sb73 207.000000 0.000000 268.000000 67.000000
sb74 21.628719 113.994806 59.628719 155.994806
sb75 133.138858 0.000000 152.138858 28.000000
sb76 184.459498 121.539790 206.459498 154.539790
sb77 191.583507 211.000000 257.583507 268.000000
sb78 190.106561 180.891297 226.106561 212.891297
sb79 0.000000 78.117964 60.000000 119.117964
sb80 200.511059 96.342840 216.511059 154.342840
sb81 103.990534 163.271102 143.990534 213.271102
sb82 40.391496 93.350197 87.391496 150.350197
sb83 71.412528 155.265873 93.412528 171.265873
sb84 158.630791 124.126957 225.630791 146.126957
sb85 176.295027 83.733726 196.295027 108.733726
sb86 103.392299 120.310288 159.392299 157.310288
sb87 63.457491 114.908737 102.457491 158.908737
sb88 0.000000 51.559872 37.000000 75.559872
sb89 60.102294 50.041336 98.102294 77.041336
sb90 141.503499 235.000000 180.503499 268.000000
sb91 31.558623 51.599783 87.558623 84.599783
sb92 0.000000 50.839390 26.000000 66.839390
sb93 51.930135 223.599972 116.930135 258.599972
sb94 167.161160 6.217630 208.161160 65.217630
sb95 48.028868 212.939389 99.028868 231.939389
sb96 90.575531 112.647764 130.575531 178.647764
sb97 180.809556 0.000000 197.809556 67.000000
sb98 165.873649 182.115535 187.873649 244.115535
sb99 219.000000 202.000000 268.000000 268.000000

[Iter 2950]
sb0 147.781242 48.055632 190.781242 81.055632
sb1 145.769311 0.000000 210.769311 37.000000
sb2 51.975595 189.978817 104.975595 223.978817
sb3 3.259087 120.543047 40.259087 187.543047
sb4 0.000000 202.953277 29.000000 221.953277
sb5 84.445235 63.631001 123.445235 112.631001
sb6 227.098861 188.698803 267.098861 206.698803
sb7 201.267907 100.695443 223.267907 140.695443
sb8 112.281251 206.000000 162.281251 268.000000
sb9 223.338008 111.788451 239.338008 152.788451
sb10 76.488530 20.540906 94.488530 72.540906
sb11 60.916192 129.904612 99.916192 188.904612
sb12 108.553209 61.484449 169.553209 89.484449
sb13 202.707986 148.587546 250.707986 205.587546
sb14 205.000000 18.285262 268.000000 61.285262
sb15 209.000000 137.060900 268.000000 189.060900
sb16 161.427179 96.768078 197.427179 153.768078
sb17 116.133210 202.000000 160.133210 268.000000
sb18 53.419054 0.000000 101.419054 51.000000
sb19 133.996114 155.627331 164.996114 205.627331
sb20 105.065609 173.348785 142.065609 192.348785
sb21 40.081933 170.296770 104.081933 220.296770
sb22 100.965283 133.261893 149.965283 167.261893
sb23 248.000000 128.276474 268.000000 177.276474
sb24 165.255929 152.631383 210.255929 180.631383
sb25 214.000000 93.408331 268.000000 132.408331
sb26 125.822914 0.000000 180.822914 40.000000
sb27 243.000000 75.615246 268.000000 140.615246
sb28 179.768470 222.000000 218.768470 268.000000
sb29 162.403320 97.806173 186.403320 159.806173
sb30 130.000936 46.323902 154.000936 72.323902
sb31 89.723049 81.875325 115.723049 115.875325
sb32 165.314273 205.623231 208.314273 258.623231
sb33 166.043654 96.215211 188.043654 131.215211
sb34 59.616867 63.074582 86.616867 117.074582
sb35 8.342625 187.607315 39.342625 225.607315
sb36 94.110921 0.000000 133.110921 67.000000
sb37 135.545423 113.383112 155.545423 173.383112
sb38 215.377078 134.203495 238.377078 191.203495
sb39 61.865195 76.229099 113.865195 131.229099
sb40 15.533581 129.881129 41.533581 158.881129
sb41 102.728040 155.191164 129.728040 210.191164
sb42 0.000000 62.243386 62.000000 115.243386
sb43 0.493970 220.037631 61.493970 266.037631
sb44 134.370092 37.205498 199.370092 84.205498
sb45 239.091135 168.397338 262.091135 212.397338
sb46 0.000000 169.723134 39.000000 191.723134
sb47 167.723941 67.929710 232.723941 100.929710
sb48 0.000000 0.000000 57.000000 27.000000
sb49 196.787026 62.807376 243.787026 127.807376
sb50 144.610921 149.525108 211.610921 181.525108
sb51 102.928159 211.000000 140.928159 268.000000
sb52 147.094897 159.395912 201.094897 204.395912
sb53 36.159683 36.334292 79.159683 57.334292
sb54 154.131360 180.230440 172.131360 241.230440
sb55 96.344607 25.578787 130.344607 81.578787
sb56 0.000000 101.350133 17.000000 164.350133
sb57 44.494455 122.897130 62.494455 169.897130
sb58 66.076325 226.464007 112.076325 260.464007
sb59 50.016351 231.000000 100.016351 268.000000
sb60 155.223446 245.000000 195.223446 268.000000
sb61 167.770715 78.524901 200.770715 101.524901
sb62 200.007828 8.412229 260.007828 27.412229
sb63 176.495624 180.838209 212.495624 225.838209
sb64 113.082328 89.687821 163.082328 136.687821
sb65 0.000000 153.074626 57.000000 209.074626
sb66 99.520857 0.000000 166.520857 61.000000
sb67 122.743353 79.155794 166.743353 119.155794
sb68 202.555261 29.141351 254.555261 92.141351
sb69 0.000000 29.128354 54.000000 56.128354
sb70 117.259279 79.023388 159.259279 121.023388
sb71 96.120321 191.571674 160.120321 213.571674
sb72 34.994082 152.422746 95.994082 213.422746
sb73 207.000000 0.000000 268.000000 67.000000
sb74 21.836521 114.246892 59.836521 156.246892
sb75 132.963325 0.000000 151.963325 28.000000
sb76 184.903221 121.687185 206.903221 154.687185
sb77 191.969676 211.000000 257.969676 268.000000
sb78 189.848792 180.913265 225.848792 212.913265
sb79 0.000000 78.135434 60.000000 119.135434
sb80 200.264316 95.202158 216.264316 153.202158
sb81 103.875531 163.413181 143.875531 213.413181
sb82 40.479369 93.102250 87.479369 150.102250
sb83 71.590779 155.221705 93.590779 171.221705
sb84 158.872875 124.076714 225.872875 146.076714
sb85 176.224558 83.754795 196.224558 108.754795
sb86 103.226142 120.295613 159.226142 157.295613
sb87 63.443076 114.841072 102.443076 158.841072
sb88 0.000000 51.483393 37.000000 75.483393
sb89 60.177342 50.139665 98.177342 77.139665
sb90 140.848305 235.000000 179.848305 268.000000
sb91 31.572250 50.655040 87.572250 83.655040
sb92 0.000000 50.805754 26.000000 66.805754
sb93 51.869946 223.818631 116.869946 258.818631
sb94 167.213605 5.860290 208.213605 64.860290
sb95 46.267575 212.966907 97.267575 231.966907
sb96 90.611786 112.618385 130.611786 178.618385
sb97 182.186579 0.000000 199.186579 67.000000
sb98 165.932669 182.461740 187.932669 244.461740
sb99 219.000000 202.000000 268.000000 268.000000

[Iter 3000]
sb0 149.347916 46.343657 192.347916 79.343657
sb1 145.591736 0.000000 210.591736 37.000000
sb2 52.238429 190.541922 105.238429 224.541922
sb3 3.160588 120.410024 40.160588 187.410024
sb4 0.000000 205.356330 29.000000 224.356330
sb5 84.057689 63.365086 123.057689 112.365086
sb6 227.998521 188.699290 267.998521 206.699290
sb7 201.284956 99.763247 223.284956 139.763247
sb8 113.121040 206.000000 163.121040 268.000000
sb9 223.679317 110.804546 239.679317 151.804546
sb10 75.886135 19.226248 93.886135 71.226248
sb11 60.701682 130.112119 99.701682 189.112119
sb12 108.492436 61.502019 169.492436 89.502019
sb13 202.757506 147.884641 250.757506 204.884641
sb14 205.000000 17.708433 268.000000 60.708433
sb15 209.000000 137.117739 268.000000 189.117739
sb16 160.937672 95.701327 196.937672 152.701327
sb17 116.289185 202.000000 160.289185 268.000000
sb18 53.292009 0.000000 101.292009 51.000000
sb19 134.019383 155.183068 165.019383 205.183068
sb20 105.083461 173.233242 142.083461 192.233242
sb21 39.893767 170.279292 103.893767 220.279292
sb22 100.912780 133.350179 149.912780 167.350179
sb23 248.000000 129.284909 268.000000 178.284909
sb24 165.565076 151.801764 210.565076 179.801764
sb25 214.000000 94.281513 268.000000 133.281513
sb26 127.625405 0.000000 182.625405 40.000000
sb27 243.000000 75.616610 268.000000 140.616610
sb28 179.691987 222.000000 218.691987 268.000000
sb29 162.817258 97.649550 186.817258 159.649550
sb30 129.985914 46.364862 153.985914 72.364862
sb31 89.939326 80.663474 115.939326 114.663474
sb32 166.224173 205.641311 209.224173 258.641311
sb33 165.872377 96.072939 187.872377 131.072939
sb34 60.036431 63.082562 87.036431 117.082562
sb35 7.988693 187.606956 38.988693 225.606956
sb36 93.802880 0.000000 132.802880 67.000000
sb37 135.179582 113.458725 155.179582 173.458725
sb38 215.246909 134.181990 238.246909 191.181990
sb39 61.814759 76.454313 113.814759 131.454313
sb40 14.959215 129.889398 40.959215 158.889398
sb41 102.609467 155.125836 129.609467 210.125836
sb42 0.000000 63.138511 62.000000 116.138511
sb43 1.637023 222.000000 62.637023 268.000000
sb44 134.158153 37.154560 199.158153 84.154560
sb45 239.027114 169.090541 262.027114 213.090541
sb46 0.000000 169.602650 39.000000 191.602650
sb47 167.685452 67.211923 232.685452 100.211923
sb48 0.000000 0.000000 57.000000 27.000000
sb49 196.699740 62.805431 243.699740 127.805431
sb50 144.599577 149.558608 211.599577 181.558608
sb51 102.662886 211.000000 140.662886 268.000000
sb52 147.196304 159.422369 201.196304 204.422369
sb53 35.120972 36.861866 78.120972 57.861866
sb54 153.850173 180.200828 171.850173 241.200828
sb55 96.061489 23.204009 130.061489 79.204009
sb56 0.000000 102.844120 17.000000 165.844120
sb57 44.538108 122.714424 62.538108 169.714424
sb58 66.788843 227.011025 112.788843 261.011025
sb59 49.752937 231.000000 99.752937 268.000000
sb60 155.242011 245.000000 195.242011 268.000000
sb61 167.761381 77.304371 200.761381 100.304371
sb62 202.892657 8.922641 262.892657 27.922641
sb63 176.199216 180.793138 212.199216 225.793138
sb64 113.425201 89.781537 163.425201 136.781537
sb65 0.000000 155.119683 57.000000 211.119683
sb66 99.473341 0.000000 166.473341 61.000000
sb67 122.687382 79.101988 166.687382 119.101988
sb68 205.187023 29.836800 257.187023 92.836800
sb69 0.000000 29.449195 54.000000 56.449195
sb70 116.979663 77.526648 158.979663 119.526648
sb71 95.631522 191.412014 159.631522 213.412014
sb72 34.945533 152.193432 95.945533 213.193432
sb73 207.000000 0.000000 268.000000 67.000000
sb74 21.536274 115.443937 59.536274 157.443937
sb75 132.624976 0.000000 151.624976 28.000000
sb76 185.540092 121.799215 207.540092 154.799215
sb77 191.803127 211.000000 257.803127 268.000000
sb78 189.861493 180.727608 225.861493 212.727608
sb79 0.000000 77.918086 60.000000 118.918086
sb80 199.713095 93.792512 215.713095 151.792512
sb81 103.571814 163.623866 143.571814 213.623866
sb82 39.880445 92.831744 86.880445 149.831744
sb83 71.654778 155.325728 93.654778 171.325728
sb84 158.868558 124.031202 225.868558 146.031202
sb85 176.321560 83.753657 196.321560 108.753657
sb86 103.079393 119.497286 159.079393 156.497286
sb87 63.544838 114.812871 102.544838 158.812871
sb88 0.000000 51.206979 37.000000 75.206979
sb89 59.945148 50.182884 97.945148 77.182884
sb90 140.786577 235.000000 179.786577 268.000000
sb91 30.803306 50.769999 86.803306 83.769999
sb92 0.000000 50.962867 26.000000 66.962867
sb93 51.912766 223.890474 116.912766 258.890474
sb94 167.126679 5.124487 208.126679 64.124487
sb95 45.648495 212.896614 96.648495 231.896614
sb96 90.523745 112.161411 130.523745 178.161411
sb97 185.030202 0.000000 202.030202 67.000000
sb98 165.934336 181.484642 187.934336 243.484642
sb99 219.000000 202.000000 268.000000 268.000000

[Iter 3050]
sb0 149.373193 46.261952 192.373193 79.261952
sb1 145.405507 0.000000 210.405507 37.000000
sb2 52.283610 190.782729 105.283610 224.782729
sb3 2.540014 120.381322 39.540014 187.381322
sb4 0.000000 205.517633 29.000000 224.517633
sb5 83.570288 63.321732 122.570288 112.321732
sb6 228.000000 188.690687 268.000000 206.690687
sb7 201.364104 99.873425 223.364104 139.873425
sb8 113.248638 206.000000 163.248638 268.000000
sb9 223.692648 111.246723 239.692648 152.246723
sb10 75.134283 18.514042 93.134283 70.514042
sb11 60.942533 130.195416 99.942533 189.195416
sb12 108.515885 61.388606 169.515885 89.388606
sb13 202.955855 148.402691 250.955855 205.402691
sb14 205.000000 17.697614 268.000000 60.697614
sb15 209.000000 137.071387 268.000000 189.071387
sb16 160.826347 95.719616 196.826347 152.719616
sb17 114.789853 202.000000 158.789853 268.000000
sb18 53.192261 0.000000 101.192261 51.000000
sb19 134.175107 155.149724 165.175107 205.149724
sb20 104.927138 173.166842 141.927138 192.166842
sb21 39.625140 170.214437 103.625140 220.214437
sb22 101.288242 133.281322 150.288242 167.281322
sb23 248.000000 129.279777 268.000000 178.279777
sb24 165.521404 151.841057 210.521404 179.841057
sb25 214.000000 94.257417 268.000000 133.257417
sb26 127.774517 0.000000 182.774517 40.000000
sb27 243.000000 75.478702 268.000000 140.478702
sb28 179.559986 222.000000 218.559986 268.000000
sb29 162.970737 97.751254 186.970737 159.751254
sb30 129.557323 46.189039 153.557323 72.189039
sb31 89.979943 80.374529 115.979943 114.374529
sb32 166.414069 206.034154 209.414069 259.034154
sb33 165.930877 95.900873 187.930877 130.900873
sb34 60.140100 63.058794 87.140100 117.058794
sb35 7.696618 187.560090 38.696618 225.560090
sb36 93.409490 0.000000 132.409490 67.000000
sb37 135.256528 113.486166 155.256528 173.486166
sb38 215.021265 134.295415 238.021265 191.295415
sb39 61.793560 76.600581 113.793560 131.600581
sb40 14.374272 129.877071 40.374272 158.877071
sb41 102.612626 154.496931 129.612626 209.496931
sb42 0.000000 63.412848 62.000000 116.412848
sb43 1.643333 222.000000 62.643333 268.000000
sb44 133.935939 37.089526 198.935939 84.089526
sb45 238.689249 169.028557 261.689249 213.028557
sb46 0.000000 169.486534 39.000000 191.486534
sb47 167.734430 67.267163 232.734430 100.267163
sb48 0.000000 0.000000 57.000000 27.000000
sb49 196.630259 62.742703 243.630259 127.742703
sb50 144.568996 149.486315 211.568996 181.486315
sb51 102.274290 211.000000 140.274290 268.000000
sb52 147.065201 159.709937 201.065201 204.709937
sb53 34.030804 37.235416 77.030804 58.235416
sb54 153.652588 180.146923 171.652588 241.146923
sb55 95.475487 22.283285 129.475487 78.283285
sb56 0.000000 103.481604 17.000000 166.481604
sb57 43.974322 122.922678 61.974322 169.922678
sb58 66.871083 227.312492 112.871083 261.312492
sb59 49.401782 231.000000 99.401782 268.000000
sb60 154.932779 245.000000 194.932779 268.000000
sb61 167.759680 77.302106 200.759680 100.302106
sb62 203.115815 8.721674 263.115815 27.721674
sb63 176.138491 180.908309 212.138491 225.908309
sb64 113.555831 89.597731 163.555831 136.597731
sb65 0.000000 155.326829 57.000000 211.326829
sb66 99.532062 0.000000 166.532062 61.000000
sb67 122.399077 79.088218 166.399077 119.088218
sb68 205.417380 29.739976 257.417380 92.739976
sb69 0.000000 29.529815 54.000000 56.529815
sb70 116.932323 76.993754 158.932323 118.993754
sb71 95.374393 191.393910 159.374393 213.393910
sb72 34.871541 152.146048 95.871541 213.146048
sb73 207.000000 0.000000 268.000000 67.000000
sb74 21.723615 115.658611 59.723615 157.658611
sb75 132.241359 0.000000 151.241359 28.000000
sb76 185.806939 122.305402 207.806939 155.305402
sb77 192.074246 211.000000 258.074246 268.000000
sb78 188.247688 180.841061 224.247688 212.841061
sb79 0.000000 77.880149 60.000000 118.880149
sb80 199.637998 93.542426 215.637998 151.542426
sb81 103.658788 163.449368 143.658788 213.449368
sb82 39.383369 92.886343 86.383369 149.886343
sb83 71.449219 155.288955 93.449219 171.288955
sb84 158.775360 124.260493 225.775360 146.260493
sb85 176.067980 83.664392 196.067980 108.664392
sb86 102.921550 119.137331 158.921550 156.137331
sb87 63.136071 114.828506 102.136071 158.828506
sb88 0.000000 51.137642 37.000000 75.137642
sb89 59.849837 50.272747 97.849837 77.272747
sb90 140.510101 235.000000 179.510101 268.000000
sb91 30.117982 50.787085 86.117982 83.787085
sb92 0.000000 51.349768 26.000000 67.349768
sb93 49.971214 223.964639 114.971214 258.964639
sb94 167.043431 5.016231 208.043431 64.016231
sb95 45.105099 212.863181 96.105099 231.863181
sb96 90.276601 112.068357 130.276601 178.068357
sb97 185.304634 0.000000 202.304634 67.000000
sb98 164.942291 183.277925 186.942291 245.277925
sb99 219.000000 202.000000 268.000000 268.000000

[Iter 3100]
sb0 148.527672 45.773850 191.527672 78.773850
sb1 145.102657 0.000000 210.102657 37.000000
sb2 52.155654 191.176882 105.155654 225.176882
sb3 1.938342 120.406533 38.938342 187.406533
sb4 0.000000 205.477870 29.000000 224.477870
sb5 81.160639 62.302986 120.160639 111.302986
sb6 227.337848 188.098056 267.337848 206.098056
sb7 202.067748 99.961520 224.067748 139.961520
sb8 113.319208 206.000000 163.319208 268.000000
sb9 224.295103 112.058463 240.295103 153.058463
sb10 72.611468 16.356517 90.611468 68.356517
sb11 60.856666 130.386487 99.856666 189.386487
sb12 108.580430 61.389562 169.580430 89.389562
sb13 202.920450 149.098647 250.920450 206.098647
sb14 205.000000 17.726198 268.000000 60.726198
sb15 209.000000 136.083235 268.000000 188.083235
sb16 160.649078 95.486900 196.649078 152.486900
sb17 112.648452 202.000000 156.648452 268.000000
sb18 53.201156 0.000000 101.201156 51.000000
sb19 133.782468 154.911705 164.782468 204.911705
sb20 104.960732 172.205400 141.960732 191.205400
sb21 39.363751 170.213931 103.363751 220.213931
sb22 101.457285 133.286828 150.457285 167.286828
sb23 248.000000 130.044078 268.000000 179.044078
sb24 164.736599 151.854998 209.736599 179.854998
sb25 214.000000 94.904788 268.000000 133.904788
sb26 127.239957 0.000000 182.239957 40.000000
sb27 243.000000 73.841423 268.000000 138.841423
sb28 179.339983 222.000000 218.339983 268.000000
sb29 163.368425 97.894452 187.368425 159.894452
sb30 127.467462 45.034631 151.467462 71.034631
sb31 90.024180 79.792897 116.024180 113.792897
sb32 166.576194 206.271002 209.576194 259.271002
sb33 163.615590 93.340185 185.615590 128.340185
sb34 60.281263 63.104292 87.281263 117.104292
sb35 7.349924 187.561736 38.349924 225.561736
sb36 92.924577 0.000000 131.924577 67.000000
sb37 133.460726 113.385934 153.460726 173.385934
sb38 214.165224 135.415110 237.165224 192.415110
sb39 61.927868 76.656075 113.927868 131.656075
sb40 12.777605 130.015529 38.777605 159.015529
sb41 102.540797 153.196889 129.540797 208.196889
sb42 0.000000 63.446652 62.000000 116.446652
sb43 1.590905 222.000000 62.590905 268.000000
sb44 133.892300 36.823335 198.892300 83.823335
sb45 237.461936 169.136297 260.461936 213.136297
sb46 0.000000 169.021411 39.000000 191.021411
sb47 167.854798 67.292456 232.854798 100.292456
sb48 0.000000 0.000000 57.000000 27.000000
sb49 196.316864 63.129504 243.316864 128.129504
sb50 144.421865 148.899604 211.421865 180.899604
sb51 102.086061 211.000000 140.086061 268.000000
sb52 146.933752 159.881972 200.933752 204.881972
sb53 31.961720 37.743103 74.961720 58.743103
sb54 153.508529 179.706696 171.508529 240.706696
sb55 93.188613 20.858267 127.188613 76.858267
sb56 0.000000 103.472964 17.000000 166.472964
sb57 43.438855 123.223592 61.438855 170.223592
sb58 66.863564 227.788664 112.863564 261.788664
sb59 49.117077 231.000000 99.117077 268.000000
sb60 153.297632 245.000000 193.297632 268.000000
sb61 167.759355 76.892062 200.759355 99.892062
sb62 203.121481 9.099931 263.121481 28.099931
sb63 176.032417 180.650413 212.032417 225.650413
sb64 113.785272 89.584884 163.785272 136.584884
sb65 0.000000 155.311488 57.000000 211.311488
sb66 99.549669 0.000000 166.549669 61.000000
sb67 119.847235 78.131708 163.847235 118.131708
sb68 205.250199 30.218528 257.250199 93.218528
sb69 0.000000 29.564513 54.000000 56.564513
sb70 116.838114 75.610742 158.838114 117.610742
sb71 94.997395 190.708664 158.997395 212.708664
sb72 34.452519 152.506436 95.452519 213.506436
sb73 207.000000 0.000000 268.000000 67.000000
sb74 21.755131 115.698314 59.755131 157.698314
sb75 131.575020 0.000000 150.575020 28.000000
sb76 186.544275 122.593066 208.544275 155.593066
sb77 191.167993 211.000000 257.167993 268.000000
sb78 185.848118 180.928666 221.848118 212.928666
sb79 0.000000 77.871929 60.000000 118.871929
sb80 199.528868 93.612328 215.528868 151.612328
sb81 103.419189 163.487332 143.419189 213.487332
sb82 37.699965 93.402752 84.699965 150.402752
sb83 71.454501 155.384630 93.454501 171.384630
sb84 155.163857 123.512218 222.163857 145.512218
sb85 175.843205 83.981623 195.843205 108.981623
sb86 102.850181 117.959636 158.850181 154.959636
sb87 62.706346 114.864757 101.706346 158.864757
sb88 0.000000 51.077775 37.000000 75.077775
sb89 59.949071 50.325400 97.949071 77.325400
sb90 140.309274 235.000000 179.309274 268.000000
sb91 27.594041 50.995819 83.594041 83.995819
sb92 0.000000 51.128762 26.000000 67.128762
sb93 47.772074 224.156560 112.772074 259.156560
sb94 167.042660 4.920778 208.042660 63.920778
sb95 45.054683 213.018351 96.054683 232.018351
sb96 88.792578 111.060640 128.792578 177.060640
sb97 185.193443 0.000000 202.193443 67.000000
sb98 163.343780 184.525251 185.343780 246.525251
sb99 219.000000 202.000000 268.000000 268.000000

[Iter 3150]
sb0 147.478655 45.062638 190.478655 78.062638
sb1 145.066475 0.000000 210.066475 37.000000
sb2 52.002791 191.783111 105.002791 225.783111
sb3 1.784854 120.451224 38.784854 187.451224
sb4 0.000000 205.383936 29.000000 224.383936
sb5 80.766493 62.326533 119.766493 111.326533
sb6 227.317812 188.049145 267.317812 206.049145
sb7 202.408273 99.983591 224.408273 139.983591
sb8 113.394548 206.000000 163.394548 268.000000
sb9 224.598349 112.364217 240.598349 153.364217
sb10 71.575508 14.734700 89.575508 66.734700
sb11 60.747755 130.883296 99.747755 189.883296
sb12 108.541676 61.279973 169.541676 89.279973
sb13 202.948625 149.448776 250.948625 206.448776
sb14 205.000000 17.752967 268.000000 60.752967
sb15 209.000000 136.190097 268.000000 188.190097
sb16 160.644829 95.080528 196.644829 152.080528
sb17 112.755790 202.000000 156.755790 268.000000
sb18 53.275168 0.000000 101.275168 51.000000
sb19 133.962017 154.908224 164.962017 204.908224
sb20 104.888837 172.083749 141.888837 191.083749
sb21 39.199307 170.289662 103.199307 220.289662
sb22 101.631573 133.302928 150.631573 167.302928
sb23 248.000000 129.696821 268.000000 178.696821
sb24 164.902911 151.734830 209.902911 179.734830
sb25 214.000000 94.461290 268.000000 133.461290
sb26 126.507868 0.000000 181.507868 40.000000
sb27 243.000000 73.863103 268.000000 138.863103
sb28 179.246809 222.000000 218.246809 268.000000
sb29 163.484357 97.900015 187.484357 159.900015
sb30 126.175428 45.381282 150.175428 71.381282
sb31 90.209164 79.630172 116.209164 113.630172
sb32 166.692498 206.355077 209.692498 259.355077
sb33 163.574350 93.608266 185.574350 128.608266
sb34 60.523252 63.109700 87.523252 117.109700
sb35 7.123966 187.647295 38.123966 225.647295
sb36 92.805670 0.000000 131.805670 67.000000
sb37 133.359280 113.460024 153.359280 173.460024
sb38 214.535762 134.991776 237.535762 191.991776
sb39 61.819627 76.987461 113.819627 131.987461
sb40 12.192776 129.904753 38.192776 158.904753
sb41 102.540405 153.399906 129.540405 208.399906
sb42 0.000000 63.299310 62.000000 116.299310
sb43 1.554475 222.000000 62.554475 268.000000
sb44 133.691399 36.798215 198.691399 83.798215
sb45 237.905106 169.287883 260.905106 213.287883
sb46 0.000000 168.861265 39.000000 190.861265
sb47 167.770649 67.285414 232.770649 100.285414
sb48 0.000000 0.000000 57.000000 27.000000
sb49 196.220933 63.028702 243.220933 128.028702
sb50 144.404842 148.872960 211.404842 180.872960
sb51 101.871800 211.000000 139.871800 268.000000
sb52 147.101763 159.881754 201.101763 204.881754
sb53 31.027267 38.897853 74.027267 59.897853
sb54 153.437124 179.754335 171.437124 240.754335
sb55 92.197633 20.322714 126.197633 76.322714
sb56 0.000000 103.457842 17.000000 166.457842
sb57 43.329842 123.214203 61.329842 170.214203
sb58 66.893557 228.398286 112.893557 262.398286
sb59 48.847962 231.000000 98.847962 268.000000
sb60 153.473458 245.000000 193.473458 268.000000
sb61 167.713187 76.058904 200.713187 99.058904
sb62 202.652318 8.554169 262.652318 27.554169
sb63 176.036586 180.624177 212.036586 225.624177
sb64 113.859061 89.534910 163.859061 136.534910
sb65 0.000000 155.228942 57.000000 211.228942
sb66 99.749462 0.000000 166.749462 61.000000
sb67 119.814976 78.163710 163.814976 118.163710
sb68 204.755511 29.767299 256.755511 92.767299
sb69 0.000000 29.440443 54.000000 56.440443
sb70 116.872604 75.660183 158.872604 117.660183
sb71 94.863027 190.625313 158.863027 212.625313
sb72 34.352598 152.449965 95.352598 213.449965
sb73 207.000000 0.000000 268.000000 67.000000
sb74 21.766036 115.416984 59.766036 157.416984
sb75 131.550498 0.000000 150.550498 28.000000
sb76 186.897200 122.780777 208.897200 155.780777
sb77 191.351011 211.000000 257.351011 268.000000
sb78 186.231250 180.763712 222.231250 212.763712
sb79 0.000000 77.876217 60.000000 118.876217
sb80 199.491346 93.712311 215.491346 151.712311
sb81 103.208149 163.525878 143.208149 213.525878
sb82 37.205059 93.375196 84.205059 150.375196
sb83 71.443224 155.368314 93.443224 171.368314
sb84 155.247387 123.471236 222.247387 145.471236
sb85 175.522509 83.786880 195.522509 108.786880
sb86 102.820925 118.077117 158.820925 155.077117
sb87 62.647101 114.858281 101.647101 158.858281
sb88 0.000000 51.046031 37.000000 75.046031
sb89 60.173616 50.481602 98.173616 77.481602
sb90 140.101148 235.000000 179.101148 268.000000
sb91 27.418947 50.536181 83.418947 83.536181
sb92 0.000000 50.869349 26.000000 66.869349
sb93 47.802956 224.257230 112.802956 259.257230
sb94 167.047876 4.840845 208.047876 63.840845
sb95 44.921972 213.006732 95.921972 232.006732
sb96 88.631373 110.880368 128.631373 176.880368
sb97 184.818811 0.000000 201.818811 67.000000
sb98 163.477696 184.490111 185.477696 246.490111
sb99 219.000000 202.000000 268.000000 268.000000

[Iter 3200]
sb0 147.563551 44.558694 190.563551 77.558694
sb1 144.918300 0.000000 209.918300 37.000000
sb2 52.055268 192.639097 105.055268 226.639097
sb3 1.417897 120.553798 38.417897 187.553798
sb4 0.000000 205.513226 29.000000 224.513226
sb5 79.593478 62.087622 118.593478 111.087622
sb6 228.000000 188.019035 268.000000 206.019035
sb7 202.964220 100.265039 224.964220 140.265039
sb8 114.494359 206.000000 164.494359 268.000000
sb9 225.104013 112.635410 241.104013 153.635410
sb10 71.156441 14.222260 89.156441 66.222260
sb11 60.839600 131.647546 99.839600 190.647546
sb12 108.589808 61.207393 169.589808 89.207393
sb13 203.292017 149.791515 251.292017 206.791515
sb14 205.000000 17.751497 268.000000 60.751497
sb15 209.000000 136.171452 268.000000 188.171452
sb16 160.626950 94.851112 196.626950 151.851112
sb17 112.805475 202.000000 156.805475 268.000000
sb18 53.358973 0.000000 101.358973 51.000000
sb19 134.185576 154.830282 165.185576 204.830282
sb20 104.848993 172.248662 141.848993 191.248662
sb21 38.937864 170.369879 102.937864 220.369879
sb22 102.263937 133.363348 151.263937 167.363348
sb23 248.000000 129.344566 268.000000 178.344566
sb24 165.316241 151.526579 210.316241 179.526579
sb25 214.000000 93.961534 268.000000 132.961534
sb26 126.621513 0.000000 181.621513 40.000000
sb27 243.000000 73.623671 268.000000 138.623671
sb28 179.123429 222.000000 218.123429 268.000000
sb29 163.733127 97.730267 187.733127 159.730267
sb30 125.897027 45.715288 149.897027 71.715288
sb31 90.312431 79.261886 116.312431 113.261886
sb32 167.839906 206.513723 210.839906 259.513723
sb33 162.953734 94.159612 184.953734 129.159612
sb34 60.645171 63.051307 87.645171 117.051307
sb35 6.682995 187.778299 37.682995 225.778299
sb36 92.581543 0.000000 131.581543 67.000000
sb37 133.072382 113.447428 153.072382 173.447428
sb38 214.747598 134.495699 237.747598 191.495699
sb39 61.654308 77.497934 113.654308 132.497934
sb40 11.483422 129.873123 37.483422 158.873123
sb41 102.501508 153.621267 129.501508 208.621267
sb42 0.000000 63.050706 62.000000 116.050706
sb43 1.523390 222.000000 62.523390 268.000000
sb44 133.519144 36.893159 198.519144 83.893159
sb45 238.195877 169.302422 261.195877 213.302422
sb46 0.000000 168.510816 39.000000 190.510816
sb47 168.282911 67.248463 233.282911 100.248463
sb48 0.000000 0.000000 57.000000 27.000000
sb49 195.625717 63.089052 242.625717 128.089052
sb50 144.180956 149.037837 211.180956 181.037837
sb51 101.293788 211.000000 139.293788 268.000000
sb52 147.044065 159.939702 201.044065 204.939702
sb53 30.513798 38.973842 73.513798 59.973842
sb54 153.508197 179.952205 171.508197 240.952205
sb55 91.969339 19.582090 125.969339 75.582090
sb56 0.000000 103.396425 17.000000 166.396425
sb57 43.067754 123.343489 61.067754 170.343489
sb58 67.852422 229.145024 113.852422 263.145024
sb59 48.273451 231.000000 98.273451 268.000000
sb60 153.898763 245.000000 193.898763 268.000000
sb61 167.777801 75.663665 200.777801 98.663665
sb62 203.276830 7.885731 263.276830 26.885731
sb63 176.184429 180.660845 212.184429 225.660845
sb64 114.057590 89.376487 164.057590 136.376487
sb65 0.000000 155.187699 57.000000 211.187699
sb66 99.863549 0.000000 166.863549 61.000000
sb67 118.666537 78.007658 162.666537 118.007658
sb68 205.322294 29.195817 257.322294 92.195817
sb69 0.000000 29.217164 54.000000 56.217164
sb70 116.849280 75.626675 158.849280 117.626675
sb71 94.829438 190.723495 158.829438 212.723495
sb72 34.208986 152.343595 95.208986 213.343595
sb73 207.000000 0.000000 268.000000 67.000000
sb74 21.877666 115.259488 59.877666 157.259488
sb75 131.447903 0.000000 150.447903 28.000000
sb76 187.138575 122.928817 209.138575 155.928817
sb77 191.780675 211.000000 257.780675 268.000000
sb78 186.370939 180.744711 222.370939 212.744711
sb79 0.000000 77.934468 60.000000 118.934468
sb80 199.454089 92.970471 215.454089 150.970471
sb81 103.057542 163.627660 143.057542 213.627660
sb82 36.694868 93.564234 83.694868 150.564234
sb83 71.380643 155.370097 93.380643 171.370097
sb84 155.108529 123.741516 222.108529 145.741516
sb85 173.984668 84.037397 193.984668 109.037397
sb86 102.709255 118.180065 158.709255 155.180065
sb87 62.550662 114.902810 101.550662 158.902810
sb88 0.000000 51.041025 37.000000 75.041025
sb89 60.389534 50.652298 98.389534 77.652298
sb90 139.564675 235.000000 178.564675 268.000000
sb91 26.105649 50.408993 82.105649 83.408993
sb92 0.000000 50.822926 26.000000 66.822926
sb93 47.835574 224.451758 112.835574 259.451758
sb94 167.068423 4.756897 208.068423 63.756897
sb95 44.035079 212.893453 95.035079 231.893453
sb96 88.453612 110.843944 128.453612 176.843944
sb97 185.431935 0.000000 202.431935 67.000000
sb98 163.576473 184.513889 185.576473 246.513889
sb99 219.000000 202.000000 268.000000 268.000000

[Iter 3250]
sb0 147.737973 44.483392 190.737973 77.483392
sb1 144.897877 0.000000 209.897877 37.000000
sb2 51.441886 195.421302 104.441886 229.421302
sb3 1.141255 120.951447 38.141255 187.951447
sb4 0.000000 205.499209 29.000000 224.499209
sb5 79.429660 62.040717 118.429660 111.040717
sb6 228.000000 187.892722 268.000000 205.892722
sb7 203.886877 99.881252 225.886877 139.881252
sb8 123.140391 206.000000 173.140391 268.000000
sb9 226.111677 112.140082 242.111677 153.140082
sb10 70.764352 13.481555 88.764352 65.481555
sb11 60.461594 133.319460 99.461594 192.319460
sb12 108.254855 62.074625 169.254855 90.074625
sb13 203.493266 149.267635 251.493266 206.267635
sb14 205.000000 17.670133 268.000000 60.670133
sb15 209.000000 136.015253 268.000000 188.015253
sb16 160.470947 94.983365 196.470947 151.983365
sb17 112.909168 202.000000 156.909168 268.000000
sb18 53.350196 0.000000 101.350196 51.000000
sb19 134.135026 154.561628 165.135026 204.561628
sb20 104.743927 172.274227 141.743927 191.274227
sb21 38.804129 170.726384 102.804129 220.726384
sb22 102.182124 136.146105 151.182124 170.146105
sb23 248.000000 129.137194 268.000000 178.137194
sb24 165.753037 151.582892 210.753037 179.582892
sb25 214.000000 93.738826 268.000000 132.738826
sb26 126.670030 0.000000 181.670030 40.000000
sb27 243.000000 73.385982 268.000000 138.385982
sb28 178.932561 222.000000 217.932561 268.000000
sb29 164.340845 97.769841 188.340845 159.769841
sb30 125.821302 45.367510 149.821302 71.367510
sb31 90.302027 79.062663 116.302027 113.062663
sb32 176.256956 206.032195 219.256956 259.032195
sb33 162.934581 94.302755 184.934581 129.302755
sb34 60.722004 63.071175 87.722004 117.071175
sb35 6.459783 188.106171 37.459783 226.106171
sb36 92.419458 0.000000 131.419458 67.000000
sb37 132.763926 113.649856 152.763926 173.649856
sb38 214.958428 134.437500 237.958428 191.437500
sb39 62.053528 78.900802 114.053528 133.900802
sb40 11.323629 129.897805 37.323629 158.897805
sb41 102.454954 153.585862 129.454954 208.585862
sb42 0.000000 63.171112 62.000000 116.171112
sb43 0.876531 222.000000 61.876531 268.000000
sb44 133.262822 36.833462 198.262822 83.833462
sb45 238.539395 169.314793 261.539395 213.314793
sb46 0.000000 168.489292 39.000000 190.489292
sb47 167.955575 67.165547 232.955575 100.165547
sb48 0.000000 0.000000 57.000000 27.000000
sb49 195.484804 63.071027 242.484804 128.071027
sb50 144.114579 149.190138 211.114579 181.190138
sb51 100.707857 211.000000 138.707857 268.000000
sb52 146.739375 159.755244 200.739375 204.755244
sb53 30.301264 39.255310 73.301264 60.255310
sb54 153.438140 180.128374 171.438140 241.128374
sb55 91.623527 19.187756 125.623527 75.187756
sb56 0.000000 103.661444 17.000000 166.661444
sb57 42.805533 123.787644 60.805533 170.787644
sb58 76.231893 230.349972 122.231893 264.349972
sb59 47.719903 231.000000 97.719903 268.000000
sb60 154.241055 245.000000 194.241055 268.000000
sb61 167.761283 75.653635 200.761283 98.653635
sb62 203.384547 7.421810 263.384547 26.421810
sb63 176.080883 180.765103 212.080883 225.765103
sb64 114.253204 91.151269 164.253204 138.151269
sb65 0.000000 155.284180 57.000000 211.284180
sb66 99.842922 0.000000 166.842922 61.000000
sb67 118.663229 78.118513 162.663229 118.118513
sb68 205.449892 28.890441 257.449892 91.890441
sb69 0.000000 29.277068 54.000000 56.277068
sb70 116.857414 75.256723 158.857414 117.256723
sb71 94.530260 190.761230 158.530260 212.761230
sb72 34.122854 152.452626 95.122854 213.452626
sb73 207.000000 0.000000 268.000000 67.000000
sb74 21.932803 115.292493 59.932803 157.292493
sb75 131.418065 0.000000 150.418065 28.000000
sb76 187.953822 122.671298 209.953822 155.671298
sb77 192.157549 211.000000 258.157549 268.000000
sb78 186.456457 180.940318 222.456457 212.940318
sb79 0.000000 78.212388 60.000000 119.212388
sb80 199.427021 92.711348 215.427021 150.711348
sb81 100.976712 167.822103 140.976712 217.822103
sb82 36.444691 93.562134 83.444691 150.562134
sb83 71.347092 155.450954 93.347092 171.450954
sb84 154.920631 123.826786 221.920631 145.826786
sb85 173.770723 83.823357 193.770723 108.823357
sb86 102.448746 117.949227 158.448746 154.949227
sb87 62.255595 115.019813 101.255595 159.019813
sb88 0.000000 51.203582 37.000000 75.203582
sb89 60.526137 51.500848 98.526137 78.500848
sb90 139.069720 235.000000 178.069720 268.000000
sb91 25.694471 50.498260 81.694471 83.498260
sb92 0.000000 50.887538 26.000000 66.887538
sb93 47.762181 224.845477 112.762181 259.845477
sb94 166.985752 4.740517 207.985752 63.740517
sb95 42.890379 212.973944 93.890379 231.973944
sb96 88.459292 110.687609 128.459292 176.687609
sb97 185.629978 0.000000 202.629978 67.000000
sb98 163.616744 184.535632 185.616744 246.535632
sb99 219.000000 202.000000 268.000000 268.000000

[Iter 3300]
sb0 147.364126 44.331783 190.364126 77.331783
sb1 144.488904 0.000000 209.488904 37.000000
sb2 50.590260 197.340575 103.590260 231.340575
sb3 0.726263 121.697635 37.726263 188.697635
sb4 0.000000 205.480254 29.000000 224.480254
sb5 78.088354 61.397436 117.088354 110.397436
sb6 227.996907 187.347557 267.996907 205.347557
sb7 203.920752 96.007224 225.920752 136.007224
sb8 136.395392 206.000000 186.395392 268.000000
sb9 226.355461 108.425640 242.355461 149.425640
sb10 69.559551 12.140080 87.559551 64.140080
sb11 61.102964 135.461033 100.102964 194.461033
sb12 106.503800 63.330650 167.503800 91.330650
sb13 204.301739 145.572902 252.301739 202.572902
sb14 205.000000 15.318440 268.000000 58.318440
sb15 209.000000 135.093560 268.000000 187.093560
sb16 160.141562 95.114581 196.141562 152.114581
sb17 112.937074 202.000000 156.937074 268.000000
sb18 53.327619 0.000000 101.327619 51.000000
sb19 134.102057 154.467437 165.102057 204.467437
sb20 101.710210 172.158621 138.710210 191.158621
sb21 38.396248 171.989105 102.396248 221.989105
sb22 101.209525 140.913583 150.209525 174.913583
sb23 248.000000 129.119229 268.000000 178.119229
sb24 165.846477 151.785136 210.846477 179.785136
sb25 214.000000 93.725080 268.000000 132.725080
sb26 126.039156 0.000000 181.039156 40.000000
sb27 243.000000 72.476017 268.000000 137.476017
sb28 178.620646 222.000000 217.620646 268.000000
sb29 164.827708 96.597618 188.827708 158.597618
sb30 124.898490 44.945660 148.898490 70.945660
sb31 90.136673 79.773704 116.136673 113.773704
sb32 189.318345 203.095508 232.318345 256.095508
sb33 161.977528 93.868692 183.977528 128.868692
sb34 60.689620 63.261938 87.689620 117.261938
sb35 5.874084 188.845374 36.874084 226.845374
sb36 91.656795 0.000000 130.656795 67.000000
sb37 130.692046 116.186145 150.692046 176.186145
sb38 215.088508 134.396566 238.088508 191.396566
sb39 62.259022 80.782789 114.259022 135.782789
sb40 9.299325 129.903301 35.299325 158.903301
sb41 102.155206 153.710809 129.155206 208.710809
sb42 0.000000 63.145450 62.000000 116.145450
sb43 0.000000 222.000000 61.000000 268.000000
sb44 132.297337 37.091792 197.297337 84.091792
sb45 238.927258 169.316832 261.927258 213.316832
sb46 0.000000 167.969273 39.000000 189.969273
sb47 165.114301 64.175465 230.114301 97.175465
sb48 0.000000 0.000000 57.000000 27.000000
sb49 194.909012 63.331553 241.909012 128.331553
sb50 143.706941 149.205441 210.706941 181.205441
sb51 100.042168 211.000000 138.042168 268.000000
sb52 147.049177 158.912845 201.049177 203.912845
sb53 29.659361 39.936642 72.659361 60.936642
sb54 153.306330 179.988728 171.306330 240.988728
sb55 90.414645 19.528597 124.414645 75.528597
sb56 0.000000 103.333920 17.000000 166.333920
sb57 42.304024 124.708892 60.304024 171.708892
sb58 88.379514 230.975504 134.379514 264.975504
sb59 46.777937 231.000000 96.777937 268.000000
sb60 154.786485 245.000000 194.786485 268.000000
sb61 167.875219 75.628791 200.875219 98.628791
sb62 203.354573 7.301447 263.354573 26.301447
sb63 176.335508 180.606009 212.335508 225.606009
sb64 114.196941 94.544076 164.196941 141.544076
sb65 0.000000 154.996840 57.000000 210.996840
sb66 99.804971 0.000000 166.804971 61.000000
sb67 117.947953 79.014051 161.947953 119.014051
sb68 205.400605 28.876145 257.400605 91.876145
sb69 0.000000 29.192196 54.000000 56.192196
sb70 116.831550 74.970488 158.831550 116.970488
sb71 94.587206 190.499278 158.587206 212.499278
sb72 32.985876 152.513420 93.985876 213.513420
sb73 207.000000 0.000000 268.000000 67.000000
sb74 22.644023 115.214968 60.644023 157.214968
sb75 130.457752 0.000000 149.457752 28.000000
sb76 188.593575 121.412719 210.593575 154.412719
sb77 192.775645 211.000000 258.775645 268.000000
sb78 186.432735 181.207745 222.432735 213.207745
sb79 0.000000 78.996305 60.000000 119.996305
sb80 199.238374 92.959069 215.238374 150.959069
sb81 102.082959 175.300883 142.082959 225.300883
sb82 34.485067 93.453654 81.485067 150.453654
sb83 70.960280 156.572301 92.960280 172.572301
sb84 152.417102 124.052397 219.417102 146.052397
sb85 173.394388 83.999527 193.394388 108.999527
sb86 101.936442 117.934674 157.936442 154.934674
sb87 61.677334 115.980354 100.677334 159.980354
sb88 0.000000 51.950681 37.000000 75.950681
sb89 60.400163 52.310745 98.400163 79.310745
sb90 138.498412 235.000000 177.498412 268.000000
sb91 23.998225 50.529141 79.998225 83.529141
sb92 0.000000 50.842716 26.000000 66.842716
sb93 47.734721 226.226665 112.734721 261.226665
sb94 166.844645 1.688024 207.844645 60.688024
sb95 43.237906 212.889930 94.237906 231.889930
sb96 86.424670 109.681952 126.424670 175.681952
sb97 185.532773 0.000000 202.532773 67.000000
sb98 163.675727 184.779800 185.675727 246.779800
sb99 219.000000 202.000000 268.000000 268.000000

[Iter 3350]
sb0 146.822496 44.374606 189.822496 77.374606
sb1 144.462391 0.000000 209.462391 37.000000
sb2 50.691277 198.084137 103.691277 232.084137
sb3 0.205101 121.699947 37.205101 188.699947
sb4 0.000000 205.455213 29.000000 224.455213
sb5 77.954388 61.361334 116.954388 110.361334
sb6 227.457653 187.157650 267.457653 205.157650
sb7 204.414409 93.974755 226.414409 133.974755
sb8 137.265349 206.000000 187.265349 268.000000
sb9 226.700302 106.147399 242.700302 147.147399
sb10 68.790480 10.269440 86.790480 62.269440
sb11 61.051055 136.312512 100.051055 195.312512
sb12 105.322491 63.435004 166.322491 91.435004
sb13 204.428139 143.664501 252.428139 200.664501
sb14 205.000000 14.622171 268.000000 57.622171
sb15 209.000000 134.759746 268.000000 186.759746
sb16 159.948470 95.077615 195.948470 152.077615
sb17 112.946234 202.000000 156.946234 268.000000
sb18 53.237606 0.000000 101.237606 51.000000
sb19 133.714727 154.449568 164.714727 204.449568
sb20 101.282907 172.231259 138.282907 191.231259
sb21 37.978816 171.970974 101.978816 221.970974
sb22 101.125272 141.354152 150.125272 175.354152
sb23 248.000000 129.093219 268.000000 178.093219
sb24 165.490195 151.795216 210.490195 179.795216
sb25 214.000000 93.651491 268.000000 132.651491
sb26 125.819472 0.000000 180.819472 40.000000
sb27 243.000000 71.905905 268.000000 136.905905
sb28 178.641272 222.000000 217.641272 268.000000
sb29 165.264721 96.422941 189.264721 158.422941
sb30 124.082618 44.910689 148.082618 70.910689
sb31 90.242262 79.591799 116.242262 113.591799
sb32 190.252069 201.601505 233.252069 254.601505
sb33 162.026459 93.754426 184.026459 128.754426
sb34 60.805595 63.079275 87.805595 117.079275
sb35 5.491945 188.858336 36.491945 226.858336
sb36 91.614399 0.000000 130.614399 67.000000
sb37 130.780629 116.634408 150.780629 176.634408
sb38 215.102802 134.360028 238.102802 191.360028
sb39 62.276515 81.518560 114.276515 136.518560
sb40 9.176663 129.830739 35.176663 158.830739
sb41 101.707944 153.843219 128.707944 208.843219
sb42 0.000000 63.235951 62.000000 116.235951
sb43 0.000000 222.000000 61.000000 268.000000
sb44 132.214370 37.075661 197.214370 84.075661
sb45 238.936757 169.321326 261.936757 213.321326
sb46 0.000000 167.780702 39.000000 189.780702
sb47 163.443902 63.039121 228.443902 96.039121
sb48 0.000000 0.000000 57.000000 27.000000
sb49 194.821485 63.467893 241.821485 128.467893
sb50 143.795042 149.356940 210.795042 181.356940
sb51 99.940189 211.000000 137.940189 268.000000
sb52 147.150981 158.573173 201.150981 203.573173
sb53 29.727760 41.118653 72.727760 62.118653
sb54 153.331584 180.102303 171.331584 241.102303
sb55 89.616102 19.274204 123.616102 75.274204
sb56 0.000000 103.489431 17.000000 166.489431
sb57 41.868260 124.768345 59.868260 171.768345
sb58 89.315259 231.598507 135.315259 265.598507
sb59 46.699558 231.000000 96.699558 268.000000
sb60 154.856941 245.000000 194.856941 268.000000
sb61 168.331590 75.623924 201.331590 98.623924
sb62 203.115395 7.211852 263.115395 26.211852
sb63 176.385548 180.689674 212.385548 225.689674
sb64 114.497880 94.887111 164.497880 141.887111
sb65 0.000000 155.095410 57.000000 211.095410
sb66 99.694487 0.000000 166.694487 61.000000
sb67 117.775660 79.157488 161.775660 119.157488
sb68 205.122805 28.841680 257.122805 91.841680
sb69 0.000000 29.241709 54.000000 56.241709
sb70 116.870029 74.973677 158.870029 116.973677
sb71 94.558169 190.581348 158.558169 212.581348
sb72 32.837175 152.512927 93.837175 213.512927
sb73 207.000000 0.000000 268.000000 67.000000
sb74 22.703116 115.311692 60.703116 157.311692
sb75 130.442886 0.000000 149.442886 28.000000
sb76 189.077028 120.071555 211.077028 153.071555
sb77 192.790045 211.000000 258.790045 268.000000
sb78 186.542172 181.110186 222.542172 213.110186
sb79 0.000000 79.015671 60.000000 120.015671
sb80 199.170001 93.502172 215.170001 151.502172
sb81 102.159095 175.889283 142.159095 225.889283
sb82 34.408093 93.440711 81.408093 150.440711
sb83 70.467844 156.429400 92.467844 172.429400
sb84 151.735144 124.180177 218.735144 146.180177
sb85 173.314723 84.146750 193.314723 109.146750
sb86 101.542428 117.971134 157.542428 154.971134
sb87 61.321335 115.891308 100.321335 159.891308
sb88 0.000000 51.965848 37.000000 75.965848
sb89 60.153303 52.552259 98.153303 79.552259
sb90 138.457185 235.000000 177.457185 268.000000
sb91 23.812676 50.524342 79.812676 83.524342
sb92 0.000000 50.780379 26.000000 66.780379
sb93 47.739529 226.226514 112.739529 261.226514
sb94 166.768716 0.405846 207.768716 59.405846
sb95 43.049503 212.876144 94.049503 231.876144
sb96 86.376600 109.643865 126.376600 175.643865
sb97 185.233585 0.000000 202.233585 67.000000
sb98 163.651599 184.631695 185.651599 246.631695
sb99 219.000000 202.000000 268.000000 268.000000

[Iter 3400]
sb0 145.276499 44.367342 188.276499 77.367342
sb1 144.336109 0.000000 209.336109 37.000000
sb2 51.157197 198.688433 104.157197 232.688433
sb3 0.000000 121.726017 37.000000 188.726017
sb4 0.000000 205.526836 29.000000 224.526836
sb5 77.665583 61.337486 116.665583 110.337486
sb6 227.126525 186.979442 267.126525 204.979442
sb7 205.433559 92.879512 227.433559 132.879512
sb8 138.423466 206.000000 188.423466 268.000000
sb9 227.866685 105.337562 243.866685 146.337562
sb10 67.311154 4.778438 85.311154 56.778438
sb11 61.170074 137.260101 100.170074 196.260101
sb12 104.580129 63.523620 165.580129 91.523620
sb13 205.174308 142.823424 253.174308 199.823424
sb14 205.000000 14.357067 268.000000 57.357067
sb15 209.000000 134.472023 268.000000 186.472023
sb16 159.991623 94.534523 195.991623 151.534523
sb17 112.844561 202.000000 156.844561 268.000000
sb18 53.198344 0.142360 101.198344 51.142360
sb19 132.880625 154.622251 163.880625 204.622251
sb20 101.037811 172.174344 138.037811 191.174344
sb21 37.152658 172.460212 101.152658 222.460212
sb22 101.336128 141.620327 150.336128 175.620327
sb23 248.000000 128.686940 268.000000 177.686940
sb24 164.347298 151.804151 209.347298 179.804151
sb25 214.000000 93.086614 268.000000 132.086614
sb26 125.070887 0.000000 180.070887 40.000000
sb27 243.000000 71.459579 268.000000 136.459579
sb28 178.595055 222.000000 217.595055 268.000000
sb29 166.156337 96.310667 190.156337 158.310667
sb30 122.212218 44.541788 146.212218 70.541788
sb31 90.474708 79.820111 116.474708 113.820111
sb32 191.399230 200.943953 234.399230 253.943953
sb33 161.889822 93.673717 183.889822 128.673717
sb34 61.003438 63.205753 88.003438 117.205753
sb35 4.552603 189.086336 35.552603 227.086336
sb36 91.349119 0.000000 130.349119 67.000000
sb37 130.300587 116.843838 150.300587 176.843838
sb38 215.381586 134.276471 238.381586 191.276471
sb39 62.454725 82.311553 114.454725 137.311553
sb40 8.516920 129.824658 34.516920 158.824658
sb41 100.788094 154.078988 127.788094 209.078988
sb42 0.000000 63.341717 62.000000 116.341717
sb43 0.000000 222.000000 61.000000 268.000000
sb44 132.012976 37.000212 197.012976 84.000212
sb45 239.332165 169.370250 262.332165 213.370250
sb46 0.000000 167.413043 39.000000 189.413043
sb47 162.564699 62.591812 227.564699 95.591812
sb48 0.000000 0.000000 57.000000 27.000000
sb49 194.653085 63.560406 241.653085 128.560406
sb50 143.654659 149.375268 210.654659 181.375268
sb51 99.892877 211.000000 137.892877 268.000000
sb52 147.887075 158.324918 201.887075 203.324918
sb53 31.856471 45.451521 74.856471 66.451521
sb54 153.296741 180.046524 171.296741 241.046524
sb55 87.829961 19.239480 121.829961 75.239480
sb56 0.000000 103.547901 17.000000 166.547901
sb57 41.668377 124.720797 59.668377 171.720797
sb58 90.587267 231.795114 136.587267 265.795114
sb59 46.651846 231.000000 96.651846 268.000000
sb60 154.697684 245.000000 194.697684 268.000000
sb61 169.728946 75.055436 202.728946 98.055436
sb62 202.140268 6.638408 262.140268 25.638408
sb63 176.538357 180.643145 212.538357 225.643145
sb64 115.139952 95.065976 165.139952 142.065976
sb65 0.000000 155.139762 57.000000 211.139762
sb66 99.630011 0.000000 166.630011 61.000000
sb67 117.543453 79.276865 161.543453 119.276865
sb68 204.055577 28.359221 256.055577 91.359221
sb69 0.000000 29.121723 54.000000 56.121723
sb70 116.965776 74.872918 158.965776 116.872918
sb71 94.318734 190.567979 158.318734 212.567979
sb72 32.592775 152.589007 93.592775 213.589007
sb73 207.000000 0.000000 268.000000 67.000000
sb74 22.942054 115.151192 60.942054 157.151192
sb75 130.135793 0.000000 149.135793 28.000000
sb76 190.178847 119.092283 212.178847 152.092283
sb77 192.561761 211.000000 258.561761 268.000000
sb78 186.878555 180.647776 222.878555 212.647776
sb79 0.000000 79.097022 60.000000 120.097022
sb80 199.294878 95.456093 215.294878 153.456093
sb81 102.831264 176.133870 142.831264 226.133870
sb82 33.827306 93.453729 80.827306 150.453729
sb83 69.860993 156.845195 91.860993 172.845195
sb84 151.050333 124.192991 218.050333 146.192991
sb85 173.028905 84.098025 193.028905 109.098025
sb86 101.566229 118.045978 157.566229 155.045978
sb87 61.247399 116.112132 100.247399 160.112132
sb88 0.000000 51.801778 37.000000 75.801778
sb89 59.944739 52.958421 97.944739 79.958421
sb90 138.428588 235.000000 177.428588 268.000000
sb91 23.575137 50.570305 79.575137 83.570305
sb92 0.000000 50.766744 26.000000 66.766744
sb93 47.641919 226.716685 112.641919 261.716685
sb94 166.717657 0.000000 207.717657 59.000000
sb95 42.853023 212.896294 93.853023 231.896294
sb96 85.935029 109.576335 125.935029 175.576335
sb97 184.281973 0.000000 201.281973 67.000000
sb98 163.578989 184.502897 185.578989 246.502897
sb99 219.000000 202.000000 268.000000 268.000000

[Iter 3450]
sb0 145.506815 44.497694 188.506815 77.497694
sb1 144.268730 0.000000 209.268730 37.000000
sb2 51.250870 198.976478 104.250870 232.976478
sb3 0.000000 122.355272 37.000000 189.355272
sb4 0.000000 205.514893 29.000000 224.514893
sb5 77.502056 61.392470 116.502056 110.392470
sb6 227.397810 186.958457 267.397810 204.958457
sb7 205.528713 92.918901 227.528713 132.918901
sb8 138.521717 206.000000 188.521717 268.000000
sb9 228.032648 105.323312 244.032648 146.323312
sb10 66.443397 3.611552 84.443397 55.611552
sb11 61.228692 137.518007 100.228692 196.518007
sb12 104.622078 63.523103 165.622078 91.523103
sb13 205.447753 143.013185 253.447753 200.013185
sb14 205.000000 14.365795 268.000000 57.365795
sb15 209.000000 134.492072 268.000000 186.492072
sb16 160.168790 94.256348 196.168790 151.256348
sb17 112.834957 202.000000 156.834957 268.000000
sb18 53.163930 0.225707 101.163930 51.225707
sb19 132.748785 154.387257 163.748785 204.387257
sb20 100.997965 172.119580 137.997965 191.119580
sb21 37.211793 173.312279 101.211793 223.312279
sb22 101.534887 141.696094 150.534887 175.696094
sb23 248.000000 128.129232 268.000000 177.129232
sb24 164.139063 151.785145 209.139063 179.785145
sb25 214.000000 92.358880 268.000000 131.358880
sb26 125.375152 0.000000 180.375152 40.000000
sb27 243.000000 71.446162 268.000000 136.446162
sb28 178.537751 222.000000 217.537751 268.000000
sb29 166.375039 96.343052 190.375039 158.343052
sb30 121.694462 43.154181 145.694462 69.154181
sb31 90.772930 80.237687 116.772930 114.237687
sb32 191.570234 201.140332 234.570234 254.140332
sb33 161.897089 93.666219 183.897089 128.666219
sb34 61.076970 63.774255 88.076970 117.774255
sb35 4.502569 189.736395 35.502569 227.736395
sb36 91.228572 0.000000 130.228572 67.000000
sb37 130.292922 116.949240 150.292922 176.949240
sb38 215.483795 134.319822 238.483795 191.319822
sb39 62.518391 82.531021 114.518391 137.531021
sb40 8.118515 129.804275 34.118515 158.804275
sb41 100.786686 153.689556 127.786686 208.689556
sb42 0.000000 63.366534 62.000000 116.366534
sb43 0.000000 222.000000 61.000000 268.000000
sb44 131.817602 37.019892 196.817602 84.019892
sb45 239.600319 169.308667 262.600319 213.308667
sb46 0.000000 167.220812 39.000000 189.220812
sb47 162.666355 62.579644 227.666355 95.579644
sb48 0.000000 0.000000 57.000000 27.000000
sb49 194.625297 63.528623 241.625297 128.528623
sb50 143.768864 149.515712 210.768864 181.515712
sb51 99.693225 211.000000 137.693225 268.000000
sb52 148.144457 158.404259 202.144457 203.404259
sb53 32.119747 46.367566 75.119747 67.367566
sb54 152.767639 180.165587 170.767639 241.165587
sb55 86.974535 19.680353 120.974535 75.680353
sb56 0.000000 103.652185 17.000000 166.652185
sb57 41.682428 125.457799 59.682428 172.457799
sb58 90.667905 232.061555 136.667905 266.061555
sb59 46.424243 231.000000 96.424243 268.000000
sb60 154.816563 245.000000 194.816563 268.000000
sb61 171.488372 74.944071 204.488372 97.944071
sb62 202.302971 5.769290 262.302971 24.769290
sb63 176.137157 180.799970 212.137157 225.799970
sb64 115.310820 95.074526 165.310820 142.074526
sb65 0.000000 155.185420 57.000000 211.185420
sb66 99.608303 0.000000 166.608303 61.000000
sb67 117.369725 79.398063 161.369725 119.398063
sb68 204.451538 27.544038 256.451538 90.544038
sb69 0.000000 29.069671 54.000000 56.069671
sb70 117.486926 73.961582 159.486926 115.961582
sb71 93.830647 190.573787 157.830647 212.573787
sb72 32.459762 152.524544 93.459762 213.524544
sb73 207.000000 0.000000 268.000000 67.000000
sb74 23.071664 115.160560 61.071664 157.160560
sb75 130.121217 0.000000 149.121217 28.000000
sb76 190.491414 119.376233 212.491414 152.376233
sb77 192.702991 211.000000 258.702991 268.000000
sb78 186.937794 180.568313 222.937794 212.568313
sb79 0.000000 79.640648 60.000000 120.640648
sb80 199.581742 96.351714 215.581742 154.351714
sb81 102.917352 176.161881 142.917352 226.161881
sb82 33.570561 93.491557 80.570561 150.491557
sb83 69.860650 157.718639 91.860650 173.718639
sb84 151.078142 124.252835 218.078142 146.252835
sb85 172.788014 84.098483 192.788014 109.098483
sb86 101.750331 117.495645 157.750331 154.495645
sb87 61.242108 116.734807 100.242108 160.734807
sb88 0.000000 52.188486 37.000000 76.188486
sb89 60.029684 53.111806 98.029684 80.111806
sb90 138.372867 235.000000 177.372867 268.000000
sb91 23.326059 50.517827 79.326059 83.517827
sb92 0.000000 50.720031 26.000000 66.720031
sb93 47.623115 227.624403 112.623115 262.624403
sb94 166.662450 0.000000 207.662450 59.000000
sb95 42.474103 212.865494 93.474103 231.865494
sb96 85.933811 109.469249 125.933811 175.469249
sb97 184.530592 0.000000 201.530592 67.000000
sb98 163.574744 184.500718 185.574744 246.500718
sb99 219.000000 202.000000 268.000000 268.000000

[Iter 3500]
sb0 145.542499 44.592917 188.542499 77.592917
sb1 144.215806 0.000000 209.215806 37.000000
sb2 51.316883 198.971195 104.316883 232.971195
sb3 0.001283 123.007090 37.001283 190.007090
sb4 0.000000 205.475216 29.000000 224.475216
sb5 77.384384 61.525241 116.384384 110.525241
sb6 227.956320 186.944780 267.956320 204.944780
sb7 205.514390 92.992410 227.514390 132.992410
sb8 139.154176 206.000000 189.154176 268.000000
sb9 228.121729 105.309941 244.121729 146.309941
sb10 66.258232 4.667454 84.258232 56.667454
sb11 61.268745 137.540447 100.268745 196.540447
sb12 104.742456 63.594920 165.742456 91.594920
sb13 205.552761 143.079789 253.552761 200.079789
sb14 205.000000 14.361194 268.000000 57.361194
sb15 209.000000 134.503950 268.000000 186.503950
sb16 160.333117 94.213352 196.333117 151.213352
sb17 112.946602 202.000000 156.946602 268.000000
sb18 53.195544 0.201757 101.195544 51.201757
sb19 132.768488 154.417535 163.768488 204.417535
sb20 100.958280 172.060215 137.958280 191.060215
sb21 37.204634 174.415956 101.204634 224.415956
sb22 101.555362 141.933782 150.555362 175.933782
sb23 248.000000 127.747450 268.000000 176.747450
sb24 164.127459 151.794007 209.127459 179.794007
sb25 214.000000 91.934280 268.000000 130.934280
sb26 125.417777 0.000000 180.417777 40.000000
sb27 243.000000 71.450959 268.000000 136.450959
sb28 178.508497 222.000000 217.508497 268.000000
sb29 166.415000 96.345173 190.415000 158.345173
sb30 121.702749 42.805262 145.702749 68.805262
sb31 90.782798 81.042195 116.782798 115.042195
sb32 192.201776 201.227050 235.201776 254.227050
sb33 161.833517 93.755591 183.833517 128.755591
sb34 61.097884 64.975743 88.097884 118.975743
sb35 4.415621 190.364640 35.415621 228.364640
sb36 91.146551 0.000000 130.146551 67.000000
sb37 129.957536 116.921513 149.957536 176.921513
sb38 215.750712 134.294690 238.750712 191.294690
sb39 62.561036 82.551791 114.561036 137.551791
sb40 7.642222 129.783884 33.642222 158.783884
sb41 100.756987 153.745151 127.756987 208.745151
sb42 0.000000 63.293066 62.000000 116.293066
sb43 0.000000 222.000000 61.000000 268.000000
sb44 131.764622 36.993688 196.764622 83.993688
sb45 239.996589 169.318882 262.996589 213.318882
sb46 0.000000 166.793289 39.000000 188.793289
sb47 162.776701 62.590651 227.776701 95.590651
sb48 0.000000 0.000000 57.000000 27.000000
sb49 194.607167 63.514255 241.607167 128.514255
sb50 143.641575 149.454844 210.641575 181.454844
sb51 99.559392 211.000000 137.559392 268.000000
sb52 148.281348 158.456369 202.281348 203.456369
sb53 32.126375 47.443409 75.126375 68.443409
sb54 152.650900 180.174306 170.650900 241.174306
sb55 86.834869 20.605737 120.834869 76.605737
sb56 0.000000 103.624981 17.000000 166.624981
sb57 41.645835 126.017632 59.645835 173.017632
sb58 91.267656 232.156944 137.267656 266.156944
sb59 46.334901 231.000000 96.334901 268.000000
sb60 154.951851 245.000000 194.951851 268.000000
sb61 171.922745 74.974989 204.922745 97.974989
sb62 202.301414 5.353468 262.301414 24.353468
sb63 176.123177 180.741198 212.123177 225.741198
sb64 115.326295 95.210028 165.326295 142.210028
sb65 0.000000 155.172021 57.000000 211.172021
sb66 99.644760 0.000000 166.644760 61.000000
sb67 117.259771 79.565070 161.259771 119.565070
sb68 204.474127 27.137630 256.474127 90.137630
sb69 0.000000 29.019982 54.000000 56.019982
sb70 117.700801 73.865260 159.700801 115.865260
sb71 93.521438 190.549573 157.521438 212.549573
sb72 32.261813 152.582651 93.261813 213.582651
sb73 207.000000 0.000000 268.000000 67.000000
sb74 23.080885 115.101577 61.080885 157.101577
sb75 130.086378 0.000000 149.086378 28.000000
sb76 190.576164 119.493317 212.576164 152.493317
sb77 192.852301 211.000000 258.852301 268.000000
sb78 187.183753 180.475507 223.183753 212.475507
sb79 0.000000 80.186446 60.000000 121.186446
sb80 199.770373 96.796313 215.770373 154.796313
sb81 103.095508 176.521920 143.095508 226.521920
sb82 33.146941 93.439875 80.146941 150.439875
sb83 69.847782 159.055006 91.847782 175.055006
sb84 151.001836 124.222023 218.001836 146.222023
sb85 172.737014 84.087154 192.737014 109.087154
sb86 101.879318 117.502175 157.879318 154.502175
sb87 61.243850 117.866249 100.243850 161.866249
sb88 0.000000 52.578824 37.000000 76.578824
sb89 60.106098 53.126941 98.106098 80.126941
sb90 138.293939 235.000000 177.293939 268.000000
sb91 23.317300 50.497494 79.317300 83.497494
sb92 0.000000 50.749486 26.000000 66.749486
sb93 47.751792 228.720246 112.751792 263.720246
sb94 166.676366 0.000000 207.676366 59.000000
sb95 42.117298 212.923671 93.117298 231.923671
sb96 85.614341 109.529460 125.614341 175.529460
sb97 184.502972 0.000000 201.502972 67.000000
sb98 163.749655 184.475340 185.749655 246.475340
sb99 219.000000 202.000000 268.000000 268.000000

[Iter 3550]
sb0 145.576846 44.551922 188.576846 77.551922
sb1 144.188851 0.000000 209.188851 37.000000
sb2 51.384340 198.943883 104.384340 232.943883
sb3 0.000000 123.602946 37.000000 190.602946
sb4 0.000000 205.490887 29.000000 224.490887
sb5 77.253215 61.559120 116.253215 110.559120
sb6 228.000000 186.939728 268.000000 204.939728
sb7 205.605310 93.017278 227.605310 133.017278
sb8 139.902107 206.000000 189.902107 268.000000
sb9 228.228272 105.341803 244.228272 146.341803
sb10 66.108204 5.239003 84.108204 57.239003
sb11 61.385283 137.587148 100.385283 196.587148
sb12 104.833805 63.728069 165.833805 91.728069
sb13 205.946741 143.096159 253.946741 200.096159
sb14 205.000000 14.346110 268.000000 57.346110
sb15 209.000000 134.508603 268.000000 186.508603
sb16 160.416468 94.194993 196.416468 151.194993
sb17 112.915975 202.000000 156.915975 268.000000
sb18 53.205699 0.252246 101.205699 51.252246
sb19 132.806599 154.450995 163.806599 204.450995
sb20 100.944040 172.093505 137.944040 191.093505
sb21 37.285958 174.926810 101.285958 224.926810
sb22 101.722400 142.382022 150.722400 176.382022
sb23 248.000000 127.559568 268.000000 176.559568
sb24 164.129184 151.787455 209.129184 179.787455
sb25 214.000000 91.725701 268.000000 130.725701
sb26 125.314680 0.000000 180.314680 40.000000
sb27 243.000000 71.439584 268.000000 136.439584
sb28 178.501773 222.000000 217.501773 268.000000
sb29 166.531409 96.313242 190.531409 158.313242
sb30 121.688813 42.774106 145.688813 68.774106
sb31 90.814058 81.272475 116.814058 115.272475
sb32 192.987367 201.218483 235.987367 254.218483
sb33 161.898017 93.724832 183.898017 128.724832
sb34 61.153045 65.599446 88.153045 119.599446
sb35 4.493625 190.994885 35.493625 228.994885
sb36 91.125907 0.000000 130.125907 67.000000
sb37 130.052298 117.019709 150.052298 177.019709
sb38 215.873566 134.314222 238.873566 191.314222
sb39 62.653091 82.632736 114.653091 137.632736
sb40 7.469043 129.666861 33.469043 158.666861
sb41 100.772147 153.757226 127.772147 208.757226
sb42 0.000000 63.375882 62.000000 116.375882
sb43 0.000000 222.000000 61.000000 268.000000
sb44 131.686715 36.999894 196.686715 83.999894
sb45 240.208442 169.339079 263.208442 213.339079
sb46 0.000000 166.666504 39.000000 188.666504
sb47 162.795416 62.599857 227.795416 95.599857
sb48 0.000000 0.000000 57.000000 27.000000
sb49 194.575349 63.534181 241.575349 128.534181
sb50 143.679095 149.513004 210.679095 181.513004
sb51 99.379042 211.000000 137.379042 268.000000
sb52 148.599804 158.521271 202.599804 203.521271
sb53 32.108796 48.172239 75.108796 69.172239
sb54 152.589188 180.232039 170.589188 241.232039
sb55 86.750565 20.854479 120.750565 76.854479
sb56 0.000000 103.634832 17.000000 166.634832
sb57 41.637324 126.812529 59.637324 173.812529
sb58 91.903663 232.365975 137.903663 266.365975
sb59 46.170275 231.000000 96.170275 268.000000
sb60 154.986624 245.000000 194.986624 268.000000
sb61 171.949594 74.968093 204.949594 97.968093
sb62 202.304913 5.120980 262.304913 24.120980
sb63 176.118090 180.695653 212.118090 225.695653
sb64 115.384984 95.503161 165.384984 142.503161
sb65 0.000000 155.158927 57.000000 211.158927
sb66 99.659387 0.000000 166.659387 61.000000
sb67 117.106174 79.587310 161.106174 119.587310
sb68 204.500287 26.918272 256.500287 89.918272
sb69 0.000000 29.066803 54.000000 56.066803
sb70 117.781680 73.831018 159.781680 115.831018
sb71 93.430411 190.595279 157.430411 212.595279
sb72 32.209697 152.568200 93.209697 213.568200
sb73 207.000000 0.000000 268.000000 67.000000
sb74 23.183754 115.170951 61.183754 157.170951
sb75 130.070288 0.000000 149.070288 28.000000
sb76 190.728270 119.748902 212.728270 152.748902
sb77 192.897138 211.000000 258.897138 268.000000
sb78 187.317810 180.419690 223.317810 212.419690
sb79 0.000000 80.752563 60.000000 121.752563
sb80 199.881911 96.859673 215.881911 154.859673
sb81 103.333437 177.089167 143.333437 227.089167
sb82 33.032019 93.424738 80.032019 150.424738
sb83 69.849276 159.395157 91.849276 175.395157
sb84 151.017963 124.253372 218.017963 146.253372
sb85 172.669199 84.068989 192.669199 109.068989
sb86 101.930840 117.502849 157.930840 154.502849
sb87 61.245629 118.387435 100.245629 162.387435
sb88 0.000000 53.046288 37.000000 77.046288
sb89 60.145746 53.212660 98.145746 80.212660
sb90 138.168168 235.000000 177.168168 268.000000
sb91 23.260706 50.492289 79.260706 83.492289
sb92 0.000000 50.780208 26.000000 66.780208
sb93 47.768841 229.258528 112.768841 264.258528
sb94 166.660010 0.000000 207.660010 59.000000
sb95 41.806794 212.908848 92.806794 231.908848
sb96 85.686912 109.590171 125.686912 175.590171
sb97 184.517459 0.000000 201.517459 67.000000
sb98 163.820914 184.496410 185.820914 246.496410
sb99 219.000000 202.000000 268.000000 268.000000

[Iter 3600]
sb0 145.661053 44.499050 188.661053 77.499050
sb1 144.165407 0.000000 209.165407 37.000000
sb2 51.388988 198.930970 104.388988 232.930970
sb3 0.000000 123.722710 37.000000 190.722710
sb4 0.000000 205.541317 29.000000 224.541317
sb5 76.839053 61.443565 115.839053 110.443565
sb6 228.000000 186.965450 268.000000 204.965450
sb7 205.494456 93.100367 227.494456 133.100367
sb8 140.103893 206.000000 190.103893 268.000000
sb9 228.285462 105.307205 244.285462 146.307205
sb10 66.023394 5.173601 84.023394 57.173601
sb11 61.499170 137.599871 100.499170 196.599871
sb12 104.926479 63.784764 165.926479 91.784764
sb13 206.243848 143.186469 254.243848 200.186469
sb14 205.000000 14.307035 268.000000 57.307035
sb15 209.000000 134.491642 268.000000 186.491642
sb16 160.436387 94.183143 196.436387 151.183143
sb17 112.976875 202.000000 156.976875 268.000000
sb18 53.196710 0.212439 101.196710 51.212439
sb19 132.832025 154.459712 163.832025 204.459712
sb20 100.953572 172.047167 137.953572 191.047167
sb21 37.251928 175.070982 101.251928 225.070982
sb22 101.893985 142.547992 150.893985 176.547992
sb23 248.000000 127.462158 268.000000 176.462158
sb24 164.125863 151.783559 209.125863 179.783559
sb25 214.000000 91.607618 268.000000 130.607618
sb26 125.360731 0.000000 180.360731 40.000000
sb27 243.000000 71.444032 268.000000 136.444032
sb28 178.476184 222.000000 217.476184 268.000000
sb29 166.623039 96.282797 190.623039 158.282797
sb30 121.687390 42.733641 145.687390 68.733641
sb31 90.832058 81.282610 116.832058 115.282610
sb32 193.247569 201.279834 236.247569 254.279834
sb33 161.527890 93.628896 183.527890 128.628896
sb34 61.178909 65.658784 88.178909 119.658784
sb35 4.446308 191.159301 35.446308 229.159301
sb36 91.069139 0.000000 130.069139 67.000000
sb37 129.875339 117.082295 149.875339 177.082295
sb38 215.954352 134.301059 238.954352 191.301059
sb39 62.702668 82.627309 114.702668 137.627309
sb40 7.247934 129.027936 33.247934 158.027936
sb41 100.759464 153.795366 127.759464 208.795366
sb42 0.000000 63.286369 62.000000 116.286369
sb43 0.000000 222.000000 61.000000 268.000000
sb44 131.601567 36.769733 196.601567 83.769733
sb45 240.381718 169.313606 263.381718 213.313606
sb46 0.000000 165.984807 39.000000 187.984807
sb47 162.913865 62.577526 227.913865 95.577526
sb48 0.000000 0.000000 57.000000 27.000000
sb49 194.428711 63.523574 241.428711 128.523574
sb50 143.684226 149.579641 210.684226 181.579641
sb51 99.233247 211.000000 137.233247 268.000000
sb52 148.803959 158.559852 202.803959 203.559852
sb53 32.135812 48.270462 75.135812 69.270462
sb54 152.469865 180.213273 170.469865 241.213273
sb55 86.703327 20.794393 120.703327 76.794393
sb56 0.000000 103.648667 17.000000 166.648667
sb57 41.640154 126.960428 59.640154 173.960428
sb58 91.917127 232.475989 137.917127 266.475989
sb59 46.042988 231.000000 96.042988 268.000000
sb60 155.137486 245.000000 195.137486 268.000000
sb61 171.977359 74.944146 204.977359 97.944146
sb62 202.456216 4.974478 262.456216 23.974478
sb63 176.085522 180.843830 212.085522 225.843830
sb64 115.431528 95.597247 165.431528 142.597247
sb65 0.000000 155.145317 57.000000 211.145317
sb66 99.651951 0.000000 166.651951 61.000000
sb67 116.731027 79.632078 160.731027 119.632078
sb68 204.662109 26.788026 256.662109 89.788026
sb69 0.000000 29.002215 54.000000 56.002215
sb70 117.800648 73.774856 159.800648 115.774856
sb71 93.208554 190.593654 157.208554 212.593654
sb72 32.158884 152.553027 93.158884 213.553027
sb73 207.000000 0.000000 268.000000 67.000000
sb74 23.266522 115.127760 61.266522 157.127760
sb75 130.041754 0.000000 149.041754 28.000000
sb76 190.866162 120.033631 212.866162 153.033631
sb77 193.070947 211.000000 259.070947 268.000000
sb78 187.443199 180.417972 223.443199 212.417972
sb79 0.000000 80.856436 60.000000 121.856436
sb80 199.918837 96.855914 215.918837 154.855914
sb81 103.434768 177.316656 143.434768 227.316656
sb82 32.818760 93.443531 79.818760 150.443531
sb83 69.854009 159.611993 91.854009 175.611993
sb84 150.967646 124.252101 217.967646 146.252101
sb85 172.405788 84.174331 192.405788 109.174331
sb86 101.941841 117.510357 157.941841 154.510357
sb87 61.235596 118.492815 100.235596 162.492815
sb88 0.000000 53.127222 37.000000 77.127222
sb89 60.162699 53.198327 98.162699 80.198327
sb90 138.069753 235.000000 177.069753 268.000000
sb91 22.835912 50.483492 78.835912 83.483492
sb92 0.000000 50.753003 26.000000 66.753003
sb93 47.778676 229.403036 112.778676 264.403036
sb94 166.651970 0.000000 207.651970 59.000000
sb95 41.475766 212.885720 92.475766 231.885720
sb96 85.588458 109.473645 125.588458 175.473645
sb97 184.669175 0.000000 201.669175 67.000000
sb98 163.923338 184.504547 185.923338 246.504547
sb99 219.000000 202.000000 268.000000 268.000000

[Iter 3650]
sb0 145.738797 44.451992 188.738797 77.451992
sb1 144.148567 0.000000 209.148567 37.000000
sb2 51.400686 198.935707 104.400686 232.935707
sb3 0.000000 123.726166 37.000000 190.726166
sb4 0.000000 205.521861 29.000000 224.521861
sb5 75.276918 60.979717 114.276918 109.979717
sb6 228.000000 186.936685 268.000000 204.936685
sb7 205.712313 93.084316 227.712313 133.084316
sb8 140.211319 206.000000 190.211319 268.000000
sb9 228.476494 105.323938 244.476494 146.323938
sb10 65.946464 4.993225 83.946464 56.993225
sb11 61.576502 137.572746 100.576502 196.572746
sb12 104.953551 63.793853 165.953551 91.793853
sb13 206.362841 143.226223 254.362841 200.226223
sb14 205.000000 14.310271 268.000000 57.310271
sb15 209.000000 134.395685 268.000000 186.395685
sb16 160.387373 94.128261 196.387373 151.128261
sb17 112.995460 202.000000 156.995460 268.000000
sb18 53.194797 0.155915 101.194797 51.155915
sb19 132.844578 154.430233 163.844578 204.430233
sb20 100.920169 171.966497 137.920169 190.966497
sb21 37.202148 175.074890 101.202148 225.074890
sb22 101.972726 142.619537 150.972726 176.619537
sb23 248.000000 127.433453 268.000000 176.433453
sb24 164.176295 151.773136 209.176295 179.773136
sb25 214.000000 91.576132 268.000000 130.576132
sb26 125.431837 0.000000 180.431837 40.000000
sb27 243.000000 71.325649 268.000000 136.325649
sb28 178.451741 222.000000 217.451741 268.000000
sb29 166.756072 96.301758 190.756072 158.301758
sb30 121.678975 42.683770 145.678975 68.683770
sb31 90.811909 81.213730 116.811909 115.213730
sb32 193.388318 201.318389 236.388318 254.318389
sb33 159.637164 92.444238 181.637164 127.444238
sb34 61.176588 65.558733 88.176588 119.558733
sb35 4.359924 191.201055 35.359924 229.201055
sb36 91.244713 0.000000 130.244713 67.000000
sb37 129.657092 116.586880 149.657092 176.586880
sb38 216.015112 134.281797 239.015112 191.281797
sb39 62.772326 82.602896 114.772326 137.602896
sb40 6.463754 127.126274 32.463754 156.126274
sb41 100.748880 153.817743 127.748880 208.817743
sb42 0.000000 63.106861 62.000000 116.106861
sb43 0.000000 222.000000 61.000000 268.000000
sb44 132.123658 36.910306 197.123658 83.910306
sb45 240.519120 169.334363 263.519120 213.334363
sb46 0.000000 163.704022 39.000000 185.704022
sb47 162.946957 62.589193 227.946957 95.589193
sb48 0.000000 0.000000 57.000000 27.000000
sb49 194.111292 63.618169 241.111292 128.618169
sb50 143.561727 149.426723 210.561727 181.426723
sb51 99.222723 211.000000 137.222723 268.000000
sb52 148.910516 158.564826 202.910516 203.564826
sb53 32.131585 48.185479 75.131585 69.185479
sb54 152.424908 180.084647 170.424908 241.084647
sb55 86.656195 20.637112 120.656195 76.637112
sb56 0.000000 103.693080 17.000000 166.693080
sb57 41.618456 126.899998 59.618456 173.899998
sb58 91.946664 232.554016 137.946664 266.554016
sb59 45.978945 231.000000 95.978945 268.000000
sb60 155.178141 245.000000 195.178141 268.000000
sb61 172.018031 74.903265 205.018031 97.903265
sb62 202.570368 4.911843 262.570368 23.911843
sb63 176.081479 180.722398 212.081479 225.722398
sb64 115.525808 95.632402 165.525808 142.632402
sb65 0.000000 155.166794 57.000000 211.166794
sb66 99.659464 0.000000 166.659464 61.000000
sb67 114.966249 78.781240 158.966249 118.781240
sb68 204.819846 26.746889 256.819846 89.746889
sb69 0.000000 29.079244 54.000000 56.079244
sb70 117.756951 73.685563 159.756951 115.685563
sb71 93.039153 190.504494 157.039153 212.504494
sb72 31.898446 152.573139 92.898446 213.573139
sb73 207.000000 0.000000 268.000000 67.000000
sb74 23.346101 115.244966 61.346101 157.244966
sb75 130.084633 0.000000 149.084633 28.000000
sb76 191.048843 120.009978 213.048843 153.009978
sb77 193.131150 211.000000 259.131150 268.000000
sb78 187.472909 180.397965 223.472909 212.397965
sb79 0.000000 80.823556 60.000000 121.823556
sb80 199.895762 96.830660 215.895762 154.830660
sb81 103.481037 177.424537 143.481037 227.424537
sb82 32.315834 93.539081 79.315834 150.539081
sb83 69.852374 159.471265 91.852374 175.471265
sb84 150.519193 123.995240 217.519193 145.995240
sb85 172.342080 85.704164 192.342080 110.704164
sb86 101.915730 117.480065 157.915730 154.480065
sb87 61.229293 118.428166 100.229293 162.428166
sb88 0.000000 53.089184 37.000000 77.089184
sb89 60.151125 53.169830 98.151125 80.169830
sb90 138.090662 235.000000 177.090662 268.000000
sb91 21.311840 50.193144 77.311840 83.193144
sb92 0.000000 50.741182 26.000000 66.741182
sb93 47.751604 229.482145 112.751604 264.482145
sb94 166.653369 0.000000 207.653369 59.000000
sb95 41.570016 212.902252 92.570016 231.902252
sb96 85.428442 109.552007 125.428442 175.552007
sb97 184.817309 0.000000 201.817309 67.000000
sb98 163.948016 184.500786 185.948016 246.500786
sb99 219.000000 202.000000 268.000000 268.000000

[Iter 3700]
sb0 145.907638 44.447789 188.907638 77.447789
sb1 144.154807 0.000000 209.154807 37.000000
sb2 51.423375 198.965586 104.423375 232.965586
sb3 0.000000 123.555047 37.000000 190.555047
sb4 0.000000 205.524361 29.000000 224.524361
sb5 75.122448 60.990651 114.122448 109.990651
sb6 228.000000 186.935443 268.000000 204.935443
sb7 206.000264 93.020256 228.000264 133.020256
sb8 140.274727 206.000000 190.274727 268.000000
sb9 228.706534 105.312726 244.706534 146.312726
sb10 65.973821 4.665322 83.973821 56.665322
sb11 61.595690 137.610963 100.595690 196.610963
sb12 104.940495 63.799494 165.940495 91.799494
sb13 206.428136 143.218977 254.428136 200.218977
sb14 205.000000 14.335785 268.000000 57.335785
sb15 209.000000 134.393637 268.000000 186.393637
sb16 160.403173 93.986108 196.403173 150.986108
sb17 112.961981 202.000000 156.961981 268.000000
sb18 53.210839 0.144944 101.210839 51.144944
sb19 132.861073 154.396313 163.861073 204.396313
sb20 100.927129 171.985273 137.927129 190.985273
sb21 37.158422 174.913685 101.158422 224.913685
sb22 102.046931 142.619395 151.046931 176.619395
sb23 248.000000 127.394070 268.000000 176.394070
sb24 164.169149 151.715581 209.169149 179.715581
sb25 214.000000 91.515096 268.000000 130.515096
sb26 125.729100 0.000000 180.729100 40.000000
sb27 243.000000 71.238218 268.000000 136.238218
sb28 178.444794 222.000000 217.444794 268.000000
sb29 166.903472 96.341951 190.903472 158.341951
sb30 121.682587 42.549780 145.682587 68.549780
sb31 90.866996 81.080258 116.866996 115.080258
sb32 193.454007 201.327066 236.454007 254.327066
sb33 159.498030 92.427216 181.498030 127.427216
sb34 61.194785 65.271063 88.194785 119.271063
sb35 4.308241 191.042287 35.308241 229.042287
sb36 91.314496 0.000000 130.314496 67.000000
sb37 129.554886 116.319475 149.554886 176.319475
sb38 216.124881 134.290475 239.124881 191.290475
sb39 62.859582 82.627551 114.859582 137.627551
sb40 6.009297 125.680566 32.009297 154.680566
sb41 100.745533 153.769437 127.745533 208.769437
sb42 0.000000 63.258868 62.000000 116.258868
sb43 0.000000 222.000000 61.000000 268.000000
sb44 132.343484 36.936858 197.343484 83.936858
sb45 240.697455 169.408767 263.697455 213.408767
sb46 0.000000 161.983723 39.000000 183.983723
sb47 162.935462 62.607444 227.935462 95.607444
sb48 0.000000 0.000000 57.000000 27.000000
sb49 194.127664 63.693487 241.127664 128.693487
sb50 143.478099 149.488594 210.478099 181.488594
sb51 99.272179 211.000000 137.272179 268.000000
sb52 148.994610 158.551242 202.994610 203.551242
sb53 32.134102 47.879617 75.134102 68.879617
sb54 152.309366 180.084688 170.309366 241.084688
sb55 86.678913 20.463269 120.678913 76.463269
sb56 0.000000 103.703625 17.000000 166.703625
sb57 41.637096 126.618029 59.637096 173.618029
sb58 91.951825 232.552395 137.951825 266.552395
sb59 45.976076 231.000000 95.976076 268.000000
sb60 155.130841 245.000000 195.130841 268.000000
sb61 172.461165 74.832592 205.461165 97.832592
sb62 202.892927 4.854175 262.892927 23.854175
sb63 176.073399 180.760417 212.073399 225.760417
sb64 115.618780 95.628313 165.618780 142.628313
sb65 0.000000 155.137165 57.000000 211.137165
sb66 99.656828 0.000000 166.656828 61.000000
sb67 114.981475 78.644057 158.981475 118.644057
sb68 205.155947 26.674542 257.155947 89.674542
sb69 0.000000 29.069415 54.000000 56.069415
sb70 117.818892 73.561818 159.818892 115.561818
sb71 92.842623 190.434938 156.842623 212.434938
sb72 31.661855 152.600980 92.661855 213.600980
sb73 207.000000 0.000000 268.000000 67.000000
sb74 23.397052 115.240638 61.397052 157.240638
sb75 130.062765 0.000000 149.062765 28.000000
sb76 191.252153 119.890937 213.252153 152.890937
sb77 193.142296 211.000000 259.142296 268.000000
sb78 187.519126 180.317079 223.519126 212.317079
sb79 0.000000 80.640630 60.000000 121.640630
sb80 199.927455 97.062507 215.927455 155.062507
sb81 103.533369 177.425936 143.533369 227.425936
sb82 32.320614 93.497722 79.320614 150.497722
sb83 69.853005 159.378532 91.853005 175.378532
sb84 150.474468 124.060107 217.474468 146.060107
sb85 172.348236 86.020399 192.348236 111.020399
sb86 101.922709 117.428725 157.922709 154.428725
sb87 61.240648 118.227441 100.240648 162.227441
sb88 0.000000 52.933678 37.000000 76.933678
sb89 60.121393 53.178160 98.121393 80.178160
sb90 138.132170 235.000000 177.132170 268.000000
sb91 21.519485 49.303309 77.519485 82.303309
sb92 0.000000 50.779369 26.000000 66.779369
sb93 47.740926 229.298642 112.740926 264.298642
sb94 166.648701 0.000000 207.648701 59.000000
sb95 41.812207 212.905251 92.812207 231.905251
sb96 85.309033 109.607046 125.309033 175.607046
sb97 185.106684 0.000000 202.106684 67.000000
sb98 163.979680 184.488909 185.979680 246.488909
sb99 219.000000 202.000000 268.000000 268.000000

[Iter 3750]
sb0 145.981671 44.456769 188.981671 77.456769
sb1 144.146685 0.000000 209.146685 37.000000
sb2 51.424859 198.954298 104.424859 232.954298
sb3 0.000000 123.463912 37.000000 190.463912
sb4 0.000000 205.521443 29.000000 224.521443
sb5 75.072936 61.021235 114.072936 110.021235
sb6 228.000000 186.922643 268.000000 204.922643
sb7 206.042613 93.015667 228.042613 133.015667
sb8 140.294353 206.000000 190.294353 268.000000
sb9 228.739982 105.322260 244.739982 146.322260
sb10 65.969356 4.539875 83.969356 56.539875
sb11 61.597108 137.605022 100.597108 196.605022
sb12 104.950294 63.790150 165.950294 91.790150
sb13 206.437754 143.230892 254.437754 200.230892
sb14 205.000000 14.340825 268.000000 57.340825
sb15 209.000000 134.384565 268.000000 186.384565
sb16 160.416452 93.944911 196.416452 150.944911
sb17 113.010024 202.000000 157.010024 268.000000
sb18 53.216306 0.148618 101.216306 51.148618
sb19 132.844208 154.362998 163.844208 204.362998
sb20 100.934176 171.988371 137.934176 190.988371
sb21 37.134152 174.876573 101.134152 224.876573
sb22 102.042898 142.618280 151.042898 176.618280
sb23 248.000000 127.362933 268.000000 176.362933
sb24 164.143128 151.702299 209.143128 179.702299
sb25 214.000000 91.482397 268.000000 130.482397
sb26 125.830010 0.000000 180.830010 40.000000
sb27 243.000000 71.223672 268.000000 136.223672
sb28 178.427573 222.000000 217.427573 268.000000
sb29 166.923448 96.344217 190.923448 158.344217
sb30 121.691688 42.475231 145.691688 68.475231
sb31 90.879852 81.021591 116.879852 115.021591
sb32 193.481777 201.334047 236.481777 254.334047
sb33 159.441121 92.463466 181.441121 127.463466
sb34 61.201997 65.171276 88.201997 119.171276
sb35 4.262005 190.946767 35.262005 228.946767
sb36 91.315213 0.000000 130.315213 67.000000
sb37 129.550846 116.336322 149.550846 176.336322
sb38 216.179146 134.253826 239.179146 191.253826
sb39 62.846226 82.632335 114.846226 137.632335
sb40 5.984039 125.660410 31.984039 154.660410
sb41 100.743587 153.746057 127.743587 208.746057
sb42 0.000000 63.145630 62.000000 116.145630
sb43 0.000000 222.000000 61.000000 268.000000
sb44 132.339546 36.969589 197.339546 83.969589
sb45 240.803028 169.452972 263.803028 213.452972
sb46 0.000000 161.934019 39.000000 183.934019
sb47 162.947019 62.609085 227.947019 95.609085
sb48 0.000000 0.000000 57.000000 27.000000
sb49 194.108116 63.682285 241.108116 128.682285
sb50 143.480572 149.488537 210.480572 181.488537
sb51 99.220223 211.000000 137.220223 268.000000
sb52 149.000066 158.550298 203.000066 203.550298
sb53 32.121777 47.746945 75.121777 68.746945
sb54 152.289799 180.075295 170.289799 241.075295
sb55 86.676480 20.380587 120.676480 76.380587
sb56 0.000000 103.669842 17.000000 166.669842
sb57 41.639863 126.508048 59.639863 173.508048
sb58 91.954000 232.581037 137.954000 266.581037
sb59 45.924351 231.000000 95.924351 268.000000
sb60 155.165100 245.000000 195.165100 268.000000
sb61 172.638732 74.826424 205.638732 97.826424
sb62 202.982263 4.806271 262.982263 23.806271
sb63 176.061979 180.757121 212.061979 225.757121
sb64 115.645030 95.624177 165.645030 142.624177
sb65 0.000000 155.135865 57.000000 211.135865
sb66 99.672247 0.000000 166.672247 61.000000
sb67 114.952107 78.655296 158.952107 118.655296
sb68 205.257556 26.632932 257.257556 89.632932
sb69 0.000000 29.058011 54.000000 56.058011
sb70 117.837770 73.487229 159.837770 115.487229
sb71 92.819659 190.448321 156.819659 212.448321
sb72 31.610200 152.590630 92.610200 213.590630
sb73 207.000000 0.000000 268.000000 67.000000
sb74 23.390505 115.209019 61.390505 157.209019
sb75 130.063619 0.000000 149.063619 28.000000
sb76 191.285260 119.877528 213.285260 152.877528
sb77 193.145542 211.000000 259.145542 268.000000
sb78 187.524972 180.287316 223.524972 212.287316
sb79 0.000000 80.541573 60.000000 121.541573
sb80 199.954728 97.181060 215.954728 155.181060
sb81 103.536271 177.436845 143.536271 227.436845
sb82 32.305793 93.518275 79.305793 150.518275
sb83 69.845073 159.382177 91.845073 175.382177
sb84 150.495428 124.078650 217.495428 146.078650
sb85 172.393522 86.079530 192.393522 111.079530
sb86 101.924568 117.373562 157.924568 154.373562
sb87 61.248716 118.165390 100.248716 162.165390
sb88 0.000000 52.837807 37.000000 76.837807
sb89 60.154990 53.186281 98.154990 80.186281
sb90 138.099034 235.000000 177.099034 268.000000
sb91 21.570996 48.941716 77.570996 81.941716
sb92 0.000000 50.812027 26.000000 66.812027
sb93 47.802772 229.267482 112.802772 264.267482
sb94 166.650748 0.000000 207.650748 59.000000
sb95 41.747745 212.889968 92.747745 231.889968
sb96 85.307475 109.527787 125.307475 175.527787
sb97 185.197213 0.000000 202.197213 67.000000
sb98 163.984318 184.510536 185.984318 246.510536
sb99 219.000000 202.000000 268.000000 268.000000

[Iter 3800]
sb0 146.022181 44.455028 189.022181 77.455028
sb1 144.149503 0.000000 209.149503 37.000000
sb2 51.423124 198.955493 104.423124 232.955493
sb3 0.000000 123.440956 37.000000 190.440956
sb4 0.000000 205.486970 29.000000 224.486970
sb5 75.051559 60.986853 114.051559 109.986853
sb6 228.000000 186.919103 268.000000 204.919103
sb7 206.071798 93.034088 228.071798 133.034088
sb8 140.317458 206.000000 190.317458 268.000000
sb9 228.768454 105.309563 244.768454 146.309563
sb10 65.947226 4.474379 83.947226 56.474379
sb11 61.639473 137.605776 100.639473 196.605776
sb12 104.944467 63.786586 165.944467 91.786586
sb13 206.483304 143.236854 254.483304 200.236854
sb14 205.000000 14.330476 268.000000 57.330476
sb15 209.000000 134.387955 268.000000 186.387955
sb16 160.425601 93.919037 196.425601 150.919037
sb17 112.981132 202.000000 156.981132 268.000000
sb18 53.204054 0.138593 101.204054 51.138593
sb19 132.849566 154.353670 163.849566 204.353670
sb20 100.953812 171.971843 137.953812 190.971843
sb21 37.118336 174.870462 101.118336 224.870462
sb22 102.103316 142.615476 151.103316 176.615476
sb23 248.000000 127.342265 268.000000 176.342265
sb24 164.155644 151.695377 209.155644 179.695377
sb25 214.000000 91.444889 268.000000 130.444889
sb26 125.870056 0.000000 180.870056 40.000000
sb27 243.000000 71.208079 268.000000 136.208079
sb28 178.412886 222.000000 217.412886 268.000000
sb29 166.942337 96.344080 190.942337 158.344080
sb30 121.692652 42.445055 145.692652 68.445055
sb31 90.888064 80.990585 116.888064 114.990585
sb32 193.521173 201.343835 236.521173 254.343835
sb33 159.455286 92.416527 181.455286 127.416527
sb34 61.205866 65.132506 88.205866 119.132506
sb35 4.238274 190.929578 35.238274 228.929578
sb36 91.334274 0.000000 130.334274 67.000000
sb37 129.529100 116.327745 149.529100 176.327745
sb38 216.228200 134.265310 239.228200 191.265310
sb39 62.830637 82.626605 114.830637 137.626605
sb40 5.957596 125.686858 31.957596 154.686858
sb41 100.738851 153.717328 127.738851 208.717328
sb42 0.000000 63.299449 62.000000 116.299449
sb43 0.000000 222.000000 61.000000 268.000000
sb44 132.370249 36.917125 197.370249 83.917125
sb45 240.880442 169.480392 263.880442 213.480392
sb46 0.000000 161.907984 39.000000 183.907984
sb47 162.966315 62.612107 227.966315 95.612107
sb48 0.000000 0.000000 57.000000 27.000000
sb49 194.085687 63.699303 241.085687 128.699303
sb50 143.475108 149.523689 210.475108 181.523689
sb51 99.176569 211.000000 137.176569 268.000000
sb52 149.042679 158.558944 203.042679 203.558944
sb53 32.132838 47.687851 75.132838 68.687851
sb54 152.214272 180.108687 170.214272 241.108687
sb55 86.669782 20.335136 120.669782 76.335136
sb56 0.000000 103.702857 17.000000 166.702857
sb57 41.639761 126.477869 59.639761 173.477869
sb58 91.955300 232.568362 137.955300 266.568362
sb59 45.893763 231.000000 95.893763 268.000000
sb60 155.189111 245.000000 195.189111 268.000000
sb61 172.750064 74.812417 205.750064 97.812417
sb62 203.032247 4.767372 263.032247 23.767372
sb63 176.002460 180.786424 212.002460 225.786424
sb64 115.655029 95.616775 165.655029 142.616775
sb65 0.000000 155.150702 57.000000 211.150702
sb66 99.663654 0.000000 166.663654 61.000000
sb67 114.899028 78.642614 158.899028 118.642614
sb68 205.317510 26.595307 257.317510 89.595307
sb69 0.000000 29.025869 54.000000 56.025869
sb70 117.852115 73.447525 159.852115 115.447525
sb71 92.732028 190.429586 156.732028 212.429586
sb72 31.630600 152.580114 92.630600 213.580114
sb73 207.000000 0.000000 268.000000 67.000000
sb74 23.404401 115.200037 61.404401 157.200037
sb75 130.089071 0.000000 149.089071 28.000000
sb76 191.269665 119.895449 213.269665 152.895449
sb77 193.144415 211.000000 259.144415 268.000000
sb78 187.534380 180.267540 223.534380 212.267540
sb79 0.000000 80.513201 60.000000 121.513201
sb80 199.965349 97.249803 215.965349 155.249803
sb81 103.554584 177.452428 143.554584 227.452428
sb82 32.324637 93.459413 79.324637 150.459413
sb83 69.853876 159.382738 91.853876 175.382738
sb84 150.475107 124.119096 217.475107 146.119096
sb85 172.311543 86.110428 192.311543 111.110428
sb86 101.938501 117.348359 157.938501 154.348359
sb87 61.253876 118.141718 100.253876 162.141718
sb88 0.000000 52.813985 37.000000 76.813985
sb89 60.132061 53.174361 98.132061 80.174361
sb90 138.070183 235.000000 177.070183 268.000000
sb91 21.760562 48.248043 77.760562 81.248043
sb92 0.000000 50.754424 26.000000 66.754424
sb93 47.744382 229.263265 112.744382 264.263265
sb94 166.647985 0.000000 207.647985 59.000000
sb95 41.620025 212.891674 92.620025 231.891674
sb96 85.384640 109.551614 125.384640 175.551614
sb97 185.249628 0.000000 202.249628 67.000000
sb98 163.979477 184.491284 185.979477 246.491284
sb99 219.000000 202.000000 268.000000 268.000000

[Iter 3850]
sb0 146.033825 44.465351 189.033825 77.465351
sb1 144.174276 0.000000 209.174276 37.000000
sb2 51.426153 198.948607 104.426153 232.948607
sb3 0.000000 123.373766 37.000000 190.373766
sb4 0.000000 205.547673 29.000000 224.547673
sb5 74.981264 61.125627 113.981264 110.125627
sb6 228.000000 186.943753 268.000000 204.943753
sb7 206.095093 93.053373 228.095093 133.053373
sb8 140.340578 206.000000 190.340578 268.000000
sb9 228.788921 105.332375 244.788921 146.332375
sb10 65.978397 4.356265 83.978397 56.356265
sb11 61.639692 137.591934 100.639692 196.591934
sb12 104.982310 63.789569 165.982310 91.789569
sb13 206.497331 143.235428 254.497331 200.235428
sb14 205.000000 14.326166 268.000000 57.326166
sb15 209.000000 134.399434 268.000000 186.399434
sb16 160.437708 93.880946 196.437708 150.880946
sb17 113.021469 202.000000 157.021469 268.000000
sb18 53.211793 0.123618 101.211793 51.123618
sb19 132.869244 154.365395 163.869244 204.365395
sb20 100.941376 171.940561 137.941376 190.940561
sb21 37.097142 174.834465 101.097142 224.834465
sb22 102.117760 142.616031 151.117760 176.616031
sb23 248.000000 127.306933 268.000000 176.306933
sb24 164.154870 151.683075 209.154870 179.683075
sb25 214.000000 91.401425 268.000000 130.401425
sb26 125.864993 0.000000 180.864993 40.000000
sb27 243.000000 71.214076 268.000000 136.214076
sb28 178.401828 222.000000 217.401828 268.000000
sb29 166.946039 96.337560 190.946039 158.337560
sb30 121.688431 42.448318 145.688431 68.448318
sb31 90.895435 80.993899 116.895435 114.993899
sb32 193.541475 201.351440 236.541475 254.351440
sb33 159.407812 92.456862 181.407812 127.456862
sb34 61.195639 65.021124 88.195639 119.021124
sb35 4.216186 190.871044 35.216186 228.871044
sb36 91.420101 0.000000 130.420101 67.000000
sb37 129.613750 116.236184 149.613750 176.236184
sb38 216.300708 134.251635 239.300708 191.251635
sb39 62.867605 82.609430 114.867605 137.609430
sb40 5.952545 125.667856 31.952545 154.667856
sb41 100.732956 153.749871 127.732956 208.749871
sb42 0.000000 63.264787 62.000000 116.264787
sb43 0.000000 222.000000 61.000000 268.000000
sb44 132.473454 36.946470 197.473454 83.946470
sb45 240.994870 169.515799 263.994870 213.515799
sb46 0.000000 161.896369 39.000000 183.896369
sb47 163.014678 62.612635 228.014678 95.612635
sb48 0.000000 0.000000 57.000000 27.000000
sb49 194.095616 63.723921 241.095616 128.723921
sb50 143.508511 149.568060 210.508511 181.568060
sb51 99.119850 211.000000 137.119850 268.000000
sb52 149.056225 158.564082 203.056225 203.564082
sb53 32.119680 47.466913 75.119680 68.466913
sb54 152.143029 180.160641 170.143029 241.160641
sb55 86.677026 20.336064 120.677026 76.336064
sb56 0.000000 103.709012 17.000000 166.709012
sb57 41.642103 126.386504 59.642103 173.386504
sb58 91.957981 232.582234 137.957981 266.582234
sb59 45.860185 231.000000 95.860185 268.000000
sb60 155.162716 245.000000 195.162716 268.000000
sb61 172.893502 74.798843 205.893502 97.798843
sb62 203.059245 4.726743 263.059245 23.726743
sb63 175.934125 180.830807 211.934125 225.830807
sb64 115.652161 95.616574 165.652161 142.616574
sb65 0.000000 155.161339 57.000000 211.161339
sb66 99.663810 0.000000 166.663810 61.000000
sb67 114.979454 78.533292 158.979454 118.533292
sb68 205.346943 26.551576 257.346943 89.551576
sb69 0.000000 29.056741 54.000000 56.056741
sb70 117.870498 73.461188 159.870498 115.461188
sb71 92.648754 190.428777 156.648754 212.428777
sb72 31.659814 152.552823 92.659814 213.552823
sb73 207.000000 0.000000 268.000000 67.000000
sb74 23.417775 115.241197 61.417775 157.241197
sb75 130.103355 0.000000 149.103355 28.000000
sb76 191.297567 119.904432 213.297567 152.904432
sb77 193.189519 211.000000 259.189519 268.000000
sb78 187.628299 180.238344 223.628299 212.238344
sb79 0.000000 80.438306 60.000000 121.438306
sb80 199.987490 97.373332 215.987490 155.373332
sb81 103.559945 177.465880 143.559945 227.465880
sb82 32.290147 93.499597 79.290147 150.499597
sb83 69.870010 159.376192 91.870010 175.376192
sb84 150.476583 124.147585 217.476583 146.147585
sb85 172.357086 86.218689 192.357086 111.218689
sb86 101.937538 117.368858 157.937538 154.368858
sb87 61.248207 118.085346 100.248207 162.085346
sb88 0.000000 52.763874 37.000000 76.763874
sb89 60.149993 53.163954 98.149993 80.163954
sb90 138.032400 235.000000 177.032400 268.000000
sb91 22.679235 46.282084 78.679235 79.282084
sb92 0.000000 50.737878 26.000000 66.737878
sb93 47.792038 229.233588 112.792038 264.233588
sb94 166.648518 0.000000 207.648518 59.000000
sb95 41.456587 212.884198 92.456587 231.884198
sb96 85.394353 109.515954 125.394353 175.515954
sb97 185.266980 0.000000 202.266980 67.000000
sb98 164.055172 184.484566 186.055172 246.484566
sb99 219.000000 202.000000 268.000000 268.000000

[Iter 3900]
sb0 146.015368 44.490829 189.015368 77.490829
sb1 144.162097 0.000000 209.162097 37.000000
sb2 51.434450 198.924487 104.434450 232.924487
sb3 0.000000 123.301993 37.000000 190.301993
sb4 0.000000 205.511994 29.000000 224.511994
sb5 74.931145 61.091500 113.931145 110.091500
sb6 228.000000 186.929659 268.000000 204.929659
sb7 206.117854 93.081568 228.117854 133.081568
sb8 140.363477 206.000000 190.363477 268.000000
sb9 228.810004 105.324580 244.810004 146.324580
sb10 65.996558 4.280069 83.996558 56.280069
sb11 61.663906 137.562487 100.663906 196.562487
sb12 105.037871 63.787361 166.037871 91.787361
sb13 206.528087 143.248534 254.528087 200.248534
sb14 205.000000 14.319949 268.000000 57.319949
sb15 209.000000 134.401674 268.000000 186.401674
sb16 160.490881 93.853064 196.490881 150.853064
sb17 113.033993 202.000000 157.033993 268.000000
sb18 53.214833 0.081764 101.214833 51.081764
sb19 132.871841 154.399082 163.871841 204.399082
sb20 100.948186 171.958772 137.948186 190.958772
sb21 37.040598 174.819632 101.040598 224.819632
sb22 102.146004 142.613431 151.146004 176.613431
sb23 248.000000 127.240563 268.000000 176.240563
sb24 164.143998 151.684120 209.143998 179.684120
sb25 214.000000 91.324508 268.000000 130.324508
sb26 125.863796 0.000000 180.863796 40.000000
sb27 243.000000 71.208366 268.000000 136.208366
sb28 178.390008 222.000000 217.390008 268.000000
sb29 166.956243 96.336550 190.956243 158.336550
sb30 121.692368 42.468869 145.692368 68.468869
sb31 90.931811 81.044795 116.931811 115.044795
sb32 193.569153 201.366606 236.569153 254.366606
sb33 159.455903 92.460817 181.455903 127.460817
sb34 61.198560 64.969091 88.198560 118.969091
sb35 4.146913 190.805253 35.146913 228.805253
sb36 91.401471 0.000000 130.401471 67.000000
sb37 129.571574 116.248692 149.571574 176.248692
sb38 216.386895 134.274413 239.386895 191.274413
sb39 62.870329 82.569043 114.870329 137.569043
sb40 5.951038 125.673350 31.951038 154.673350
sb41 100.697800 153.792004 127.697800 208.792004
sb42 0.000000 63.261308 62.000000 116.261308
sb43 0.000000 222.000000 61.000000 268.000000
sb44 132.449269 36.944724 197.449269 83.944724
sb45 241.131264 169.549724 264.131264 213.549724
sb46 0.000000 161.886155 39.000000 183.886155
sb47 163.080203 62.616369 228.080203 95.616369
sb48 0.000000 0.000000 57.000000 27.000000
sb49 194.099737 63.716033 241.099737 128.716033
sb50 143.493379 149.566659 210.493379 181.566659
sb51 99.076549 211.000000 137.076549 268.000000
sb52 149.089955 158.569608 203.089955 203.569608
sb53 32.126711 47.388621 75.126711 68.388621
sb54 152.090140 180.171691 170.090140 241.171691
sb55 86.685487 20.399248 120.685487 76.399248
sb56 0.000000 103.708365 17.000000 166.708365
sb57 41.638144 126.301456 59.638144 173.301456
sb58 91.978249 232.572733 137.978249 266.572733
sb59 45.839400 231.000000 95.839400 268.000000
sb60 155.183439 245.000000 195.183439 268.000000
sb61 173.071195 74.790509 206.071195 97.790509
sb62 203.036514 4.648197 263.036514 23.648197
sb63 175.885831 180.842926 211.885831 225.842926
sb64 115.661252 95.611963 165.661252 142.611963
sb65 0.000000 155.159443 57.000000 211.159443
sb66 99.667396 0.000000 166.667396 61.000000
sb67 114.934261 78.545837 158.934261 118.545837
sb68 205.343729 26.468809 257.343729 89.468809
sb69 0.000000 29.046103 54.000000 56.046103
sb70 117.920958 73.515798 159.920958 115.515798
sb71 92.573101 190.449174 156.573101 212.449174
sb72 31.633528 152.565333 92.633528 213.565333
sb73 207.000000 0.000000 268.000000 67.000000
sb74 23.431375 115.240136 61.431375 157.240136
sb75 130.075285 0.000000 149.075285 28.000000
sb76 191.289725 119.919289 213.289725 152.919289
sb77 193.213334 211.000000 259.213334 268.000000
sb78 187.691968 180.206075 223.691968 212.206075
sb79 0.000000 80.369244 60.000000 121.369244
sb80 200.049349 97.547714 216.049349 155.547714
sb81 103.580316 177.463275 143.580316 227.463275
sb82 32.280286 93.479443 79.280286 150.479443
sb83 69.855272 159.375740 91.855272 175.375740
sb84 150.462139 124.135614 217.462139 146.135614
sb85 172.361584 86.194923 192.361584 111.194923
sb86 101.969151 117.422096 157.969151 154.422096
sb87 61.252591 118.057517 100.252591 162.057517
sb88 0.000000 52.700583 37.000000 76.700583
sb89 60.154935 53.126262 98.154935 80.126262
sb90 138.005530 235.000000 177.005530 268.000000
sb91 22.598176 46.311123 78.598176 79.311123
sb92 0.000000 50.768257 26.000000 66.768257
sb93 47.804228 229.216083 112.804228 264.216083
sb94 166.647302 0.000000 207.647302 59.000000
sb95 41.301261 212.905580 92.301261 231.905580
sb96 85.394454 109.563381 125.394454 175.563381
sb97 185.246801 0.000000 202.246801 67.000000
sb98 164.102050 184.491544 186.102050 246.491544
sb99 219.000000 202.000000 268.000000 268.000000

[Iter 3950]
sb0 146.023576 44.511095 189.023576 77.511095
sb1 144.158188 0.000000 209.158188 37.000000
sb2 51.431776 198.936376 104.431776 232.936376
sb3 0.000000 123.286059 37.000000 190.286059
sb4 0.000000 205.529274 29.000000 224.529274
sb5 74.964053 61.098321 113.964053 110.098321
sb6 228.000000 186.930413 268.000000 204.930413
sb7 206.139276 93.113815 228.139276 133.113815
sb8 140.386782 206.000000 190.386782 268.000000
sb9 228.836441 105.321177 244.836441 146.321177
sb10 66.001894 4.256990 84.001894 56.256990
sb11 61.676955 137.578735 100.676955 196.578735
sb12 105.075428 63.784593 166.075428 91.784593
sb13 206.575856 143.262399 254.575856 200.262399
sb14 205.000000 14.307743 268.000000 57.307743
sb15 209.000000 134.391315 268.000000 186.391315
sb16 160.559419 93.818596 196.559419 150.818596
sb17 113.009186 202.000000 157.009186 268.000000
sb18 53.221618 0.075654 101.221618 51.075654
sb19 132.883608 154.424721 163.883608 204.424721
sb20 100.962091 171.956330 137.962091 190.956330
sb21 37.008916 174.818432 101.008916 224.818432
sb22 102.160217 142.629014 151.160217 176.629014
sb23 248.000000 127.157524 268.000000 176.157524
sb24 164.124289 151.681600 209.124289 179.681600
sb25 214.000000 91.228017 268.000000 130.228017
sb26 125.868707 0.000000 180.868707 40.000000
sb27 243.000000 71.178355 268.000000 136.178355
sb28 178.376005 222.000000 217.376005 268.000000
sb29 166.970114 96.322211 190.970114 158.322211
sb30 121.699022 42.473343 145.699022 68.473343
sb31 90.975147 81.098188 116.975147 115.098188
sb32 193.606869 201.375221 236.606869 254.375221
sb33 159.428153 92.474650 181.428153 127.474650
sb34 61.208121 64.955651 88.208121 118.955651
sb35 4.099390 190.803294 35.099390 228.803294
sb36 91.403086 0.000000 130.403086 67.000000
sb37 129.554784 116.280099 149.554784 176.280099
sb38 216.487777 134.241538 239.487777 191.241538
sb39 62.853375 82.575430 114.853375 137.575430
sb40 5.927587 125.671742 31.927587 154.671742
sb41 100.685893 153.785644 127.685893 208.785644
sb42 0.000000 63.250700 62.000000 116.250700
sb43 0.000000 222.000000 61.000000 268.000000
sb44 132.467493 36.958228 197.467493 83.958228
sb45 241.268699 169.591381 264.268699 213.591381
sb46 0.000000 161.874723 39.000000 183.874723
sb47 163.140336 62.618257 228.140336 95.618257
sb48 0.000000 0.000000 57.000000 27.000000
sb49 194.094698 63.748723 241.094698 128.748723
sb50 143.505777 149.614886 210.505777 181.614886
sb51 99.033459 211.000000 137.033459 268.000000
sb52 149.120738 158.571013 203.120738 203.571013
sb53 32.140285 47.363469 75.140285 68.363469
sb54 152.053256 180.192501 170.053256 241.192501
sb55 86.689041 20.465557 120.689041 76.465557
sb56 0.000000 103.672123 17.000000 166.672123
sb57 41.645483 126.276514 59.645483 173.276514
sb58 91.978793 232.585548 137.978793 266.585548
sb59 45.808750 231.000000 95.808750 268.000000
sb60 155.169809 245.000000 195.169809 268.000000
sb61 173.282483 74.781458 206.282483 97.781458
sb62 203.039251 4.553965 263.039251 23.553965
sb63 175.867770 180.811936 211.867770 225.811936
sb64 115.675989 95.612527 165.675989 142.612527
sb65 0.000000 155.170956 57.000000 211.170956
sb66 99.684540 0.000000 166.684540 61.000000
sb67 114.963431 78.592026 158.963431 118.592026
sb68 205.362868 26.370534 257.362868 89.370534
sb69 0.000000 29.012939 54.000000 56.012939
sb70 117.985095 73.539125 159.985095 115.539125
sb71 92.534556 190.442384 156.534556 212.442384
sb72 31.614267 152.567557 92.614267 213.567557
sb73 207.000000 0.000000 268.000000 67.000000
sb74 23.440466 115.190879 61.440466 157.190879
sb75 130.055093 0.000000 149.055093 28.000000
sb76 191.294093 119.938575 213.294093 152.938575
sb77 193.207410 211.000000 259.207410 268.000000
sb78 187.723626 180.170839 223.723626 212.170839
sb79 0.000000 80.350702 60.000000 121.350702
sb80 200.117450 97.735134 216.117450 155.735134
sb81 103.590205 177.479477 143.590205 227.479477
sb82 32.285653 93.454876 79.285653 150.454876
sb83 69.857840 159.376271 91.857840 175.376271
sb84 150.419714 124.198501 217.419714 146.198501
sb85 172.371243 86.247759 192.371243 111.247759
sb86 102.032288 117.446000 158.032288 154.446000
sb87 61.265185 118.047062 100.265185 162.047062
sb88 0.000000 52.680995 37.000000 76.680995
sb89 60.175739 53.127842 98.175739 80.127842
sb90 137.973037 235.000000 176.973037 268.000000
sb91 22.575004 46.311755 78.575004 79.311755
sb92 0.000000 50.716462 26.000000 66.716462
sb93 47.745949 229.222129 112.745949 264.222129
sb94 166.653872 0.000000 207.653872 59.000000
sb95 41.184546 212.910118 92.184546 231.910118
sb96 85.380171 109.603063 125.380171 175.603063
sb97 185.251121 0.000000 202.251121 67.000000
sb98 164.108848 184.506020 186.108848 246.506020
sb99 219.000000 202.000000 268.000000 268.000000

[Iter 4000]
sb0 146.048425 44.520877 189.048425 77.520877
sb1 144.154416 0.000000 209.154416 37.000000
sb2 51.435016 198.932740 104.435016 232.932740
sb3 0.000000 123.285402 37.000000 190.285402
sb4 0.000000 205.518465 29.000000 224.518465
sb5 74.926831 61.093233 113.926831 110.093233
sb6 228.000000 186.932615 268.000000 204.932615
sb7 206.146703 93.143253 228.146703 133.143253
sb8 140.424406 206.000000 190.424406 268.000000
sb9 228.847459 105.325619 244.847459 146.325619
sb10 65.997194 4.229024 83.997194 56.229024
sb11 61.701882 137.593852 100.701882 196.593852
sb12 105.125135 63.782978 166.125135 91.782978
sb13 206.600145 143.270707 254.600145 200.270707
sb14 205.000000 14.298870 268.000000 57.298870
sb15 209.000000 134.380245 268.000000 186.380245
sb16 160.582619 93.776868 196.582619 150.776868
sb17 113.046985 202.000000 157.046985 268.000000
sb18 53.217793 0.067334 101.217793 51.067334
sb19 132.894042 154.419806 163.894042 204.419806
sb20 100.943914 171.946050 137.943914 190.946050
sb21 36.999574 174.820524 100.999574 224.820524
sb22 102.188976 142.621001 151.188976 176.621001
sb23 248.000000 127.103603 268.000000 176.103603
sb24 164.133616 151.672350 209.133616 179.672350
sb25 214.000000 91.164745 268.000000 130.164745
sb26 125.874132 0.000000 180.874132 40.000000
sb27 243.000000 71.176029 268.000000 136.176029
sb28 178.351630 222.000000 217.351630 268.000000
sb29 166.973872 96.314075 190.973872 158.314075
sb30 121.708298 42.467854 145.708298 68.467854
sb31 90.958866 81.105144 116.958866 115.105144
sb32 193.640751 201.380290 236.640751 254.380290
sb33 159.415663 92.393574 181.415663 127.393574
sb34 61.189694 64.944666 88.189694 118.944666
sb35 4.085038 190.803234 35.085038 228.803234
sb36 91.382403 0.000000 130.382403 67.000000
sb37 129.565490 116.280731 149.565490 176.280731
sb38 216.557645 134.282139 239.557645 191.282139
sb39 62.872643 82.563136 114.872643 137.563136
sb40 5.911848 125.675571 31.911848 154.675571
sb41 100.687660 153.805371 127.687660 208.805371
sb42 0.000000 63.132980 62.000000 116.132980
sb43 0.000000 222.000000 61.000000 268.000000
sb44 132.453069 36.951878 197.453069 83.951878
sb45 241.368449 169.618613 264.368449 213.618613
sb46 0.000000 161.857334 39.000000 183.857334
sb47 163.196418 62.618263 228.196418 95.618263
sb48 0.000000 0.000000 57.000000 27.000000
sb49 194.087566 63.750513 241.087566 128.750513
sb50 143.502959 149.603133 210.502959 181.603133
sb51 98.991830 211.000000 136.991830 268.000000
sb52 149.140943 158.573260 203.140943 203.573260
sb53 32.127841 47.354440 75.127841 68.354440
sb54 152.049259 180.186238 170.049259 241.186238
sb55 86.686487 20.478456 120.686487 76.478456
sb56 0.000000 103.698755 17.000000 166.698755
sb57 41.655317 126.264298 59.655317 173.264298
sb58 91.990653 232.577273 137.990653 266.577273
sb59 45.783476 231.000000 95.783476 268.000000
sb60 155.175727 245.000000 195.175727 268.000000
sb61 173.438047 74.770651 206.438047 97.770651
sb62 203.057451 4.495973 263.057451 23.495973
sb63 175.881742 180.853018 211.881742 225.853018
sb64 115.681776 95.610077 165.681776 142.610077
sb65 0.000000 155.169460 57.000000 211.169460
sb66 99.681052 0.000000 166.681052 61.000000
sb67 114.879287 78.577670 158.879287 118.577670
sb68 205.391052 26.308158 257.391052 89.308158
sb69 0.000000 29.054278 54.000000 56.054278
sb70 117.995590 73.532735 159.995590 115.532735
sb71 92.515081 190.450066 156.515081 212.450066
sb72 31.634302 152.577241 92.634302 213.577241
sb73 207.000000 0.000000 268.000000 67.000000
sb74 23.475234 115.258148 61.475234 157.258148
sb75 130.083675 0.000000 149.083675 28.000000
sb76 191.298339 119.964696 213.298339 152.964696
sb77 193.230067 211.000000 259.230067 268.000000
sb78 187.786073 180.138312 223.786073 212.138312
sb79 0.000000 80.349298 60.000000 121.349298
sb80 200.151595 97.869151 216.151595 155.869151
sb81 103.613279 177.487547 143.613279 227.487547
sb82 32.313368 93.487890 79.313368 150.487890
sb83 69.874483 159.377528 91.874483 175.377528
sb84 150.400464 124.171718 217.400464 146.171718
sb85 172.328598 86.220714 192.328598 111.220714
sb86 102.056184 117.441475 158.056184 154.441475
sb87 61.286985 118.050249 100.286985 162.050249
sb88 0.000000 52.675376 37.000000 76.675376
sb89 60.180611 53.119833 98.180611 80.119833
sb90 137.939959 235.000000 176.939959 268.000000
sb91 22.530035 46.309278 78.530035 79.309278
sb92 0.000000 50.770221 26.000000 66.770221
sb93 47.803830 229.222915 112.803830 264.222915
sb94 166.648210 0.000000 207.648210 59.000000
sb95 41.063027 212.917455 92.063027 231.917455
sb96 85.381060 109.608757 125.381060 175.608757
sb97 185.267179 0.000000 202.267179 67.000000
sb98 164.154149 184.494079 186.154149 246.494079
sb99 219.000000 202.000000 268.000000 268.000000

[Iter 4050]
sb0 146.068562 44.519025 189.068562 77.519025
sb1 144.149694 0.000000 209.149694 37.000000
sb2 51.423507 198.945966 104.423507 232.945966
sb3 0.000000 123.285825 37.000000 190.285825
sb4 0.000000 205.512157 29.000000 224.512157
sb5 74.897980 61.082532 113.897980 110.082532
sb6 228.000000 186.927725 268.000000 204.927725
sb7 206.165532 93.167238 228.165532 133.167238
sb8 140.434956 206.000000 190.434956 268.000000
sb9 228.868583 105.329139 244.868583 146.329139
sb10 65.984291 4.180399 83.984291 56.180399
sb11 61.707477 137.575258 100.707477 196.575258
sb12 105.160992 63.784731 166.160992 91.784731
sb13 206.632978 143.287868 254.632978 200.287868
sb14 205.000000 14.289211 268.000000 57.289211
sb15 209.000000 134.389036 268.000000 186.389036
sb16 160.594740 93.746676 196.594740 150.746676
sb17 113.059104 202.000000 157.059104 268.000000
sb18 53.223999 0.052143 101.223999 51.052143
sb19 132.894906 154.426171 163.894906 204.426171
sb20 100.945011 171.935484 137.945011 190.935484
sb21 36.990490 174.824859 100.990490 224.824859
sb22 102.210295 142.626350 151.210295 176.626350
sb23 248.000000 127.076444 268.000000 176.076444
sb24 164.131082 151.662819 209.131082 179.662819
sb25 214.000000 91.129837 268.000000 130.129837
sb26 125.869193 0.000000 180.869193 40.000000
sb27 243.000000 71.187465 268.000000 136.187465
sb28 178.338745 222.000000 217.338745 268.000000
sb29 166.985802 96.306106 190.985802 158.306106
sb30 121.691384 42.444974 145.691384 68.444974
sb31 90.976394 81.101207 116.976394 115.101207
sb32 193.647730 201.400589 236.647730 254.400589
sb33 159.389849 92.391417 181.389849 127.391417
sb34 61.214233 64.935147 88.214233 118.935147
sb35 4.070316 190.811932 35.070316 228.811932
sb36 91.380924 0.000000 130.380924 67.000000
sb37 129.567133 116.302134 149.567133 176.302134
sb38 216.595850 134.263956 239.595850 191.263956
sb39 62.889969 82.552689 114.889969 137.552689
sb40 5.886706 125.688069 31.886706 154.688069
sb41 100.683323 153.811562 127.683323 208.811562
sb42 0.000000 63.252164 62.000000 116.252164
sb43 0.000000 222.000000 61.000000 268.000000
sb44 132.443640 36.947247 197.443640 83.947247
sb45 241.439265 169.644094 264.439265 213.644094
sb46 0.000000 161.837588 39.000000 183.837588
sb47 163.255770 62.618703 228.255770 95.618703
sb48 0.000000 0.000000 57.000000 27.000000
sb49 194.072299 63.751533 241.072299 128.751533
sb50 143.502426 149.595169 210.502426 181.595169
sb51 98.958920 211.000000 136.958920 268.000000
sb52 149.167878 158.575160 203.167878 203.575160
sb53 32.125844 47.332792 75.125844 68.332792
sb54 152.024796 180.196374 170.024796 241.196374
sb55 86.672459 20.470379 120.672459 76.470379
sb56 0.000000 103.691601 17.000000 166.691601
sb57 41.660057 126.251960 59.660057 173.251960
sb58 92.009820 232.597165 138.009820 266.597165
sb59 45.757590 231.000000 95.757590 268.000000
sb60 155.171218 245.000000 195.171218 268.000000
sb61 173.538448 74.760632 206.538448 97.760632
sb62 203.074809 4.453357 263.074809 23.453357
sb63 175.869264 180.804465 211.869264 225.804465
sb64 115.686748 95.602499 165.686748 142.602499
sb65 0.000000 155.152885 57.000000 211.152885
sb66 99.682528 0.000000 166.682528 61.000000
sb67 114.892226 78.579300 158.892226 118.579300
sb68 205.423016 26.267347 257.423016 89.267347
sb69 0.000000 29.036023 54.000000 56.036023
sb70 118.028187 73.512852 160.028187 115.512852
sb71 92.481593 190.464899 156.481593 212.464899
sb72 31.629091 152.579016 92.629091 213.579016
sb73 207.000000 0.000000 268.000000 67.000000
sb74 23.476631 115.232179 61.476631 157.232179
sb75 130.087822 0.000000 149.087822 28.000000
sb76 191.303903 119.984468 213.303903 152.984468
sb77 193.250664 211.000000 259.250664 268.000000
sb78 187.831937 180.116104 223.831937 212.116104
sb79 0.000000 80.344334 60.000000 121.344334
sb80 200.167487 97.952802 216.167487 155.952802
sb81 103.614079 177.486316 143.614079 227.486316
sb82 32.270307 93.460273 79.270307 150.460273
sb83 69.836893 159.379022 91.836893 175.379022
sb84 150.392476 124.178240 217.392476 146.178240
sb85 172.318498 86.229861 192.318498 111.229861
sb86 102.065993 117.439982 158.065993 154.439982
sb87 61.295513 118.040306 100.295513 162.040306
sb88 0.000000 52.671734 37.000000 76.671734
sb89 60.196537 53.119063 98.196537 80.119063
sb90 137.916132 235.000000 176.916132 268.000000
sb91 22.523952 46.305680 78.523952 79.305680
sb92 0.000000 50.728115 26.000000 66.728115
sb93 47.806500 229.238034 112.806500 264.238034
sb94 166.649152 0.000000 207.649152 59.000000
sb95 40.984551 212.929614 91.984551 231.929614
sb96 85.386069 109.531394 125.386069 175.531394
sb97 185.290939 0.000000 202.290939 67.000000
sb98 164.184601 184.487071 186.184601 246.487071
sb99 219.000000 202.000000 268.000000 268.000000

[Iter 4100]
sb0 146.067867 44.542703 189.067867 77.542703
sb1 144.149244 0.000000 209.149244 37.000000
sb2 51.426838 198.929780 104.426838 232.929780
sb3 0.000000 123.296028 37.000000 190.296028
sb4 0.000000 205.518695 29.000000 224.518695
sb5 74.918701 61.102190 113.918701 110.102190
sb6 228.000000 186.940653 268.000000 204.940653
sb7 206.173723 93.197494 228.173723 133.197494
sb8 140.468593 206.000000 190.468593 268.000000
sb9 228.881237 105.307458 244.881237 146.307458
sb10 65.978565 4.163474 83.978565 56.163474
sb11 61.724953 137.567611 100.724953 196.567611
sb12 105.204693 63.787863 166.204693 91.787863
sb13 206.663072 143.290886 254.663072 200.290886
sb14 205.000000 14.280774 268.000000 57.280774
sb15 209.000000 134.386254 268.000000 186.386254
sb16 160.618589 93.711471 196.618589 150.711471
sb17 113.069079 202.000000 157.069079 268.000000
sb18 53.232793 0.041461 101.232793 51.041461
sb19 132.926790 154.449029 163.926790 204.449029
sb20 100.943107 171.963355 137.943107 190.963355
sb21 36.989716 174.826378 100.989716 224.826378
sb22 102.243137 142.631349 151.243137 176.631349
sb23 248.000000 127.029921 268.000000 176.029921
sb24 164.139378 151.657618 209.139378 179.657618
sb25 214.000000 91.070448 268.000000 130.070448
sb26 125.873902 0.000000 180.873902 40.000000
sb27 243.000000 71.176044 268.000000 136.176044
sb28 178.329936 222.000000 217.329936 268.000000
sb29 166.988997 96.299952 190.988997 158.299952
sb30 121.693510 42.444604 145.693510 68.444604
sb31 90.969484 81.113190 116.969484 115.113190
sb32 193.699134 201.404318 236.699134 254.404318
sb33 159.378282 92.408213 181.378282 127.408213
sb34 61.207372 64.924002 88.207372 118.924002
sb35 4.063840 190.826827 35.063840 228.826827
sb36 91.373259 0.000000 130.373259 67.000000
sb37 129.547873 116.308182 149.547873 176.308182
sb38 216.672787 134.241478 239.672787 191.241478
sb39 62.896291 82.544616 114.896291 137.544616
sb40 5.877629 125.663497 31.877629 154.663497
sb41 100.693169 153.815104 127.693169 208.815104
sb42 0.000000 63.168655 62.000000 116.168655
sb43 0.000000 222.000000 61.000000 268.000000
sb44 132.434132 36.960853 197.434132 83.960853
sb45 241.543148 169.663944 264.543148 213.663944
sb46 0.000000 161.828113 39.000000 183.828113
sb47 163.310759 62.619999 228.310759 95.619999
sb48 0.000000 0.000000 57.000000 27.000000
sb49 194.083705 63.747906 241.083705 128.747906
sb50 143.506696 149.612207 210.506696 181.612207
sb51 98.923257 211.000000 136.923257 268.000000
sb52 149.196083 158.583389 203.196083 203.583389
sb53 32.138769 47.327504 75.138769 68.327504
sb54 152.001776 180.210749 170.001776 241.210749
sb55 86.668431 20.478491 120.668431 76.478491
sb56 0.000000 103.683118 17.000000 166.683118
sb57 41.666892 126.257710 59.666892 173.257710
sb58 91.987267 232.582338 137.987267 266.582338
sb59 45.735676 231.000000 95.735676 268.000000
sb60 155.180347 245.000000 195.180347 268.000000
sb61 173.700484 74.753181 206.700484 97.753181
sb62 203.072258 4.401178 263.072258 23.401178
sb63 175.852893 180.812630 211.852893 225.812630
sb64 115.683841 95.601562 165.683841 142.601562
sb65 0.000000 155.135984 57.000000 211.135984
sb66 99.684950 0.000000 166.684950 61.000000
sb67 114.915382 78.599214 158.915382 118.599214
sb68 205.432374 26.211777 257.432374 89.211777
sb69 0.000000 29.012478 54.000000 56.012478
sb70 118.029887 73.526740 160.029887 115.526740
sb71 92.449664 190.470226 156.449664 212.470226
sb72 31.602413 152.583349 92.602413 213.583349
sb73 207.000000 0.000000 268.000000 67.000000
sb74 23.485589 115.214918 61.485589 157.214918
sb75 130.063704 0.000000 149.063704 28.000000
sb76 191.314256 120.005391 213.314256 153.005391
sb77 193.273239 211.000000 259.273239 268.000000
sb78 187.906960 180.081307 223.906960 212.081307
sb79 0.000000 80.353798 60.000000 121.353798
sb80 200.195554 98.090688 216.195554 156.090688
sb81 103.640441 177.508549 143.640441 227.508549
sb82 32.269455 93.458293 79.269455 150.458293
sb83 69.847409 159.374070 91.847409 175.374070
sb84 150.388698 124.192923 217.388698 146.192923
sb85 172.358840 86.275661 192.358840 111.275661
sb86 102.097052 117.455628 158.097052 154.455628
sb87 61.310938 118.038044 100.310938 162.038044
sb88 0.000000 52.678758 37.000000 76.678758
sb89 60.213073 53.110235 98.213073 80.110235
sb90 137.887363 235.000000 176.887363 268.000000
sb91 22.516311 46.314743 78.516311 79.314743
sb92 0.000000 50.760459 26.000000 66.760459
sb93 47.805921 229.240187 112.805921 264.240187
sb94 166.645108 0.000000 207.645108 59.000000
sb95 40.892814 212.925020 91.892814 231.925020
sb96 85.340376 109.544457 125.340376 175.544457
sb97 185.285500 0.000000 202.285500 67.000000
sb98 164.235157 184.496163 186.235157 246.496163
sb99 219.000000 202.000000 268.000000 268.000000

[Iter 4150]
sb0 146.079402 44.570008 189.079402 77.570008
sb1 144.143385 0.000000 209.143385 37.000000
sb2 51.429703 198.934763 104.429703 232.934763
sb3 0.000000 123.302852 37.000000 190.302852
sb4 0.000000 205.499102 29.000000 224.499102
sb5 74.915918 61.078876 113.915918 110.078876
sb6 228.000000 186.922443 268.000000 204.922443
sb7 206.193079 93.221649 228.193079 133.221649
sb8 140.488437 206.000000 190.488437 268.000000
sb9 228.902356 105.323316 244.902356 146.323316
sb10 65.987094 4.134640 83.987094 56.134640
sb11 61.751591 137.568509 100.751591 196.568509
sb12 105.245367 63.782967 166.245367 91.782967
sb13 206.697836 143.305193 254.697836 200.305193
sb14 205.000000 14.270594 268.000000 57.270594
sb15 209.000000 134.382883 268.000000 186.382883
sb16 160.656035 93.672813 196.656035 150.672813
sb17 113.077074 202.000000 157.077074 268.000000
sb18 53.222922 0.030269 101.222922 51.030269
sb19 132.943082 154.476083 163.943082 204.476083
sb20 100.953433 171.948944 137.953433 190.948944
sb21 36.980754 174.832525 100.980754 224.832525
sb22 102.265699 142.638302 151.265699 176.638302
sb23 248.000000 126.970375 268.000000 175.970375
sb24 164.121389 151.646686 209.121389 179.646686
sb25 214.000000 91.005652 268.000000 130.005652
sb26 125.872612 0.000000 180.872612 40.000000
sb27 243.000000 71.164202 268.000000 136.164202
sb28 178.319633 222.000000 217.319633 268.000000
sb29 167.003593 96.288845 191.003593 158.288845
sb30 121.715757 42.436478 145.715757 68.436478
sb31 90.986838 81.142769 116.986838 115.142769
sb32 193.726360 201.420291 236.726360 254.420291
sb33 159.412226 92.383218 181.412226 127.383218
sb34 61.192862 64.911439 88.192862 118.911439
sb35 4.048785 190.840387 35.048785 228.840387
sb36 91.367132 0.000000 130.367132 67.000000
sb37 129.547293 116.315893 149.547293 176.315893
sb38 216.754626 134.267620 239.754626 191.267620
sb39 62.896320 82.535870 114.896320 137.535870
sb40 5.837601 125.658847 31.837601 154.658847
sb41 100.689693 153.829694 127.689693 208.829694
sb42 0.000000 63.076211 62.000000 116.076211
sb43 0.000000 222.000000 61.000000 268.000000
sb44 132.442530 36.936170 197.442530 83.936170
sb45 241.673686 169.702320 264.673686 213.702320
sb46 0.000000 161.801031 39.000000 183.801031
sb47 163.367237 62.618953 228.367237 95.618953
sb48 0.000000 0.000000 57.000000 27.000000
sb49 194.077968 63.764785 241.077968 128.764785
sb50 143.503975 149.618966 210.503975 181.618966
sb51 98.905332 211.000000 136.905332 268.000000
sb52 149.221243 158.588775 203.221243 203.588775
sb53 32.133571 47.309642 75.133571 68.309642
sb54 151.983949 180.215382 169.983949 241.215382
sb55 86.676064 20.516279 120.676064 76.516279
sb56 0.000000 103.696398 17.000000 166.696398
sb57 41.673144 126.248304 59.673144 173.248304
sb58 91.996923 232.602032 137.996923 266.602032
sb59 45.713963 231.000000 95.713963 268.000000
sb60 155.183494 245.000000 195.183494 268.000000
sb61 173.886501 74.750486 206.886501 97.750486
sb62 203.065399 4.333901 263.065399 23.333901
sb63 175.847326 180.825988 211.847326 225.825988
sb64 115.706719 95.602021 165.706719 142.602021
sb65 0.000000 155.159097 57.000000 211.159097
sb66 99.687444 0.000000 166.687444 61.000000
sb67 114.899979 78.608149 158.899979 118.608149
sb68 205.429489 26.146884 257.429489 89.146884
sb69 0.000000 29.025766 54.000000 56.025766
sb70 118.038848 73.543798 160.038848 115.543798
sb71 92.424333 190.461527 156.424333 212.461527
sb72 31.609193 152.584232 92.609193 213.584232
sb73 207.000000 0.000000 268.000000 67.000000
sb74 23.512930 115.219888 61.512930 157.219888
sb75 130.071046 0.000000 149.071046 28.000000
sb76 191.311528 120.031222 213.311528 153.031222
sb77 193.292836 211.000000 259.292836 268.000000
sb78 187.969501 180.046460 223.969501 212.046460
sb79 0.000000 80.354873 60.000000 121.354873
sb80 200.244373 98.262472 216.244373 156.262472
sb81 103.647563 177.520189 143.647563 227.520189
sb82 32.298035 93.472209 79.298035 150.472209
sb83 69.845916 159.381584 91.845916 175.381584
sb84 150.357565 124.209126 217.357565 146.209126
sb85 172.383022 86.272469 192.383022 111.272469
sb86 102.134645 117.476410 158.134645 154.476410
sb87 61.332479 118.039172 100.332479 162.039172
sb88 0.000000 52.676730 37.000000 76.676730
sb89 60.218778 53.109208 98.218778 80.109208
sb90 137.874458 235.000000 176.874458 268.000000
sb91 22.461001 46.312631 78.461001 79.312631
sb92 0.000000 50.730024 26.000000 66.730024
sb93 47.807205 229.252637 112.807205 264.252637
sb94 166.646987 0.000000 207.646987 59.000000
sb95 40.876328 212.927799 91.876328 231.927799
sb96 85.360633 109.582839 125.360633 175.582839
sb97 185.276614 0.000000 202.276614 67.000000
sb98 164.283950 184.488344 186.283950 246.488344
sb99 219.000000 202.000000 268.000000 268.000000

[Iter 4200]
sb0 146.102614 44.598586 189.102614 77.598586
sb1 144.143411 0.000000 209.143411 37.000000
sb2 51.428993 198.922684 104.428993 232.922684
sb3 0.000000 123.297542 37.000000 190.297542
sb4 0.000000 205.494232 29.000000 224.494232
sb5 74.872822 61.104737 113.872822 110.104737
sb6 228.000000 186.917162 268.000000 204.917162
sb7 206.200530 93.249287 228.200530 133.249287
sb8 140.540811 206.000000 190.540811 268.000000
sb9 228.914285 105.319235 244.914285 146.319235
sb10 66.008037 4.114641 84.008037 56.114641
sb11 61.768394 137.590540 100.768394 196.590540
sb12 105.283843 63.783860 166.283843 91.783860
sb13 206.723342 143.314304 254.723342 200.314304
sb14 205.000000 14.263531 268.000000 57.263531
sb15 209.000000 134.373534 268.000000 186.373534
sb16 160.700866 93.651585 196.700866 150.651585
sb17 113.069272 202.000000 157.069272 268.000000
sb18 53.224385 0.018634 101.224385 51.018634
sb19 132.947962 154.486146 163.947962 204.486146
sb20 100.929759 171.935034 137.929759 190.935034
sb21 36.961832 174.827814 100.961832 224.827814
sb22 102.285665 142.631383 151.285665 176.631383
sb23 248.000000 126.910538 268.000000 175.910538
sb24 164.138173 151.647771 209.138173 179.647771
sb25 214.000000 90.934877 268.000000 129.934877
sb26 125.875808 0.000000 180.875808 40.000000
sb27 243.000000 71.153551 268.000000 136.153551
sb28 178.315146 222.000000 217.315146 268.000000
sb29 167.006205 96.280974 191.006205 158.280974
sb30 121.748519 42.428131 145.748519 68.428131
sb31 90.984935 81.172153 116.984935 115.172153
sb32 193.781427 201.426599 236.781427 254.426599
sb33 159.416269 92.414394 181.416269 127.414394
sb34 61.190483 64.889477 88.190483 118.889477
sb35 4.022325 190.842963 35.022325 228.842963
sb36 91.363999 0.000000 130.363999 67.000000
sb37 129.546893 116.316543 149.546893 176.316543
sb38 216.828052 134.251411 239.828052 191.251411
sb39 62.900309 82.520803 114.900309 137.520803
sb40 5.830682 125.660423 31.830682 154.660423
sb41 100.682993 153.828148 127.682993 208.828148
sb42 0.000000 63.078958 62.000000 116.078958
sb43 0.000000 222.000000 61.000000 268.000000
sb44 132.443625 36.944650 197.443625 83.944650
sb45 241.781837 169.728414 264.781837 213.728414
sb46 0.000000 161.802286 39.000000 183.802286
sb47 163.415146 62.620428 228.415146 95.620428
sb48 0.000000 0.000000 57.000000 27.000000
sb49 194.089496 63.768026 241.089496 128.768026
sb50 143.510525 149.629960 210.510525 181.629960
sb51 98.893101 211.000000 136.893101 268.000000
sb52 149.243304 158.592456 203.243304 203.592456
sb53 32.126804 47.278310 75.126804 68.278310
sb54 151.970285 180.229169 169.970285 241.229169
sb55 86.694050 20.558934 120.694050 76.558934
sb56 0.000000 103.685619 17.000000 166.685619
sb57 41.682230 126.223335 59.682230 173.223335
sb58 92.043251 232.594627 138.043251 266.594627
sb59 45.695777 231.000000 95.695777 268.000000
sb60 155.190420 245.000000 195.190420 268.000000
sb61 174.045127 74.758788 207.045127 97.758788
sb62 203.062765 4.272500 263.062765 23.272500
sb63 175.839251 180.864494 211.839251 225.864494
sb64 115.709174 95.603689 165.709174 142.603689
sb65 0.000000 155.154066 57.000000 211.154066
sb66 99.689102 0.000000 166.689102 61.000000
sb67 114.922600 78.609464 158.922600 118.609464
sb68 205.431591 26.081235 257.431591 89.081235
sb69 0.000000 29.025397 54.000000 56.025397
sb70 118.067652 73.554657 160.067652 115.554657
sb71 92.408951 190.463723 156.408951 212.463723
sb72 31.609722 152.580586 92.609722 213.580586
sb73 207.000000 0.000000 268.000000 67.000000
sb74 23.525918 115.223219 61.525918 157.223219
sb75 130.070462 0.000000 149.070462 28.000000
sb76 191.303023 120.053179 213.303023 153.053179
sb77 193.295761 211.000000 259.295761 268.000000
sb78 187.991690 180.020930 223.991690 212.020930
sb79 0.000000 80.347064 60.000000 121.347064
sb80 200.291903 98.410174 216.291903 156.410174
sb81 103.669113 177.536179 143.669113 227.536179
sb82 32.254628 93.453138 79.254628 150.453138
sb83 69.840482 159.369646 91.840482 175.369646
sb84 150.335910 124.204809 217.335910 146.204809
sb85 172.386038 86.295775 192.386038 111.295775
sb86 102.180362 117.485039 158.180362 154.485039
sb87 61.352318 118.027115 100.352318 162.027115
sb88 0.000000 52.668804 37.000000 76.668804
sb89 60.233591 53.101124 98.233591 80.101124
sb90 137.864244 235.000000 176.864244 268.000000
sb91 22.464549 46.308351 78.464549 79.308351
sb92 0.000000 50.746391 26.000000 66.746391
sb93 47.791310 229.249940 112.791310 264.249940
sb94 166.645927 0.000000 207.645927 59.000000
sb95 40.873348 212.925922 91.873348 231.925922
sb96 85.339530 109.602717 125.339530 175.602717
sb97 185.273456 0.000000 202.273456 67.000000
sb98 164.292894 184.496565 186.292894 246.496565
sb99 219.000000 202.000000 268.000000 268.000000

[Iter 4250]
sb0 146.130006 44.623583 189.130006 77.623583
sb1 144.143624 0.000000 209.143624 37.000000
sb2 51.432355 198.921198 104.432355 232.921198
sb3 0.000000 123.293879 37.000000 190.293879
sb4 0.000000 205.503697 29.000000 224.503697
sb5 74.856092 61.095640 113.856092 110.095640
sb6 228.000000 186.920173 268.000000 204.920173
sb7 206.209391 93.272646 228.209391 133.272646
sb8 140.586979 206.000000 190.586979 268.000000
sb9 228.927237 105.323260 244.927237 146.323260
sb10 66.027254 4.106403 84.027254 56.106403
sb11 61.782131 137.581375 100.782131 196.581375
sb12 105.317547 63.782658 166.317547 91.782658
sb13 206.760542 143.323402 254.760542 200.323402
sb14 205.000000 14.255184 268.000000 57.255184
sb15 209.000000 134.374984 268.000000 186.374984
sb16 160.740204 93.634889 196.740204 150.634889
sb17 113.073339 202.000000 157.073339 268.000000
sb18 53.231310 0.011408 101.231310 51.011408
sb19 132.964621 154.507467 163.964621 204.507467
sb20 100.941084 171.949341 137.941084 190.949341
sb21 36.952411 174.832697 100.952411 224.832697
sb22 102.308730 142.640323 151.308730 176.640323
sb23 248.000000 126.851233 268.000000 175.851233
sb24 164.127249 151.654325 209.127249 179.654325
sb25 214.000000 90.867567 268.000000 129.867567
sb26 125.871716 0.000000 180.871716 40.000000
sb27 243.000000 71.153839 268.000000 136.153839
sb28 178.310723 222.000000 217.310723 268.000000
sb29 167.014531 96.273008 191.014531 158.273008
sb30 121.787219 42.418627 145.787219 68.418627
sb31 90.990549 81.197094 116.990549 115.197094
sb32 193.833943 201.436058 236.833943 254.436058
sb33 159.430831 92.407256 181.430831 127.407256
sb34 61.187514 64.878763 88.187514 118.878763
sb35 4.008134 190.845205 35.008134 228.845205
sb36 91.353979 0.000000 130.353979 67.000000
sb37 129.559258 116.316259 149.559258 176.316259
sb38 216.906146 134.252033 239.906146 191.252033
sb39 62.918557 82.510729 114.918557 137.510729
sb40 5.791262 125.681152 31.791262 154.681152
sb41 100.678847 153.830338 127.678847 208.830338
sb42 0.000000 63.138160 62.000000 116.138160
sb43 0.000000 222.000000 61.000000 268.000000
sb44 132.430967 36.947272 197.430967 83.947272
sb45 241.915287 169.756224 264.915287 213.756224
sb46 0.000000 161.789826 39.000000 183.789826
sb47 163.463702 62.620544 228.463702 95.620544
sb48 0.000000 0.000000 57.000000 27.000000
sb49 194.090094 63.762357 241.090094 128.762357
sb50 143.522161 149.633729 210.522161 181.633729
sb51 98.877662 211.000000 136.877662 268.000000
sb52 149.274399 158.597734 203.274399 203.597734
sb53 32.123460 47.257548 75.123460 68.257548
sb54 151.956784 180.231655 169.956784 241.231655
sb55 86.709016 20.599359 120.709016 76.599359
sb56 0.000000 103.690224 17.000000 166.690224
sb57 41.687522 126.207232 59.687522 173.207232
sb58 92.083042 232.599269 138.083042 266.599269
sb59 45.676117 231.000000 95.676117 268.000000
sb60 155.188040 245.000000 195.188040 268.000000
sb61 174.184168 74.768230 207.184168 97.768230
sb62 203.058790 4.211007 263.058790 23.211007
sb63 175.825800 180.871565 211.825800 225.871565
sb64 115.715157 95.599804 165.715157 142.599804
sb65 0.000000 155.148686 57.000000 211.148686
sb66 99.694578 0.000000 166.694578 61.000000
sb67 114.897049 78.589110 158.897049 118.589110
sb68 205.441546 26.018101 257.441546 89.018101
sb69 0.000000 29.036185 54.000000 56.036185
sb70 118.091328 73.564376 160.091328 115.564376
sb71 92.401494 190.475210 156.401494 212.475210
sb72 31.595124 152.571644 92.595124 213.571644
sb73 207.000000 0.000000 268.000000 67.000000
sb74 23.535631 115.243611 61.535631 157.243611
sb75 130.068910 0.000000 149.068910 28.000000
sb76 191.313923 120.074436 213.313923 153.074436
sb77 193.314354 211.000000 259.314354 268.000000
sb78 188.052597 179.990678 224.052597 211.990678
sb79 0.000000 80.341716 60.000000 121.341716
sb80 200.338570 98.551467 216.338570 156.551467
sb81 103.686108 177.548861 143.686108 227.548861
sb82 32.257778 93.472874 79.257778 150.472874
sb83 69.849482 159.369021 91.849482 175.369021
sb84 150.334570 124.200017 217.334570 146.200017
sb85 172.365302 86.297442 192.365302 111.297442
sb86 102.221829 117.497936 158.221829 154.497936
sb87 61.373307 118.024542 100.373307 162.024542
sb88 0.000000 52.662983 37.000000 76.662983
sb89 60.244461 53.098001 98.244461 80.098001
sb90 137.854439 235.000000 176.854439 268.000000
sb91 22.436061 46.312673 78.436061 79.312673
sb92 0.000000 50.744161 26.000000 66.744161
sb93 47.786826 229.260329 112.786826 264.260329
sb94 166.646606 0.000000 207.646606 59.000000
sb95 40.873098 212.911899 91.873098 231.911899
sb96 85.345092 109.575316 125.345092 175.575316
sb97 185.272562 0.000000 202.272562 67.000000
sb98 164.330334 184.493708 186.330334 246.493708
sb99 219.000000 202.000000 268.000000 268.000000

[Iter 4300]
sb0 146.159921 44.649102 189.159921 77.649102
sb1 144.144399 0.000000 209.144399 37.000000
sb2 51.431161 198.921785 104.431161 232.921785
sb3 0.000000 123.301143 37.000000 190.301143
sb4 0.000000 205.502705 29.000000 224.502705
sb5 74.850349 61.068122 113.850349 110.068122
sb6 228.000000 186.914155 268.000000 204.914155
sb7 206.218959 93.294970 228.218959 133.294970
sb8 140.644902 206.000000 190.644902 268.000000
sb9 228.941832 105.318397 244.941832 146.318397
sb10 66.037695 4.102459 84.037695 56.102459
sb11 61.793227 137.587476 100.793227 196.587476
sb12 105.352558 63.788091 166.352558 91.788091
sb13 206.795744 143.325926 254.795744 200.325926
sb14 205.000000 14.246693 268.000000 57.246693
sb15 209.000000 134.373837 268.000000 186.373837
sb16 160.778499 93.619948 196.778499 150.619948
sb17 113.079017 202.000000 157.079017 268.000000
sb18 53.237865 0.003362 101.237865 51.003362
sb19 132.972733 154.522523 163.972733 204.522523
sb20 100.950970 171.947369 137.950970 190.947369
sb21 36.948018 174.838450 100.948018 224.838450
sb22 102.332979 142.665126 151.332979 176.665126
sb23 248.000000 126.798682 268.000000 175.798682
sb24 164.130672 151.658965 209.130672 179.658965
sb25 214.000000 90.803106 268.000000 129.803106
sb26 125.874522 0.000000 180.874522 40.000000
sb27 243.000000 71.143886 268.000000 136.143886
sb28 178.304708 222.000000 217.304708 268.000000
sb29 167.018663 96.263351 191.018663 158.263351
sb30 121.815812 42.400922 145.815812 68.400922
sb31 91.001902 81.210799 117.001902 115.210799
sb32 193.892658 201.436202 236.892658 254.436202
sb33 159.410687 92.422121 181.410687 127.422121
sb34 61.179481 64.869422 88.179481 118.869422
sb35 3.997975 190.854654 34.997975 228.854654
sb36 91.363710 0.000000 130.363710 67.000000
sb37 129.548139 116.322789 149.548139 176.322789
sb38 216.986734 134.264106 239.986734 191.264106
sb39 62.905213 82.515570 114.905213 137.515570
sb40 5.802101 125.660791 31.802101 154.660791
sb41 100.682579 153.820203 127.682579 208.820203
sb42 0.000000 63.167902 62.000000 116.167902
sb43 0.000000 222.000000 61.000000 268.000000
sb44 132.443563 36.961420 197.443563 83.961420
sb45 242.066785 169.788458 265.066785 213.788458
sb46 0.000000 161.776830 39.000000 183.776830
sb47 163.508265 62.620716 228.508265 95.620716
sb48 0.000000 0.000000 57.000000 27.000000
sb49 194.081581 63.774141 241.081581 128.774141
sb50 143.518241 149.645262 210.518241 181.645262
sb51 98.862831 211.000000 136.862831 268.000000
sb52 149.304125 158.602524 203.304125 203.602524
sb53 32.120429 47.234792 75.120429 68.234792
sb54 151.943465 180.238818 169.943465 241.238818
sb55 86.718688 20.628216 120.718688 76.628216
sb56 0.000000 103.664867 17.000000 166.664867
sb57 41.696502 126.201240 59.696502 173.201240
sb58 92.134692 232.608537 138.134692 266.608537
sb59 45.653849 231.000000 95.653849 268.000000
sb60 155.196047 245.000000 195.196047 268.000000
sb61 174.318870 74.786425 207.318870 97.786425
sb62 203.052693 4.146205 263.052693 23.146205
sb63 175.823405 180.848104 211.823405 225.848104
sb64 115.714780 95.610420 165.714780 142.610420
sb65 0.000000 155.133762 57.000000 211.133762
sb66 99.699114 0.000000 166.699114 61.000000
sb67 114.893661 78.603230 158.893661 118.603230
sb68 205.436291 25.955128 257.436291 88.955128
sb69 0.000000 28.979733 54.000000 55.979733
sb70 118.109255 73.564031 160.109255 115.564031
sb71 92.394987 190.463930 156.394987 212.463930
sb72 31.588108 152.570452 92.588108 213.570452
sb73 207.000000 0.000000 268.000000 67.000000
sb74 23.537793 115.177506 61.537793 157.177506
sb75 130.077810 0.000000 149.077810 28.000000
sb76 191.312260 120.097851 213.312260 153.097851
sb77 193.329722 211.000000 259.329722 268.000000
sb78 188.118064 179.962510 224.118064 211.962510
sb79 0.000000 80.343905 60.000000 121.343905
sb80 200.383385 98.706576 216.383385 156.706576
sb81 103.709590 177.583502 143.709590 227.583502
sb82 32.242756 93.488001 79.242756 150.488001
sb83 69.871218 159.372931 91.871218 175.372931
sb84 150.311946 124.217906 217.311946 146.217906
sb85 172.359038 86.301437 192.359038 111.301437
sb86 102.260807 117.496480 158.260807 154.496480
sb87 61.390217 118.024181 100.390217 162.024181
sb88 0.000000 52.664871 37.000000 76.664871
sb89 60.264581 53.092659 98.264581 80.092659
sb90 137.840151 235.000000 176.840151 268.000000
sb91 22.379272 46.307878 78.379272 79.307878
sb92 0.000000 50.756311 26.000000 66.756311
sb93 47.778676 229.269116 112.778676 264.269116
sb94 166.645046 0.000000 207.645046 59.000000
sb95 40.873206 212.919477 91.873206 231.919477
sb96 85.359272 109.605165 125.359272 175.605165
sb97 185.269826 0.000000 202.269826 67.000000
sb98 164.364626 184.485017 186.364626 246.485017
sb99 219.000000 202.000000 268.000000 268.000000

[Iter 4350]
sb0 146.189033 44.669327 189.189033 77.669327
sb1 144.136594 0.000000 209.136594 37.000000
sb2 51.437148 198.924886 104.437148 232.924886
sb3 0.000000 123.310589 37.000000 190.310589
sb4 0.000000 205.502300 29.000000 224.502300
sb5 74.826924 61.093038 113.826924 110.093038
sb6 228.000000 186.916832 268.000000 204.916832
sb7 206.224769 93.311200 228.224769 133.311200
sb8 140.740415 206.000000 190.740415 268.000000
sb9 228.951959 105.320739 244.951959 146.320739
sb10 66.048981 4.086434 84.048981 56.086434
sb11 61.815478 137.572614 100.815478 196.572614
sb12 105.382741 63.809233 166.382741 91.809233
sb13 206.834579 143.328112 254.834579 200.328112
sb14 205.000000 14.243224 268.000000 57.243224
sb15 209.000000 134.366549 268.000000 186.366549
sb16 160.817310 93.608412 196.817310 150.608412
sb17 113.082997 202.000000 157.082997 268.000000
sb18 53.240785 0.000398 101.240785 51.000398
sb19 132.983544 154.529813 163.983544 204.529813
sb20 100.939080 171.957253 137.939080 190.957253
sb21 36.939699 174.847365 100.939699 224.847365
sb22 102.357034 142.728740 151.357034 176.728740
sb23 248.000000 126.747518 268.000000 175.747518
sb24 164.120813 151.667175 209.120813 179.667175
sb25 214.000000 90.736855 268.000000 129.736855
sb26 125.877109 0.000000 180.877109 40.000000
sb27 243.000000 71.130942 268.000000 136.130942
sb28 178.294633 222.000000 217.294633 268.000000
sb29 167.024051 96.255246 191.024051 158.255246
sb30 121.845319 42.390542 145.845319 68.390542
sb31 90.999009 81.222515 116.999009 115.222515
sb32 193.993657 201.438131 236.993657 254.438131
sb33 159.375859 92.421845 181.375859 127.421845
sb34 61.175693 64.860651 88.175693 118.860651
sb35 3.982513 190.874511 34.982513 228.874511
sb36 91.343717 0.000000 130.343717 67.000000
sb37 129.549601 116.314015 149.549601 176.314015
sb38 217.063086 134.270250 240.063086 191.270250
sb39 62.923349 82.519728 114.923349 137.519728
sb40 5.726413 125.658443 31.726413 154.658443
sb41 100.681528 153.815749 127.681528 208.815749
sb42 0.000000 63.185738 62.000000 116.185738
sb43 0.000000 222.000000 61.000000 268.000000
sb44 132.440545 36.955750 197.440545 83.955750
sb45 242.200594 169.818183 265.200594 213.818183
sb46 0.000000 161.734208 39.000000 183.734208
sb47 163.536079 62.621142 228.536079 95.621142
sb48 0.000000 0.000000 57.000000 27.000000
sb49 194.071101 63.779971 241.071101 128.779971
sb50 143.513824 149.646034 210.513824 181.646034
sb51 98.845584 211.000000 136.845584 268.000000
sb52 149.340176 158.610563 203.340176 203.610563
sb53 32.120659 47.226520 75.120659 68.226520
sb54 151.933423 180.247766 169.933423 241.247766
sb55 86.726645 20.655859 120.726645 76.655859
sb56 0.000000 103.656563 17.000000 166.656563
sb57 41.705002 126.195928 59.705002 173.195928
sb58 92.214802 232.642029 138.214802 266.642029
sb59 45.627482 231.000000 95.627482 268.000000
sb60 155.186511 245.000000 195.186511 268.000000
sb61 174.435676 74.801610 207.435676 97.801610
sb62 203.048960 4.081680 263.048960 23.081680
sb63 175.825715 180.837301 211.825715 225.837301
sb64 115.710484 95.647175 165.710484 142.647175
sb65 0.000000 155.123607 57.000000 211.123607
sb66 99.700392 0.000000 166.700392 61.000000
sb67 114.837618 78.585687 158.837618 118.585687
sb68 205.439452 25.892181 257.439452 88.892181
sb69 0.000000 28.980202 54.000000 55.980202
sb70 118.132978 73.560330 160.132978 115.560330
sb71 92.381075 190.469901 156.381075 212.469901
sb72 31.588771 152.571781 92.588771 213.571781
sb73 207.000000 0.000000 268.000000 67.000000
sb74 23.553937 115.184569 61.553937 157.184569
sb75 130.054526 0.000000 149.054526 28.000000
sb76 191.324942 120.123966 213.324942 153.123966
sb77 193.346268 211.000000 259.346268 268.000000
sb78 188.176664 179.935635 224.176664 211.935635
sb79 0.000000 80.350021 60.000000 121.350021
sb80 200.428650 98.841178 216.428650 156.841178
sb81 103.738293 177.663383 143.738293 227.663383
sb82 32.207504 93.458864 79.207504 150.458864
sb83 69.861644 159.372656 91.861644 175.372656
sb84 150.299842 124.219006 217.299842 146.219006
sb85 172.364789 86.301627 192.364789 111.301627
sb86 102.298361 117.495060 158.298361 154.495060
sb87 61.413188 118.024405 100.413188 162.024405
sb88 0.000000 52.667785 37.000000 76.667785
sb89 60.281380 53.097194 98.281380 80.097194
sb90 137.825993 235.000000 176.825993 268.000000
sb91 22.364738 46.304990 78.364738 79.304990
sb92 0.000000 50.747264 26.000000 66.747264
sb93 47.775602 229.284325 112.775602 264.284325
sb94 166.644224 0.000000 207.644224 59.000000
sb95 40.870487 212.917062 91.870487 231.917062
sb96 85.365524 109.619496 125.365524 175.619496
sb97 185.268382 0.000000 202.268382 67.000000
sb98 164.395755 184.483455 186.395755 246.483455
sb99 219.000000 202.000000 268.000000 268.000000

[Iter 4400]
sb0 146.210775 44.685758 189.210775 77.685758
sb1 144.135522 0.000000 209.135522 37.000000
sb2 51.440373 198.917484 104.440373 232.917484
sb3 0.000000 123.324929 37.000000 190.324929
sb4 0.000000 205.511117 29.000000 224.511117
sb5 74.809789 61.097852 113.809789 110.097852
sb6 228.000000 186.923795 268.000000 204.923795
sb7 206.230362 93.326265 228.230362 133.326265
sb8 140.841389 206.000000 190.841389 268.000000
sb9 228.963655 105.307745 244.963655 146.307745
sb10 66.054139 4.074270 84.054139 56.074270
sb11 61.849849 137.577532 100.849849 196.577532
sb12 105.411660 63.829361 166.411660 91.829361
sb13 206.877528 143.327594 254.877528 200.327594
sb14 205.000000 14.238994 268.000000 57.238994
sb15 209.000000 134.367970 268.000000 186.367970
sb16 160.847507 93.599899 196.847507 150.599899
sb17 113.086973 202.000000 157.086973 268.000000
sb18 53.236627 0.000069 101.236627 51.000069
sb19 132.991694 154.544609 163.991694 204.544609
sb20 100.931025 171.937315 137.931025 190.937315
sb21 36.935982 174.855830 100.935982 224.855830
sb22 102.394204 142.798303 151.394204 176.798303
sb23 248.000000 126.715588 268.000000 175.715588
sb24 164.120724 151.672298 209.120724 179.672298
sb25 214.000000 90.692973 268.000000 129.692973
sb26 125.878515 0.000000 180.878515 40.000000
sb27 243.000000 71.129165 268.000000 136.129165
sb28 178.288876 222.000000 217.288876 268.000000
sb29 167.029675 96.248069 191.029675 158.248069
sb30 121.866130 42.380792 145.866130 68.380792
sb31 90.995520 81.235690 116.995520 115.235690
sb32 194.098505 201.438663 237.098505 254.438663
sb33 159.416133 92.421018 181.416133 127.421018
sb34 61.172370 64.856803 88.172370 118.856803
sb35 3.973070 190.892269 34.973070 228.892269
sb36 91.337115 0.000000 130.337115 67.000000
sb37 129.543873 116.319293 149.543873 176.319293
sb38 217.123216 134.255341 240.123216 191.255341
sb39 62.933916 82.521331 114.933916 137.521331
sb40 5.699679 125.667139 31.699679 154.667139
sb41 100.679796 153.816031 127.679796 208.816031
sb42 0.000000 63.203253 62.000000 116.203253
sb43 0.000000 222.000000 61.000000 268.000000
sb44 132.434857 36.936290 197.434857 83.936290
sb45 242.330538 169.850316 265.330538 213.850316
sb46 0.000000 161.717668 39.000000 183.717668
sb47 163.555866 62.621748 228.555866 95.621748
sb48 0.000000 0.000000 57.000000 27.000000
sb49 194.080616 63.774688 241.080616 128.774688
sb50 143.525267 149.648938 210.525267 181.648938
sb51 98.818581 211.000000 136.818581 268.000000
sb52 149.381591 158.619494 203.381591 203.619494
sb53 32.124642 47.212892 75.124642 68.212892
sb54 151.933882 180.258687 169.933882 241.258687
sb55 86.735530 20.676506 120.735530 76.676506
sb56 0.000000 103.675148 17.000000 166.675148
sb57 41.710764 126.202419 59.710764 173.202419
sb58 92.304670 232.671251 138.304670 266.671251
sb59 45.595630 231.000000 95.595630 268.000000
sb60 155.196929 245.000000 195.196929 268.000000
sb61 174.518988 74.815285 207.518988 97.815285
sb62 203.046709 4.032004 263.046709 23.032004
sb63 175.831202 180.836750 211.831202 225.836750
sb64 115.709676 95.691378 165.709676 142.691378
sb65 0.000000 155.129866 57.000000 211.129866
sb66 99.698200 0.000000 166.698200 61.000000
sb67 114.884937 78.586454 158.884937 118.586454
sb68 205.443970 25.847117 257.443970 88.847117
sb69 0.000000 28.991493 54.000000 55.991493
sb70 118.147854 73.559862 160.147854 115.559862
sb71 92.384166 190.459789 156.384166 212.459789
sb72 31.579778 152.558082 92.579778 213.558082
sb73 207.000000 0.000000 268.000000 67.000000
sb74 23.582317 115.208792 61.582317 157.208792
sb75 130.064152 0.000000 149.064152 28.000000
sb76 191.317509 120.148681 213.317509 153.148681
sb77 193.361815 211.000000 259.361815 268.000000
sb78 188.227284 179.914515 224.227284 211.914515
sb79 0.000000 80.359009 60.000000 121.359009
sb80 200.464767 98.948118 216.464767 156.948118
sb81 103.772524 177.749986 143.772524 227.749986
sb82 32.168343 93.470922 79.168343 150.470922
sb83 69.843948 159.373094 91.843948 175.373094
sb84 150.298878 124.221125 217.298878 146.221125
sb85 172.379154 86.309263 192.379154 111.309263
sb86 102.324227 117.491753 158.324227 154.491753
sb87 61.427482 118.025834 100.427482 162.025834
sb88 0.000000 52.675354 37.000000 76.675354
sb89 60.283328 53.098310 98.283328 80.098310
sb90 137.805965 235.000000 176.805965 268.000000
sb91 22.338672 46.310305 78.338672 79.310305
sb92 0.000000 50.736920 26.000000 66.736920
sb93 47.773263 229.298335 112.773263 264.298335
sb94 166.641006 0.000000 207.641006 59.000000
sb95 40.863377 212.911501 91.863377 231.911501
sb96 85.371571 109.551341 125.371571 175.551341
sb97 185.271095 0.000000 202.271095 67.000000
sb98 164.426890 184.497786 186.426890 246.497786
sb99 219.000000 202.000000 268.000000 268.000000

[Iter 4450]
sb0 146.227233 44.695934 189.227233 77.695934
sb1 144.133475 0.000000 209.133475 37.000000
sb2 51.436726 198.904132 104.436726 232.904132
sb3 0.000000 123.338100 37.000000 190.338100
sb4 0.000000 205.439546 29.000000 224.439546
sb5 74.785752 61.102556 113.785752 110.102556
sb6 228.000000 186.920246 268.000000 204.920246
sb7 206.235493 93.343898 228.235493 133.343898
sb8 140.973212 206.000000 190.973212 268.000000
sb9 228.977546 105.321213 244.977546 146.321213
sb10 66.047492 4.049319 84.047492 56.049319
sb11 61.883748 137.569701 100.883748 196.569701
sb12 105.446522 63.850827 166.446522 91.850827
sb13 206.942384 143.331066 254.942384 200.331066
sb14 205.000000 14.233502 268.000000 57.233502
sb15 209.000000 134.359481 268.000000 186.359481
sb16 160.865983 93.587743 196.865983 150.587743
sb17 113.056744 202.000000 157.056744 268.000000
sb18 53.240388 0.000000 101.240388 51.000000
sb19 133.005347 154.561766 164.005347 204.561766
sb20 100.945455 171.929825 137.945455 190.929825
sb21 36.925095 174.863720 100.925095 224.863720
sb22 102.438949 142.883280 151.438949 176.883280
sb23 248.000000 126.695624 268.000000 175.695624
sb24 164.140564 151.678236 209.140564 179.678236
sb25 214.000000 90.655004 268.000000 129.655004
sb26 125.877569 0.000000 180.877569 40.000000
sb27 243.000000 71.122111 268.000000 136.122111
sb28 178.276759 222.000000 217.276759 268.000000
sb29 167.037080 96.236688 191.037080 158.236688
sb30 121.872832 42.368730 145.872832 68.368730
sb31 90.993198 81.234772 116.993198 115.234772
sb32 194.240706 201.443074 237.240706 254.443074
sb33 159.431255 92.404301 181.431255 127.404301
sb34 61.168542 64.847435 88.168542 118.847435
sb35 3.960944 190.912299 34.960944 228.912299
sb36 91.330089 0.000000 130.330089 67.000000
sb37 129.522564 116.327813 149.522564 176.327813
sb38 217.182107 134.247711 240.182107 191.247711
sb39 62.946261 82.516544 114.946261 137.516544
sb40 5.634259 125.662473 31.634259 154.662473
sb41 100.680215 153.821988 127.680215 208.821988
sb42 0.000000 63.171311 62.000000 116.171311
sb43 0.000000 222.000000 61.000000 268.000000
sb44 132.428661 36.943380 197.428661 83.943380
sb45 242.463800 169.890181 265.463800 213.890181
sb46 0.000000 161.669179 39.000000 183.669179
sb47 163.583428 62.621118 228.583428 95.621118
sb48 0.000000 0.000000 57.000000 27.000000
sb49 194.077627 63.779186 241.077627 128.779186
sb50 143.520565 149.654710 210.520565 181.654710
sb51 98.789949 211.000000 136.789949 268.000000
sb52 149.444533 158.630577 203.444533 203.630577
sb53 32.131475 47.203347 75.131475 68.203347
sb54 151.925602 180.260297 169.925602 241.260297
sb55 86.730614 20.677750 120.730614 76.677750
sb56 0.000000 103.672402 17.000000 166.672402
sb57 41.716374 126.203895 59.716374 173.203895
sb58 92.424611 232.711730 138.424611 266.711730
sb59 45.563524 231.000000 95.563524 268.000000
sb60 155.185056 245.000000 195.185056 268.000000
sb61 174.596431 74.822275 207.596431 97.822275
sb62 203.047691 3.985667 263.047691 22.985667
sb63 175.837412 180.843304 211.837412 225.843304
sb64 115.714681 95.745152 165.714681 142.745152
sb65 0.000000 155.117822 57.000000 211.117822
sb66 99.702010 0.000000 166.702010 61.000000
sb67 114.895844 78.598594 158.895844 118.598594
sb68 205.443378 25.804238 257.443378 88.804238
sb69 0.000000 28.984478 54.000000 55.984478
sb70 118.155999 73.556804 160.155999 115.556804
sb71 92.387200 190.464682 156.387200 212.464682
sb72 31.572608 152.562640 92.572608 213.562640
sb73 207.000000 0.000000 268.000000 67.000000
sb74 23.598836 115.198900 61.598836 157.198900
sb75 130.057427 0.000000 149.057427 28.000000
sb76 191.317714 120.183650 213.317714 153.183650
sb77 193.390012 211.000000 259.390012 268.000000
sb78 188.297903 179.892635 224.297903 211.892635
sb79 0.000000 80.368836 60.000000 121.368836
sb80 200.493375 99.043532 216.493375 157.043532
sb81 103.808935 177.853872 143.808935 227.853872
sb82 32.118699 93.455264 79.118699 150.455264
sb83 69.856733 159.376255 91.856733 175.376255
sb84 150.280674 124.227080 217.280674 146.227080
sb85 172.373245 86.322825 192.373245 111.322825
sb86 102.339129 117.499487 158.339129 154.499487
sb87 61.440195 118.024289 100.440195 162.024289
sb88 0.000000 52.682513 37.000000 76.682513
sb89 60.293258 53.105930 98.293258 80.105930
sb90 137.781503 235.000000 176.781503 268.000000
sb91 22.315535 46.309624 78.315535 79.309624
sb92 0.000000 50.753823 26.000000 66.753823
sb93 47.706371 229.315349 112.706371 264.315349
sb94 166.638420 0.000000 207.638420 59.000000
sb95 40.832316 212.914124 91.832316 231.914124
sb96 85.337920 109.545371 125.337920 175.545371
sb97 185.276055 0.000000 202.276055 67.000000
sb98 164.456628 184.502961 186.456628 246.502961
sb99 219.000000 202.000000 268.000000 268.000000

[Iter 4500]
sb0 146.235741 44.705112 189.235741 77.705112
sb1 144.131179 0.000000 209.131179 37.000000
sb2 51.444050 198.911636 104.444050 232.911636
sb3 0.000000 123.350955 37.000000 190.350955
sb4 0.000000 205.474272 29.000000 224.474272
sb5 74.762494 61.137521 113.762494 110.137521
sb6 228.000000 186.921954 268.000000 204.921954
sb7 206.242392 93.363036 228.242392 133.363036
sb8 141.091984 206.000000 191.091984 268.000000
sb9 228.988263 105.322095 244.988263 146.322095
sb10 66.039630 4.021884 84.039630 56.021884
sb11 61.917534 137.590767 100.917534 196.590767
sb12 105.465816 63.853931 166.465816 91.853931
sb13 206.985808 143.328806 254.985808 200.328806
sb14 205.000000 14.232102 268.000000 57.232102
sb15 209.000000 134.359932 268.000000 186.359932
sb16 160.890094 93.580980 196.890094 150.580980
sb17 113.113059 202.000000 157.113059 268.000000
sb18 53.237327 0.007389 101.237327 51.007389
sb19 133.006116 154.560968 164.006116 204.560968
sb20 100.948832 171.945663 137.948832 190.945663
sb21 36.919387 174.879496 100.919387 224.879496
sb22 102.474045 142.947158 151.474045 176.947158
sb23 248.000000 126.682978 268.000000 175.682978
sb24 164.134076 151.681694 209.134076 179.681694
sb25 214.000000 90.623151 268.000000 129.623151
sb26 125.878079 0.000000 180.878079 40.000000
sb27 243.000000 71.111770 268.000000 136.111770
sb28 178.262423 222.000000 217.262423 268.000000
sb29 167.045262 96.227509 191.045262 158.227509
sb30 121.873895 42.363236 145.873895 68.363236
sb31 91.001806 81.236346 117.001806 115.236346
sb32 194.361973 201.441118 237.361973 254.441118
sb33 159.404204 92.417161 181.404204 127.417161
sb34 61.170600 64.841431 88.170600 118.841431
sb35 3.948628 190.933453 34.948628 228.933453
sb36 91.320085 0.000000 130.320085 67.000000
sb37 129.541599 116.324164 149.541599 176.324164
sb38 217.236411 134.255975 240.236411 191.255975
sb39 62.964209 82.529224 114.964209 137.529224
sb40 5.582541 125.674536 31.582541 154.674536
sb41 100.675205 153.836928 127.675205 208.836928
sb42 0.000000 63.177643 62.000000 116.177643
sb43 0.000000 222.000000 61.000000 268.000000
sb44 132.424480 36.957299 197.424480 83.957299
sb45 242.585374 169.927433 265.585374 213.927433
sb46 0.000000 161.651271 39.000000 183.651271
sb47 163.602451 62.619283 228.602451 95.619283
sb48 0.000000 0.000000 57.000000 27.000000
sb49 194.074578 63.785634 241.074578 128.785634
sb50 143.523783 149.665338 210.523783 181.665338
sb51 98.749178 211.000000 136.749178 268.000000
sb52 149.485906 158.638759 203.485906 203.638759
sb53 32.129196 47.202027 75.129196 68.202027
sb54 151.917153 180.268559 169.917153 241.268559
sb55 86.725996 20.675060 120.725996 76.675060
sb56 0.000000 103.675792 17.000000 166.675792
sb57 41.722256 126.208240 59.722256 173.208240
sb58 92.541201 232.756452 138.541201 266.756452
sb59 45.524779 231.000000 95.524779 268.000000
sb60 155.192293 245.000000 195.192293 268.000000
sb61 174.652821 74.831706 207.652821 97.831706
sb62 203.045404 3.946554 263.045404 22.946554
sb63 175.837035 180.872706 211.837035 225.872706
sb64 115.713720 95.787235 165.713720 142.787235
sb65 0.000000 155.110063 57.000000 211.110063
sb66 99.696109 0.000000 166.696109 61.000000
sb67 114.899584 78.600441 158.899584 118.600441
sb68 205.446044 25.769635 257.446044 88.769635
sb69 0.000000 28.985155 54.000000 55.985155
sb70 118.167281 73.556556 160.167281 115.556556
sb71 92.385068 190.482148 156.385068 212.482148
sb72 31.553759 152.555277 92.553759 213.555277
sb73 207.000000 0.000000 268.000000 67.000000
sb74 23.628269 115.216990 61.628269 157.216990
sb75 130.069280 0.000000 149.069280 28.000000
sb76 191.336737 120.212753 213.336737 153.212753
sb77 193.409034 211.000000 259.409034 268.000000
sb78 188.340228 179.874076 224.340228 211.874076
sb79 0.000000 80.376749 60.000000 121.376749
sb80 200.522336 99.131981 216.522336 157.131981
sb81 103.852353 177.945595 143.852353 227.945595
sb82 32.086708 93.456925 79.086708 150.456925
sb83 69.863750 159.378137 91.863750 175.378137
sb84 150.258676 124.235193 217.258676 146.235193
sb85 172.367187 86.326579 192.367187 111.326579
sb86 102.360007 117.496471 158.360007 154.496471
sb87 61.453593 118.026515 100.453593 162.026515
sb88 0.000000 52.686826 37.000000 76.686826
sb89 60.304315 53.117163 98.304315 80.117163
sb90 137.750052 235.000000 176.750052 268.000000
sb91 22.272406 46.312590 78.272406 79.312590
sb92 0.000000 50.765705 26.000000 66.765705
sb93 47.800495 229.336320 112.800495 264.336320
sb94 166.633484 0.000000 207.633484 59.000000
sb95 40.756231 212.913705 91.756231 231.913705
sb96 85.346394 109.625311 125.346394 175.625311
sb97 185.273616 0.000000 202.273616 67.000000
sb98 164.498704 184.487618 186.498704 246.487618
sb99 219.000000 202.000000 268.000000 268.000000

[Iter 4550]
sb0 146.265145 44.702968 189.265145 77.702968
sb1 144.125996 0.000000 209.125996 37.000000
sb2 51.447942 198.897208 104.447942 232.897208
sb3 0.000000 123.360704 37.000000 190.360704
sb4 0.000000 205.462871 29.000000 224.462871
sb5 74.721731 61.130921 113.721731 110.130921
sb6 228.000000 186.906972 268.000000 204.906972
sb7 206.248432 93.376826 228.248432 133.376826
sb8 141.171655 206.000000 191.171655 268.000000
sb9 229.002679 105.320259 245.002679 146.320259
sb10 66.034246 3.996989 84.034246 55.996989
sb11 61.939960 137.578637 100.939960 196.578637
sb12 105.495524 63.854168 166.495524 91.854168
sb13 207.028572 143.332339 255.028572 200.332339
sb14 205.000000 14.231199 268.000000 57.231199
sb15 209.000000 134.348138 268.000000 186.348138
sb16 160.904432 93.563261 196.904432 150.563261
sb17 113.109799 202.000000 157.109799 268.000000
sb18 53.240576 0.000000 101.240576 51.000000
sb19 133.012744 154.564261 164.012744 204.564261
sb20 100.940093 171.938840 137.940093 190.938840
sb21 36.908387 174.886357 100.908387 224.886357
sb22 102.498450 142.986052 151.498450 176.986052
sb23 248.000000 126.674245 268.000000 175.674245
sb24 164.129545 151.678393 209.129545 179.678393
sb25 214.000000 90.595854 268.000000 129.595854
sb26 125.874818 0.000000 180.874818 40.000000
sb27 243.000000 71.100894 268.000000 136.100894
sb28 178.247574 222.000000 217.247574 268.000000
sb29 167.049204 96.221800 191.049204 158.221800
sb30 121.883863 42.361295 145.883863 68.361295
sb31 91.004660 81.238042 117.004660 115.238042
sb32 194.445318 201.444228 237.445318 254.444228
sb33 159.391232 92.405077 181.391232 127.405077
sb34 61.169199 64.827945 88.169199 118.827945
sb35 3.930743 190.953673 34.930743 228.953673
sb36 91.311771 0.000000 130.311771 67.000000
sb37 129.531831 116.331619 149.531831 176.331619
sb38 217.277495 134.260193 240.277495 191.260193
sb39 62.976594 82.513812 114.976594 137.513812
sb40 5.532785 125.664141 31.532785 154.664141
sb41 100.670905 153.836451 127.670905 208.836451
sb42 0.000000 63.176620 62.000000 116.176620
sb43 0.000000 222.000000 61.000000 268.000000
sb44 132.425308 36.954198 197.425308 83.954198
sb45 242.675664 169.959613 265.675664 213.959613
sb46 0.000000 161.616288 39.000000 183.616288
sb47 163.631144 62.624190 228.631144 95.624190
sb48 0.000000 0.000000 57.000000 27.000000
sb49 194.060036 63.789580 241.060036 128.789580
sb50 143.525127 149.675722 210.525127 181.675722
sb51 98.703512 211.000000 136.703512 268.000000
sb52 149.524074 158.645198 203.524074 203.645198
sb53 32.131437 47.192331 75.131437 68.192331
sb54 151.904264 180.283340 169.904264 241.283340
sb55 86.722690 20.669791 120.722690 76.669791
sb56 0.000000 103.665743 17.000000 166.665743
sb57 41.724860 126.210016 59.724860 173.210016
sb58 92.609818 232.763937 138.609818 266.763937
sb59 45.482726 231.000000 95.482726 268.000000
sb60 155.196497 245.000000 195.196497 268.000000
sb61 174.725583 74.827936 207.725583 97.827936
sb62 203.065220 3.907717 263.065220 22.907717
sb63 175.837790 180.858357 211.837790 225.858357
sb64 115.716817 95.796483 165.716817 142.796483
sb65 0.000000 155.110360 57.000000 211.110360
sb66 99.701142 0.000000 166.701142 61.000000
sb67 114.832264 78.592336 158.832264 118.592336
sb68 205.487238 25.735343 257.487238 88.735343
sb69 0.000000 28.980259 54.000000 55.980259
sb70 118.174669 73.544999 160.174669 115.544999
sb71 92.380417 190.478417 156.380417 212.478417
sb72 31.558013 152.562087 92.558013 213.562087
sb73 207.000000 0.000000 268.000000 67.000000
sb74 23.645004 115.220625 61.645004 157.220625
sb75 130.066628 0.000000 149.066628 28.000000
sb76 191.322220 120.237886 213.322220 153.237886
sb77 193.423154 211.000000 259.423154 268.000000
sb78 188.363195 179.857513 224.363195 211.857513
sb79 0.000000 80.382699 60.000000 121.382699
sb80 200.540854 99.195094 216.540854 157.195094
sb81 103.882182 177.998785 143.882182 227.998785
sb82 32.044919 93.497632 79.044919 150.497632
sb83 69.850782 159.376395 91.850782 175.376395
sb84 150.248643 124.240717 217.248643 146.240717
sb85 172.364515 86.353829 192.364515 111.353829
sb86 102.375306 117.492891 158.375306 154.492891
sb87 61.463094 118.022728 100.463094 162.022728
sb88 0.000000 52.690431 37.000000 76.690431
sb89 60.314363 53.110020 98.314363 80.110020
sb90 137.711109 235.000000 176.711109 268.000000
sb91 22.248457 46.311060 78.248457 79.311060
sb92 0.000000 50.760852 26.000000 66.760852
sb93 47.787815 229.349438 112.787815 264.349438
sb94 166.637027 0.000000 207.637027 59.000000
sb95 40.676281 212.906426 91.676281 231.906426
sb96 85.338329 109.602461 125.338329 175.602461
sb97 185.305360 0.000000 202.305360 67.000000
sb98 164.512573 184.490760 186.512573 246.490760
sb99 219.000000 202.000000 268.000000 268.000000

[Iter 4600]
sb0 146.298452 44.703473 189.298452 77.703473
sb1 144.138920 0.000000 209.138920 37.000000
sb2 51.449845 198.900462 104.449845 232.900462
sb3 0.000000 123.363472 37.000000 190.363472
sb4 0.000000 205.493104 29.000000 224.493104
sb5 74.703247 61.152604 113.703247 110.152604
sb6 228.000000 186.933728 268.000000 204.933728
sb7 206.257988 93.394668 228.257988 133.394668
sb8 141.237117 206.000000 191.237117 268.000000
sb9 229.015888 105.309407 245.015888 146.309407
sb10 66.036046 3.975518 84.036046 55.975518
sb11 61.958940 137.589269 100.958940 196.589269
sb12 105.512936 63.854743 166.512936 91.854743
sb13 207.066810 143.336350 255.066810 200.336350
sb14 205.000000 14.223914 268.000000 57.223914
sb15 209.000000 134.358423 268.000000 186.358423
sb16 160.913785 93.549948 196.913785 150.549948
sb17 113.105924 202.000000 157.105924 268.000000
sb18 53.242906 0.000000 101.242906 51.000000
sb19 133.016355 154.572964 164.016355 204.572964
sb20 100.939017 171.960078 137.939017 190.960078
sb21 36.893359 174.890185 100.893359 224.890185
sb22 102.522125 143.031201 151.522125 177.031201
sb23 248.000000 126.669715 268.000000 175.669715
sb24 164.128066 151.676032 209.128066 179.676032
sb25 214.000000 90.577062 268.000000 129.577062
sb26 125.878213 0.000000 180.878213 40.000000
sb27 243.000000 71.102999 268.000000 136.102999
sb28 178.233661 222.000000 217.233661 268.000000
sb29 167.056429 96.212676 191.056429 158.212676
sb30 121.902362 42.362978 145.902362 68.362978
sb31 90.995979 81.243290 116.995979 115.243290
sb32 194.514957 201.448423 237.514957 254.448423
sb33 159.392962 92.397137 181.392962 127.397137
sb34 61.169642 64.814448 88.169642 118.814448
sb35 3.912524 190.963136 34.912524 228.963136
sb36 91.321343 0.000000 130.321343 67.000000
sb37 129.525664 116.331548 149.525664 176.331548
sb38 217.310348 134.258958 240.310348 191.258958
sb39 62.986145 82.523051 114.986145 137.523051
sb40 5.488535 125.660336 31.488535 154.660336
sb41 100.665940 153.840624 127.665940 208.840624
sb42 0.000000 63.197657 62.000000 116.197657
sb43 0.000000 222.000000 61.000000 268.000000
sb44 132.431556 36.958666 197.431556 83.958666
sb45 242.749048 169.985514 265.749048 213.985514
sb46 0.000000 161.600145 39.000000 183.600145
sb47 163.651853 62.627132 228.651853 95.627132
sb48 0.000000 0.000000 57.000000 27.000000
sb49 194.060967 63.794109 241.060967 128.794109
sb50 143.519325 149.678771 210.519325 181.678771
sb51 98.661178 211.000000 136.661178 268.000000
sb52 149.557754 158.650977 203.557754 203.650977
sb53 32.125473 47.174435 75.125473 68.174435
sb54 151.903698 180.286044 169.903698 241.286044
sb55 86.726922 20.668681 120.726922 76.668681
sb56 0.000000 103.659880 17.000000 166.659880
sb57 41.731092 126.200075 59.731092 173.200075
sb58 92.675708 232.784986 138.675708 266.784986
sb59 45.445793 231.000000 95.445793 268.000000
sb60 155.193649 245.000000 195.193649 268.000000
sb61 174.788471 74.827905 207.788471 97.827905
sb62 203.091753 3.878660 263.091753 22.878660
sb63 175.849553 180.860399 211.849553 225.860399
sb64 115.720988 95.819120 165.720988 142.819120
sb65 0.000000 155.104334 57.000000 211.104334
sb66 99.706554 0.000000 166.706554 61.000000
sb67 114.836695 78.590130 158.836695 118.590130
sb68 205.524950 25.709705 257.524950 88.709705
sb69 0.000000 28.988635 54.000000 55.988635
sb70 118.181248 73.540161 160.181248 115.540161
sb71 92.378265 190.492181 156.378265 212.492181
sb72 31.545901 152.568617 92.545901 213.568617
sb73 207.000000 0.000000 268.000000 67.000000
sb74 23.665769 115.218880 61.665769 157.218880
sb75 130.059554 0.000000 149.059554 28.000000
sb76 191.336016 120.267024 213.336016 153.267024
sb77 193.431519 211.000000 259.431519 268.000000
sb78 188.382304 179.844547 224.382304 211.844547
sb79 0.000000 80.380982 60.000000 121.380982
sb80 200.554311 99.250059 216.554311 157.250059
sb81 103.901514 178.050980 143.901514 228.050980
sb82 32.024476 93.459480 79.024476 150.459480
sb83 69.852802 159.376760 91.852802 175.376760
sb84 150.237396 124.244493 217.237396 146.244493
sb85 172.384564 86.356489 192.384564 111.356489
sb86 102.390014 117.491208 158.390014 154.491208
sb87 61.466178 118.017955 100.466178 162.017955
sb88 0.000000 52.688302 37.000000 76.688302
sb89 60.323367 53.120315 98.323367 80.120315
sb90 137.676172 235.000000 176.676172 268.000000
sb91 22.222536 46.311775 78.222536 79.311775
sb92 0.000000 50.747381 26.000000 66.747381
sb93 47.775585 229.359423 112.775585 264.359423
sb94 166.638140 0.000000 207.638140 59.000000
sb95 40.595498 212.914156 91.595498 231.914156
sb96 85.369726 109.574044 125.369726 175.574044
sb97 185.335631 0.000000 202.335631 67.000000
sb98 164.522677 184.497235 186.522677 246.497235
sb99 219.000000 202.000000 268.000000 268.000000

[Iter 4650]
sb0 146.334426 44.698779 189.334426 77.698779
sb1 144.179913 0.000000 209.179913 37.000000
sb2 51.454198 198.912339 104.454198 232.912339
sb3 0.000000 123.363466 37.000000 190.363466
sb4 0.000000 205.484352 29.000000 224.484352
sb5 74.681803 61.162392 113.681803 110.162392
sb6 228.000000 186.925212 268.000000 204.925212
sb7 206.284536 93.396629 228.284536 133.396629
sb8 141.314299 206.000000 191.314299 268.000000
sb9 229.049661 105.311130 245.049661 146.311130
sb10 66.032899 3.950903 84.032899 55.950903
sb11 61.981315 137.606747 100.981315 196.606747
sb12 105.527094 63.866275 166.527094 91.866275
sb13 207.106637 143.343927 255.106637 200.343927
sb14 205.000000 14.225071 268.000000 57.225071
sb15 209.000000 134.350388 268.000000 186.350388
sb16 160.925552 93.535180 196.925552 150.535180
sb17 113.100219 202.000000 157.100219 268.000000
sb18 53.241853 0.000000 101.241853 51.000000
sb19 133.019721 154.576140 164.019721 204.576140
sb20 100.925989 171.937631 137.925989 190.937631
sb21 36.877820 174.894410 100.877820 224.894410
sb22 102.551270 143.065923 151.551270 177.065923
sb23 248.000000 126.666034 268.000000 175.666034
sb24 164.122880 151.672563 209.122880 179.672563
sb25 214.000000 90.561341 268.000000 129.561341
sb26 125.879365 0.000000 180.879365 40.000000
sb27 243.000000 71.091409 268.000000 136.091409
sb28 178.216035 222.000000 217.216035 268.000000
sb29 167.080206 96.211870 191.080206 158.211870
sb30 121.916415 42.361195 145.916415 68.361195
sb31 91.002908 81.243145 117.002908 115.243145
sb32 194.594850 201.454860 237.594850 254.454860
sb33 159.405299 92.392443 181.405299 127.392443
sb34 61.167184 64.795540 88.167184 118.795540
sb35 3.890131 190.971383 34.890131 228.971383
sb36 91.302985 0.000000 130.302985 67.000000
sb37 129.530835 116.331409 149.530835 176.331409
sb38 217.345591 134.262126 240.345591 191.262126
sb39 63.001514 82.532333 115.001514 137.532333
sb40 5.436327 125.656249 31.436327 154.656249
sb41 100.659637 153.840845 127.659637 208.840845
sb42 0.000000 63.152948 62.000000 116.152948
sb43 0.000000 222.000000 61.000000 268.000000
sb44 132.422093 36.946506 197.422093 83.946506
sb45 242.825435 170.013720 265.825435 214.013720
sb46 0.000000 161.569099 39.000000 183.569099
sb47 163.667823 62.628375 228.667823 95.628375
sb48 0.000000 0.000000 57.000000 27.000000
sb49 194.069563 63.797765 241.069563 128.797765
sb50 143.514210 149.679516 210.514210 181.679516
sb51 98.618172 211.000000 136.618172 268.000000
sb52 149.597485 158.653397 203.597485 203.653397
sb53 32.128961 47.156245 75.128961 68.156245
sb54 151.898126 180.292667 169.898126 241.292667
sb55 86.727481 20.661753 120.727481 76.661753
sb56 0.000000 103.669847 17.000000 166.669847
sb57 41.733384 126.193557 59.733384 173.193557
sb58 92.747466 232.816711 138.747466 266.816711
sb59 45.405973 231.000000 95.405973 268.000000
sb60 155.185684 245.000000 195.185684 268.000000
sb61 174.855531 74.825410 207.855531 97.825410
sb62 203.119514 3.845314 263.119514 22.845314
sb63 175.862602 180.858456 211.862602 225.858456
sb64 115.732852 95.834447 165.732852 142.834447
sb65 0.000000 155.103964 57.000000 211.103964
sb66 99.704061 0.000000 166.704061 61.000000
sb67 114.858614 78.598203 158.858614 118.598203
sb68 205.568514 25.685047 257.568514 88.685047
sb69 0.000000 28.988281 54.000000 55.988281
sb70 118.188887 73.527338 160.188887 115.527338
sb71 92.376128 190.491500 156.376128 212.491500
sb72 31.547752 152.560518 92.547752 213.560518
sb73 207.000000 0.000000 268.000000 67.000000
sb74 23.685993 115.231526 61.685993 157.231526
sb75 130.072671 0.000000 149.072671 28.000000
sb76 191.369953 120.275124 213.369953 153.275124
sb77 193.444113 211.000000 259.444113 268.000000
sb78 188.401650 179.832120 224.401650 211.832120
sb79 0.000000 80.377948 60.000000 121.377948
sb80 200.568510 99.305927 216.568510 157.305927
sb81 103.936214 178.102940 143.936214 228.102940
sb82 31.977457 93.498849 78.977457 150.498849
sb83 69.852781 159.373753 91.852781 175.373753
sb84 150.220482 124.249356 217.220482 146.249356
sb85 172.373066 86.361658 192.373066 111.361658
sb86 102.401901 117.497040 158.401901 154.497040
sb87 61.471218 118.011514 100.471218 162.011514
sb88 0.000000 52.683827 37.000000 76.683827
sb89 60.329697 53.126870 98.329697 80.126870
sb90 137.641145 235.000000 176.641145 268.000000
sb91 22.189684 46.313419 78.189684 79.313419
sb92 0.000000 50.765682 26.000000 66.765682
sb93 47.762031 229.370669 112.762031 264.370669
sb94 166.635474 0.000000 207.635474 59.000000
sb95 40.520332 212.911738 91.520332 231.911738
sb96 85.344190 109.616886 125.344190 175.616886
sb97 185.372578 0.000000 202.372578 67.000000
sb98 164.535323 184.486608 186.535323 246.486608
sb99 219.000000 202.000000 268.000000 268.000000

[Iter 4700]
sb0 146.374902 44.694041 189.374902 77.694041
sb1 144.165821 0.000000 209.165821 37.000000
sb2 51.483465 198.931545 104.483465 232.931545
sb3 0.000000 123.361724 37.000000 190.361724
sb4 0.000000 205.460899 29.000000 224.460899
sb5 74.681241 61.189532 113.681241 110.189532
sb6 228.000000 186.915608 268.000000 204.915608
sb7 206.335706 93.389696 228.335706 133.389696
sb8 141.411513 206.000000 191.411513 268.000000
sb9 229.109462 105.310880 245.109462 146.310880
sb10 66.033168 3.921356 84.033168 55.921356
sb11 62.010244 137.639046 101.010244 196.639046
sb12 105.528686 63.867464 166.528686 91.867464
sb13 207.156793 143.346696 255.156793 200.346696
sb14 205.000000 14.227980 268.000000 57.227980
sb15 209.000000 134.340091 268.000000 186.340091
sb16 160.930000 93.519701 196.930000 150.519701
sb17 113.094327 202.000000 157.094327 268.000000
sb18 53.239284 0.004362 101.239284 51.004362
sb19 133.019779 154.578030 164.019779 204.578030
sb20 100.944957 171.951452 137.944957 190.951452
sb21 36.862259 174.898445 100.862259 224.898445
sb22 102.580464 143.097338 151.580464 177.097338
sb23 248.000000 126.683834 268.000000 175.683834
sb24 164.129569 151.669433 209.129569 179.669433
sb25 214.000000 90.561687 268.000000 129.561687
sb26 125.878161 0.000000 180.878161 40.000000
sb27 243.000000 71.073595 268.000000 136.073595
sb28 178.201719 222.000000 217.201719 268.000000
sb29 167.123201 96.216595 191.123201 158.216595
sb30 121.935271 42.362416 145.935271 68.362416
sb31 91.004279 81.239052 117.004279 115.239052
sb32 194.691842 201.457778 237.691842 254.457778
sb33 159.405417 92.404700 181.405417 127.404700
sb34 61.167186 64.777043 88.167186 118.777043
sb35 3.867858 190.978811 34.867858 228.978811
sb36 91.286365 0.000000 130.286365 67.000000
sb37 129.518254 116.346786 149.518254 176.346786
sb38 217.377263 134.269078 240.377263 191.269078
sb39 63.021531 82.554241 115.021531 137.554241
sb40 5.397189 125.620511 31.397189 154.620511
sb41 100.648632 153.839091 127.648632 208.839091
sb42 0.000000 63.137102 62.000000 116.137102
sb43 0.000000 222.000000 61.000000 268.000000
sb44 132.413560 36.952758 197.413560 83.952758
sb45 242.904097 170.052273 265.904097 214.052273
sb46 0.000000 161.550768 39.000000 183.550768
sb47 163.666269 62.631280 228.666269 95.631280
sb48 0.000000 0.000000 57.000000 27.000000
sb49 194.055369 63.801490 241.055369 128.801490
sb50 143.521360 149.696233 210.521360 181.696233
sb51 98.576611 211.000000 136.576611 268.000000
sb52 149.646980 158.656561 203.646980 203.656561
sb53 32.119639 47.137333 75.119639 68.137333
sb54 151.892592 180.305909 169.892592 241.305909
sb55 86.730530 20.648160 120.730530 76.648160
sb56 0.000000 103.677085 17.000000 166.677085
sb57 41.730940 126.182419 59.730940 173.182419
sb58 92.847212 232.834353 138.847212 266.834353
sb59 45.369778 231.000000 95.369778 268.000000
sb60 155.182952 245.000000 195.182952 268.000000
sb61 174.918415 74.823277 207.918415 97.823277
sb62 203.156720 3.832876 263.156720 22.832876
sb63 175.868618 180.853020 211.868618 225.853020
sb64 115.762219 95.852390 165.762219 142.852390
sb65 0.000000 155.109119 57.000000 211.109119
sb66 99.702766 0.000000 166.702766 61.000000
sb67 114.859809 78.603988 158.859809 118.603988
sb68 205.617735 25.676673 257.617735 88.676673
sb69 0.000000 28.999508 54.000000 55.999508
sb70 118.193696 73.510916 160.193696 115.510916
sb71 92.374073 190.499653 156.374073 212.499653
sb72 31.541718 152.561359 92.541718 213.561359
sb73 207.000000 0.000000 268.000000 67.000000
sb74 23.718836 115.253019 61.718836 157.253019
sb75 130.056111 0.000000 149.056111 28.000000
sb76 191.424287 120.277360 213.424287 153.277360
sb77 193.449674 211.000000 259.449674 268.000000
sb78 188.419647 179.817952 224.419647 211.817952
sb79 0.000000 80.373116 60.000000 121.373116
sb80 200.576282 99.357718 216.576282 157.357718
sb81 103.990156 178.141361 143.990156 228.141361
sb82 31.947458 93.459299 78.947458 150.459299
sb83 69.849291 159.378804 91.849291 175.378804
sb84 150.206167 124.267342 217.206167 146.267342
sb85 172.350924 86.373068 192.350924 111.373068
sb86 102.409521 117.492105 158.409521 154.492105
sb87 61.477062 118.004178 100.477062 162.004178
sb88 0.000000 52.677776 37.000000 76.677776
sb89 60.329799 53.142989 98.329799 80.142989
sb90 137.604741 235.000000 176.604741 268.000000
sb91 22.191113 46.307167 78.191113 79.307167
sb92 0.000000 50.742860 26.000000 66.742860
sb93 47.745936 229.377989 112.745936 264.377989
sb94 166.633836 0.000000 207.633836 59.000000
sb95 40.442146 212.912641 91.442146 231.912641
sb96 85.361778 109.617548 125.361778 175.617548
sb97 185.414832 0.000000 202.414832 67.000000
sb98 164.544403 184.491336 186.544403 246.491336
sb99 219.000000 202.000000 268.000000 268.000000

[Iter 4750]
sb0 146.428962 44.684897 189.428962 77.684897
sb1 144.173541 0.000000 209.173541 37.000000
sb2 51.518047 198.979404 104.518047 232.979404
sb3 0.000000 123.359660 37.000000 190.359660
sb4 0.000000 205.463941 29.000000 224.463941
sb5 74.649133 61.181165 113.649133 110.181165
sb6 228.000000 186.909435 268.000000 204.909435
sb7 206.393119 93.370497 228.393119 133.370497
sb8 141.524100 206.000000 191.524100 268.000000
sb9 229.170674 105.311694 245.170674 146.311694
sb10 66.027617 3.890741 84.027617 55.890741
sb11 62.029471 137.705071 101.029471 196.705071
sb12 105.509269 63.880216 166.509269 91.880216
sb13 207.200894 143.346097 255.200894 200.346097
sb14 205.000000 14.233893 268.000000 57.233893
sb15 209.000000 134.334525 268.000000 186.334525
sb16 160.935077 93.505821 196.935077 150.505821
sb17 113.086741 202.000000 157.086741 268.000000
sb18 53.234643 0.040793 101.234643 51.040793
sb19 133.017534 154.570631 164.017534 204.570631
sb20 100.944077 171.961271 137.944077 190.961271
sb21 36.849786 174.901443 100.849786 224.901443
sb22 102.604960 143.140652 151.604960 177.140652
sb23 248.000000 126.701092 268.000000 175.701092
sb24 164.135982 151.668196 209.135982 179.668196
sb25 214.000000 90.560732 268.000000 129.560732
sb26 125.878427 0.000000 180.878427 40.000000
sb27 243.000000 71.070743 268.000000 136.070743
sb28 178.183064 222.000000 217.183064 268.000000
sb29 167.167933 96.224072 191.167933 158.224072
sb30 121.953997 42.351844 145.953997 68.351844
sb31 90.993322 81.224207 116.993322 115.224207
sb32 194.804961 201.458937 237.804961 254.458937
sb33 159.409492 92.408113 181.409492 127.408113
sb34 61.171105 64.757779 88.171105 118.757779
sb35 3.849527 190.983677 34.849527 228.983677
sb36 91.283417 0.000000 130.283417 67.000000
sb37 129.516913 116.342189 149.516913 176.342189
sb38 217.407596 134.255236 240.407596 191.255236
sb39 63.031320 82.611166 115.031320 137.611166
sb40 5.362586 125.613962 31.362586 154.613962
sb41 100.647145 153.827465 127.647145 208.827465
sb42 0.000000 63.186788 62.000000 116.186788
sb43 0.000000 222.000000 61.000000 268.000000
sb44 132.412419 36.950429 197.412419 83.950429
sb45 242.982989 170.091063 265.982989 214.091063
sb46 0.000000 161.532311 39.000000 183.532311
sb47 163.644915 62.633841 228.644915 95.633841
sb48 0.000000 0.000000 57.000000 27.000000
sb49 194.055022 63.794545 241.055022 128.794545
sb50 143.515079 149.691259 210.515079 181.691259
sb51 98.535001 211.000000 136.535001 268.000000
sb52 149.695284 158.657915 203.695284 203.657915
sb53 32.122795 47.117901 75.122795 68.117901
sb54 151.898260 180.305787 169.898260 241.305787
sb55 86.729187 20.622417 120.729187 76.622417
sb56 0.000000 103.676123 17.000000 166.676123
sb57 41.734152 126.171220 59.734152 173.171220
sb58 92.960392 232.872730 138.960392 266.872730
sb59 45.332426 231.000000 95.332426 268.000000
sb60 155.194995 245.000000 195.194995 268.000000
sb61 174.983466 74.822864 207.983466 97.822864
sb62 203.198842 3.817345 263.198842 22.817345
sb63 175.900424 180.874834 211.900424 225.874834
sb64 115.790716 95.870684 165.790716 142.870684
sb65 0.000000 155.117338 57.000000 211.117338
sb66 99.698072 0.000000 166.698072 61.000000
sb67 114.878070 78.593157 158.878070 118.593157
sb68 205.674112 25.667886 257.674112 88.667886
sb69 0.000000 28.970845 54.000000 55.970845
sb70 118.201144 73.476387 160.201144 115.476387
sb71 92.378949 190.498049 156.378949 212.498049
sb72 31.538136 152.543761 92.538136 213.543761
sb73 207.000000 0.000000 268.000000 67.000000
sb74 23.740590 115.223197 61.740590 157.223197
sb75 130.059761 0.000000 149.059761 28.000000
sb76 191.482209 120.263864 213.482209 153.263864
sb77 193.461295 211.000000 259.461295 268.000000
sb78 188.431962 179.807073 224.431962 211.807073
sb79 0.000000 80.366991 60.000000 121.366991
sb80 200.584030 99.411239 216.584030 157.411239
sb81 104.048441 178.196746 144.048441 228.196746
sb82 31.896961 93.480012 78.896961 150.480012
sb83 69.864514 159.375367 91.864514 175.375367
sb84 150.206947 124.259755 217.206947 146.259755
sb85 172.363402 86.368132 192.363402 111.368132
sb86 102.416076 117.470780 158.416076 154.470780
sb87 61.479019 117.996858 100.479019 161.996858
sb88 0.000000 52.670427 37.000000 76.670427
sb89 60.339066 53.189301 98.339066 80.189301
sb90 137.566966 235.000000 176.566966 268.000000
sb91 22.163110 46.312215 78.163110 79.312215
sb92 0.000000 50.737295 26.000000 66.737295
sb93 47.727922 229.388684 112.727922 264.388684
sb94 166.630843 0.000000 207.630843 59.000000
sb95 40.371266 212.904315 91.371266 231.904315
sb96 85.359741 109.605347 125.359741 175.605347
sb97 185.465190 0.000000 202.465190 67.000000
sb98 164.548607 184.493673 186.548607 246.493673
sb99 219.000000 202.000000 268.000000 268.000000

[Iter 4800]
sb0 146.494969 44.675784 189.494969 77.675784
sb1 144.163091 0.000000 209.163091 37.000000
sb2 51.567071 199.058309 104.567071 233.058309
sb3 0.000000 123.361633 37.000000 190.361633
sb4 0.000000 205.487401 29.000000 224.487401
sb5 74.610499 61.189928 113.610499 110.189928
sb6 228.000000 186.900138 268.000000 204.900138
sb7 206.459183 93.333248 228.459183 133.333248
sb8 141.646031 206.000000 191.646031 268.000000
sb9 229.239673 105.309184 245.239673 146.309184
sb10 66.021428 3.864478 84.021428 55.864478
sb11 62.036927 137.812730 101.036927 196.812730
sb12 105.451148 63.881238 166.451148 91.881238
sb13 207.250829 143.338620 255.250829 200.338620
sb14 205.000000 14.244981 268.000000 57.244981
sb15 209.000000 134.325504 268.000000 186.325504
sb16 160.940492 93.507741 196.940492 150.507741
sb17 113.075454 202.000000 157.075454 268.000000
sb18 53.230743 0.112319 101.230743 51.112319
sb19 133.008917 154.556897 164.008917 204.556897
sb20 100.935008 171.936311 137.935008 190.936311
sb21 36.842281 174.905365 100.842281 224.905365
sb22 102.621938 143.182994 151.621938 177.182994
sb23 248.000000 126.717619 268.000000 175.717619
sb24 164.132254 151.674779 209.132254 179.674779
sb25 214.000000 90.560372 268.000000 129.560372
sb26 125.879336 0.000000 180.879336 40.000000
sb27 243.000000 71.052695 268.000000 136.052695
sb28 178.160566 222.000000 217.160566 268.000000
sb29 167.218097 96.236351 191.218097 158.236351
sb30 121.976505 42.335116 145.976505 68.335116
sb31 90.994058 81.200109 116.994058 115.200109
sb32 194.927928 201.456102 237.927928 254.456102
sb33 159.393840 92.400565 181.393840 127.400565
sb34 61.173616 64.742398 88.173616 118.742398
sb35 3.834954 190.990714 34.834954 228.990714
sb36 91.276173 0.000000 130.276173 67.000000
sb37 129.524555 116.343894 149.524555 176.343894
sb38 217.438745 134.249085 240.438745 191.249085
sb39 63.050187 82.711615 115.050187 137.711615
sb40 5.296355 125.624671 31.296355 154.624671
sb41 100.644412 153.805144 127.644412 208.805144
sb42 0.000000 63.192006 62.000000 116.192006
sb43 0.000000 222.000000 61.000000 268.000000
sb44 132.405761 36.951059 197.405761 83.951059
sb45 243.054706 170.128533 266.054706 214.128533
sb46 0.000000 161.472678 39.000000 183.472678
sb47 163.584752 62.636412 228.584752 95.636412
sb48 0.000000 0.000000 57.000000 27.000000
sb49 194.053337 63.801588 241.053337 128.801588
sb50 143.533947 149.694761 210.533947 181.694761
sb51 98.503152 211.000000 136.503152 268.000000
sb52 149.750526 158.658007 203.750526 203.658007
sb53 32.128462 47.103458 75.128462 68.103458
sb54 151.892567 180.271499 169.892567 241.271499
sb55 86.730311 20.588371 120.730311 76.588371
sb56 0.000000 103.685145 17.000000 166.685145
sb57 41.735225 126.165208 59.735225 173.165208
sb58 93.087228 232.917412 139.087228 266.917412
sb59 45.297748 231.000000 95.297748 268.000000
sb60 155.186525 245.000000 195.186525 268.000000
sb61 175.049184 74.830692 208.049184 97.830692
sb62 203.247274 3.802276 263.247274 22.802276
sb63 175.908768 180.866283 211.908768 225.866283
sb64 115.816703 95.887061 165.816703 142.887061
sb65 0.000000 155.115789 57.000000 211.115789
sb66 99.693499 0.000000 166.693499 61.000000
sb67 114.836653 78.581456 158.836653 118.581456
sb68 205.735785 25.659925 257.735785 88.659925
sb69 0.000000 28.980959 54.000000 55.980959
sb70 118.210571 73.430759 160.210571 115.430759
sb71 92.374067 190.503678 156.374067 212.503678
sb72 31.555729 152.539867 92.555729 213.539867
sb73 207.000000 0.000000 268.000000 67.000000
sb74 23.758126 115.237949 61.758126 157.237949
sb75 130.059650 0.000000 149.059650 28.000000
sb76 191.551377 120.240461 213.551377 153.240461
sb77 193.463977 211.000000 259.463977 268.000000
sb78 188.439372 179.798493 224.439372 211.798493
sb79 0.000000 80.364928 60.000000 121.364928
sb80 200.591494 99.463576 216.591494 157.463576
sb81 104.118558 178.244638 144.118558 228.244638
sb82 31.869867 93.489522 78.869867 150.489522
sb83 69.859408 159.380522 91.859408 175.380522
sb84 150.183744 124.260610 217.183744 146.260610
sb85 172.355608 86.386545 192.355608 111.386545
sb86 102.421660 117.436619 158.421660 154.436619
sb87 61.482658 117.989863 100.482658 161.989863
sb88 0.000000 52.666249 37.000000 76.666249
sb89 60.350865 53.273602 98.350865 80.273602
sb90 137.540464 235.000000 176.540464 268.000000
sb91 22.118694 46.308099 78.118694 79.308099
sb92 0.000000 50.747827 26.000000 66.747827
sb93 47.704397 229.399776 112.704397 264.399776
sb94 166.627907 0.000000 207.627907 59.000000
sb95 40.311387 212.900762 91.311387 231.900762
sb96 85.368819 109.598104 125.368819 175.598104
sb97 185.521865 0.000000 202.521865 67.000000
sb98 164.543868 184.493647 186.543868 246.493647
sb99 219.000000 202.000000 268.000000 268.000000

[Iter 4850]
sb0 146.575118 44.668673 189.575118 77.668673
sb1 144.142242 0.000000 209.142242 37.000000
sb2 51.625750 199.160404 104.625750 233.160404
sb3 0.000000 123.364400 37.000000 190.364400
sb4 0.000000 205.458092 29.000000 224.458092
sb5 74.615573 61.193378 113.615573 110.193378
sb6 228.000000 186.889641 268.000000 204.889641
sb7 206.533948 93.281234 228.533948 133.281234
sb8 141.782061 206.000000 191.782061 268.000000
sb9 229.318052 105.307127 245.318052 146.307127
sb10 66.018926 3.844630 84.018926 55.844630
sb11 62.041933 137.948879 101.041933 196.948879
sb12 105.357468 63.882148 166.357468 91.882148
sb13 207.303373 143.327008 255.303373 200.327008
sb14 205.000000 14.263958 268.000000 57.263958
sb15 209.000000 134.315808 268.000000 186.315808
sb16 160.944545 93.503219 196.944545 150.503219
sb17 113.062278 202.000000 157.062278 268.000000
sb18 53.222820 0.203656 101.222820 51.203656
sb19 133.001761 154.538338 164.001761 204.538338
sb20 100.944194 171.952180 137.944194 190.952180
sb21 36.835237 174.909902 100.835237 224.909902
sb22 102.634341 143.232940 151.634341 177.232940
sb23 248.000000 126.735375 268.000000 175.735375
sb24 164.132283 151.680095 209.132283 179.680095
sb25 214.000000 90.559784 268.000000 129.559784
sb26 125.881249 0.000000 180.881249 40.000000
sb27 243.000000 71.033625 268.000000 136.033625
sb28 178.142980 222.000000 217.142980 268.000000
sb29 167.275861 96.252991 191.275861 158.252991
sb30 122.008778 42.315536 146.008778 68.315536
sb31 90.998402 81.173489 116.998402 115.173489
sb32 195.062040 201.448228 238.062040 254.448228
sb33 159.377827 92.397814 181.377827 127.397814
sb34 61.176338 64.724955 88.176338 118.724955
sb35 3.820018 190.999807 34.820018 228.999807
sb36 91.272947 0.000000 130.272947 67.000000
sb37 129.512143 116.341709 149.512143 176.341709
sb38 217.467497 134.257910 240.467497 191.257910
sb39 63.055005 82.840764 115.055005 137.840764
sb40 5.265834 125.623658 31.265834 154.623658
sb41 100.640307 153.779191 127.640307 208.779191
sb42 0.000000 63.068959 62.000000 116.068959
sb43 0.000000 222.000000 61.000000 268.000000
sb44 132.405213 36.947668 197.405213 83.947668
sb45 243.124684 170.166333 266.124684 214.166333
sb46 0.000000 161.447564 39.000000 183.447564
sb47 163.482038 62.639877 228.482038 95.639877
sb48 0.000000 0.000000 57.000000 27.000000
sb49 194.049912 63.807102 241.049912 128.807102
sb50 143.522943 149.702990 210.522943 181.702990
sb51 98.463551 211.000000 136.463551 268.000000
sb52 149.807378 158.657345 203.807378 203.657345
sb53 32.124904 47.090140 75.124904 68.090140
sb54 151.890928 180.270603 169.890928 241.270603
sb55 86.733370 20.554314 120.733370 76.554314
sb56 0.000000 103.695413 17.000000 166.695413
sb57 41.734368 126.162120 59.734368 173.162120
sb58 93.233605 232.973653 139.233605 266.973653
sb59 45.265106 231.000000 95.265106 268.000000
sb60 155.196102 245.000000 195.196102 268.000000
sb61 175.122521 74.839174 208.122521 97.839174
sb62 203.303036 3.785606 263.303036 22.785606
sb63 175.925138 180.856125 211.925138 225.856125
sb64 115.851583 95.907798 165.851583 142.907798
sb65 0.000000 155.125634 57.000000 211.125634
sb66 99.686620 0.000000 166.686620 61.000000
sb67 114.875033 78.586384 158.875033 118.586384
sb68 205.805635 25.651246 257.805635 88.651246
sb69 0.000000 28.984853 54.000000 55.984853
sb70 118.219258 73.379571 160.219258 115.379571
sb71 92.376314 190.509064 156.376314 212.509064
sb72 31.553367 152.526381 92.553367 213.526381
sb73 207.000000 0.000000 268.000000 67.000000
sb74 23.777561 115.243985 61.777561 157.243985
sb75 130.057648 0.000000 149.057648 28.000000
sb76 191.627905 120.212936 213.627905 153.212936
sb77 193.465985 211.000000 259.465985 268.000000
sb78 188.449230 179.793068 224.449230 211.793068
sb79 0.000000 80.364862 60.000000 121.364862
sb80 200.599006 99.521949 216.599006 157.521949
sb81 104.195703 178.301315 144.195703 228.301315
sb82 31.831655 93.461953 78.831655 150.461953
sb83 69.836113 159.381406 91.836113 175.381406
sb84 150.172004 124.273781 217.172004 146.273781
sb85 172.362784 86.383885 192.362784 111.383885
sb86 102.425894 117.398107 158.425894 154.398107
sb87 61.487437 117.981544 100.487437 161.981544
sb88 0.000000 52.664488 37.000000 76.664488
sb89 60.361519 53.380346 98.361519 80.380346
sb90 137.506757 235.000000 176.506757 268.000000
sb91 22.105084 46.309282 78.105084 79.309282
sb92 0.000000 50.759444 26.000000 66.759444
sb93 47.682065 229.409528 112.682065 264.409528
sb94 166.623464 0.000000 207.623464 59.000000
sb95 40.234012 212.899305 91.234012 231.899305
sb96 85.354529 109.587200 125.354529 175.587200
sb97 185.587749 0.000000 202.587749 67.000000
sb98 164.538979 184.494627 186.538979 246.494627
sb99 219.000000 202.000000 268.000000 268.000000

[Iter 4900]
sb0 146.659673 44.660648 189.659673 77.660648
sb1 144.146697 0.000000 209.146697 37.000000
sb2 51.689669 199.257226 104.689669 233.257226
sb3 0.000000 123.368648 37.000000 190.368648
sb4 0.000000 205.468281 29.000000 224.468281
sb5 74.567535 61.187469 113.567535 110.187469
sb6 228.000000 186.877620 268.000000 204.877620
sb7 206.610260 93.222602 228.610260 133.222602
sb8 141.911440 206.000000 191.911440 268.000000
sb9 229.396548 105.316719 245.396548 146.316719
sb10 66.018036 3.827000 84.018036 55.827000
sb11 62.040883 138.062849 101.040883 197.062849
sb12 105.263493 63.881132 166.263493 91.881132
sb13 207.342005 143.311363 255.342005 200.311363
sb14 205.000000 14.289928 268.000000 57.289928
sb15 209.000000 134.300818 268.000000 186.300818
sb16 160.946029 93.501583 196.946029 150.501583
sb17 113.051628 202.000000 157.051628 268.000000
sb18 53.214463 0.280258 101.214463 51.280258
sb19 132.989376 154.517846 163.989376 204.517846
sb20 100.935147 171.950361 137.935147 190.950361
sb21 36.827444 174.916660 100.827444 224.916660
sb22 102.632332 143.276030 151.632332 177.276030
sb23 248.000000 126.734913 268.000000 175.734913
sb24 164.128379 151.687054 209.128379 179.687054
sb25 214.000000 90.547684 268.000000 129.547684
sb26 125.879183 0.000000 180.879183 40.000000
sb27 243.000000 71.012758 268.000000 136.012758
sb28 178.126337 222.000000 217.126337 268.000000
sb29 167.326095 96.275736 191.326095 158.275736
sb30 122.043894 42.294304 146.043894 68.294304
sb31 91.002349 81.145753 117.002349 115.145753
sb32 195.187151 201.438687 238.187151 254.438687
sb33 159.396117 92.399691 181.396117 127.399691
sb34 61.180933 64.712047 88.180933 118.712047
sb35 3.808587 191.009114 34.808587 229.009114
sb36 91.261564 0.000000 130.261564 67.000000
sb37 129.468890 116.369680 149.468890 176.369680
sb38 217.483547 134.253825 240.483547 191.253825
sb39 63.059378 82.928947 115.059378 137.928947
sb40 5.182938 125.596424 31.182938 154.596424
sb41 100.640293 153.751154 127.640293 208.751154
sb42 0.000000 63.140216 62.000000 116.140216
sb43 0.000000 222.000000 61.000000 268.000000
sb44 132.398688 36.955399 197.398688 83.955399
sb45 243.125628 170.185972 266.125628 214.185972
sb46 0.000000 161.395214 39.000000 183.395214
sb47 163.366682 62.647601 228.366682 95.647601
sb48 0.000000 0.000000 57.000000 27.000000
sb49 194.044134 63.816913 241.044134 128.816913
sb50 143.519793 149.706948 210.519793 181.706948
sb51 98.423793 211.000000 136.423793 268.000000
sb52 149.850595 158.656058 203.850595 203.656058
sb53 32.128973 47.077074 75.128973 68.077074
sb54 151.890449 180.281889 169.890449 241.281889
sb55 86.737453 20.520904 120.737453 76.520904
sb56 0.000000 103.704075 17.000000 166.704075
sb57 41.737184 126.160375 59.737184 173.160375
sb58 93.380290 233.035013 139.380290 267.035013
sb59 45.227529 231.000000 95.227529 268.000000
sb60 155.197798 245.000000 195.197798 268.000000
sb61 175.198173 74.847378 208.198173 97.847378
sb62 203.361118 3.758549 263.361118 22.758549
sb63 175.943097 180.870575 211.943097 225.870575
sb64 115.875151 95.926610 165.875151 142.926610
sb65 0.000000 155.144882 57.000000 211.144882
sb66 99.679667 0.000000 166.679667 61.000000
sb67 114.858509 78.599723 158.858509 118.599723
sb68 205.880877 25.632451 257.880877 88.632451
sb69 0.000000 28.968606 54.000000 55.968606
sb70 118.229152 73.322623 160.229152 115.322623
sb71 92.376364 190.505780 156.376364 212.505780
sb72 31.542802 152.557585 92.542802 213.557585
sb73 207.000000 0.000000 268.000000 67.000000
sb74 23.786609 115.235750 61.786609 157.235750
sb75 130.063510 0.000000 149.063510 28.000000
sb76 191.699569 120.169099 213.699569 153.169099
sb77 193.472028 211.000000 259.472028 268.000000
sb78 188.451811 179.791287 224.451811 211.791287
sb79 0.000000 80.364614 60.000000 121.364614
sb80 200.602842 99.566358 216.602842 157.566358
sb81 104.271568 178.355349 144.271568 228.355349
sb82 31.779835 93.489495 78.779835 150.489495
sb83 69.866993 159.376125 91.866993 175.376125
sb84 150.118310 124.276971 217.118310 146.276971
sb85 172.382153 86.397690 192.382153 111.397690
sb86 102.429261 117.356116 158.429261 154.356116
sb87 61.485200 117.976965 100.485200 161.976965
sb88 0.000000 52.662974 37.000000 76.662974
sb89 60.375161 53.462165 98.375161 80.462165
sb90 137.466389 235.000000 176.466389 268.000000
sb91 22.057215 46.311211 78.057215 79.311211
sb92 0.000000 50.739230 26.000000 66.739230
sb93 47.661742 229.424674 112.661742 264.424674
sb94 166.622147 0.000000 207.622147 59.000000
sb95 40.166554 212.920997 91.166554 231.920997
sb96 85.299587 109.558873 125.299587 175.558873
sb97 185.659387 0.000000 202.659387 67.000000
sb98 164.529943 184.498808 186.529943 246.498808
sb99 219.000000 202.000000 268.000000 268.000000

[Iter 4950]
sb0 146.742326 44.648006 189.742326 77.648006
sb1 144.160562 0.000000 209.160562 37.000000
sb2 51.715073 199.260433 104.715073 233.260433
sb3 0.000000 123.370677 37.000000 190.370677
sb4 0.000000 205.451612 29.000000 224.451612
sb5 74.514257 61.171326 113.514257 110.171326
sb6 228.000000 186.848300 268.000000 204.848300
sb7 206.691202 93.201326 228.691202 133.201326
sb8 142.020814 206.000000 192.020814 268.000000
sb9 229.481205 105.308723 245.481205 146.308723
sb10 66.005413 3.800389 84.005413 55.800389
sb11 62.065787 138.073672 101.065787 197.073672
sb12 105.251056 63.882366 166.251056 91.882366
sb13 207.387947 143.305997 255.387947 200.305997
sb14 205.000000 14.310780 268.000000 57.310780
sb15 209.000000 134.262266 268.000000 186.262266
sb16 160.948092 93.501855 196.948092 150.501855
sb17 113.032644 202.000000 157.032644 268.000000
sb18 53.220762 0.256455 101.220762 51.256455
sb19 132.975661 154.490898 163.975661 204.490898
sb20 100.937930 171.942726 137.937930 190.942726
sb21 36.818037 174.923446 100.818037 224.923446
sb22 102.660269 143.306177 151.660269 177.306177
sb23 248.000000 126.718977 268.000000 175.718977
sb24 164.135828 151.688381 209.135828 179.688381
sb25 214.000000 90.526164 268.000000 129.526164
sb26 125.893007 0.000000 180.893007 40.000000
sb27 243.000000 70.955748 268.000000 135.955748
sb28 178.104393 222.000000 217.104393 268.000000
sb29 167.372415 96.293500 191.372415 158.293500
sb30 122.066824 42.264812 146.066824 68.264812
sb31 91.002313 81.106545 117.002313 115.106545
sb32 195.298625 201.438619 238.298625 254.438619
sb33 159.396654 92.395379 181.396654 127.395379
sb34 61.186475 64.696315 88.186475 118.696315
sb35 3.789298 191.020072 34.789298 229.020072
sb36 91.256410 0.000000 130.256410 67.000000
sb37 129.380566 116.420467 149.380566 176.420467
sb38 217.494231 134.261592 240.494231 191.261592
sb39 63.066050 82.929135 115.066050 137.929135
sb40 5.059477 125.512013 31.059477 154.512013
sb41 100.636782 153.717544 127.636782 208.717544
sb42 0.000000 63.089895 62.000000 116.089895
sb43 0.000000 222.000000 61.000000 268.000000
sb44 132.383797 36.958054 197.383797 83.958054
sb45 243.126129 170.195099 266.126129 214.195099
sb46 0.000000 161.256948 39.000000 183.256948
sb47 163.344661 62.658840 228.344661 95.658840
sb48 0.000000 0.000000 57.000000 27.000000
sb49 194.034922 63.843247 241.034922 128.843247
sb50 143.514037 149.710678 210.514037 181.710678
sb51 98.379339 211.000000 136.379339 268.000000
sb52 149.901001 158.658873 203.901001 203.658873
sb53 32.127379 47.065537 75.127379 68.065537
sb54 151.890630 180.260242 169.890630 241.260242
sb55 86.733877 20.471012 120.733877 76.471012
sb56 0.000000 103.707376 17.000000 166.707376
sb57 41.738903 126.162499 59.738903 173.162499
sb58 93.484027 233.041482 139.484027 267.041482
sb59 45.184585 231.000000 95.184585 268.000000
sb60 155.190267 245.000000 195.190267 268.000000
sb61 175.272858 74.850090 208.272858 97.850090
sb62 203.420131 3.713366 263.420131 22.713366
sb63 175.968041 180.865883 211.968041 225.865883
sb64 115.899270 95.941285 165.899270 142.941285
sb65 0.000000 155.141600 57.000000 211.141600
sb66 99.685040 0.000000 166.685040 61.000000
sb67 114.850676 78.635103 158.850676 118.635103
sb68 205.959113 25.601947 257.959113 88.601947
sb69 0.000000 28.989502 54.000000 55.989502
sb70 118.239071 73.256331 160.239071 115.256331
sb71 92.371593 190.514245 156.371593 212.514245
sb72 31.514230 152.576004 92.514230 213.576004
sb73 207.000000 0.000000 268.000000 67.000000
sb74 23.811611 115.271215 61.811611 157.271215
sb75 130.065169 0.000000 149.065169 28.000000
sb76 191.763566 120.136256 213.763566 153.136256
sb77 193.471258 211.000000 259.471258 268.000000
sb78 188.443596 179.790811 224.443596 211.790811
sb79 0.000000 80.362988 60.000000 121.362988
sb80 200.610300 99.599905 216.610300 157.599905
sb81 104.325635 178.396965 144.325635 228.396965
sb82 31.676980 93.477414 78.676980 150.477414
sb83 69.846115 159.374059 91.846115 175.374059
sb84 150.005865 124.300900 217.005865 146.300900
sb85 172.372411 86.422121 192.372411 111.422121
sb86 102.431198 117.304286 158.431198 154.304286
sb87 61.486904 117.968054 100.486904 161.968054
sb88 0.000000 52.658904 37.000000 76.658904
sb89 60.365040 53.447715 98.365040 80.447715
sb90 137.426018 235.000000 176.426018 268.000000
sb91 21.996095 46.308445 77.996095 79.308445
sb92 0.000000 50.756493 26.000000 66.756493
sb93 47.629434 229.440991 112.629434 264.440991
sb94 166.623957 0.000000 207.623957 59.000000
sb95 40.105704 212.931814 91.105704 231.931814
sb96 85.200919 109.516874 125.200919 175.516874
sb97 185.734888 0.000000 202.734888 67.000000
sb98 164.512016 184.492795 186.512016 246.492795
sb99 219.000000 202.000000 268.000000 268.000000

[Iter 5000]
sb0 146.820906 44.632481 189.820906 77.632481
sb1 144.152266 0.000000 209.152266 37.000000
sb2 51.737112 199.266561 104.737112 233.266561
sb3 0.000000 123.372186 37.000000 190.372186
sb4 0.000000 205.468038 29.000000 224.468038
sb5 74.460500 61.158031 113.460500 110.158031
sb6 228.000000 186.849829 268.000000 204.849829
sb7 206.764229 93.191873 228.764229 133.191873
sb8 142.106862 206.000000 192.106862 268.000000
sb9 229.561990 105.310104 245.561990 146.310104
sb10 65.983223 3.764348 83.983223 55.764348
sb11 62.091620 138.087278 101.091620 197.087278
sb12 105.255351 63.889833 166.255351 91.889833
sb13 207.436871 143.312877 255.436871 200.312877
sb14 205.000000 14.322177 268.000000 57.322177
sb15 209.000000 134.281130 268.000000 186.281130
sb16 160.950847 93.500034 196.950847 150.500034
sb17 113.012766 202.000000 157.012766 268.000000
sb18 53.222572 0.244419 101.222572 51.244419
sb19 132.956113 154.461357 163.956113 204.461357
sb20 100.931376 171.942146 137.931376 190.942146
sb21 36.809982 174.928515 100.809982 224.928515
sb22 102.693137 143.326848 151.693137 177.326848
sb23 248.000000 126.699182 268.000000 175.699182
sb24 164.129631 151.692863 209.129631 179.692863
sb25 214.000000 90.501986 268.000000 129.501986
sb26 125.904649 0.000000 180.904649 40.000000
sb27 243.000000 70.953856 268.000000 135.953856
sb28 178.096000 222.000000 217.096000 268.000000
sb29 167.417832 96.302733 191.417832 158.302733
sb30 122.078293 42.233749 146.078293 68.233749
sb31 91.000355 81.057722 117.000355 115.057722
sb32 195.383832 201.444378 238.383832 254.444378
sb33 159.386599 92.389681 181.386599 127.389681
sb34 61.191590 64.678847 88.191590 118.678847
sb35 3.774927 191.028070 34.774927 229.028070
sb36 91.241872 0.000000 130.241872 67.000000
sb37 129.299301 116.481022 149.299301 176.481022
sb38 217.503918 134.261744 240.503918 191.261744
sb39 63.071036 82.931789 115.071036 137.931789
sb40 4.908152 125.312448 30.908152 154.312448
sb41 100.633572 153.678783 127.633572 208.678783
sb42 0.000000 63.177211 62.000000 116.177211
sb43 0.000000 222.000000 61.000000 268.000000
sb44 132.364231 36.960453 197.364231 83.960453
sb45 243.126573 170.202002 266.126573 214.202002
sb46 0.000000 161.007385 39.000000 183.007385
sb47 163.347763 62.667685 228.347763 95.667685
sb48 0.000000 0.000000 57.000000 27.000000
sb49 194.032133 63.857328 241.032133 128.857328
sb50 143.507155 149.711329 210.507155 181.711329
sb51 98.335823 211.000000 136.335823 268.000000
sb52 149.946737 158.661094 203.946737 203.661094
sb53 32.128852 47.056788 75.128852 68.056788
sb54 151.883197 180.281013 169.883197 241.281013
sb55 86.722532 20.409893 120.722532 76.409893
sb56 0.000000 103.699226 17.000000 166.699226
sb57 41.739621 126.161613 59.739621 173.161613
sb58 93.565135 233.049131 139.565135 267.049131
sb59 45.142121 231.000000 95.142121 268.000000
sb60 155.194379 245.000000 195.194379 268.000000
sb61 175.352092 74.853786 208.352092 97.853786
sb62 203.483586 3.666336 263.483586 22.666336
sb63 175.958070 180.863571 211.958070 225.863571
sb64 115.913293 95.948263 165.913293 142.948263
sb65 0.000000 155.144611 57.000000 211.144611
sb66 99.685262 0.000000 166.685262 61.000000
sb67 114.865166 78.667842 158.865166 118.667842
sb68 206.035369 25.569073 258.035369 88.569073
sb69 0.000000 28.955490 54.000000 55.955490
sb70 118.248488 73.185028 160.248488 115.185028
sb71 92.369509 190.513499 156.369509 212.513499
sb72 31.479434 152.602335 92.479434 213.602335
sb73 207.000000 0.000000 268.000000 67.000000
sb74 23.817346 115.246150 61.817346 157.246150
sb75 130.061489 0.000000 149.061489 28.000000
sb76 191.831990 120.127250 213.831990 153.127250
sb77 193.471216 211.000000 259.471216 268.000000
sb78 188.431650 179.791127 224.431650 211.791127
sb79 0.000000 80.360579 60.000000 121.360579
sb80 200.617991 99.633105 216.617991 157.633105
sb81 104.373360 178.431239 144.373360 228.431239
sb82 31.567647 93.468228 78.567647 150.468228
sb83 69.873026 159.377159 91.873026 175.377159
sb84 149.940593 124.298818 216.940593 146.298818
sb85 172.371240 86.389868 192.371240 111.389868
sb86 102.432317 117.245687 158.432317 154.245687
sb87 61.487789 117.957384 100.487789 161.957384
sb88 0.000000 52.654137 37.000000 76.654137
sb89 60.372451 53.441156 98.372451 80.441156
sb90 137.387739 235.000000 176.387739 268.000000
sb91 21.922041 46.311178 77.922041 79.311178
sb92 0.000000 50.745098 26.000000 66.745098
sb93 47.596222 229.454227 112.596222 264.454227
sb94 166.624250 0.000000 207.624250 59.000000
sb95 40.039720 212.943764 91.039720 231.943764
sb96 85.091935 109.475810 125.091935 175.475810
sb97 185.808763 0.000000 202.808763 67.000000
sb98 164.490833 184.502706 186.490833 246.502706
sb99 219.000000 202.000000 268.000000 268.000000

[Iter 5050]
sb0 146.888706 44.619250 189.888706 77.619250
sb1 144.145574 0.000000 209.145574 37.000000
sb2 51.759993 199.272479 104.759993 233.272479
sb3 0.000000 123.374324 37.000000 190.374324
sb4 0.000000 205.469644 29.000000 224.469644
sb5 74.437836 61.157122 113.437836 110.157122
sb6 228.000000 186.843760 268.000000 204.843760
sb7 206.835884 93.184634 228.835884 133.184634
sb8 142.189961 206.000000 192.189961 268.000000
sb9 229.641337 105.314860 245.641337 146.314860
sb10 65.951457 3.720891 83.951457 55.720891
sb11 62.117503 138.098491 101.117503 197.098491
sb12 105.264578 63.877214 166.264578 91.877214
sb13 207.490040 143.320393 255.490040 200.320393
sb14 205.000000 14.331406 268.000000 57.331406
sb15 209.000000 134.262788 268.000000 186.262788
sb16 160.949368 93.498619 196.949368 150.498619
sb17 112.992617 202.000000 156.992617 268.000000
sb18 53.224538 0.232703 101.224538 51.232703
sb19 132.936421 154.428145 163.936421 204.428145
sb20 100.926643 171.935243 137.926643 190.935243
sb21 36.799620 174.935614 100.799620 224.935614
sb22 102.725124 143.346008 151.725124 177.346008
sb23 248.000000 126.678659 268.000000 175.678659
sb24 164.126895 151.696204 209.126895 179.696204
sb25 214.000000 90.477053 268.000000 129.477053
sb26 125.933436 0.000000 180.933436 40.000000
sb27 243.000000 70.932695 268.000000 135.932695
sb28 178.077897 222.000000 217.077897 268.000000
sb29 167.467523 96.312249 191.467523 158.312249
sb30 122.076144 42.191103 146.076144 68.191103
sb31 91.003659 81.002510 117.003659 115.002510
sb32 195.468119 201.453288 238.468119 254.453288
sb33 159.381440 92.377875 181.381440 127.377875
sb34 61.195175 64.661851 88.195175 118.661851
sb35 3.759601 191.035894 34.759601 229.035894
sb36 91.228078 0.000000 130.228078 67.000000
sb37 129.212345 116.538049 149.212345 176.538049
sb38 217.518119 134.260293 240.518119 191.260293
sb39 63.076101 82.930720 115.076101 137.930720
sb40 4.738814 124.889179 30.738814 153.889179
sb41 100.623640 153.640575 127.623640 208.640575
sb42 0.000000 63.175167 62.000000 116.175167
sb43 0.000000 222.000000 61.000000 268.000000
sb44 132.335346 36.971943 197.335346 83.971943
sb45 243.128704 170.209737 266.128704 214.209737
sb46 0.000000 160.585396 39.000000 182.585396
sb47 163.355783 62.675361 228.355783 95.675361
sb48 0.000000 0.000000 57.000000 27.000000
sb49 194.031813 63.855477 241.031813 128.855477
sb50 143.501934 149.676386 210.501934 181.676386
sb51 98.301322 211.000000 136.301322 268.000000
sb52 149.996426 158.664107 203.996426 203.664107
sb53 32.129832 47.048942 75.129832 68.048942
sb54 151.875662 180.276114 169.875662 241.276114
sb55 86.704015 20.340002 120.704015 76.340002
sb56 0.000000 103.705355 17.000000 166.705355
sb57 41.735809 126.157463 59.735809 173.157463
sb58 93.641104 233.057851 139.641104 267.057851
sb59 45.104451 231.000000 95.104451 268.000000
sb60 155.193019 245.000000 195.193019 268.000000
sb61 175.425199 74.855018 208.425199 97.855018
sb62 203.542452 3.618107 263.542452 22.618107
sb63 175.969685 180.870061 211.969685 225.870061
sb64 115.936662 95.954907 165.936662 142.954907
sb65 0.000000 155.144521 57.000000 211.144521
sb66 99.687036 0.000000 166.687036 61.000000
sb67 114.839617 78.706932 158.839617 118.706932
sb68 206.106092 25.535081 258.106092 88.535081
sb69 0.000000 28.949092 54.000000 55.949092
sb70 118.250043 73.111314 160.250043 115.111314
sb71 92.342132 190.513913 156.342132 212.513913
sb72 31.405914 152.616625 92.405914 213.616625
sb73 207.000000 0.000000 268.000000 67.000000
sb74 23.836936 115.248376 61.836936 157.248376
sb75 130.057434 0.000000 149.057434 28.000000
sb76 191.898729 120.118713 213.898729 153.118713
sb77 193.472360 211.000000 259.472360 268.000000
sb78 188.420887 179.792091 224.420887 211.792091
sb79 0.000000 80.358604 60.000000 121.358604
sb80 200.624332 99.660707 216.624332 157.660707
sb81 104.420066 178.460333 144.420066 228.460333
sb82 31.484069 93.412299 78.484069 150.412299
sb83 69.847461 159.380162 91.847461 175.380162
sb84 149.878023 124.284932 216.878023 146.284932
sb85 172.354623 86.404845 192.354623 111.404845
sb86 102.431886 117.186569 158.431886 154.186569
sb87 61.489361 117.947166 100.489361 161.947166
sb88 0.000000 52.649166 37.000000 76.649166
sb89 60.378968 53.435725 98.378968 80.435725
sb90 137.355412 235.000000 176.355412 268.000000
sb91 21.894303 46.307964 77.894303 79.307964
sb92 0.000000 50.744230 26.000000 66.744230
sb93 47.560426 229.468215 112.560426 264.468215
sb94 166.624678 0.000000 207.624678 59.000000
sb95 40.020153 212.947464 91.020153 231.947464
sb96 84.989369 109.474041 124.989369 175.474041
sb97 185.877995 0.000000 202.877995 67.000000
sb98 164.468070 184.494489 186.468070 246.494489
sb99 219.000000 202.000000 268.000000 268.000000

[Iter 5100]
sb0 146.960527 44.602487 189.960527 77.602487
sb1 144.130917 0.000000 209.130917 37.000000
sb2 51.779089 199.279331 104.779089 233.279331
sb3 0.000000 123.375163 37.000000 190.375163
sb4 0.000000 205.477524 29.000000 224.477524
sb5 74.437901 61.161807 113.437901 110.161807
sb6 228.000000 186.836453 268.000000 204.836453
sb7 206.917755 93.171777 228.917755 133.171777
sb8 142.268442 206.000000 192.268442 268.000000
sb9 229.727410 105.312573 245.727410 146.312573
sb10 65.913055 3.670524 83.913055 55.670524
sb11 62.140359 138.107419 101.140359 197.107419
sb12 105.280592 63.877981 166.280592 91.877981
sb13 207.543994 143.328899 255.543994 200.328899
sb14 205.000000 14.340088 268.000000 57.340088
sb15 209.000000 134.264405 268.000000 186.264405
sb16 160.947667 93.497683 196.947667 150.497683
sb17 112.966437 202.000000 156.966437 268.000000
sb18 53.230071 0.225035 101.230071 51.225035
sb19 132.920476 154.390962 163.920476 204.390962
sb20 100.885583 171.945121 137.885583 190.945121
sb21 36.790866 174.938322 100.790866 224.938322
sb22 102.755473 143.361207 151.755473 177.361207
sb23 248.000000 126.659646 268.000000 175.659646
sb24 164.121255 151.698551 209.121255 179.698551
sb25 214.000000 90.449118 268.000000 129.449118
sb26 125.962229 0.000000 180.962229 40.000000
sb27 243.000000 70.913430 268.000000 135.913430
sb28 178.059286 222.000000 217.059286 268.000000
sb29 167.523638 96.322241 191.523638 158.322241
sb30 122.068233 42.147728 146.068233 68.147728
sb31 91.002967 80.941934 117.002967 114.941934
sb32 195.550534 201.463029 238.550534 254.463029
sb33 159.378314 92.374650 181.378314 127.374650
sb34 61.202130 64.642041 88.202130 118.642041
sb35 3.737873 191.045711 34.737873 229.045711
sb36 91.205769 0.000000 130.205769 67.000000
sb37 129.075743 116.619001 149.075743 176.619001
sb38 217.527627 134.253102 240.527627 191.253102
sb39 63.101463 82.936066 115.101463 137.936066
sb40 4.427309 123.957472 30.427309 152.957472
sb41 100.626445 153.599896 127.626445 208.599896
sb42 0.000000 63.103682 62.000000 116.103682
sb43 0.000000 222.000000 61.000000 268.000000
sb44 132.274942 36.990993 197.274942 83.990993
sb45 243.136251 170.217601 266.136251 214.217601
sb46 0.000000 159.639511 39.000000 181.639511
sb47 163.368809 62.683840 228.368809 95.683840
sb48 0.000000 0.000000 57.000000 27.000000
sb49 194.021902 63.872552 241.021902 128.872552
sb50 143.488556 149.660073 210.488556 181.660073
sb51 98.285642 211.000000 136.285642 268.000000
sb52 150.046549 158.667293 204.046549 203.667293
sb53 32.125723 47.042395 75.125723 68.042395
sb54 151.824103 180.239981 169.824103 241.239981
sb55 86.680433 20.260767 120.680433 76.260767
sb56 0.000000 103.703803 17.000000 166.703803
sb57 41.741029 126.161896 59.741029 173.161896
sb58 93.714005 233.062972 139.714005 267.062972
sb59 45.079241 231.000000 95.079241 268.000000
sb60 155.186188 245.000000 195.186188 268.000000
sb61 175.500426 74.855540 208.500426 97.855540
sb62 203.601820 3.566369 263.601820 22.566369
sb63 175.940996 180.860916 211.940996 225.860916
sb64 115.975837 95.958350 165.975837 142.958350
sb65 0.000000 155.138353 57.000000 211.138353
sb66 99.694986 0.000000 166.694986 61.000000
sb67 114.857862 78.801330 158.857862 118.801330
sb68 206.179896 25.497727 258.179896 88.497727
sb69 0.000000 28.985349 54.000000 55.985349
sb70 118.255524 73.031346 160.255524 115.031346
sb71 92.224822 190.519966 156.224822 212.519966
sb72 31.238667 152.645704 92.238667 213.645704
sb73 207.000000 0.000000 268.000000 67.000000
sb74 23.874647 115.287598 61.874647 157.287598
sb75 130.058074 0.000000 149.058074 28.000000
sb76 191.974922 120.108202 213.974922 153.108202
sb77 193.468801 211.000000 259.468801 268.000000
sb78 188.404612 179.790580 224.404612 211.790580
sb79 0.000000 80.354953 60.000000 121.354953
sb80 200.628745 99.687371 216.628745 157.687371
sb81 104.461688 178.483038 144.461688 228.483038
sb82 31.370527 93.280298 78.370527 150.280298
sb83 69.847317 159.374067 91.847317 175.374067
sb84 149.784876 124.285587 216.784876 146.285587
sb85 172.370730 86.403698 192.370730 111.403698
sb86 102.426745 117.120804 158.426745 154.120804
sb87 61.490131 117.933812 100.490131 161.933812
sb88 0.000000 52.640748 37.000000 76.640748
sb89 60.383038 53.436254 98.383038 80.436254
sb90 137.348370 235.000000 176.348370 268.000000
sb91 21.866558 46.311797 77.866558 79.311797
sb92 0.000000 50.742592 26.000000 66.742592
sb93 47.516713 229.481103 112.516713 264.481103
sb94 166.625519 0.000000 207.625519 59.000000
sb95 40.027341 212.957966 91.027341 231.957966
sb96 84.804592 109.497659 124.804592 175.497659
sb97 185.951087 0.000000 202.951087 67.000000
sb98 164.441732 184.497543 186.441732 246.497543
sb99 219.000000 202.000000 268.000000 268.000000

[Iter 5150]
sb0 147.042720 44.574144 190.042720 77.574144
sb1 144.148586 0.000000 209.148586 37.000000
sb2 51.800529 199.292789 104.800529 233.292789
sb3 0.000000 123.375442 37.000000 190.375442
sb4 0.000000 205.449125 29.000000 224.449125
sb5 74.537880 61.161431 113.537880 110.161431
sb6 228.000000 186.828958 268.000000 204.828958
sb7 207.054590 93.153297 229.054590 133.153297
sb8 142.375524 206.000000 192.375524 268.000000
sb9 229.868109 105.312781 245.868109 146.312781
sb10 65.848662 3.585628 83.848662 55.585628
sb11 62.186996 138.128313 101.186996 197.128313
sb12 105.328196 63.890170 166.328196 91.890170
sb13 207.633033 143.349683 255.633033 200.349683
sb14 205.000000 14.343119 268.000000 57.343119
sb15 209.000000 134.260248 268.000000 186.260248
sb16 160.948147 93.498207 196.948147 150.498207
sb17 112.933844 202.000000 156.933844 268.000000
sb18 53.230420 0.216925 101.230420 51.216925
sb19 132.894105 154.348459 163.894105 204.348459
sb20 100.752978 171.936244 137.752978 190.936244
sb21 36.762441 174.954591 100.762441 224.954591
sb22 102.812427 143.407453 151.812427 177.407453
sb23 248.000000 126.636644 268.000000 175.636644
sb24 164.122964 151.701499 209.122964 179.701499
sb25 214.000000 90.405830 268.000000 129.405830
sb26 125.981671 0.000000 180.981671 40.000000
sb27 243.000000 70.883544 268.000000 135.883544
sb28 178.030521 222.000000 217.030521 268.000000
sb29 167.629805 96.335722 191.629805 158.335722
sb30 122.044556 42.111153 146.044556 68.111153
sb31 91.001002 80.864107 117.001002 114.864107
sb32 195.673729 201.484947 238.673729 254.484947
sb33 159.381845 92.384637 181.381845 127.384637
sb34 61.208662 64.612083 88.208662 118.612083
sb35 3.695517 191.063323 34.695517 229.063323
sb36 91.151470 0.000000 130.151470 67.000000
sb37 128.739852 116.911895 148.739852 176.911895
sb38 217.557738 134.263707 240.557738 191.263707
sb39 63.148658 82.930248 115.148658 137.930248
sb40 3.846135 121.758489 29.846135 150.758489
sb41 100.609239 153.560020 127.609239 208.560020
sb42 0.000000 63.095181 62.000000 116.095181
sb43 0.000000 222.000000 61.000000 268.000000
sb44 132.089500 37.031406 197.089500 84.031406
sb45 243.196918 170.237258 266.196918 214.237258
sb46 0.000000 157.299802 39.000000 179.299802
sb47 163.411740 62.692246 228.411740 95.692246
sb48 0.000000 0.000000 57.000000 27.000000
sb49 193.993136 63.910801 240.993136 128.910801
sb50 143.460309 149.626320 210.460309 181.626320
sb51 98.286134 211.000000 136.286134 268.000000
sb52 150.127614 158.673786 204.127614 203.673786
sb53 32.123987 47.031108 75.123987 68.031108
sb54 151.700576 180.142340 169.700576 241.142340
sb55 86.639790 20.152791 120.639790 76.152791
sb56 0.000000 103.705797 17.000000 166.705797
sb57 41.739284 126.172935 59.739284 173.172935
sb58 93.808296 233.094447 139.808296 267.094447
sb59 45.027073 231.000000 95.027073 268.000000
sb60 155.192958 245.000000 195.192958 268.000000
sb61 175.597688 74.851367 208.597688 97.851367
sb62 203.671455 3.485582 263.671455 22.485582
sb63 175.846568 180.858327 211.846568 225.858327
sb64 116.048264 95.984548 166.048264 142.984548
sb65 0.000000 155.136530 57.000000 211.136530
sb66 99.698751 0.000000 166.698751 61.000000
sb67 114.839094 79.098833 158.839094 119.098833
sb68 206.274753 25.440353 258.274753 88.440353
sb69 0.000000 28.982916 54.000000 55.982916
sb70 118.262279 72.939137 160.262279 114.939137
sb71 91.960745 190.550015 155.960745 212.550015
sb72 30.865122 152.709241 91.865122 213.709241
sb73 207.000000 0.000000 268.000000 67.000000
sb74 23.929056 115.285405 61.929056 157.285405
sb75 130.053448 0.000000 149.053448 28.000000
sb76 192.105064 120.094440 214.105064 153.094440
sb77 193.481464 211.000000 259.481464 268.000000
sb78 188.391972 179.787615 224.391972 211.787615
sb79 0.000000 80.349636 60.000000 121.349636
sb80 200.640756 99.727976 216.640756 157.727976
sb81 104.518697 178.545156 144.518697 228.545156
sb82 31.184945 92.887075 78.184945 149.887075
sb83 69.863075 159.374562 91.863075 175.374562
sb84 149.581572 124.262136 216.581572 146.262136
sb85 172.365358 86.391386 192.365358 111.391386
sb86 102.420555 117.047921 158.420555 154.047921
sb87 61.486740 117.915990 100.486740 161.915990
sb88 0.000000 52.628416 37.000000 76.628416
sb89 60.394452 53.444774 98.394452 80.444774
sb90 137.360562 235.000000 176.360562 268.000000
sb91 21.893318 46.309648 77.893318 79.309648
sb92 0.000000 50.743571 26.000000 66.743571
sb93 47.455831 229.511452 112.455831 264.511452
sb94 166.625269 0.000000 207.625269 59.000000
sb95 40.206239 212.975523 91.206239 231.975523
sb96 84.357430 109.540216 124.357430 175.540216
sb97 186.044854 0.000000 203.044854 67.000000
sb98 164.414284 184.500683 186.414284 246.500683
sb99 219.000000 202.000000 268.000000 268.000000

[Iter 5200]
sb0 147.146879 44.538748 190.146879 77.538748
sb1 144.129956 0.000000 209.129956 37.000000
sb2 51.810755 199.304381 104.810755 233.304381
sb3 0.000000 123.380621 37.000000 190.380621
sb4 0.000000 205.454131 29.000000 224.454131
sb5 74.585241 61.162090 113.585241 110.162090
sb6 228.000000 186.818639 268.000000 204.818639
sb7 207.248447 93.131123 229.248447 133.131123
sb8 142.438115 206.000000 192.438115 268.000000
sb9 230.070319 105.311569 246.070319 146.311569
sb10 65.752035 3.464688 83.752035 55.464688
sb11 62.242315 138.141475 101.242315 197.141475
sb12 105.408432 63.907472 166.408432 91.907472
sb13 207.738469 143.378877 255.738469 200.378877
sb14 205.000000 14.348574 268.000000 57.348574
sb15 209.000000 134.251579 268.000000 186.251579
sb16 160.953180 93.494928 196.953180 150.494928
sb17 112.895234 202.000000 156.895234 268.000000
sb18 53.227330 0.218528 101.227330 51.218528
sb19 132.860705 154.292733 163.860705 204.292733
sb20 100.741946 171.943263 137.741946 190.943263
sb21 36.734767 174.970351 100.734767 224.970351
sb22 102.884463 143.443546 151.884463 177.443546
sb23 248.000000 126.613554 268.000000 175.613554
sb24 164.129464 151.708652 209.129464 179.708652
sb25 214.000000 90.352732 268.000000 129.352732
sb26 125.992134 0.000000 180.992134 40.000000
sb27 243.000000 70.845059 268.000000 135.845059
sb28 178.015545 222.000000 217.015545 268.000000
sb29 167.773407 96.359388 191.773407 158.359388
sb30 122.001323 42.059975 146.001323 68.059975
sb31 91.001296 80.760018 117.001296 114.760018
sb32 195.741364 201.513056 238.741364 254.513056
sb33 159.372629 92.381724 181.372629 127.381724
sb34 61.218483 64.570414 88.218483 118.570414
sb35 3.651278 191.086484 34.651278 229.086484
sb36 91.114368 0.000000 130.114368 67.000000
sb37 128.469027 117.108907 148.469027 177.108907
sb38 217.607964 134.247876 240.607964 191.247876
sb39 63.209190 82.938002 115.209190 137.938002
sb40 3.237954 119.994171 29.237954 148.994171
sb41 100.591044 153.498856 127.591044 208.498856
sb42 0.000000 63.083457 62.000000 116.083457
sb43 0.000000 222.000000 61.000000 268.000000
sb44 131.969060 37.075409 196.969060 84.075409
sb45 243.313266 170.270694 266.313266 214.270694
sb46 0.000000 155.086670 39.000000 177.086670
sb47 163.483939 62.707829 228.483939 95.707829
sb48 0.000000 0.000000 57.000000 27.000000
sb49 193.979062 63.955472 240.979062 128.955472
sb50 143.442367 149.590027 210.442367 181.590027
sb51 98.296669 211.000000 136.296669 268.000000
sb52 150.213586 158.675195 204.213586 203.675195
sb53 32.128363 47.019007 75.128363 68.019007
sb54 151.601802 180.054663 169.601802 241.054663
sb55 86.577798 20.009378 120.577798 76.009378
sb56 0.000000 103.695034 17.000000 166.695034
sb57 41.739197 126.179215 59.739197 173.179215
sb58 93.850024 233.131136 139.850024 267.131136
sb59 45.007528 231.000000 95.007528 268.000000
sb60 155.191118 245.000000 195.191118 268.000000
sb61 175.722421 74.851387 208.722421 97.851387
sb62 203.757708 3.385818 263.757708 22.385818
sb63 175.755472 180.854676 211.755472 225.854676
sb64 116.146147 96.007856 166.146147 143.007856
sb65 0.000000 155.135400 57.000000 211.135400
sb66 99.698671 0.000000 166.698671 61.000000
sb67 114.871931 79.307092 158.871931 119.307092
sb68 206.386319 25.369670 258.386319 88.369670
sb69 0.000000 28.949017 54.000000 55.949017
sb70 118.272794 72.815367 160.272794 114.815367
sb71 91.728898 190.579812 155.728898 212.579812
sb72 30.428095 152.724946 91.428095 213.724946
sb73 207.000000 0.000000 268.000000 67.000000
sb74 23.998607 115.258817 61.998607 157.258817
sb75 130.051503 0.000000 149.051503 28.000000
sb76 192.288123 120.066821 214.288123 153.066821
sb77 193.486799 211.000000 259.486799 268.000000
sb78 188.386443 179.780331 224.386443 211.780331
sb79 0.000000 80.347691 60.000000 121.347691
sb80 200.661291 99.798280 216.661291 157.798280
sb81 104.557569 178.596491 144.557569 228.596491
sb82 30.954485 92.407016 77.954485 149.407016
sb83 69.844555 159.379536 91.844555 175.379536
sb84 149.365018 124.283452 216.365018 146.283452
sb85 172.362361 86.401589 192.362361 111.401589
sb86 102.419361 116.947749 158.419361 153.947749
sb87 61.487854 117.888040 100.487854 161.888040
sb88 0.000000 52.620104 37.000000 76.620104
sb89 60.414876 53.457840 98.414876 80.457840
sb90 137.385877 235.000000 176.385877 268.000000
sb91 21.876760 46.308231 77.876760 79.308231
sb92 0.000000 50.741736 26.000000 66.741736
sb93 47.386615 229.544171 112.386615 264.544171
sb94 166.626548 0.000000 207.626548 59.000000
sb95 40.385914 212.957948 91.385914 231.957948
sb96 84.015061 109.609467 124.015061 175.609467
sb97 186.156070 0.000000 203.156070 67.000000
sb98 164.380585 184.500706 186.380585 246.500706
sb99 219.000000 202.000000 268.000000 268.000000

[Iter 5250]
sb0 147.230612 44.504620 190.230612 77.504620
sb1 144.140021 0.000000 209.140021 37.000000
sb2 51.835623 199.308862 104.835623 233.308862
sb3 0.000000 123.386387 37.000000 190.386387
sb4 0.000000 205.477752 29.000000 224.477752
sb5 74.805600 61.044247 113.805600 110.044247
sb6 228.000000 186.816641 268.000000 204.816641
sb7 207.434704 93.101143 229.434704 133.101143
sb8 142.564106 206.000000 192.564106 268.000000
sb9 230.252764 105.313094 246.252764 146.313094
sb10 65.657179 3.361886 83.657179 55.361886
sb11 62.283882 138.153518 101.283882 197.153518
sb12 105.481726 63.924407 166.481726 91.924407
sb13 207.835287 143.394347 255.835287 200.394347
sb14 205.000000 14.355403 268.000000 57.355403
sb15 209.000000 134.251395 268.000000 186.251395
sb16 160.954964 93.449717 196.954964 150.449717
sb17 112.863044 202.000000 156.863044 268.000000
sb18 53.242958 0.223119 101.242958 51.223119
sb19 132.840917 154.238297 163.840917 204.238297
sb20 100.478808 171.943133 137.478808 190.943133
sb21 36.720773 174.976990 100.720773 224.976990
sb22 102.958039 143.489147 151.958039 177.489147
sb23 248.000000 126.598463 268.000000 175.598463
sb24 164.121668 151.689749 209.121668 179.689749
sb25 214.000000 90.313718 268.000000 129.313718
sb26 126.018151 0.000000 181.018151 40.000000
sb27 243.000000 70.836758 268.000000 135.836758
sb28 178.023318 222.000000 217.023318 268.000000
sb29 167.917614 96.377908 191.917614 158.377908
sb30 121.952008 42.003990 145.952008 68.003990
sb31 91.001632 80.656911 117.001632 114.656911
sb32 195.871543 201.530129 238.871543 254.530129
sb33 159.368264 92.385122 181.368264 127.385122
sb34 61.228466 64.534706 88.228466 118.534706
sb35 3.620799 191.102983 34.620799 229.102983
sb36 91.118989 0.000000 130.118989 67.000000
sb37 128.444270 117.252452 148.444270 177.252452
sb38 217.650692 134.249803 240.650692 191.249803
sb39 63.282502 82.931734 115.282502 137.931734
sb40 3.243961 116.864454 29.243961 145.864454
sb41 100.585825 153.439479 127.585825 208.439479
sb42 0.000000 63.183903 62.000000 116.183903
sb43 0.000000 222.000000 61.000000 268.000000
sb44 131.926928 37.087215 196.926928 84.087215
sb45 243.409275 170.303282 266.409275 214.303282
sb46 0.000000 151.810205 39.000000 173.810205
sb47 163.551450 62.718115 228.551450 95.718115
sb48 0.000000 0.000000 57.000000 27.000000
sb49 193.974462 63.951747 240.974462 128.951747
sb50 143.470677 149.585761 210.470677 181.585761
sb51 98.335969 211.000000 136.335969 268.000000
sb52 150.307478 158.674218 204.307478 203.674218
sb53 32.130146 47.014342 75.130146 68.014342
sb54 151.406433 180.063762 169.406433 241.063762
sb55 86.519614 19.864704 120.519614 75.864704
sb56 0.000000 103.683472 17.000000 166.683472
sb57 41.742305 126.164428 59.742305 173.164428
sb58 93.959081 233.152782 139.959081 267.152782
sb59 44.931657 231.000000 94.931657 268.000000
sb60 155.190888 245.000000 195.190888 268.000000
sb61 175.850283 74.830187 208.850283 97.830187
sb62 203.838251 3.309345 263.838251 22.309345
sb63 175.532398 180.866321 211.532398 225.866321
sb64 116.241564 96.035711 166.241564 143.035711
sb65 0.000000 155.087930 57.000000 211.087930
sb66 99.706109 0.000000 166.706109 61.000000
sb67 114.859958 79.393292 158.859958 119.393292
sb68 206.492792 25.314620 258.492792 88.314620
sb69 0.000000 28.935286 54.000000 55.935286
sb70 118.271244 72.697008 160.271244 114.697008
sb71 91.406802 190.567926 155.406802 212.567926
sb72 29.614376 152.694999 90.614376 213.694999
sb73 207.000000 0.000000 268.000000 67.000000
sb74 24.050874 115.220249 62.050874 157.220249
sb75 130.054251 0.000000 149.054251 28.000000
sb76 192.479909 120.021144 214.479909 153.021144
sb77 193.487629 211.000000 259.487629 268.000000
sb78 188.367488 179.762984 224.367488 211.762984
sb79 0.000000 80.344259 60.000000 121.344259
sb80 200.675499 99.865987 216.675499 157.865987
sb81 104.624838 178.654498 144.624838 228.654498
sb82 31.237335 91.927522 78.237335 148.927522
sb83 69.826209 159.377001 91.826209 175.377001
sb84 149.351420 124.262598 216.351420 146.262598
sb85 172.376099 86.391314 192.376099 111.391314
sb86 102.424545 116.851288 158.424545 153.851288
sb87 61.497718 117.862546 100.497718 161.862546
sb88 0.000000 52.609986 37.000000 76.609986
sb89 60.436402 53.478942 98.436402 80.478942
sb90 137.447132 235.000000 176.447132 268.000000
sb91 21.942425 46.305354 77.942425 79.305354
sb92 0.000000 50.743107 26.000000 66.743107
sb93 47.327052 229.564175 112.327052 264.564175
sb94 166.622818 0.000000 207.622818 59.000000
sb95 40.971530 212.867095 91.971530 231.867095
sb96 83.967795 109.640469 123.967795 175.640469
sb97 186.260297 0.000000 203.260297 67.000000
sb98 164.350470 184.499261 186.350470 246.499261
sb99 219.000000 202.000000 268.000000 268.000000

[Iter 5300]
sb0 147.317370 44.445880 190.317370 77.445880
sb1 144.133842 0.000000 209.133842 37.000000
sb2 51.860700 199.355631 104.860700 233.355631
sb3 0.000000 123.392118 37.000000 190.392118
sb4 0.000000 205.441395 29.000000 224.441395
sb5 75.467765 60.852643 114.467765 109.852643
sb6 228.000000 186.800862 268.000000 204.800862
sb7 207.775821 93.026501 229.775821 133.026501
sb8 142.629003 206.000000 192.629003 268.000000
sb9 230.564957 105.314757 246.564957 146.314757
sb10 65.501546 3.203577 83.501546 55.203577
sb11 62.386898 138.191866 101.386898 197.191866
sb12 105.580165 63.941552 166.580165 91.941552
sb13 208.000118 143.439457 256.000118 200.439457
sb14 205.000000 14.353618 268.000000 57.353618
sb15 209.000000 134.245641 268.000000 186.245641
sb16 160.949228 93.381974 196.949228 150.381974
sb17 112.807778 202.000000 156.807778 268.000000
sb18 53.232285 0.209686 101.232285 51.209686
sb19 132.819090 154.184460 163.819090 204.184460
sb20 98.279687 171.614043 135.279687 190.614043
sb21 36.677390 175.014295 100.677390 225.014295
sb22 103.096200 143.536385 152.096200 177.536385
sb23 248.000000 126.592048 268.000000 175.592048
sb24 164.122460 151.657560 209.122460 179.657560
sb25 214.000000 90.258355 268.000000 129.258355
sb26 126.053027 0.000000 181.053027 40.000000
sb27 243.000000 70.772734 268.000000 135.772734
sb28 177.927276 222.000000 216.927276 268.000000
sb29 168.188951 96.419467 192.188951 158.419467
sb30 121.860529 41.928655 145.860529 67.928655
sb31 90.999357 80.542138 116.999357 114.542138
sb32 195.965502 201.571748 238.965502 254.571748
sb33 159.312937 92.378157 181.312937 127.378157
sb34 61.236766 64.490733 88.236766 118.490733
sb35 3.550383 191.141848 34.550383 229.141848
sb36 91.071518 0.000000 130.071518 67.000000
sb37 126.798579 117.510160 146.798579 177.510160
sb38 217.713102 134.256596 240.713102 191.256596
sb39 63.390733 82.933237 115.390733 137.933237
sb40 2.637343 112.745776 28.637343 141.745776
sb41 100.562109 153.386694 127.562109 208.386694
sb42 0.000000 63.121837 62.000000 116.121837
sb43 0.000000 222.000000 61.000000 268.000000
sb44 131.704806 37.189994 196.704806 84.189994
sb45 243.553438 170.361603 266.553438 214.361603
sb46 0.000000 145.973911 39.000000 167.973911
sb47 163.649229 62.729168 228.649229 95.729168
sb48 0.000000 0.000000 57.000000 27.000000
sb49 193.930694 64.094951 240.930694 129.094951
sb50 142.775369 149.416340 209.775369 181.416340
sb51 98.357901 211.000000 136.357901 268.000000
sb52 150.448375 158.670414 204.448375 203.670414
sb53 32.123188 47.002001 75.123188 68.002001
sb54 151.028669 179.731755 169.028669 240.731755
sb55 86.413717 19.684391 120.413717 75.684391
sb56 0.000000 103.741542 17.000000 166.741542
sb57 41.736313 126.181729 59.736313 173.181729
sb58 94.002690 233.235584 140.002690 267.235584
sb59 44.544215 231.000000 94.544215 268.000000
sb60 155.193605 245.000000 195.193605 268.000000
sb61 176.017604 74.780021 209.017604 97.780021
sb62 203.939565 3.189307 263.939565 22.189307
sb63 175.365603 180.747382 211.365603 225.747382
sb64 116.421659 96.061674 166.421659 143.061674
sb65 0.029735 155.103031 57.029735 211.103031
sb66 99.695999 0.000000 166.695999 61.000000
sb67 114.862301 79.960159 158.862301 119.960159
sb68 206.650418 25.232781 258.650418 88.232781
sb69 0.000000 28.935324 54.000000 55.935324
sb70 118.262905 72.550161 160.262905 114.550161
sb71 90.754875 190.383591 154.754875 212.383591
sb72 26.579588 152.873935 87.579588 213.873935
sb73 207.000000 0.000000 268.000000 67.000000
sb74 24.174834 115.257188 62.174834 157.257188
sb75 130.054024 0.000000 149.054024 28.000000
sb76 192.842426 119.943543 214.842426 152.943543
sb77 193.522399 211.000000 259.522399 268.000000
sb78 188.355327 179.736727 224.355327 211.736727
sb79 0.000000 80.336981 60.000000 121.336981
sb80 200.687587 99.933353 216.687587 157.933353
sb81 104.683136 178.727766 144.683136 228.727766
sb82 30.400324 89.185421 77.400324 146.185421
sb83 69.807059 159.380673 91.807059 175.380673
sb84 148.679287 124.300475 215.679287 146.300475
sb85 172.376153 86.463283 192.376153 111.463283
sb86 102.418971 116.748429 158.418971 153.748429
sb87 61.495437 117.839771 100.495437 161.839771
sb88 0.000000 52.587251 37.000000 76.587251
sb89 60.447532 53.493408 98.447532 80.493408
sb90 137.515171 235.000000 176.515171 268.000000
sb91 22.165239 46.070654 78.165239 79.070654
sb92 0.000000 50.738542 26.000000 66.738542
sb93 47.221041 229.632579 112.221041 264.632579
sb94 166.606281 0.000000 207.606281 59.000000
sb95 42.617763 212.619679 93.617763 231.619679
sb96 81.759668 109.654104 121.759668 175.654104
sb97 186.409293 0.000000 203.409293 67.000000
sb98 164.325651 184.498441 186.325651 246.498441
sb99 219.000000 202.000000 268.000000 268.000000

[Iter 5350]
sb0 147.481458 44.257556 190.481458 77.257556
sb1 144.116261 0.000000 209.116261 37.000000
sb2 52.093811 199.619046 105.093811 233.619046
sb3 0.000000 123.390714 37.000000 190.390714
sb4 0.000000 205.472387 29.000000 224.472387
sb5 75.734134 61.305692 114.734134 110.305692
sb6 228.000000 186.626536 268.000000 204.626536
sb7 208.456703 92.977868 230.456703 132.977868
sb8 142.877420 206.000000 192.877420 268.000000
sb9 231.190153 105.316754 247.190153 146.316754
sb10 65.111555 2.707665 83.111555 54.707665
sb11 62.682458 138.281171 101.682458 197.281171
sb12 105.808278 63.973212 166.808278 91.973212
sb13 208.388347 143.519827 256.388347 200.519827
sb14 205.000000 14.334247 268.000000 57.334247
sb15 209.000000 134.027822 268.000000 186.027822
sb16 160.948347 93.254776 196.948347 150.254776
sb17 112.671425 202.000000 156.671425 268.000000
sb18 53.254292 0.123186 101.254292 51.123186
sb19 132.749858 154.094121 163.749858 204.094121
sb20 94.716480 171.318304 131.716480 190.318304
sb21 36.523572 175.117302 100.523572 225.117302
sb22 103.444663 143.661066 152.444663 177.661066
sb23 248.000000 126.576215 268.000000 175.576215
sb24 164.129850 151.582169 209.129850 179.582169
sb25 214.000000 90.107394 268.000000 129.107394
sb26 126.048644 0.000000 181.048644 40.000000
sb27 243.000000 70.382689 268.000000 135.382689
sb28 177.804084 222.000000 216.804084 268.000000
sb29 168.572717 96.447156 192.572717 158.447156
sb30 121.658126 41.833104 145.658126 67.833104
sb31 90.996956 80.267389 116.996956 114.267389
sb32 196.246699 201.683503 239.246699 254.683503
sb33 159.289888 92.370560 181.289888 127.370560
sb34 61.260417 64.316981 88.260417 118.316981
sb35 3.300847 191.224620 34.300847 229.224620
sb36 90.897799 0.000000 129.897799 67.000000
sb37 125.247171 119.444051 145.247171 179.444051
sb38 217.867112 134.248084 240.867112 191.248084
sb39 63.553302 82.939853 115.553302 137.939853
sb40 0.000000 105.966776 26.000000 134.966776
sb41 100.448544 153.285737 127.448544 208.285737
sb42 0.000100 63.107845 62.000100 116.107845
sb43 0.000000 222.000000 61.000000 268.000000
sb44 131.208675 37.577370 196.208675 84.577370
sb45 243.955769 170.505113 266.955769 214.505113
sb46 0.000000 137.821086 39.000000 159.821086
sb47 163.920581 62.754569 228.920581 95.754569
sb48 0.000000 0.000000 57.000000 27.000000
sb49 193.842474 64.230049 240.842474 129.230049
sb50 142.124335 149.332166 209.124335 181.332166
sb51 98.480503 211.000000 136.480503 268.000000
sb52 150.827598 158.676992 204.827598 203.676992
sb53 32.119907 46.848076 75.119907 67.848076
sb54 151.191506 179.472116 169.191506 240.472116
sb55 86.165840 19.216518 120.165840 75.216518
sb56 0.000000 103.962789 17.000000 166.962789
sb57 41.710037 126.192302 59.710037 173.192302
sb58 94.172203 233.556297 140.172203 267.556297
sb59 43.910657 231.000000 93.910657 268.000000
sb60 155.191586 245.000000 195.191586 268.000000
sb61 176.126413 74.646952 209.126413 97.646952
sb62 204.207224 2.890880 264.207224 21.890880
sb63 176.127344 180.427168 212.127344 225.427168
sb64 116.679695 96.111653 166.679695 143.111653
sb65 0.542097 155.115050 57.542097 211.115050
sb66 99.722206 0.000000 166.722206 61.000000
sb67 114.857212 81.735947 158.857212 121.735947
sb68 206.971141 25.036567 258.971141 88.036567
sb69 0.000000 28.904207 54.000000 55.904207
sb70 118.236087 72.263002 160.236087 114.263002
sb71 90.697132 190.249412 154.697132 212.249412
sb72 21.560277 152.149137 82.560277 213.149137
sb73 207.000000 0.000000 268.000000 67.000000
sb74 24.337101 115.187040 62.337101 157.187040
sb75 130.021173 0.000000 149.021173 28.000000
sb76 193.336725 119.844127 215.336725 152.844127
sb77 193.604150 211.000000 259.604150 268.000000
sb78 188.346023 179.667940 224.346023 211.667940
sb79 0.000000 80.293589 60.000000 121.293589
sb80 200.733632 100.016681 216.733632 158.016681
sb81 104.895478 178.925281 144.895478 228.925281
sb82 28.596919 84.846710 75.596919 141.846710
sb83 69.658535 159.382449 91.658535 175.382449
sb84 148.000677 124.501115 215.000677 146.501115
sb85 172.381846 86.947680 192.381846 111.947680
sb86 102.409864 116.552664 158.409864 153.552664
sb87 61.479521 117.753681 100.479521 161.753681
sb88 0.000000 52.520199 37.000000 76.520199
sb89 60.543317 53.491507 98.543317 80.491507
sb90 137.571099 235.000000 176.571099 268.000000
sb91 22.940572 43.854809 78.940572 76.854809
sb92 0.000000 50.753585 26.000000 66.753585
sb93 46.957768 229.810455 111.957768 264.810455
sb94 166.605964 0.000000 207.605964 59.000000
sb95 45.276937 211.560923 96.276937 230.560923
sb96 79.143180 109.956321 119.143180 175.956321
sb97 186.746285 0.000000 203.746285 67.000000
sb98 164.283449 184.503105 186.283449 246.503105
sb99 219.000000 202.000000 268.000000 268.000000

[Iter 5400]
sb0 147.755036 44.074570 190.755036 77.074570
sb1 144.051433 0.000000 209.051433 37.000000
sb2 52.693182 200.134373 105.693182 234.134373
sb3 0.000000 123.342441 37.000000 190.342441
sb4 0.000000 205.452365 29.000000 224.452365
sb5 76.197496 61.572249 115.197496 110.572249
sb6 228.000000 186.462249 268.000000 204.462249
sb7 209.660465 92.791352 231.660465 132.791352
sb8 143.780586 206.000000 193.780586 268.000000
sb9 232.420340 105.317887 248.420340 146.317887
sb10 64.805344 2.172576 82.805344 54.172576
sb11 63.175014 138.529192 102.175014 197.529192
sb12 106.158828 64.037467 167.158828 92.037467
sb13 208.918280 143.565270 256.918280 200.565270
sb14 205.000000 14.326503 268.000000 57.326503
sb15 209.000000 133.812660 268.000000 185.812660
sb16 160.938893 93.134159 196.938893 150.134159
sb17 112.499659 202.000000 156.499659 268.000000
sb18 53.212361 0.164544 101.212361 51.164544
sb19 132.648553 154.010834 163.648553 204.010834
sb20 89.075055 172.158679 126.075055 191.158679
sb21 36.295509 175.211286 100.295509 225.211286
sb22 103.918962 143.839935 152.918962 177.839935
sb23 248.000000 126.585452 268.000000 175.585452
sb24 164.124178 151.518001 209.124178 179.518001
sb25 214.000000 89.983590 268.000000 128.983590
sb26 125.930865 0.000000 180.930865 40.000000
sb27 243.000000 70.009151 268.000000 135.009151
sb28 177.648277 222.000000 216.648277 268.000000
sb29 169.522817 96.523153 193.522817 158.523153
sb30 121.474328 41.726899 145.474328 67.726899
sb31 91.000006 80.156198 117.000006 114.156198
sb32 197.175711 201.733323 240.175711 254.733323
sb33 159.009469 92.372399 181.009469 127.372399
sb34 61.207558 64.066948 88.207558 118.066948
sb35 2.982684 191.290807 33.982684 229.290807
sb36 90.560158 0.000000 129.560158 67.000000
sb37 122.937759 121.321807 142.937759 181.321807
sb38 218.004123 134.254765 241.004123 191.254765
sb39 64.081698 83.101951 116.081698 138.101951
sb40 0.000000 101.311157 26.000000 130.311157
sb41 100.290908 153.192652 127.290908 208.192652
sb42 0.285770 63.263733 62.285770 116.263733
sb43 0.000000 222.000000 61.000000 268.000000
sb44 130.399365 37.944215 195.399365 84.944215
sb45 244.351632 170.631973 267.351632 214.631973
sb46 0.000000 134.091203 39.000000 156.091203
sb47 164.290010 62.797293 229.290010 95.797293
sb48 0.000000 0.000000 57.000000 27.000000
sb49 193.571777 64.375960 240.571777 129.375960
sb50 140.689884 149.525160 207.689884 181.525160
sb51 97.893477 211.000000 135.893477 268.000000
sb52 151.282041 158.669930 205.282041 203.669930
sb53 32.120746 46.519374 75.120746 67.519374
sb54 151.702455 179.813948 169.702455 240.813948
sb55 85.921570 19.122865 119.921570 75.122865
sb56 0.000000 104.251317 17.000000 167.251317
sb57 41.690238 126.184781 59.690238 173.184781
sb58 95.187357 233.986326 141.187357 267.986326
sb59 43.771156 231.000000 93.771156 268.000000
sb60 155.186890 245.000000 195.186890 268.000000
sb61 176.445351 74.535870 209.445351 97.535870
sb62 204.571825 2.614519 264.571825 21.614519
sb63 176.754924 180.278706 212.754924 225.278706
sb64 117.415399 96.205847 167.415399 143.205847
sb65 1.370828 155.185002 58.370828 211.185002
sb66 99.693479 0.000000 166.693479 61.000000
sb67 114.814750 83.559157 158.814750 123.559157
sb68 207.393094 24.834711 259.393094 87.834711
sb69 0.000000 28.989008 54.000000 55.989008
sb70 118.262786 71.958791 160.262786 113.958791
sb71 91.960369 190.344151 155.960369 212.344151
sb72 17.613073 151.202708 78.613073 212.202708
sb73 207.000000 0.000000 268.000000 67.000000
sb74 24.694387 115.236506 62.694387 157.236506
sb75 129.809063 0.000000 148.809063 28.000000
sb76 194.393457 119.509529 216.393457 152.509529
sb77 193.662037 211.000000 259.662037 268.000000
sb78 188.309433 179.611887 224.309433 211.611887
sb79 0.000000 80.208478 60.000000 121.208478
sb80 200.763533 100.116973 216.763533 158.116973
sb81 105.474692 179.273476 145.474692 229.273476
sb82 27.827740 81.340209 74.827740 138.340209
sb83 69.525351 159.394647 91.525351 175.394647
sb84 147.389136 125.075022 214.389136 147.075022
sb85 172.393050 87.784286 192.393050 112.784286
sb86 102.405239 116.374041 158.405239 153.374041
sb87 61.449290 117.632524 100.449290 161.632524
sb88 0.000000 52.436931 37.000000 76.436931
sb89 60.676888 53.625551 98.676888 80.625551
sb90 137.005862 235.000000 176.005862 268.000000
sb91 23.968033 41.066898 79.968033 74.066898
sb92 0.000000 50.742259 26.000000 66.742259
sb93 46.651006 229.971287 111.651006 264.971287
sb94 166.572517 0.000000 207.572517 59.000000
sb95 45.058032 210.573125 96.058032 229.573125
sb96 76.892406 110.270238 116.892406 176.270238
sb97 187.175855 0.000000 204.175855 67.000000
sb98 164.202182 184.504510 186.202182 246.504510
sb99 219.000000 202.000000 268.000000 268.000000

[Iter 5450]
sb0 148.197159 43.971124 191.197159 76.971124
sb1 143.817409 0.000000 208.817409 37.000000
sb2 53.174685 200.559593 106.174685 234.559593
sb3 0.000000 123.313232 37.000000 190.313232
sb4 0.000000 205.436554 29.000000 224.436554
sb5 76.616340 62.448687 115.616340 111.448687
sb6 228.000000 186.162812 268.000000 204.162812
sb7 209.952984 92.618701 231.952984 132.618701
sb8 144.938954 206.000000 194.938954 268.000000
sb9 232.804560 105.314245 248.804560 146.314245
sb10 64.703389 2.182511 82.703389 54.182511
sb11 63.735065 139.073742 102.735065 198.073742
sb12 106.387121 64.132771 167.387121 92.132771
sb13 209.664792 143.538910 257.664792 200.538910
sb14 205.000000 14.218413 268.000000 57.218413
sb15 209.000000 133.350772 268.000000 185.350772
sb16 160.969100 92.898888 196.969100 149.898888
sb17 112.376282 202.000000 156.376282 268.000000
sb18 53.155600 0.480107 101.155600 51.480107
sb19 132.596123 153.929580 163.596123 203.929580
sb20 80.576243 175.214528 117.576243 194.214528
sb21 36.143545 175.382192 100.143545 225.382192
sb22 104.545619 144.203555 153.545619 178.203555
sb23 248.000000 126.563170 268.000000 175.563170
sb24 164.119173 151.416448 209.119173 179.416448
sb25 214.000000 89.867362 268.000000 128.867362
sb26 125.987124 0.000000 180.987124 40.000000
sb27 243.000000 69.399407 268.000000 134.399407
sb28 177.266078 222.000000 216.266078 268.000000
sb29 169.953624 96.525984 193.953624 158.525984
sb30 121.540337 41.650957 145.540337 67.650957
sb31 90.999401 80.112587 116.999401 114.112587
sb32 198.414044 201.728129 241.414044 254.728129
sb33 158.923191 92.341243 180.923191 127.341243
sb34 61.224703 64.091569 88.224703 118.091569
sb35 2.740881 191.297036 33.740881 229.297036
sb36 90.125649 0.000000 129.125649 67.000000
sb37 121.353859 123.542371 141.353859 183.542371
sb38 218.174606 134.251472 241.174606 191.251472
sb39 64.543148 83.630020 116.543148 138.630020
sb40 0.000000 97.621545 26.000000 126.621545
sb41 100.195233 153.110612 127.195233 208.110612
sb42 0.789492 63.377821 62.789492 116.377821
sb43 0.000000 222.000000 61.000000 268.000000
sb44 129.994620 38.101708 194.994620 85.101708
sb45 244.683166 170.757748 267.683166 214.757748
sb46 0.000000 131.383109 39.000000 153.383109
sb47 164.482322 62.734206 229.482322 95.734206
sb48 0.000000 0.000000 57.000000 27.000000
sb49 193.458295 64.432763 240.458295 129.432763
sb50 139.148828 149.383574 206.148828 181.383574
sb51 96.597761 211.000000 134.597761 268.000000
sb52 152.063607 158.685050 206.063607 203.685050
sb53 32.117886 46.427676 75.117886 67.427676
sb54 153.944247 180.216427 171.944247 241.216427
sb55 85.895047 18.986736 119.895047 74.986736
sb56 0.000000 104.247821 17.000000 167.247821
sb57 41.669080 126.201375 59.669080 173.201375
sb58 96.131506 234.000000 142.131506 268.000000
sb59 42.677587 231.000000 92.677587 268.000000
sb60 155.187517 245.000000 195.187517 268.000000
sb61 177.167996 74.407298 210.167996 97.407298
sb62 205.065636 2.327847 265.065636 21.327847
sb63 179.566252 179.257189 215.566252 224.257189
sb64 117.825085 96.389796 167.825085 143.389796
sb65 1.809097 155.190975 58.809097 211.190975
sb66 99.668128 0.000000 166.668128 61.000000
sb67 114.807881 84.459927 158.807881 124.459927
sb68 208.046136 24.605444 260.046136 87.605444
sb69 0.000000 29.083413 54.000000 56.083413
sb70 118.299292 71.682073 160.299292 113.682073
sb71 95.420612 189.901601 159.420612 211.901601
sb72 14.201726 150.348372 75.201726 211.348372
sb73 207.000000 0.000000 268.000000 67.000000
sb74 25.062775 115.358005 63.062775 157.358005
sb75 129.431407 0.000000 148.431407 28.000000
sb76 194.945515 119.579240 216.945515 152.579240
sb77 193.688242 211.000000 259.688242 268.000000
sb78 188.280714 179.528073 224.280714 211.528073
sb79 0.000000 80.156586 60.000000 121.156586
sb80 200.811546 100.460985 216.811546 158.460985
sb81 106.264153 179.674498 146.264153 229.674498
sb82 27.765171 78.976030 74.765171 135.976030
sb83 69.369925 159.571448 91.369925 175.571448
sb84 146.814287 125.203008 213.814287 147.203008
sb85 172.391310 87.795834 192.391310 112.795834
sb86 102.467999 116.215969 158.467999 153.215969
sb87 61.468654 117.700685 100.468654 161.700685
sb88 0.000000 52.357820 37.000000 76.357820
sb89 61.334838 54.063615 99.334838 81.063615
sb90 135.669523 235.000000 174.669523 268.000000
sb91 25.193257 39.291450 81.193257 72.291450
sb92 0.000000 50.761711 26.000000 66.761711
sb93 46.445679 230.175794 111.445679 265.175794
sb94 166.543701 0.000000 207.543701 59.000000
sb95 45.059193 209.625638 96.059193 228.625638
sb96 76.001256 111.608657 116.001256 177.608657
sb97 187.777827 0.000000 204.777827 67.000000
sb98 164.141361 184.499839 186.141361 246.499839
sb99 219.000000 202.000000 268.000000 268.000000

[Iter 5500]
sb0 148.694658 43.864224 191.694658 76.864224
sb1 143.330668 0.000000 208.330668 37.000000
sb2 53.359243 201.114461 106.359243 235.114461
sb3 0.000000 123.356967 37.000000 190.356967
sb4 0.000000 205.444558 29.000000 224.444558
sb5 76.972397 64.244959 115.972397 113.244959
sb6 228.000000 185.826453 268.000000 203.826453
sb7 210.668569 92.528110 232.668569 132.528110
sb8 145.341609 206.000000 195.341609 268.000000
sb9 233.395464 105.313591 249.395464 146.313591
sb10 64.561232 2.039002 82.561232 54.039002
sb11 64.036167 139.649805 103.036167 198.649805
sb12 106.565372 64.173958 167.565372 92.173958
sb13 210.136891 143.677169 258.136891 200.677169
sb14 205.000000 14.120208 268.000000 57.120208
sb15 209.000000 132.730435 268.000000 184.730435
sb16 160.997357 92.600268 196.997357 149.600268
sb17 112.271894 202.000000 156.271894 268.000000
sb18 53.109941 0.876340 101.109941 51.876340
sb19 132.611248 153.816866 163.611248 203.816866
sb20 72.096829 181.100854 109.096829 200.100854
sb21 36.102818 175.552431 100.102818 225.552431
sb22 104.941427 144.284640 153.941427 178.284640
sb23 248.000000 126.553271 268.000000 175.553271
sb24 164.123212 151.279506 209.123212 179.279506
sb25 214.000000 89.727926 268.000000 128.727926
sb26 126.215985 0.000000 181.215985 40.000000
sb27 243.000000 68.834865 268.000000 133.834865
sb28 177.182593 222.000000 216.182593 268.000000
sb29 170.551492 96.554928 194.551492 158.554928
sb30 121.585443 41.478641 145.585443 67.478641
sb31 90.999035 79.954982 116.999035 113.954982
sb32 198.879824 201.902945 241.879824 254.902945
sb33 158.454247 91.803094 180.454247 126.803094
sb34 61.243606 64.066684 88.243606 118.066684
sb35 2.623666 191.372333 33.623666 229.372333
sb36 88.808183 0.000000 127.808183 67.000000
sb37 119.015733 125.976009 139.015733 185.976009
sb38 218.394605 134.253554 241.394605 191.253554
sb39 65.019248 84.214494 117.019248 139.214494
sb40 0.000000 95.120890 26.000000 124.120890
sb41 100.197684 152.959990 127.197684 207.959990
sb42 1.300963 63.407266 63.300963 116.407266
sb43 0.000000 222.000000 61.000000 268.000000
sb44 128.205380 38.618628 193.205380 85.618628
sb45 245.000000 170.963198 268.000000 214.963198
sb46 0.000000 129.125265 39.000000 151.125265
sb47 164.739807 62.710375 229.739807 95.710375
sb48 0.000000 0.000000 57.000000 27.000000
sb49 193.158513 64.138724 240.158513 129.138724
sb50 137.227447 149.080136 204.227447 181.080136
sb51 94.464548 211.000000 132.464548 268.000000
sb52 152.518572 158.725693 206.518572 203.725693
sb53 32.123549 46.382855 75.123549 67.382855
sb54 157.251428 180.982899 175.251428 241.982899
sb55 85.838398 18.719156 119.838398 74.719156
sb56 0.000000 104.246567 17.000000 167.246567
sb57 41.667328 126.406353 59.667328 173.406353
sb58 96.482480 234.000000 142.482480 268.000000
sb59 40.335303 231.000000 90.335303 268.000000
sb60 155.191660 245.000000 195.191660 268.000000
sb61 177.998046 74.250705 210.998046 97.250705
sb62 205.740406 1.998869 265.740406 20.998869
sb63 181.904458 178.047498 217.904458 223.047498
sb64 118.436028 96.412250 168.436028 143.412250
sb65 2.186348 155.192999 59.186348 211.192999
sb66 99.644968 0.000000 166.644968 61.000000
sb67 114.040036 86.727067 158.040036 126.727067
sb68 208.887774 24.318364 260.887774 87.318364
sb69 0.000000 29.138512 54.000000 56.138512
sb70 118.321692 71.338273 160.321692 113.338273
sb71 98.962207 188.860334 162.962207 210.860334
sb72 10.092662 149.894891 71.092662 210.894891
sb73 207.000000 0.000000 268.000000 67.000000
sb74 25.331094 115.373964 63.331094 157.373964
sb75 128.583824 0.000000 147.583824 28.000000
sb76 195.533027 119.634164 217.533027 152.634164
sb77 193.741818 211.000000 259.741818 268.000000
sb78 188.318808 179.405650 224.318808 211.405650
sb79 0.000000 80.181633 60.000000 121.181633
sb80 200.872399 100.877692 216.872399 158.877692
sb81 106.485405 179.753280 146.485405 229.753280
sb82 27.828262 76.707437 74.828262 133.707437
sb83 69.344531 159.609409 91.344531 175.609409
sb84 146.814812 125.223090 213.814812 147.223090
sb85 172.386680 87.825111 192.386680 112.825111
sb86 102.517330 115.985681 158.517330 152.985681
sb87 61.475410 117.703085 100.475410 161.703085
sb88 0.000000 52.343522 37.000000 76.343522
sb89 61.933278 54.568593 99.933278 81.568593
sb90 133.357025 235.000000 172.357025 268.000000
sb91 26.924313 37.772578 82.924313 70.772578
sb92 0.000000 50.820346 26.000000 66.820346
sb93 46.264681 230.406380 111.264681 265.406380
sb94 166.512932 0.000000 207.512932 59.000000
sb95 44.460408 209.172761 95.460408 228.172761
sb96 73.994631 114.860166 113.994631 180.860166
sb97 188.541620 0.000000 205.541620 67.000000
sb98 164.136103 184.499542 186.136103 246.499542
sb99 219.000000 202.000000 268.000000 268.000000

[Iter 5550]
sb0 149.086992 43.717685 192.086992 76.717685
sb1 142.754413 0.000000 207.754413 37.000000
sb2 53.668869 201.502483 106.668869 235.502483
sb3 0.000000 123.411224 37.000000 190.411224
sb4 0.000000 205.446126 29.000000 224.446126
sb5 76.703404 65.649715 115.703404 114.649715
sb6 228.000000 185.650324 268.000000 203.650324
sb7 211.133084 92.549714 233.133084 132.549714
sb8 146.026840 206.000000 196.026840 268.000000
sb9 233.889335 105.316008 249.889335 146.316008
sb10 64.294759 1.609851 82.294759 53.609851
sb11 64.170282 140.053131 103.170282 199.053131
sb12 106.684217 64.213097 167.684217 92.213097
sb13 210.407071 143.711795 258.407071 200.711795
sb14 205.000000 14.083155 268.000000 57.083155
sb15 209.000000 132.423927 268.000000 184.423927
sb16 161.003751 92.325657 197.003751 149.325657
sb17 112.113120 202.000000 156.113120 268.000000
sb18 53.106179 0.928090 101.106179 51.928090
sb19 132.585632 153.677901 163.585632 203.677901
sb20 69.777659 183.207365 106.777659 202.207365
sb21 36.007101 175.661951 100.007101 225.661951
sb22 105.045937 144.396193 154.045937 178.396193
sb23 248.000000 126.346892 268.000000 175.346892
sb24 164.116277 151.132321 209.116277 179.132321
sb25 214.000000 89.465197 268.000000 128.465197
sb26 126.312330 0.000000 181.312330 40.000000
sb27 243.000000 68.743038 268.000000 133.743038
sb28 177.085258 222.000000 216.085258 268.000000
sb29 170.841117 96.558583 194.841117 158.558583
sb30 121.477749 41.293981 145.477749 67.293981
sb31 90.999138 79.811870 116.999138 113.811870
sb32 199.582376 201.959452 242.582376 254.959452
sb33 157.916067 91.581353 179.916067 126.581353
sb34 61.262827 63.902116 88.262827 117.902116
sb35 2.487831 191.524481 33.487831 229.524481
sb36 86.915151 0.000000 125.915151 67.000000
sb37 116.486722 126.134366 136.486722 186.134366
sb38 218.521065 134.245829 241.521065 191.245829
sb39 65.189937 84.549732 117.189937 139.549732
sb40 0.000000 93.620903 26.000000 122.620903
sb41 100.170338 152.783834 127.170338 207.783834
sb42 1.600310 63.426293 63.600310 116.426293
sb43 0.000000 222.000000 61.000000 268.000000
sb44 126.167564 38.972270 191.167564 85.972270
sb45 245.000000 171.043421 268.000000 215.043421
sb46 0.170957 127.730052 39.170957 149.730052
sb47 164.964753 62.724999 229.964753 95.724999
sb48 0.000000 0.000000 57.000000 27.000000
sb49 192.885897 64.044154 239.885897 129.044154
sb50 134.504841 149.679857 201.504841 181.679857
sb51 92.135659 211.000000 130.135659 268.000000
sb52 152.815724 158.717852 206.815724 203.717852
sb53 32.119640 46.289071 75.119640 67.289071
sb54 157.932647 182.916911 175.932647 243.916911
sb55 85.661387 18.266303 119.661387 74.266303
sb56 0.000000 104.245964 17.000000 167.245964
sb57 41.677997 126.459789 59.677997 173.459789
sb58 97.157717 234.000000 143.157717 268.000000
sb59 38.088245 231.000000 88.088245 268.000000
sb60 155.191314 245.000000 195.191314 268.000000
sb61 178.705140 74.096503 211.705140 97.096503
sb62 206.302340 1.562939 266.302340 20.562939
sb63 182.504046 177.244209 218.504046 222.244209
sb64 118.667724 96.452157 168.667724 143.452157
sb65 2.457926 155.280753 59.457926 211.280753
sb66 99.658094 0.000000 166.658094 61.000000
sb67 113.423046 87.981344 157.423046 127.981344
sb68 209.563679 23.898849 261.563679 86.898849
sb69 0.000000 29.156691 54.000000 56.156691
sb70 118.300299 70.904802 160.300299 112.904802
sb71 99.810001 189.209784 163.810001 211.209784
sb72 7.142437 149.517858 68.142437 210.517858
sb73 207.000000 0.000000 268.000000 67.000000
sb74 25.332833 115.429293 63.332833 157.429293
sb75 127.266343 0.000000 146.266343 28.000000
sb76 195.912941 119.529913 217.912941 152.529913
sb77 193.746953 211.000000 259.746953 268.000000
sb78 188.220964 179.315000 224.220964 211.315000
sb79 0.000000 80.198056 60.000000 121.198056
sb80 200.929921 101.164663 216.929921 159.164663
sb81 106.906349 179.891898 146.906349 229.891898
sb82 27.433789 73.890766 74.433789 130.890766
sb83 69.371548 159.610396 91.371548 175.610396
sb84 146.811123 125.694595 213.811123 147.694595
sb85 172.371235 88.172778 192.371235 113.172778
sb86 102.572154 115.714380 158.572154 152.714380
sb87 61.482592 117.609884 100.482592 161.609884
sb88 0.000000 52.337258 37.000000 76.337258
sb89 62.258630 54.690227 100.258630 81.690227
sb90 131.190408 235.000000 170.190408 268.000000
sb91 27.501336 35.762766 83.501336 68.762766
sb92 0.000000 51.027008 26.000000 67.027008
sb93 46.017590 230.570431 111.017590 265.570431
sb94 166.504870 0.000000 207.504870 59.000000
sb95 41.786470 209.093096 92.786470 228.093096
sb96 71.348364 117.028694 111.348364 183.028694
sb97 189.102556 0.000000 206.102556 67.000000
sb98 164.031883 184.503364 186.031883 246.503364
sb99 219.000000 202.000000 268.000000 268.000000

[Iter 5600]
sb0 149.346706 43.582774 192.346706 76.582774
sb1 142.608449 0.000000 207.608449 37.000000
sb2 53.997188 201.786583 106.997188 235.786583
sb3 0.000000 123.432744 37.000000 190.432744
sb4 0.000000 205.439552 29.000000 224.439552
sb5 76.773277 65.843967 115.773277 114.843967
sb6 228.000000 185.576641 268.000000 203.576641
sb7 211.689021 92.399634 233.689021 132.399634
sb8 146.663398 206.000000 196.663398 268.000000
sb9 234.481243 105.311903 250.481243 146.311903
sb10 64.082475 1.198845 82.082475 53.198845
sb11 64.498104 140.282063 103.498104 199.282063
sb12 106.711118 64.243304 167.711118 92.243304
sb13 210.831777 143.700877 258.831777 200.700877
sb14 205.000000 14.072598 268.000000 57.072598
sb15 209.000000 132.298523 268.000000 184.298523
sb16 161.085541 92.082676 197.085541 149.082676
sb17 112.011842 202.000000 156.011842 268.000000
sb18 53.074557 0.892283 101.074557 51.892283
sb19 132.500326 153.618101 163.500326 203.618101
sb20 69.074145 183.864673 106.074145 202.864673
sb21 35.873315 175.762304 99.873315 225.762304
sb22 105.434452 144.493473 154.434452 178.493473
sb23 248.000000 126.133798 268.000000 175.133798
sb24 164.040841 151.026742 209.040841 179.026742
sb25 214.000000 89.254781 268.000000 128.254781
sb26 126.166800 0.000000 181.166800 40.000000
sb27 243.000000 68.661968 268.000000 133.661968
sb28 176.885658 222.000000 215.885658 268.000000
sb29 171.266412 96.565335 195.266412 158.565335
sb30 121.375503 41.348580 145.375503 67.348580
sb31 91.000090 79.695842 117.000090 113.695842
sb32 200.217765 201.971934 243.217765 254.971934
sb33 157.846489 91.306405 179.846489 126.306405
sb34 61.258596 63.721048 88.258596 117.721048
sb35 2.334460 191.644570 33.334460 229.644570
sb36 86.647332 0.000000 125.647332 67.000000
sb37 115.076142 126.246375 135.076142 186.246375
sb38 218.613288 134.246097 241.613288 191.246097
sb39 65.408985 84.790012 117.408985 139.790012
sb40 0.000000 92.860508 26.000000 121.860508
sb41 100.057315 152.705708 127.057315 207.705708
sb42 1.929261 63.547658 63.929261 116.547658
sb43 0.000000 222.000000 61.000000 268.000000
sb44 125.894857 39.170283 190.894857 86.170283
sb45 245.000000 171.059850 268.000000 215.059850
sb46 1.920595 126.540869 40.920595 148.540869
sb47 165.016384 62.729555 230.016384 95.729555
sb48 0.000000 0.000000 57.000000 27.000000
sb49 192.856995 64.081677 239.856995 129.081677
sb50 133.338214 150.299773 200.338214 182.299773
sb51 89.945157 211.000000 127.945157 268.000000
sb52 153.255839 158.716664 207.255839 203.716664
sb53 32.109839 46.107301 75.109839 67.107301
sb54 158.274607 184.507239 176.274607 245.507239
sb55 85.507217 17.983938 119.507217 73.983938
sb56 0.000000 104.253852 17.000000 167.253852
sb57 41.688005 126.420665 59.688005 173.420665
sb58 97.839447 234.000000 143.839447 268.000000
sb59 35.842396 231.000000 85.842396 268.000000
sb60 155.189745 245.000000 195.189745 268.000000
sb61 179.262462 73.960392 212.262462 96.960392
sb62 206.695436 1.243195 266.695436 20.243195
sb63 182.744100 176.968803 218.744100 221.968803
sb64 118.967233 96.495305 168.967233 143.495305
sb65 2.842837 155.375896 59.842837 211.375896
sb66 99.644613 0.000000 166.644613 61.000000
sb67 113.313796 88.644138 157.313796 128.644138
sb68 210.060198 23.588424 262.060198 86.588424
sb69 0.000000 29.246133 54.000000 56.246133
sb70 118.319814 70.739319 160.319814 112.739319
sb71 100.170188 189.521091 164.170188 211.521091
sb72 5.829300 149.029330 66.829300 210.029330
sb73 207.000000 0.000000 268.000000 67.000000
sb74 25.362065 115.558202 63.362065 157.558202
sb75 127.048192 0.000000 146.048192 28.000000
sb76 196.456631 119.412497 218.456631 152.412497
sb77 193.738123 211.000000 259.738123 268.000000
sb78 188.138313 179.243132 224.138313 211.243132
sb79 0.000000 80.194538 60.000000 121.194538
sb80 201.018257 101.464323 217.018257 159.464323
sb81 107.344715 179.999866 147.344715 229.999866
sb82 27.462963 71.756733 74.462963 128.756733
sb83 69.238526 159.618025 91.238526 175.618025
sb84 146.700195 126.036882 213.700195 148.036882
sb85 172.396884 88.998580 192.396884 113.998580
sb86 102.658110 115.597635 158.658110 152.597635
sb87 61.519825 117.500580 100.519825 161.500580
sb88 0.000000 52.343447 37.000000 76.343447
sb89 62.511883 54.725582 100.511883 81.725582
sb90 129.171887 235.000000 168.171887 268.000000
sb91 27.548008 34.149965 83.548008 67.149965
sb92 0.000000 51.346261 26.000000 67.346261
sb93 45.866450 230.697170 110.866450 265.697170
sb94 166.490524 0.000000 207.490524 59.000000
sb95 39.908360 208.925890 90.908360 227.925890
sb96 69.898627 117.488419 109.898627 183.488419
sb97 189.501323 0.000000 206.501323 67.000000
sb98 163.946368 184.499816 185.946368 246.499816
sb99 219.000000 202.000000 268.000000 268.000000

[Iter 5650]
sb0 149.561069 43.484758 192.561069 76.484758
sb1 142.574412 0.000000 207.574412 37.000000
sb2 54.303194 202.241370 107.303194 236.241370
sb3 0.000000 123.430148 37.000000 190.430148
sb4 0.000000 205.447906 29.000000 224.447906
sb5 76.837983 65.792514 115.837983 114.792514
sb6 228.000000 185.457231 268.000000 203.457231
sb7 212.399821 92.295589 234.399821 132.295589
sb8 147.058214 206.000000 197.058214 268.000000
sb9 235.177223 105.310806 251.177223 146.310806
sb10 63.930466 0.907883 81.930466 52.907883
sb11 64.716186 140.713406 103.716186 199.713406
sb12 106.751594 64.273690 167.751594 92.273690
sb13 211.262409 143.750060 259.262409 200.750060
sb14 205.000000 14.072741 268.000000 57.072741
sb15 209.000000 132.091737 268.000000 184.091737
sb16 161.153477 91.922035 197.153477 148.922035
sb17 111.952269 202.000000 155.952269 268.000000
sb18 52.978187 1.134363 100.978187 52.134363
sb19 132.315423 153.582884 163.315423 203.582884
sb20 68.557059 183.665602 105.557059 202.665602
sb21 35.691138 175.846834 99.691138 225.846834
sb22 105.744754 144.551288 154.744754 178.551288
sb23 248.000000 125.979672 268.000000 174.979672
sb24 163.847459 150.969726 208.847459 178.969726
sb25 214.000000 89.096353 268.000000 128.096353
sb26 126.091566 0.000000 181.091566 40.000000
sb27 243.000000 68.310676 268.000000 133.310676
sb28 176.701418 222.000000 215.701418 268.000000
sb29 171.847740 96.565771 195.847740 158.565771
sb30 121.301573 41.346990 145.301573 67.346990
sb31 91.000773 79.601638 117.000773 113.601638
sb32 200.631806 202.016258 243.631806 255.016258
sb33 157.835206 91.156048 179.835206 126.156048
sb34 61.265829 63.608320 88.265829 117.608320
sb35 2.122387 191.727409 33.122387 229.727409
sb36 86.906403 0.000000 125.906403 67.000000
sb37 114.129443 126.312378 134.129443 186.312378
sb38 218.653093 134.247941 241.653093 191.247941
sb39 65.770081 85.289518 117.770081 140.289518
sb40 0.000000 92.120854 26.000000 121.120854
sb41 99.872569 152.657301 126.872569 207.657301
sb42 2.482362 63.853858 64.482362 116.853858
sb43 0.000000 222.000000 61.000000 268.000000
sb44 126.235701 39.358512 191.235701 86.358512
sb45 245.000000 171.054070 268.000000 215.054070
sb46 5.151661 125.887508 44.151661 147.887508
sb47 165.103281 62.739512 230.103281 95.739512
sb48 0.000000 0.000000 57.000000 27.000000
sb49 192.852280 64.267197 239.852280 129.267197
sb50 132.247303 150.971253 199.247303 182.971253
sb51 88.950025 211.000000 126.950025 268.000000
sb52 153.649947 158.691536 207.649947 203.691536
sb53 32.109341 45.978746 75.109341 66.978746
sb54 158.201130 185.061734 176.201130 246.061734
sb55 85.394579 17.763405 119.394579 73.763405
sb56 0.000000 104.291385 17.000000 167.291385
sb57 41.672394 126.278466 59.672394 173.278466
sb58 98.293346 234.000000 144.293346 268.000000
sb59 34.740047 231.000000 84.740047 268.000000
sb60 155.187092 245.000000 195.187092 268.000000
sb61 179.627159 73.881625 212.627159 96.881625
sb62 206.959823 1.011181 266.959823 20.011181
sb63 182.930313 176.840701 218.930313 221.840701
sb64 119.432026 96.514502 169.432026 143.514502
sb65 3.143510 155.554279 60.143510 211.554279
sb66 99.595406 0.000000 166.595406 61.000000
sb67 113.311747 89.077298 157.311747 129.077298
sb68 210.384740 23.369059 262.384740 86.369059
sb69 0.000000 29.478572 54.000000 56.478572
sb70 118.338756 70.544463 160.338756 112.544463
sb71 99.586283 189.884243 163.586283 211.884243
sb72 5.108299 148.910959 66.108299 209.910959
sb73 207.000000 0.000000 268.000000 67.000000
sb74 25.379472 115.839602 63.379472 157.839602
sb75 127.141339 0.000000 146.141339 28.000000
sb76 197.147675 119.299817 219.147675 152.299817
sb77 193.729527 211.000000 259.729527 268.000000
sb78 188.081627 179.177296 224.081627 211.177296
sb79 0.000000 80.169243 60.000000 121.169243
sb80 201.081139 101.746304 217.081139 159.746304
sb81 107.692138 180.008254 147.692138 230.008254
sb82 27.427019 70.061498 74.427019 127.061498
sb83 68.980357 159.617422 90.980357 175.617422
sb84 146.311050 126.669486 213.311050 148.669486
sb85 172.518446 90.153475 192.518446 115.153475
sb86 102.734790 115.471472 158.734790 152.471472
sb87 61.562363 117.421192 100.562363 161.421192
sb88 0.000000 52.325185 37.000000 76.325185
sb89 62.983387 55.040826 100.983387 82.040826
sb90 128.356901 235.000000 167.356901 268.000000
sb91 27.929149 32.773503 83.929149 65.773503
sb92 0.000000 52.100826 26.000000 68.100826
sb93 45.778440 230.793947 110.778440 265.793947
sb94 166.458479 0.000000 207.458479 59.000000
sb95 38.862081 208.883268 89.862081 227.883268
sb96 69.041743 117.273971 109.041743 183.273971
sb97 189.764828 0.000000 206.764828 67.000000
sb98 163.868378 184.496709 185.868378 246.496709
sb99 219.000000 202.000000 268.000000 268.000000

[Iter 5700]
sb0 149.782969 43.443165 192.782969 76.443165
sb1 142.615938 0.000000 207.615938 37.000000
sb2 54.664142 202.847312 107.664142 236.847312
sb3 0.000000 123.396738 37.000000 190.396738
sb4 0.000000 205.448906 29.000000 224.448906
sb5 76.954587 65.618622 115.954587 114.618622
sb6 228.000000 185.379972 268.000000 203.379972
sb7 213.327458 91.884613 235.327458 131.884613
sb8 147.605373 206.000000 197.605373 268.000000
sb9 236.034691 105.315318 252.034691 146.315318
sb10 63.838183 0.659344 81.838183 52.659344
sb11 64.913812 141.338397 103.913812 200.338397
sb12 106.658586 64.329884 167.658586 92.329884
sb13 211.639853 143.680613 259.639853 200.680613
sb14 205.000000 14.032734 268.000000 57.032734
sb15 209.000000 131.948585 268.000000 183.948585
sb16 161.178011 91.832801 197.178011 148.832801
sb17 111.879827 202.000000 155.879827 268.000000
sb18 52.922136 1.562893 100.922136 52.562893
sb19 132.039077 153.527608 163.039077 203.527608
sb20 68.432313 183.200454 105.432313 202.200454
sb21 35.470954 175.926625 99.470954 225.926625
sb22 106.028450 144.651212 155.028450 178.651212
sb23 248.000000 125.921578 268.000000 174.921578
sb24 163.598924 150.965596 208.598924 178.965596
sb25 214.000000 89.031419 268.000000 128.031419
sb26 126.175112 0.000000 181.175112 40.000000
sb27 243.000000 68.031875 268.000000 133.031875
sb28 176.799809 222.000000 215.799809 268.000000
sb29 172.522041 96.568489 196.522041 158.568489
sb30 121.276517 41.261396 145.276517 67.261396
sb31 90.999777 79.450179 116.999777 113.450179
sb32 201.185483 201.984131 244.185483 254.984131
sb33 157.806999 91.020017 179.806999 126.020017
sb34 61.274681 63.432216 88.274681 117.432216
sb35 1.874301 191.798089 32.874301 229.798089
sb36 87.720478 0.000000 126.720478 67.000000
sb37 113.061731 126.272927 133.061731 186.272927
sb38 218.644752 134.249136 241.644752 191.249136
sb39 66.196941 85.981592 118.196941 140.981592
sb40 0.000000 92.322862 26.000000 121.322862
sb41 99.624855 152.609071 126.624855 207.609071
sb42 3.096859 64.082173 65.096859 117.082173
sb43 0.000000 222.000000 61.000000 268.000000
sb44 127.225673 39.686900 192.225673 86.686900
sb45 245.000000 171.045175 268.000000 215.045175
sb46 9.560309 125.464308 48.560309 147.464308
sb47 165.045426 62.715050 230.045426 95.715050
sb48 0.000000 0.000000 57.000000 27.000000
sb49 192.775886 64.481280 239.775886 129.481280
sb50 130.818634 151.959768 197.818634 183.959768
sb51 88.338255 211.000000 126.338255 268.000000
sb52 154.042839 158.640867 208.042839 203.640867
sb53 32.082798 45.799471 75.082798 66.799471
sb54 158.223022 186.263818 176.223022 247.263818
sb55 85.334124 17.512490 119.334124 73.512490
sb56 0.000000 104.356130 17.000000 167.356130
sb57 41.656233 126.106694 59.656233 173.106694
sb58 98.903253 234.000000 144.903253 268.000000
sb59 34.114674 231.000000 84.114674 268.000000
sb60 155.190240 245.000000 195.190240 268.000000
sb61 179.914542 73.873164 212.914542 96.873164
sb62 207.175067 0.883278 267.175067 19.883278
sb63 183.066246 176.685769 219.066246 221.685769
sb64 119.991996 96.561167 169.991996 143.561167
sb65 3.464507 155.730473 60.464507 211.730473
sb66 99.569547 0.000000 166.569547 61.000000
sb67 113.365220 89.667004 157.365220 129.667004
sb68 210.647995 23.256057 262.647995 86.256057
sb69 0.000000 29.567111 54.000000 56.567111
sb70 118.345785 70.332394 160.345785 112.332394
sb71 99.286579 190.331104 163.286579 212.331104
sb72 4.414811 148.963090 65.414811 209.963090
sb73 207.000000 0.000000 268.000000 67.000000
sb74 25.397721 116.075867 63.397721 158.075867
sb75 127.560637 0.000000 146.560637 28.000000
sb76 197.944638 118.918200 219.944638 151.918200
sb77 193.694806 211.000000 259.694806 268.000000
sb78 187.988094 179.139177 223.988094 211.139177
sb79 0.000000 80.116170 60.000000 121.116170
sb80 201.093238 102.040912 217.093238 160.040912
sb81 108.093633 180.061163 148.093633 230.061163
sb82 27.369618 68.173354 74.369618 125.173354
sb83 68.655437 159.619168 90.655437 175.619168
sb84 146.035571 127.643052 213.035571 149.643052
sb85 172.724146 92.070014 192.724146 117.070014
sb86 102.763480 115.324356 158.763480 152.324356
sb87 61.588219 117.283225 100.588219 161.283225
sb88 0.000000 52.285671 37.000000 76.285671
sb89 63.472431 55.518864 101.472431 82.518864
sb90 127.896204 235.000000 166.896204 268.000000
sb91 28.803802 31.162659 84.803802 64.162659
sb92 0.000000 52.866610 26.000000 68.866610
sb93 45.681039 230.881086 110.681039 265.881086
sb94 166.437327 0.000000 207.437327 59.000000
sb95 38.432424 208.779301 89.432424 227.779301
sb96 68.126139 116.821720 108.126139 182.821720
sb97 189.995274 0.000000 206.995274 67.000000
sb98 163.726081 184.495149 185.726081 246.495149
sb99 219.000000 202.000000 268.000000 268.000000

[Iter 5750]
sb0 150.006434 43.430947 193.006434 76.430947
sb1 142.768708 0.000000 207.768708 37.000000
sb2 54.873060 203.437574 107.873060 237.437574
sb3 0.000000 123.328215 37.000000 190.328215
sb4 0.000000 205.427594 29.000000 224.427594
sb5 76.701109 65.423483 115.701109 114.423483
sb6 228.000000 185.305000 268.000000 203.305000
sb7 213.937565 91.390247 235.937565 131.390247
sb8 148.221601 206.000000 198.221601 268.000000
sb9 236.725105 105.313491 252.725105 146.313491
sb10 63.780686 0.438585 81.780686 52.438585
sb11 65.179006 141.999266 104.179006 200.999266
sb12 106.507983 64.361711 167.507983 92.361711
sb13 212.026918 143.551941 260.026918 200.551941
sb14 205.000000 14.016404 268.000000 57.016404
sb15 209.000000 131.837240 268.000000 183.837240
sb16 161.171620 91.783771 197.171620 148.783771
sb17 111.795385 202.000000 155.795385 268.000000
sb18 52.886981 2.096232 100.886981 53.096232
sb19 131.696205 153.472403 162.696205 203.472403
sb20 68.775392 182.607798 105.775392 201.607798
sb21 35.189942 176.030523 99.189942 226.030523
sb22 106.403192 144.744534 155.403192 178.744534
sb23 248.000000 125.939649 268.000000 174.939649
sb24 163.312650 150.979475 208.312650 178.979475
sb25 214.000000 89.010478 268.000000 128.010478
sb26 126.353267 0.000000 181.353267 40.000000
sb27 243.000000 67.791809 268.000000 132.791809
sb28 176.702844 222.000000 215.702844 268.000000
sb29 173.264464 96.576281 197.264464 158.576281
sb30 121.289926 41.137943 145.289926 67.137943
sb31 91.002582 79.281751 117.002582 113.281751
sb32 201.814897 201.888969 244.814897 254.888969
sb33 157.813182 91.680798 179.813182 126.680798
sb34 61.293196 63.275651 88.293196 117.275651
sb35 1.567905 191.862199 32.567905 229.862199
sb36 88.235721 0.000000 127.235721 67.000000
sb37 112.616991 125.914773 132.616991 185.914773
sb38 218.604508 134.252667 241.604508 191.252667
sb39 66.733629 86.679057 118.733629 141.679057
sb40 0.000000 93.956374 26.000000 122.956374
sb41 99.318089 152.589510 126.318089 207.589510
sb42 3.692729 64.146504 65.692729 117.146504
sb43 0.000000 222.000000 61.000000 268.000000
sb44 127.570414 39.781230 192.570414 86.781230
sb45 245.000000 171.051941 268.000000 215.051941
sb46 14.784838 125.155176 53.784838 147.155176
sb47 164.867743 62.668326 229.867743 95.668326
sb48 0.000000 0.000000 57.000000 27.000000
sb49 192.704835 64.596082 239.704835 129.596082
sb50 130.275369 152.468345 197.275369 184.468345
sb51 87.511981 211.000000 125.511981 268.000000
sb52 154.467333 158.572470 208.467333 203.572470
sb53 32.091323 45.740550 75.091323 66.740550
sb54 158.046333 187.220065 176.046333 248.220065
sb55 85.312330 17.250032 119.312330 73.250032
sb56 0.000000 104.248050 17.000000 167.248050
sb57 41.622628 125.899606 59.622628 172.899606
sb58 99.633351 234.000000 145.633351 268.000000
sb59 33.344479 231.000000 83.344479 268.000000
sb60 155.190008 245.000000 195.190008 268.000000
sb61 180.165331 73.891658 213.165331 96.891658
sb62 207.402113 0.801359 267.402113 19.801359
sb63 183.073347 176.663163 219.073347 221.663163
sb64 120.638950 96.576021 170.638950 143.576021
sb65 3.722701 155.735261 60.722701 211.735261
sb66 99.564413 0.000000 166.564413 61.000000
sb67 113.313108 89.409753 157.313108 129.409753
sb68 210.900975 23.190694 262.900975 86.190694
sb69 0.000000 29.587140 54.000000 56.587140
sb70 118.340423 70.125537 160.340423 112.125537
sb71 99.038522 190.510233 163.038522 212.510233
sb72 4.325004 148.865725 65.325004 209.865725
sb73 207.000000 0.000000 268.000000 67.000000
sb74 25.749775 116.114110 63.749775 158.114110
sb75 127.985713 0.000000 146.985713 28.000000
sb76 198.758501 118.473512 220.758501 151.473512
sb77 193.650716 211.000000 259.650716 268.000000
sb78 187.866340 179.112847 223.866340 211.112847
sb79 0.000000 80.029189 60.000000 121.029189
sb80 201.073766 102.319497 217.073766 160.319497
sb81 108.482526 180.138423 148.482526 230.138423
sb82 27.021576 66.480539 74.021576 123.480539
sb83 68.257984 159.611502 90.257984 175.611502
sb84 145.698061 128.037896 212.698061 150.037896
sb85 172.485916 92.040028 192.485916 117.040028
sb86 102.756090 115.186423 158.756090 152.186423
sb87 61.598598 117.150038 100.598598 161.150038
sb88 0.000000 52.196019 37.000000 76.196019
sb89 64.025861 56.076407 102.025861 83.076407
sb90 126.992783 235.000000 165.992783 268.000000
sb91 29.431691 29.702336 85.431691 62.702336
sb92 0.000000 53.304530 26.000000 69.304530
sb93 45.566018 230.992812 110.566018 265.992812
sb94 166.429549 0.000000 207.429549 59.000000
sb95 37.999001 208.674285 88.999001 227.674285
sb96 67.727958 116.152027 107.727958 182.152027
sb97 190.224822 0.000000 207.224822 67.000000
sb98 163.565041 184.488504 185.565041 246.488504
sb99 219.000000 202.000000 268.000000 268.000000

[Iter 5800]
sb0 150.214704 43.419340 193.214704 76.419340
sb1 142.794862 0.000000 207.794862 37.000000
sb2 55.256378 204.004846 108.256378 238.004846
sb3 0.000000 123.247582 37.000000 190.247582
sb4 0.000000 205.427227 29.000000 224.427227
sb5 76.377995 65.276195 115.377995 114.276195
sb6 228.000000 185.270213 268.000000 203.270213
sb7 214.379636 91.141435 236.379636 131.141435
sb8 148.894288 206.000000 198.894288 268.000000
sb9 237.113665 105.309460 253.113665 146.309460
sb10 63.728519 0.249747 81.728519 52.249747
sb11 65.539717 142.609449 104.539717 201.609449
sb12 106.473241 64.418414 167.473241 92.418414
sb13 212.576702 143.580010 260.576702 200.580010
sb14 205.000000 13.936055 268.000000 56.936055
sb15 209.000000 131.786852 268.000000 183.786852
sb16 161.161746 91.747397 197.161746 148.747397
sb17 111.783051 202.000000 155.783051 268.000000
sb18 52.789255 2.513275 100.789255 53.513275
sb19 131.413257 153.475082 162.413257 203.475082
sb20 69.307097 181.991866 106.307097 200.991866
sb21 34.921303 176.163622 98.921303 226.163622
sb22 106.830244 144.877512 155.830244 178.877512
sb23 248.000000 125.948329 268.000000 174.948329
sb24 163.037218 150.988109 208.037218 178.988109
sb25 214.000000 88.982025 268.000000 127.982025
sb26 126.538620 0.000000 181.538620 40.000000
sb27 243.000000 67.601804 268.000000 132.601804
sb28 176.620602 222.000000 215.620602 268.000000
sb29 173.784751 96.584138 197.784751 158.584138
sb30 121.312360 41.031254 145.312360 67.031254
sb31 91.003472 79.132113 117.003472 113.132113
sb32 202.525598 201.934838 245.525598 254.934838
sb33 157.792924 92.305784 179.792924 127.305784
sb34 61.311124 63.138907 88.311124 117.138907
sb35 1.267591 191.915694 32.267591 229.915694
sb36 88.451724 0.000000 127.451724 67.000000
sb37 112.406948 125.873883 132.406948 185.873883
sb38 218.589407 134.254183 241.589407 191.254183
sb39 67.196467 87.204647 119.196467 142.204647
sb40 0.000000 97.089420 26.000000 126.089420
sb41 99.028075 152.599724 126.028075 207.599724
sb42 4.212003 64.430603 66.212003 117.430603
sb43 0.000000 222.000000 61.000000 268.000000
sb44 127.777115 39.896841 192.777115 86.896841
sb45 245.000000 171.057954 268.000000 215.057954
sb46 20.238288 124.745775 59.238288 146.745775
sb47 164.812308 62.635010 229.812308 95.635010
sb48 0.000000 0.000000 57.000000 27.000000
sb49 192.667279 64.768765 239.667279 129.768765
sb50 129.867971 152.968315 196.867971 184.968315
sb51 86.761256 211.000000 124.761256 268.000000
sb52 155.021076 158.584837 209.021076 203.584837
sb53 32.100220 45.611352 75.100220 66.611352
sb54 157.916123 188.047627 175.916123 249.047627
sb55 85.300311 17.000555 119.300311 73.000555
sb56 0.000000 104.251206 17.000000 167.251206
sb57 41.587141 125.876398 59.587141 172.876398
sb58 100.329435 234.000000 146.329435 268.000000
sb59 32.638804 231.000000 82.638804 268.000000
sb60 155.187383 245.000000 195.187383 268.000000
sb61 180.317935 73.918234 213.317935 96.918234
sb62 207.646007 0.727503 267.646007 19.727503
sb63 183.104420 176.658517 219.104420 221.658517
sb64 121.144951 96.655396 171.144951 143.655396
sb65 4.088180 155.863626 61.088180 211.863626
sb66 99.510566 0.000000 166.510566 61.000000
sb67 113.309545 89.236993 157.309545 129.236993
sb68 211.143241 23.137264 263.143241 86.137264
sb69 0.000000 29.839006 54.000000 56.839006
sb70 118.334965 69.953609 160.334965 111.953609
sb71 98.850627 190.811830 162.850627 212.811830
sb72 4.445647 148.454118 65.445647 209.454118
sb73 207.000000 0.000000 268.000000 67.000000
sb74 26.119666 116.360838 64.119666 158.360838
sb75 128.119224 0.000000 147.119224 28.000000
sb76 199.337647 118.534866 221.337647 151.534866
sb77 193.681044 211.000000 259.681044 268.000000
sb78 187.890533 179.068705 223.890533 211.068705
sb79 0.000000 79.946571 60.000000 120.946571
sb80 201.066049 102.620890 217.066049 160.620890
sb81 108.993764 180.244141 148.993764 230.244141
sb82 26.540163 65.194613 73.540163 122.194613
sb83 67.854292 159.617227 89.854292 175.617227
sb84 145.432699 128.483120 212.432699 150.483120
sb85 172.384986 92.063983 192.384986 117.063983
sb86 102.737657 115.090513 158.737657 152.090513
sb87 61.594131 117.035192 100.594131 161.035192
sb88 0.000000 52.100758 37.000000 76.100758
sb89 64.455360 56.498806 102.455360 83.498806
sb90 126.233817 235.000000 165.233817 268.000000
sb91 29.643151 28.511551 85.643151 61.511551
sb92 0.000000 53.926926 26.000000 69.926926
sb93 45.520698 231.130986 110.520698 266.130986
sb94 166.393245 0.000000 207.393245 59.000000
sb95 37.365223 208.527860 88.365223 227.527860
sb96 67.612579 115.546941 107.612579 181.546941
sb97 190.459270 0.000000 207.459270 67.000000
sb98 163.563977 184.454995 185.563977 246.454995
sb99 219.000000 202.000000 268.000000 268.000000

[Iter 5850]
sb0 150.368195 43.427823 193.368195 76.427823
sb1 142.818575 0.000000 207.818575 37.000000
sb2 55.433830 204.204374 108.433830 238.204374
sb3 0.000000 123.182343 37.000000 190.182343
sb4 0.000000 205.429006 29.000000 224.429006
sb5 75.732294 65.205138 114.732294 114.205138
sb6 228.000000 185.230923 268.000000 203.230923
sb7 214.752371 91.017798 236.752371 131.017798
sb8 149.149812 206.000000 199.149812 268.000000
sb9 237.460632 105.312702 253.460632 146.312702
sb10 63.694613 0.061832 81.694613 52.061832
sb11 65.940121 142.774983 104.940121 201.774983
sb12 106.559300 64.429662 167.559300 92.429662
sb13 212.936232 143.619342 260.936232 200.619342
sb14 205.000000 13.877455 268.000000 56.877455
sb15 209.000000 131.726060 268.000000 183.726060
sb16 161.164099 91.719479 197.164099 148.719479
sb17 111.787014 202.000000 155.787014 268.000000
sb18 52.677049 2.499729 100.677049 53.499729
sb19 131.194421 153.471592 162.194421 203.471592
sb20 69.680288 181.749091 106.680288 200.749091
sb21 34.699339 176.283660 98.699339 226.283660
sb22 107.250272 144.903688 156.250272 178.903688
sb23 248.000000 125.927007 268.000000 174.927007
sb24 162.854040 150.995300 207.854040 178.995300
sb25 214.000000 88.945075 268.000000 127.945075
sb26 126.691909 0.000000 181.691909 40.000000
sb27 243.000000 67.483920 268.000000 132.483920
sb28 176.491607 222.000000 215.491607 268.000000
sb29 174.168329 96.578575 198.168329 158.578575
sb30 121.326705 40.968331 145.326705 66.968331
sb31 91.010071 79.015916 117.010071 113.015916
sb32 202.821699 201.978900 245.821699 254.978900
sb33 157.788845 92.363470 179.788845 127.363470
sb34 61.318391 63.041990 88.318391 117.041990
sb35 1.043584 192.006665 32.043584 230.006665
sb36 88.524518 0.000000 127.524518 67.000000
sb37 112.882944 125.872412 132.882944 185.872412
sb38 218.598244 134.246878 241.598244 191.246878
sb39 67.516698 87.361717 119.516698 142.361717
sb40 0.000000 101.604093 26.000000 130.604093
sb41 98.796039 152.634647 125.796039 207.634647
sb42 4.605916 64.860169 66.605916 117.860169
sb43 0.000000 222.000000 61.000000 268.000000
sb44 127.897285 39.872940 192.897285 86.872940
sb45 245.000000 171.078247 268.000000 215.078247
sb46 23.673538 124.241137 62.673538 146.241137
sb47 164.928511 62.606899 229.928511 95.606899
sb48 0.000000 0.000000 57.000000 27.000000
sb49 192.658014 64.827188 239.658014 129.827188
sb50 130.084491 153.158076 197.084491 185.158076
sb51 85.923761 211.000000 123.923761 268.000000
sb52 155.331888 158.609769 209.331888 203.609769
sb53 32.121179 45.463141 75.121179 66.463141
sb54 157.758803 188.565477 175.758803 249.565477
sb55 85.291128 16.805294 119.291128 72.805294
sb56 0.000000 104.468747 17.000000 167.468747
sb57 41.569702 125.875598 59.569702 172.875598
sb58 100.405343 234.000000 146.405343 268.000000
sb59 31.771098 231.000000 81.771098 268.000000
sb60 155.187422 245.000000 195.187422 268.000000
sb61 180.498252 73.936660 213.498252 96.936660
sb62 207.870634 0.652568 267.870634 19.652568
sb63 183.137857 176.683722 219.137857 221.683722
sb64 121.515755 96.660293 171.515755 143.660293
sb65 4.454679 156.066053 61.454679 212.066053
sb66 99.438742 0.000000 166.438742 61.000000
sb67 113.148444 88.926478 157.148444 128.926478
sb68 211.355925 23.070705 263.355925 86.070705
sb69 0.000000 30.187876 54.000000 57.187876
sb70 118.333107 69.850253 160.333107 111.850253
sb71 98.791345 191.004988 162.791345 213.004988
sb72 4.809713 147.960555 65.809713 208.960555
sb73 207.000000 0.000000 268.000000 67.000000
sb74 26.377636 116.763326 64.377636 158.763326
sb75 128.166216 0.000000 147.166216 28.000000
sb76 199.689571 118.587975 221.689571 151.587975
sb77 193.685234 211.000000 259.685234 268.000000
sb78 187.938891 179.036203 223.938891 211.036203
sb79 0.000000 79.880574 60.000000 120.880574
sb80 201.071886 102.855413 217.071886 160.855413
sb81 109.263937 180.303273 149.263937 230.303273
sb82 25.778235 64.152215 72.778235 121.152215
sb83 67.572293 159.625536 89.572293 175.625536
sb84 145.160093 128.499649 212.160093 150.499649
sb85 172.372593 92.112187 192.372593 117.112187
sb86 102.727702 115.036436 158.727702 152.036436
sb87 61.599111 116.941438 100.599111 160.941438
sb88 0.000000 52.030389 37.000000 76.030389
sb89 64.674956 56.499051 102.674956 83.499051
sb90 125.576619 235.000000 164.576619 268.000000
sb91 29.701452 27.491852 85.701452 60.491852
sb92 0.000000 54.880500 26.000000 70.880500
sb93 45.506688 231.249540 110.506688 266.249540
sb94 166.348509 0.000000 207.348509 59.000000
sb95 36.528218 208.473099 87.528218 227.473099
sb96 68.154081 115.291346 108.154081 181.291346
sb97 190.657965 0.000000 207.657965 67.000000
sb98 163.562480 184.371294 185.562480 246.371294
sb99 219.000000 202.000000 268.000000 268.000000

[Iter 5900]
sb0 150.513555 43.429874 193.513555 76.429874
sb1 142.835292 0.000000 207.835292 37.000000
sb2 55.661161 204.393050 108.661161 238.393050
sb3 0.000000 123.149188 37.000000 190.149188
sb4 0.000000 205.442632 29.000000 224.442632
sb5 75.034689 65.197505 114.034689 114.197505
sb6 228.000000 185.178386 268.000000 203.178386
sb7 214.828588 91.082195 236.828588 131.082195
sb8 149.478480 206.000000 199.478480 268.000000
sb9 237.554334 105.312806 253.554334 146.312806
sb10 63.699208 0.000000 81.699208 52.000000
sb11 66.369937 142.843490 105.369937 201.843490
sb12 106.675300 64.418678 167.675300 92.418678
sb13 213.258601 143.609102 261.258601 200.609102
sb14 205.000000 13.819143 268.000000 56.819143
sb15 209.000000 131.640470 268.000000 183.640470
sb16 161.188833 91.642142 197.188833 148.642142
sb17 111.799948 202.000000 155.799948 268.000000
sb18 52.638716 2.517347 100.638716 53.517347
sb19 131.022992 153.472482 162.022992 203.472482
sb20 69.857593 181.742681 106.857593 200.742681
sb21 34.554980 176.365531 98.554980 226.365531
sb22 107.671561 144.891683 156.671561 178.891683
sb23 248.000000 125.909802 268.000000 174.909802
sb24 162.689280 150.973154 207.689280 178.973154
sb25 214.000000 88.917597 268.000000 127.917597
sb26 126.827777 0.000000 181.827777 40.000000
sb27 243.000000 67.355805 268.000000 132.355805
sb28 176.389477 222.000000 215.389477 268.000000
sb29 174.253778 96.581587 198.253778 158.581587
sb30 121.370048 40.923081 145.370048 66.923081
sb31 91.029054 78.959033 117.029054 112.959033
sb32 203.156166 201.979139 246.156166 254.979139
sb33 157.704876 92.376181 179.704876 127.376181
sb34 61.333240 62.962606 88.333240 116.962606
sb35 0.907546 192.080531 31.907546 230.080531
sb36 88.557467 0.000000 127.557467 67.000000
sb37 113.301470 125.877620 133.301470 185.877620
sb38 218.605872 134.249341 241.605872 191.249341
sb39 67.592241 87.377419 119.592241 142.377419
sb40 0.000000 106.579502 26.000000 135.579502
sb41 98.628553 152.647702 125.628553 207.647702
sb42 4.565147 65.016605 66.565147 118.016605
sb43 0.000000 222.000000 61.000000 268.000000
sb44 127.957493 39.831790 192.957493 86.831790
sb45 245.000000 171.090935 268.000000 215.090935
sb46 24.993457 123.720941 63.993457 145.720941
sb47 165.102266 62.593317 230.102266 95.593317
sb48 0.000000 0.000000 57.000000 27.000000
sb49 192.634096 64.848370 239.634096 129.848370
sb50 130.412137 153.208917 197.412137 185.208917
sb51 85.455480 211.000000 123.455480 268.000000
sb52 155.694008 158.635506 209.694008 203.635506
sb53 32.120018 45.395962 75.120018 66.395962
sb54 157.682025 188.686896 175.682025 249.686896
sb55 85.312692 16.695986 119.312692 72.695986
sb56 0.000000 104.936923 17.000000 167.936923
sb57 41.564049 125.875103 59.564049 172.875103
sb58 100.711159 234.000000 146.711159 268.000000
sb59 31.281291 231.000000 81.281291 268.000000
sb60 155.186854 245.000000 195.186854 268.000000
sb61 180.713034 73.926722 213.713034 96.926722
sb62 208.000000 0.585261 268.000000 19.585261
sb63 183.215044 176.715889 219.215044 221.715889
sb64 121.606067 96.621651 171.606067 143.621651
sb65 4.995798 156.188082 61.995798 212.188082
sb66 99.408010 0.000000 166.408010 61.000000
sb67 112.915981 88.611196 156.915981 128.611196
sb68 211.569270 23.010694 263.569270 86.010694
sb69 0.000000 30.280179 54.000000 57.280179
sb70 118.347526 69.769535 160.347526 111.769535
sb71 98.776305 191.071878 162.776305 213.071878
sb72 5.109712 147.581349 66.109712 208.581349
sb73 207.000000 0.000000 268.000000 67.000000
sb74 26.535927 116.876332 64.535927 158.876332
sb75 128.187560 0.000000 147.187560 28.000000
sb76 199.750547 118.650083 221.750547 151.650083
sb77 193.673624 211.000000 259.673624 268.000000
sb78 187.967648 178.995671 223.967648 210.995671
sb79 0.000000 79.847140 60.000000 120.847140
sb80 201.082854 103.087611 217.082854 161.087611
sb81 109.570452 180.307085 149.570452 230.307085
sb82 24.948785 63.430432 71.948785 120.430432
sb83 67.357986 159.618666 89.357986 175.618666
sb84 144.961240 128.481487 211.961240 150.481487
sb85 172.377655 92.081191 192.377655 117.081191
sb86 102.753763 114.997390 158.753763 151.997390
sb87 61.617278 116.872212 100.617278 160.872212
sb88 0.000000 51.989157 37.000000 75.989157
sb89 64.695191 56.525073 102.695191 83.525073
sb90 125.227999 235.000000 164.227999 268.000000
sb91 29.727499 26.768909 85.727499 59.768909
sb92 0.000000 54.932693 26.000000 70.932693
sb93 45.514020 231.331506 110.514020 266.331506
sb94 166.327308 0.000000 207.327308 59.000000
sb95 36.041471 208.401797 87.041471 227.401797
sb96 68.591028 115.221594 108.591028 181.221594
sb97 190.845962 0.000000 207.845962 67.000000
sb98 163.557829 184.289697 185.557829 246.289697
sb99 219.000000 202.000000 268.000000 268.000000

[Iter 5950]
sb0 150.649234 43.440568 193.649234 76.440568
sb1 142.838779 0.000000 207.838779 37.000000
sb2 55.895483 204.529607 108.895483 238.529607
sb3 0.000000 123.126755 37.000000 190.126755
sb4 0.000000 205.421854 29.000000 224.421854
sb5 74.193178 65.138452 113.193178 114.138452
sb6 228.000000 185.146194 268.000000 203.146194
sb7 214.840752 91.152704 236.840752 131.152704
sb8 149.840334 206.000000 199.840334 268.000000
sb9 237.625015 105.306750 253.625015 146.306750
sb10 63.730997 0.000000 81.730997 52.000000
sb11 66.762079 142.905592 105.762079 201.905592
sb12 106.711792 64.408589 167.711792 92.408589
sb13 213.684624 143.635172 261.684624 200.635172
sb14 205.000000 13.793438 268.000000 56.793438
sb15 209.000000 131.590529 268.000000 183.590529
sb16 161.224305 91.582575 197.224305 148.582575
sb17 111.799433 202.000000 155.799433 268.000000
sb18 52.622962 2.653734 100.622962 53.653734
sb19 130.896748 153.477190 161.896748 203.477190
sb20 69.808553 181.746520 106.808553 200.746520
sb21 34.434784 176.432500 98.434784 226.432500
sb22 108.103815 144.903008 157.103815 178.903008
sb23 248.000000 125.888514 268.000000 174.888514
sb24 162.571099 150.958799 207.571099 178.958799
sb25 214.000000 88.882633 268.000000 127.882633
sb26 126.966173 0.000000 181.966173 40.000000
sb27 243.000000 67.284717 268.000000 132.284717
sb28 176.308748 222.000000 215.308748 268.000000
sb29 174.328845 96.572016 198.328845 158.572016
sb30 121.437003 40.869198 145.437003 66.869198
sb31 91.057684 78.919225 117.057684 112.919225
sb32 203.532023 201.997191 246.532023 254.997191
sb33 157.289541 92.357704 179.289541 127.357704
sb34 61.350757 62.914414 88.350757 116.914414
sb35 0.794679 192.153518 31.794679 230.153518
sb36 88.554581 0.000000 127.554581 67.000000
sb37 113.500879 125.875889 133.500879 185.875889
sb38 218.628168 134.249291 241.628168 191.249291
sb39 67.627165 87.434980 119.627165 142.434980
sb40 0.000000 111.559763 26.000000 140.559763
sb41 98.500560 152.657373 125.500560 207.657373
sb42 4.493072 65.047483 66.493072 118.047483
sb43 0.000000 222.000000 61.000000 268.000000
sb44 127.967991 39.811589 192.967991 86.811589
sb45 245.000000 171.116117 268.000000 215.116117
sb46 26.001792 123.021529 65.001792 145.021529
sb47 165.181734 62.585505 230.181734 95.585505
sb48 0.000000 0.000000 57.000000 27.000000
sb49 192.546762 64.839895 239.546762 129.839895
sb50 130.638007 153.157586 197.638007 185.157586
sb51 85.185948 211.000000 123.185948 268.000000
sb52 156.107611 158.667889 210.107611 203.667889
sb53 32.113184 45.353551 75.113184 66.353551
sb54 157.625261 188.688831 175.625261 249.688831
sb55 85.354449 16.644497 119.354449 72.644497
sb56 0.000000 105.005963 17.000000 168.005963
sb57 41.562469 125.873753 59.562469 172.873753
sb58 101.058751 234.000000 147.058751 268.000000
sb59 30.996985 231.000000 80.996985 268.000000
sb60 155.188885 245.000000 195.188885 268.000000
sb61 180.899016 73.926836 213.899016 96.926836
sb62 208.000000 0.500019 268.000000 19.500019
sb63 183.232214 176.781134 219.232214 221.781134
sb64 121.655362 96.589362 171.655362 143.589362
sb65 5.446274 156.225226 62.446274 212.225226
sb66 99.391366 0.000000 166.391366 61.000000
sb67 112.444177 88.321980 156.444177 128.321980
sb68 211.747104 22.943159 263.747104 85.943159
sb69 0.000000 30.289896 54.000000 57.289896
sb70 118.376349 69.708495 160.376349 111.708495
sb71 98.688206 191.044401 162.688206 213.044401
sb72 5.221125 147.447054 66.221125 208.447054
sb73 207.000000 0.000000 268.000000 67.000000
sb74 26.665235 116.871647 64.665235 158.871647
sb75 128.185948 0.000000 147.185948 28.000000
sb76 199.844189 118.844927 221.844189 151.844927
sb77 193.670306 211.000000 259.670306 268.000000
sb78 187.992960 178.962058 223.992960 210.962058
sb79 0.000000 79.821696 60.000000 120.821696
sb80 201.106600 103.299709 217.106600 161.299709
sb81 109.895595 180.313851 149.895595 230.313851
sb82 23.961400 62.856454 70.961400 119.856454
sb83 67.204997 159.624256 89.204997 175.624256
sb84 144.793325 128.337948 211.793325 150.337948
sb85 172.362235 92.062965 192.362235 117.062965
sb86 102.789562 114.969630 158.789562 151.969630
sb87 61.639322 116.824830 100.639322 160.824830
sb88 0.000000 51.954486 37.000000 75.954486
sb89 64.647542 56.650512 102.647542 83.650512
sb90 125.027439 235.000000 164.027439 268.000000
sb91 29.710786 26.266019 85.710786 59.266019
sb92 0.000000 54.927103 26.000000 70.927103
sb93 45.504052 231.402618 110.504052 266.402618
sb94 166.314062 0.000000 207.314062 59.000000
sb95 35.650450 208.404757 86.650450 227.404757
sb96 68.773282 115.189892 108.773282 181.189892
sb97 191.004310 0.000000 208.004310 67.000000
sb98 163.560976 184.234625 185.560976 246.234625
sb99 219.000000 202.000000 268.000000 268.000000

[Iter 6000]
sb0 150.760243 43.454538 193.760243 76.454538
sb1 142.827497 0.000000 207.827497 37.000000
sb2 56.111377 204.752588 109.111377 238.752588
sb3 0.000000 123.118942 37.000000 190.118942
sb4 0.000000 205.409479 29.000000 224.409479
sb5 73.337230 65.016155 112.337230 114.016155
sb6 228.000000 185.102360 268.000000 203.102360
sb7 214.866695 91.189283 236.866695 131.189283
sb8 150.160359 206.000000 200.160359 268.000000
sb9 237.691453 105.309104 253.691453 146.309104
sb10 63.764357 0.000000 81.764357 52.000000
sb11 67.072980 143.060068 106.072980 202.060068
sb12 106.740630 64.408911 167.740630 92.408911
sb13 213.884098 143.679143 261.884098 200.679143
sb14 205.000000 13.766205 268.000000 56.766205
sb15 209.000000 131.520267 268.000000 183.520267
sb16 161.260506 91.540517 197.260506 148.540517
sb17 111.794656 202.000000 155.794656 268.000000
sb18 52.603730 2.842512 100.603730 53.842512
sb19 130.797911 153.483148 161.797911 203.483148
sb20 69.906299 181.748673 106.906299 200.748673
sb21 34.334186 176.485832 98.334186 226.485832
sb22 108.420186 144.903845 157.420186 178.903845
sb23 248.000000 125.877746 268.000000 174.877746
sb24 162.478573 150.951596 207.478573 178.951596
sb25 214.000000 88.846881 268.000000 127.846881
sb26 127.119795 0.000000 182.119795 40.000000
sb27 243.000000 67.252571 268.000000 132.252571
sb28 176.276919 222.000000 215.276919 268.000000
sb29 174.385874 96.567378 198.385874 158.567378
sb30 121.496195 40.802613 145.496195 66.802613
sb31 91.086580 78.890703 117.086580 112.890703
sb32 203.860873 202.059287 246.860873 255.059287
sb33 156.752366 92.299737 178.752366 127.299737
sb34 61.367573 62.881708 88.367573 116.881708
sb35 0.694387 192.224717 31.694387 230.224717
sb36 88.493912 0.000000 127.493912 67.000000
sb37 113.801768 125.876974 133.801768 185.876974
sb38 218.651674 134.252958 241.651674 191.252958
sb39 67.644567 87.548711 119.644567 142.548711
sb40 0.000000 114.881774 26.000000 143.881774
sb41 98.395036 152.665990 125.395036 207.665990
sb42 4.396341 65.111477 66.396341 118.111477
sb43 0.000000 222.000000 61.000000 268.000000
sb44 127.896500 39.785500 192.896500 86.785500
sb45 245.000000 171.147729 268.000000 215.147729
sb46 26.953008 122.468325 65.953008 144.468325
sb47 165.244759 62.577892 230.244759 95.577892
sb48 0.000000 0.000000 57.000000 27.000000
sb49 192.355295 64.805093 239.355295 129.805093
sb50 130.934487 153.075581 197.934487 185.075581
sb51 85.088166 211.000000 123.088166 268.000000
sb52 156.370364 158.697286 210.370364 203.697286
sb53 32.118328 45.324014 75.118328 66.324014
sb54 157.625857 188.689769 175.625857 249.689769
sb55 85.395800 16.616633 119.395800 72.616633
sb56 0.000000 105.398974 17.000000 168.398974
sb57 41.562492 125.859854 59.562492 172.859854
sb58 101.397205 234.000000 147.397205 268.000000
sb59 30.825569 231.000000 80.825569 268.000000
sb60 155.185906 245.000000 195.185906 268.000000
sb61 181.055527 73.930370 214.055527 96.930370
sb62 208.000000 0.417918 268.000000 19.417918
sb63 183.262977 176.842022 219.262977 221.842022
sb64 121.688474 96.563629 171.688474 143.563629
sb65 5.877103 156.296387 62.877103 212.296387
sb66 99.374268 0.000000 166.374268 61.000000
sb67 111.869271 88.153034 155.869271 128.153034
sb68 211.899228 22.875351 263.899228 85.875351
sb69 0.000000 30.313022 54.000000 57.313022
sb70 118.405156 69.659633 160.405156 111.659633
sb71 98.732267 191.008286 162.732267 213.008286
sb72 5.488164 147.519437 66.488164 208.519437
sb73 207.000000 0.000000 268.000000 67.000000
sb74 26.764192 116.861348 64.764192 158.861348
sb75 128.149633 0.000000 147.149633 28.000000
sb76 199.925601 118.965027 221.925601 151.965027
sb77 193.669241 211.000000 259.669241 268.000000
sb78 188.017454 178.935237 224.017454 210.935237
sb79 0.000000 79.813686 60.000000 120.813686
sb80 201.133813 103.488139 217.133813 161.488139
sb81 110.167034 180.312597 150.167034 230.312597
sb82 23.019939 62.590872 70.019939 119.590872
sb83 67.081885 159.621383 89.081885 175.621383
sb84 144.656711 128.171910 211.656711 150.171910
sb85 171.939779 92.013188 191.939779 117.013188
sb86 102.826315 114.949183 158.826315 151.949183
sb87 61.662560 116.790617 100.662560 160.790617
sb88 0.000000 51.930902 37.000000 75.930902
sb89 64.660327 56.837280 102.660327 83.837280
sb90 124.953922 235.000000 163.953922 268.000000
sb91 29.623832 26.029613 85.623832 59.029613
sb92 0.000000 54.936914 26.000000 70.936914
sb93 45.486886 231.460338 110.486886 266.460338
sb94 166.301523 0.000000 207.301523 59.000000
sb95 35.462545 208.500056 86.462545 227.500056
sb96 69.033856 115.193831 109.033856 181.193831
sb97 191.140954 0.000000 208.140954 67.000000
sb98 163.553609 184.196145 185.553609 246.196145
sb99 219.000000 202.000000 268.000000 268.000000

[Iter 6050]
sb0 150.864198 43.463757 193.864198 76.463757
sb1 142.802075 0.000000 207.802075 37.000000
sb2 56.334276 204.999464 109.334276 238.999464
sb3 0.000000 123.135506 37.000000 190.135506
sb4 0.000000 205.330815 29.000000 224.330815
sb5 72.645633 64.954260 111.645633 113.954260
sb6 228.000000 185.067846 268.000000 203.067846
sb7 214.894665 91.208104 236.894665 131.208104
sb8 150.478935 206.000000 200.478935 268.000000
sb9 237.750356 105.307371 253.750356 146.307371
sb10 63.791000 0.000000 81.791000 52.000000
sb11 67.333843 143.207769 106.333843 202.207769
sb12 106.723993 64.421567 167.723993 92.421567
sb13 214.115041 143.687567 262.115041 200.687567
sb14 205.000000 13.753447 268.000000 56.753447
sb15 209.000000 131.467566 268.000000 183.467566
sb16 161.289202 91.493921 197.289202 148.493921
sb17 111.778108 202.000000 155.778108 268.000000
sb18 52.571550 3.157738 100.571550 54.157738
sb19 130.766191 153.473977 161.766191 203.473977
sb20 70.034917 181.747883 107.034917 200.747883
sb21 34.296982 176.512965 98.296982 226.512965
sb22 108.672219 144.914327 157.672219 178.914327
sb23 248.000000 125.878764 268.000000 174.878764
sb24 162.432560 150.940400 207.432560 178.940400
sb25 214.000000 88.819141 268.000000 127.819141
sb26 127.276150 0.000000 182.276150 40.000000
sb27 243.000000 67.251130 268.000000 132.251130
sb28 176.258420 222.000000 215.258420 268.000000
sb29 174.408466 96.568452 198.408466 158.568452
sb30 121.544667 40.754120 145.544667 66.754120
sb31 91.104926 78.870181 117.104926 112.870181
sb32 204.179728 202.087365 247.179728 255.087365
sb33 156.405114 92.141318 178.405114 127.141318
sb34 61.379629 62.851517 88.379629 116.851517
sb35 0.641649 192.281508 31.641649 230.281508
sb36 88.377472 0.000000 127.377472 67.000000
sb37 114.039966 125.880242 134.039966 185.880242
sb38 218.678325 134.249462 241.678325 191.249462
sb39 67.584597 87.645680 119.584597 142.645680
sb40 0.000000 116.344069 26.000000 145.344069
sb41 98.378545 152.653148 125.378545 207.653148
sb42 4.102510 65.229725 66.102510 118.229725
sb43 0.000000 222.000000 61.000000 268.000000
sb44 127.823410 39.741332 192.823410 86.741332
sb45 245.000000 171.183646 268.000000 215.183646
sb46 27.390153 122.230885 66.390153 144.230885
sb47 165.255578 62.574388 230.255578 95.574388
sb48 0.000000 0.000000 57.000000 27.000000
sb49 192.269187 64.755629 239.269187 129.755629
sb50 131.194421 152.966912 198.194421 184.966912
sb51 85.037566 211.000000 123.037566 268.000000
sb52 156.621848 158.715674 210.621848 203.715674
sb53 32.112867 45.297184 75.112867 66.297184
sb54 157.623684 188.686366 175.623684 249.686366
sb55 85.428084 16.594105 119.428084 72.594105
sb56 0.000000 106.037332 17.000000 169.037332
sb57 41.563018 125.823121 59.563018 172.823121
sb58 101.754314 234.000000 147.754314 268.000000
sb59 30.720479 231.000000 80.720479 268.000000
sb60 155.188395 245.000000 195.188395 268.000000
sb61 181.202906 73.926203 214.202906 96.926203
sb62 208.000000 0.343266 268.000000 19.343266
sb63 183.274814 176.886748 219.274814 221.886748
sb64 121.680253 96.562298 171.680253 143.562298
sb65 6.326632 156.390574 63.326632 212.390574
sb66 99.341049 0.000000 166.341049 61.000000
sb67 111.448542 87.921859 155.448542 127.921859
sb68 212.052755 22.816885 264.052755 85.816885
sb69 0.000000 30.348483 54.000000 57.348483
sb70 118.427410 69.607427 160.427410 111.607427
sb71 98.828589 190.971331 162.828589 212.971331
sb72 5.705428 147.560399 66.705428 208.560399
sb73 207.000000 0.000000 268.000000 67.000000
sb74 26.825893 116.865797 64.825893 158.865797
sb75 128.066494 0.000000 147.066494 28.000000
sb76 199.986077 119.033935 221.986077 152.033935
sb77 193.666413 211.000000 259.666413 268.000000
sb78 188.023533 178.914830 224.023533 210.914830
sb79 0.000000 79.813728 60.000000 120.813728
sb80 201.154800 103.641744 217.154800 161.641744
sb81 110.436252 180.314742 150.436252 230.314742
sb82 22.259083 62.527474 69.259083 119.527474
sb83 67.003699 159.626027 89.003699 175.626027
sb84 144.528184 127.971922 211.528184 149.971922
sb85 171.935256 92.003336 191.935256 117.003336
sb86 102.856366 114.917262 158.856366 151.917262
sb87 61.687083 116.771279 100.687083 160.771279
sb88 0.000000 51.924270 37.000000 75.924270
sb89 64.478328 57.093052 102.478328 84.093052
sb90 124.915465 235.000000 163.915465 268.000000
sb91 29.480229 26.001267 85.480229 59.001267
sb92 0.000000 54.917103 26.000000 70.917103
sb93 45.460792 231.497726 110.460792 266.497726
sb94 166.280833 0.000000 207.280833 59.000000
sb95 35.395001 208.553423 86.395001 227.553423
sb96 69.237240 115.207847 109.237240 181.207847
sb97 191.277149 0.000000 208.277149 67.000000
sb98 163.544145 184.186106 185.544145 246.186106
sb99 219.000000 202.000000 268.000000 268.000000

[Iter 6100]
sb0 150.957429 43.455190 193.957429 76.455190
sb1 142.786911 0.000000 207.786911 37.000000
sb2 56.477371 205.318370 109.477371 239.318370
sb3 0.000000 123.145828 37.000000 190.145828
sb4 0.000000 205.113766 29.000000 224.113766
sb5 72.319340 64.929154 111.319340 113.929154
sb6 228.000000 185.045758 268.000000 203.045758
sb7 214.879028 91.214412 236.879028 131.214412
sb8 150.699858 206.000000 200.699858 268.000000
sb9 237.771962 105.305325 253.771962 146.305325
sb10 63.811491 0.000000 81.811491 52.000000
sb11 67.719992 143.339056 106.719992 202.339056
sb12 106.596621 64.410473 167.596621 92.410473
sb13 214.329683 143.694270 262.329683 200.694270
sb14 205.000000 13.756913 268.000000 56.756913
sb15 209.000000 131.434833 268.000000 183.434833
sb16 161.313167 91.442971 197.313167 148.442971
sb17 111.762196 202.000000 155.762196 268.000000
sb18 52.532515 3.480352 100.532515 54.480352
sb19 130.764327 153.466412 161.764327 203.466412
sb20 70.075313 181.746669 107.075313 200.746669
sb21 34.286326 176.526670 98.286326 226.526670
sb22 109.066955 144.878964 158.066955 178.878964
sb23 248.000000 125.876570 268.000000 174.876570
sb24 162.414459 150.922235 207.414459 178.922235
sb25 214.000000 88.793847 268.000000 127.793847
sb26 127.389019 0.000000 182.389019 40.000000
sb27 243.000000 67.250950 268.000000 132.250950
sb28 176.245400 222.000000 215.245400 268.000000
sb29 174.380848 96.567064 198.380848 158.567064
sb30 121.586530 40.751524 145.586530 66.751524
sb31 91.120828 78.852932 117.120828 112.852932
sb32 204.417570 202.108611 247.417570 255.108611
sb33 156.229169 92.029562 178.229169 127.029562
sb34 61.391600 62.825997 88.391600 116.825997
sb35 0.630097 192.315956 31.630097 230.315956
sb36 88.291926 0.000000 127.291926 67.000000
sb37 114.153733 125.887970 134.153733 185.887970
sb38 218.703014 134.248648 241.703014 191.248648
sb39 67.457879 87.747255 119.457879 142.747255
sb40 0.000000 116.908089 26.000000 145.908089
sb41 98.377250 152.637773 125.377250 207.637773
sb42 3.682287 65.366595 65.682287 118.366595
sb43 0.000000 222.000000 61.000000 268.000000
sb44 127.770710 39.706580 192.770710 86.706580
sb45 245.000000 171.218276 268.000000 215.218276
sb46 27.601581 122.132025 66.601581 144.132025
sb47 165.180403 62.574358 230.180403 95.574358
sb48 0.000000 0.000000 57.000000 27.000000
sb49 192.205770 64.737632 239.205770 129.737632
sb50 131.350395 152.903517 198.350395 184.903517
sb51 85.006042 211.000000 123.006042 268.000000
sb52 156.863132 158.749596 210.863132 203.749596
sb53 32.113418 45.278470 75.113418 66.278470
sb54 157.621727 188.688673 175.621727 249.688673
sb55 85.456690 16.558990 119.456690 72.558990
sb56 0.000000 106.833870 17.000000 169.833870
sb57 41.564311 125.798758 59.564311 172.798758
sb58 102.060291 234.000000 148.060291 268.000000
sb59 30.671113 231.000000 80.671113 268.000000
sb60 155.188706 245.000000 195.188706 268.000000
sb61 181.337168 73.903416 214.337168 96.903416
sb62 208.000000 0.270651 268.000000 19.270651
sb63 183.281429 176.917273 219.281429 221.917273
sb64 121.606511 96.505049 171.606511 143.505049
sb65 6.928746 156.486284 63.928746 212.486284
sb66 99.297107 0.000000 166.297107 61.000000
sb67 111.223864 87.821081 155.223864 127.821081
sb68 212.210670 22.762936 264.210670 85.762936
sb69 0.000000 30.392155 54.000000 57.392155
sb70 118.451266 69.569200 160.451266 111.569200
sb71 98.890540 190.948227 162.890540 212.948227
sb72 5.749211 147.557727 66.749211 208.557727
sb73 207.000000 0.000000 268.000000 67.000000
sb74 26.871117 116.877275 64.871117 158.877275
sb75 128.008412 0.000000 147.008412 28.000000
sb76 200.009214 119.126818 222.009214 152.126818
sb77 193.673978 211.000000 259.673978 268.000000
sb78 188.023365 178.897810 224.023365 210.897810
sb79 0.000000 79.813738 60.000000 120.813738
sb80 201.172743 103.741020 217.172743 161.741020
sb81 110.556058 180.314682 150.556058 230.314682
sb82 21.909102 62.520111 68.909102 119.520111
sb83 66.975512 159.621055 88.975512 175.621055
sb84 144.416487 127.860517 211.416487 149.860517
sb85 171.837480 92.004442 191.837480 117.004442
sb86 102.873850 114.893693 158.873850 151.893693
sb87 61.700800 116.754995 100.700800 160.754995
sb88 0.000000 51.915859 37.000000 75.915859
sb89 64.142052 57.352179 102.142052 84.352179
sb90 124.890897 235.000000 163.890897 268.000000
sb91 29.373855 26.007477 85.373855 59.007477
sb92 0.000000 54.911497 26.000000 70.911497
sb93 45.430702 231.520080 110.430702 266.520080
sb94 166.255784 0.000000 207.255784 59.000000
sb95 35.356423 208.562235 86.356423 227.562235
sb96 69.322019 115.244009 109.322019 181.244009
sb97 191.423203 0.000000 208.423203 67.000000
sb98 163.543087 184.193536 185.543087 246.193536
sb99 219.000000 202.000000 268.000000 268.000000

[Iter 6150]
sb0 151.005880 43.434586 194.005880 76.434586
sb1 142.764007 0.000000 207.764007 37.000000
sb2 56.716904 205.563389 109.716904 239.563389
sb3 0.000000 123.156438 37.000000 190.156438
sb4 0.000000 204.907459 29.000000 223.907459
sb5 71.975160 64.890274 110.975160 113.890274
sb6 228.000000 185.018940 268.000000 203.018940
sb7 214.802212 91.230328 236.802212 131.230328
sb8 151.011654 206.000000 201.011654 268.000000
sb9 237.735888 105.294913 253.735888 146.294913
sb10 63.813197 0.000000 81.813197 52.000000
sb11 68.068573 143.434230 107.068573 202.434230
sb12 106.384631 64.388974 167.384631 92.388974
sb13 214.542633 143.697900 262.542633 200.697900
sb14 205.000000 13.782183 268.000000 56.782183
sb15 209.000000 131.392091 268.000000 183.392091
sb16 161.328768 91.376380 197.328768 148.376380
sb17 111.740558 202.000000 155.740558 268.000000
sb18 52.494098 3.765375 100.494098 54.765375
sb19 130.767666 153.455772 161.767666 203.455772
sb20 70.059128 181.747389 107.059128 200.747389
sb21 34.269515 176.551389 98.269515 226.551389
sb22 109.274975 144.840373 158.274975 178.840373
sb23 248.000000 125.877353 268.000000 174.877353
sb24 162.398538 150.894611 207.398538 178.894611
sb25 214.000000 88.760723 268.000000 127.760723
sb26 127.491705 0.000000 182.491705 40.000000
sb27 243.000000 67.250043 268.000000 132.250043
sb28 176.235105 222.000000 215.235105 268.000000
sb29 174.265899 96.567174 198.265899 158.567174
sb30 121.600603 40.751897 145.600603 66.751897
sb31 91.129139 78.819593 117.129139 112.819593
sb32 204.735382 202.131681 247.735382 255.131681
sb33 155.987805 92.045994 177.987805 127.045994
sb34 61.401229 62.797198 88.401229 116.797198
sb35 0.605126 192.353202 31.605126 230.353202
sb36 88.196196 0.000000 127.196196 67.000000
sb37 114.165309 125.884925 134.165309 185.884925
sb38 218.723157 134.249249 241.723157 191.249249
sb39 67.250012 87.749412 119.250012 142.749412
sb40 0.000000 117.112292 26.000000 146.112292
sb41 98.377329 152.628655 125.377329 207.628655
sb42 3.026782 65.557253 65.026782 118.557253
sb43 0.000000 222.000000 61.000000 268.000000
sb44 127.685993 39.696969 192.685993 86.696969
sb45 245.000000 171.248688 268.000000 215.248688
sb46 27.682192 122.060264 66.682192 144.060264
sb47 165.022704 62.584671 230.022704 95.584671
sb48 0.000000 0.000000 57.000000 27.000000
sb49 192.080258 64.719856 239.080258 129.719856
sb50 131.371343 152.894083 198.371343 184.894083
sb51 84.957450 211.000000 122.957450 268.000000
sb52 157.083411 158.770431 211.083411 203.770431
sb53 32.098597 45.257747 75.098597 66.257747
sb54 157.621011 188.683052 175.621011 249.683052
sb55 85.469708 16.499934 119.469708 72.499934
sb56 0.000000 107.824889 17.000000 170.824889
sb57 41.563660 125.793245 59.563660 172.793245
sb58 102.380374 234.000000 148.380374 268.000000
sb59 30.604099 231.000000 80.604099 268.000000
sb60 155.188704 245.000000 195.188704 268.000000
sb61 181.471670 73.853686 214.471670 96.853686
sb62 208.000000 0.180747 268.000000 19.180747
sb63 183.299011 176.913197 219.299011 221.913197
sb64 121.435110 96.448784 171.435110 143.448784
sb65 7.483235 156.605458 64.483235 212.605458
sb66 99.245615 0.000000 166.245615 61.000000
sb67 110.938805 87.735513 154.938805 127.735513
sb68 212.373999 22.697029 264.373999 85.697029
sb69 0.000000 30.435741 54.000000 57.435741
sb70 118.463047 69.538207 160.463047 111.538207
sb71 98.884730 190.947887 162.884730 212.947887
sb72 5.746077 147.552528 66.746077 208.552528
sb73 207.000000 0.000000 268.000000 67.000000
sb74 26.912483 116.917692 64.912483 158.917692
sb75 127.943292 0.000000 146.943292 28.000000
sb76 199.971275 119.262378 221.971275 152.262378
sb77 193.686773 211.000000 259.686773 268.000000
sb78 188.015150 178.879614 224.015150 210.879614
sb79 0.000000 79.813722 60.000000 120.813722
sb80 201.184597 103.813345 217.184597 161.813345
sb81 110.857167 180.315251 150.857167 230.315251
sb82 21.563463 62.463178 68.563463 119.463178
sb83 66.957762 159.620686 88.957762 175.620686
sb84 144.332377 127.822734 211.332377 149.822734
sb85 171.564291 92.001740 191.564291 117.001740
sb86 102.873643 114.872609 158.873643 151.872609
sb87 61.704955 116.736185 100.704955 160.736185
sb88 0.000000 51.904469 37.000000 75.904469
sb89 63.536688 57.572740 101.536688 84.572740
sb90 124.857594 235.000000 163.857594 268.000000
sb91 29.257208 25.967649 85.257208 58.967649
sb92 0.000000 54.837107 26.000000 70.837107
sb93 45.393267 231.555926 110.393267 266.555926
sb94 166.227377 0.000000 207.227377 59.000000
sb95 35.315186 208.564836 86.315186 227.564836
sb96 69.312854 115.267039 109.312854 181.267039
sb97 191.567831 0.000000 208.567831 67.000000
sb98 163.538928 184.203756 185.538928 246.203756
sb99 219.000000 202.000000 268.000000 268.000000

[Iter 6200]
sb0 151.064513 43.409218 194.064513 76.409218
sb1 142.734876 0.000000 207.734876 37.000000
sb2 56.974116 205.862353 109.974116 239.862353
sb3 0.000000 123.166170 37.000000 190.166170
sb4 0.000000 204.635733 29.000000 223.635733
sb5 71.603310 64.868129 110.603310 113.868129
sb6 228.000000 184.985053 268.000000 202.985053
sb7 214.704780 91.217593 236.704780 131.217593
sb8 151.367075 206.000000 201.367075 268.000000
sb9 237.686632 105.188205 253.686632 146.188205
sb10 63.780946 0.000000 81.780946 52.000000
sb11 68.601817 143.525296 107.601817 202.525296
sb12 106.228305 64.352425 167.228305 92.352425
sb13 214.870984 143.679894 262.870984 200.679894
sb14 205.000000 13.809758 268.000000 56.809758
sb15 209.000000 131.338272 268.000000 183.338272
sb16 161.337732 91.293366 197.337732 148.293366
sb17 111.713490 202.000000 155.713490 268.000000
sb18 52.447165 4.087829 100.447165 55.087829
sb19 130.777746 153.447863 161.777746 203.447863
sb20 70.012513 181.753026 107.012513 200.753026
sb21 34.246804 176.584871 98.246804 226.584871
sb22 109.809106 144.793326 158.809106 178.793326
sb23 248.000000 125.876531 268.000000 174.876531
sb24 162.387885 150.851237 207.387885 178.851237
sb25 214.000000 88.720954 268.000000 127.720954
sb26 127.576830 0.000000 182.576830 40.000000
sb27 243.000000 67.250045 268.000000 132.250045
sb28 176.218499 222.000000 215.218499 268.000000
sb29 174.250129 96.568222 198.250129 158.568222
sb30 121.589097 40.748552 145.589097 66.748552
sb31 91.128647 78.788190 117.128647 112.788190
sb32 205.111564 202.166019 248.111564 255.166019
sb33 155.735425 92.069354 177.735425 127.069354
sb34 61.407023 62.761637 88.407023 116.761637
sb35 0.572397 192.395226 31.572397 230.395226
sb36 88.069693 0.000000 127.069693 67.000000
sb37 114.148003 125.908288 134.148003 185.908288
sb38 218.741900 134.252702 241.741900 191.252702
sb39 67.149640 87.750866 119.149640 142.750866
sb40 0.000000 117.209474 26.000000 146.209474
sb41 98.371564 152.624937 125.371564 207.624937
sb42 2.211742 65.803293 64.211742 118.803293
sb43 0.000000 222.000000 61.000000 268.000000
sb44 127.571797 39.681959 192.571797 86.681959
sb45 245.000000 171.279799 268.000000 215.279799
sb46 27.747058 121.952373 66.747058 143.952373
sb47 164.890308 62.576058 229.890308 95.576058
sb48 0.000000 0.000000 57.000000 27.000000
sb49 191.930971 64.700104 238.930971 129.700104
sb50 131.377219 152.893089 198.377219 184.893089
sb51 84.879067 211.000000 122.879067 268.000000
sb52 157.456646 158.811527 211.456646 203.811527
sb53 32.056519 45.236205 75.056519 66.236205
sb54 157.623625 188.686056 175.623625 249.686056
sb55 85.458279 16.411445 119.458279 72.411445
sb56 0.000000 108.780860 17.000000 171.780860
sb57 41.563315 125.798827 59.563315 172.798827
sb58 102.761294 234.000000 148.761294 268.000000
sb59 30.513423 231.000000 80.513423 268.000000
sb60 155.188409 245.000000 195.188409 268.000000
sb61 181.610057 73.796546 214.610057 96.796546
sb62 208.000000 0.079237 268.000000 19.079237
sb63 183.322282 176.904571 219.322282 221.904571
sb64 121.389808 96.376135 171.389808 143.376135
sb65 8.165142 156.717646 65.165142 212.717646
sb66 99.175136 0.000000 166.175136 61.000000
sb67 110.687133 87.658718 154.687133 127.658718
sb68 212.530493 22.620281 264.530493 85.620281
sb69 0.000000 30.477624 54.000000 57.477624
sb70 118.461328 69.498033 160.461328 111.498033
sb71 98.871158 190.958562 162.871158 212.958562
sb72 5.674660 147.509045 66.674660 208.509045
sb73 207.000000 0.000000 268.000000 67.000000
sb74 27.156663 116.946902 65.156663 158.946902
sb75 127.859899 0.000000 146.859899 28.000000
sb76 199.995831 119.405485 221.995831 152.405485
sb77 193.706083 211.000000 259.706083 268.000000
sb78 187.995509 178.857351 223.995509 210.857351
sb79 0.000000 79.813673 60.000000 120.813673
sb80 201.193552 103.862558 217.193552 161.862558
sb81 111.183546 180.319866 151.183546 230.319866
sb82 21.146685 62.337104 68.146685 119.337104
sb83 66.945195 159.621089 88.945195 175.621089
sb84 144.232671 127.798592 211.232671 149.798592
sb85 171.251101 91.999380 191.251101 116.999380
sb86 102.873639 114.852891 158.873639 151.852891
sb87 61.708298 116.715323 100.708298 160.715323
sb88 0.000000 51.890051 37.000000 75.890051
sb89 62.852486 57.843731 100.852486 84.843731
sb90 124.805573 235.000000 163.805573 268.000000
sb91 29.108811 25.868286 85.108811 58.868286
sb92 0.000000 54.492783 26.000000 70.492783
sb93 45.343396 231.602875 110.343396 266.602875
sb94 166.187774 0.000000 207.187774 59.000000
sb95 35.243659 208.546572 86.243659 227.546572
sb96 69.278288 115.288782 109.278288 181.288782
sb97 191.707179 0.000000 208.707179 67.000000
sb98 163.534698 184.217758 185.534698 246.217758
sb99 219.000000 202.000000 268.000000 268.000000

[Iter 6250]
sb0 151.167944 43.373075 194.167944 76.373075
sb1 142.692792 0.000000 207.692792 37.000000
sb2 57.290273 206.187402 110.290273 240.187402
sb3 0.000000 123.178262 37.000000 190.178262
sb4 0.000000 204.360590 29.000000 223.360590
sb5 71.533260 64.893329 110.533260 113.893329
sb6 228.000000 184.969129 268.000000 202.969129
sb7 214.620539 91.264022 236.620539 131.264022
sb8 151.889900 206.000000 201.889900 268.000000
sb9 237.688838 105.015521 253.688838 146.015521
sb10 63.737757 0.000000 81.737757 52.000000
sb11 69.114835 143.685394 108.114835 202.685394
sb12 106.014231 64.332793 167.014231 92.332793
sb13 215.311357 143.612805 263.311357 200.612805
sb14 205.000000 13.806955 268.000000 56.806955
sb15 209.000000 131.318406 268.000000 183.318406
sb16 161.351141 91.204611 197.351141 148.204611
sb17 111.685545 202.000000 155.685545 268.000000
sb18 52.415544 4.466246 100.415544 55.466246
sb19 130.778965 153.425515 161.778965 203.425515
sb20 69.932026 181.748474 106.932026 200.748474
sb21 34.225606 176.619988 98.225606 226.619988
sb22 110.307045 144.786667 159.307045 178.786667
sb23 248.000000 125.877241 268.000000 174.877241
sb24 162.368808 150.806471 207.368808 178.806471
sb25 214.000000 88.681017 268.000000 127.681017
sb26 127.628316 0.000000 182.628316 40.000000
sb27 243.000000 67.239365 268.000000 132.239365
sb28 176.201092 222.000000 215.201092 268.000000
sb29 174.137112 96.565882 198.137112 158.565882
sb30 121.585535 40.750353 145.585535 66.750353
sb31 91.136934 78.725426 117.136934 112.725426
sb32 205.655649 202.149025 248.655649 255.149025
sb33 155.730196 92.088159 177.730196 127.088159
sb34 61.418323 62.722662 88.418323 116.722662
sb35 0.540276 192.439325 31.540276 230.439325
sb36 87.909999 0.000000 126.909999 67.000000
sb37 114.079354 125.892602 134.079354 185.892602
sb38 218.758973 134.249327 241.758973 191.249327
sb39 66.948878 87.830337 118.948878 142.830337
sb40 0.000000 117.229030 26.000000 146.229030
sb41 98.372679 152.605054 125.372679 207.605054
sb42 1.325419 65.980805 63.325419 118.980805
sb43 0.000000 222.000000 61.000000 268.000000
sb44 127.445825 39.682002 192.445825 86.682002
sb45 245.000000 171.309563 268.000000 215.309563
sb46 27.748188 121.846170 66.748188 143.846170
sb47 164.792130 62.573986 229.792130 95.573986
sb48 0.000000 0.000000 57.000000 27.000000
sb49 191.905150 64.695955 238.905150 129.695955
sb50 131.300750 152.929807 198.300750 184.929807
sb51 84.779124 211.000000 122.779124 268.000000
sb52 157.901618 158.844862 211.901618 203.844862
sb53 32.005203 45.213716 75.005203 66.213716
sb54 157.620830 188.688109 175.620830 249.688109
sb55 85.439879 16.298157 119.439879 72.298157
sb56 0.000000 109.391641 17.000000 172.391641
sb57 41.565948 125.808035 59.565948 172.808035
sb58 103.335015 234.000000 149.335015 268.000000
sb59 30.401866 231.000000 80.401866 268.000000
sb60 155.189408 245.000000 195.189408 268.000000
sb61 181.777674 73.738698 214.777674 96.738698
sb62 208.000000 0.000000 268.000000 19.000000
sb63 183.343180 176.886945 219.343180 221.886945
sb64 121.223275 96.312842 171.223275 143.312842
sb65 8.820699 156.820481 65.820699 212.820481
sb66 99.113748 0.000000 166.113748 61.000000
sb67 110.688369 87.672203 154.688369 127.672203
sb68 212.737146 22.545779 264.737146 85.545779
sb69 0.000000 30.480620 54.000000 57.480620
sb70 118.472719 69.428006 160.472719 111.428006
sb71 98.803338 190.975678 162.803338 212.975678
sb72 5.583322 147.466488 66.583322 208.466488
sb73 207.000000 0.000000 268.000000 67.000000
sb74 27.305517 116.998029 65.305517 158.998029
sb75 127.742318 0.000000 146.742318 28.000000
sb76 199.977871 119.615130 221.977871 152.615130
sb77 193.722604 211.000000 259.722604 268.000000
sb78 187.971314 178.834099 223.971314 210.834099
sb79 0.000000 79.813711 60.000000 120.813711
sb80 201.203350 103.919657 217.203350 161.919657
sb81 111.598859 180.360682 151.598859 230.360682
sb82 21.030284 62.212776 68.030284 119.212776
sb83 66.933269 159.625995 88.933269 175.625995
sb84 144.204147 127.829765 211.204147 149.829765
sb85 171.222315 91.999559 191.222315 116.999559
sb86 102.873443 114.806478 158.873443 151.806478
sb87 61.715045 116.684258 100.715045 160.684258
sb88 0.000000 51.876082 37.000000 75.876082
sb89 62.117455 58.173851 100.117455 85.173851
sb90 124.739484 235.000000 163.739484 268.000000
sb91 28.935593 25.751465 84.935593 58.751465
sb92 0.000000 54.093493 26.000000 70.093493
sb93 45.292542 231.651609 110.292542 266.651609
sb94 166.150592 0.000000 207.150592 59.000000
sb95 35.138464 208.530984 86.138464 227.530984
sb96 69.211320 115.290692 109.211320 181.290692
sb97 191.887624 0.000000 208.887624 67.000000
sb98 163.525089 184.229359 185.525089 246.229359
sb99 219.000000 202.000000 268.000000 268.000000

[Iter 6300]
sb0 151.293703 43.333134 194.293703 76.333134
sb1 142.653435 0.000000 207.653435 37.000000
sb2 57.632610 206.631161 110.632610 240.631161
sb3 0.000000 123.190062 37.000000 190.190062
sb4 0.000000 204.063558 29.000000 223.063558
sb5 71.502958 64.908306 110.502958 113.908306
sb6 228.000000 184.953943 268.000000 202.953943
sb7 214.465396 91.230151 236.465396 131.230151
sb8 152.471711 206.000000 202.471711 268.000000
sb9 237.627517 104.759188 253.627517 145.759188
sb10 63.693786 0.000000 81.693786 52.000000
sb11 69.726213 143.916428 108.726213 202.916428
sb12 105.625327 64.326771 166.625327 92.326771
sb13 215.770648 143.468196 263.770648 200.468196
sb14 205.000000 13.837016 268.000000 56.837016
sb15 209.000000 131.298730 268.000000 183.298730
sb16 161.359691 91.111087 197.359691 148.111087
sb17 111.658498 202.000000 155.658498 268.000000
sb18 52.361313 4.940190 100.361313 55.940190
sb19 130.773391 153.396994 161.773391 203.396994
sb20 69.835405 181.752633 106.835405 200.752633
sb21 34.208063 176.655445 98.208063 226.655445
sb22 110.864101 144.801239 159.864101 178.801239
sb23 248.000000 125.875890 268.000000 174.875890
sb24 162.339573 150.761375 207.339573 178.761375
sb25 214.000000 88.685731 268.000000 127.685731
sb26 127.667529 0.000000 182.667529 40.000000
sb27 243.000000 67.212697 268.000000 132.212697
sb28 176.183171 222.000000 215.183171 268.000000
sb29 174.008223 96.563429 198.008223 158.563429
sb30 121.591467 40.749145 145.591467 66.749145
sb31 91.149450 78.648405 117.149450 112.648405
sb32 206.255470 202.070542 249.255470 255.070542
sb33 155.721686 92.094236 177.721686 127.094236
sb34 61.434096 62.685945 88.434096 116.685945
sb35 0.513066 192.480339 31.513066 230.480339
sb36 87.780723 0.000000 126.780723 67.000000
sb37 113.997507 125.922040 133.997507 185.922040
sb38 218.771725 134.250935 241.771725 191.250935
sb39 66.693099 87.986313 118.693099 142.986313
sb40 0.000000 117.172883 26.000000 146.172883
sb41 98.374458 152.577144 125.374458 207.577144
sb42 0.274564 66.336046 62.274564 119.336046
sb43 0.000000 222.000000 61.000000 268.000000
sb44 127.374696 39.684273 192.374696 86.684273
sb45 245.000000 171.336303 268.000000 215.336303
sb46 27.743074 121.772281 66.743074 143.772281
sb47 164.502169 62.569222 229.502169 95.569222
sb48 0.000000 0.000000 57.000000 27.000000
sb49 191.885335 64.693567 238.885335 129.693567
sb50 131.224736 152.960379 198.224736 184.960379
sb51 84.674979 211.000000 122.674979 268.000000
sb52 158.384530 158.875892 212.384530 203.875892
sb53 31.960321 45.196410 74.960321 66.196410
sb54 157.612891 188.689788 175.612891 249.689788
sb55 85.423217 16.167698 119.423217 72.167698
sb56 0.000000 110.784264 17.000000 173.784264
sb57 41.569453 125.819816 59.569453 172.819816
sb58 103.947872 234.000000 149.947872 268.000000
sb59 30.289311 231.000000 80.289311 268.000000
sb60 155.188283 245.000000 195.188283 268.000000
sb61 181.952935 73.685266 214.952935 96.685266
sb62 208.000000 0.000000 268.000000 19.000000
sb63 183.359930 176.868007 219.359930 221.868007
sb64 121.029436 96.271761 171.029436 143.271761
sb65 9.652975 157.039233 66.652975 213.039233
sb66 99.036671 0.000000 166.036671 61.000000
sb67 110.680684 87.708902 154.680684 127.708902
sb68 212.967734 22.539730 264.967734 85.539730
sb69 0.000000 30.581287 54.000000 57.581287
sb70 118.487989 69.343534 160.487989 111.343534
sb71 98.745157 191.000357 162.745157 213.000357
sb72 5.467696 147.426047 66.467696 208.426047
sb73 207.000000 0.000000 268.000000 67.000000
sb74 27.444331 117.157551 65.444331 159.157551
sb75 127.639146 0.000000 146.639146 28.000000
sb76 199.942328 119.791505 221.942328 152.791505
sb77 193.736103 211.000000 259.736103 268.000000
sb78 187.944799 178.809910 223.944799 210.809910
sb79 0.000000 79.813941 60.000000 120.813941
sb80 201.200301 103.987319 217.200301 161.987319
sb81 112.066490 180.427478 152.066490 230.427478
sb82 20.969980 62.114371 67.969980 119.114371
sb83 66.923478 159.622666 88.923478 175.622666
sb84 144.182725 127.856541 211.182725 149.856541
sb85 171.199963 91.996943 191.199963 116.996943
sb86 102.874799 114.747815 158.874799 151.747815
sb87 61.722529 116.651289 100.722529 160.651289
sb88 0.000000 51.863075 37.000000 75.863075
sb89 61.269694 58.609897 99.269694 85.609897
sb90 124.670832 235.000000 163.670832 268.000000
sb91 28.781465 25.649303 84.781465 58.649303
sb92 0.000000 53.802330 26.000000 69.802330
sb93 45.243696 231.699478 110.243696 266.699478
sb94 166.108767 0.000000 207.108767 59.000000
sb95 35.021387 208.514855 86.021387 227.514855
sb96 69.136205 115.303657 109.136205 181.303657
sb97 192.080663 0.000000 209.080663 67.000000
sb98 163.511310 184.236167 185.511310 246.236167
sb99 219.000000 202.000000 268.000000 268.000000

[Iter 6350]
sb0 151.410455 43.295356 194.410455 76.295356
sb1 142.630356 0.000000 207.630356 37.000000
sb2 58.040284 207.269839 111.040284 241.269839
sb3 0.000000 123.205638 37.000000 190.205638
sb4 0.000000 203.643442 29.000000 222.643442
sb5 71.456676 64.917105 110.456676 113.917105
sb6 228.000000 184.940671 268.000000 202.940671
sb7 214.273572 91.108340 236.273572 131.108340
sb8 153.174278 206.000000 203.174278 268.000000
sb9 237.570722 104.380336 253.570722 145.380336
sb10 63.639960 0.000000 81.639960 52.000000
sb11 70.632865 144.284511 109.632865 203.284511
sb12 105.030997 64.295270 166.030997 92.295270
sb13 216.485520 143.236697 264.485520 200.236697
sb14 205.000000 13.874909 268.000000 56.874909
sb15 209.000000 131.286736 268.000000 183.286736
sb16 161.368755 91.014181 197.368755 148.014181
sb17 111.623375 202.000000 155.623375 268.000000
sb18 52.255729 5.349640 100.255729 56.349640
sb19 130.773135 153.371928 161.773135 203.371928
sb20 69.723338 181.750570 106.723338 200.750570
sb21 34.183440 176.704344 98.183440 226.704344
sb22 111.766476 144.825592 160.766476 178.825592
sb23 248.000000 125.877768 268.000000 174.877768
sb24 162.310688 150.716684 207.310688 178.716684
sb25 214.000000 88.688202 268.000000 127.688202
sb26 127.711527 0.000000 182.711527 40.000000
sb27 243.000000 67.181612 268.000000 132.181612
sb28 176.154623 222.000000 215.154623 268.000000
sb29 173.996133 96.565463 197.996133 158.565463
sb30 121.592292 40.747971 145.592292 66.747971
sb31 91.159553 78.557124 117.159553 112.557124
sb32 207.008223 201.932287 250.008223 254.932287
sb33 155.715441 92.106726 177.715441 127.106726
sb34 61.450926 62.643517 88.450926 116.643517
sb35 0.474163 192.534752 31.474163 230.534752
sb36 87.711385 0.000000 126.711385 67.000000
sb37 113.892624 125.923490 133.892624 185.923490
sb38 218.787331 134.252339 241.787331 191.252339
sb39 66.677592 88.307514 118.677592 143.307514
sb40 0.000000 117.097011 26.000000 146.097011
sb41 98.373442 152.551156 125.373442 207.551156
sb42 0.000000 66.910615 62.000000 119.910615
sb43 0.000000 222.000000 61.000000 268.000000
sb44 127.373333 39.683510 192.373333 86.683510
sb45 245.000000 171.365863 268.000000 215.365863
sb46 27.706780 121.687521 66.706780 143.687521
sb47 164.054388 62.543549 229.054388 95.543549
sb48 0.000000 0.000000 57.000000 27.000000
sb49 191.876563 64.706879 238.876563 129.706879
sb50 131.127589 152.998798 198.127589 184.998798
sb51 84.555180 211.000000 122.555180 268.000000
sb52 159.163286 158.918620 213.163286 203.918620
sb53 31.910046 45.178487 74.910046 66.178487
sb54 157.592343 188.687965 175.592343 249.687965
sb55 85.404110 16.011304 119.404110 72.011304
sb56 0.000000 112.562848 17.000000 175.562848
sb57 41.572017 125.839923 59.572017 172.839923
sb58 104.568186 234.000000 150.568186 268.000000
sb59 30.158744 231.000000 80.158744 268.000000
sb60 155.190190 245.000000 195.190190 268.000000
sb61 182.135837 73.630174 215.135837 96.630174
sb62 208.000000 0.000000 268.000000 19.000000
sb63 183.372660 176.851985 219.372660 221.851985
sb64 121.014180 96.211728 171.014180 143.211728
sb65 10.779149 157.316340 67.779149 213.316340
sb66 98.918782 0.000000 165.918782 61.000000
sb67 110.688656 87.721959 154.688656 127.721959
sb68 213.200470 22.532441 265.200470 85.532441
sb69 0.000000 30.919331 54.000000 57.919331
sb70 118.498428 69.258833 160.498428 111.258833
sb71 98.667335 191.022012 162.667335 213.022012
sb72 5.326158 147.385832 66.326158 208.385832
sb73 207.000000 0.000000 268.000000 67.000000
sb74 27.615993 117.485186 65.615993 159.485186
sb75 127.579192 0.000000 146.579192 28.000000
sb76 199.993759 119.976750 221.993759 152.976750
sb77 193.762914 211.000000 259.762914 268.000000
sb78 187.917329 178.784691 223.917329 210.784691
sb79 0.000000 79.818401 60.000000 120.818401
sb80 201.197568 104.060364 217.197568 162.060364
sb81 112.696071 180.507903 152.696071 230.507903
sb82 20.887559 61.990862 67.887559 118.990862
sb83 66.911608 159.624957 88.911608 175.624957
sb84 144.136521 127.886883 211.136521 149.886883
sb85 171.178201 92.000613 191.178201 117.000613
sb86 102.875025 114.688498 158.875025 151.688498
sb87 61.731857 116.614230 100.731857 160.614230
sb88 0.000000 51.850967 37.000000 75.850967
sb89 60.567669 58.949185 98.567669 85.949185
sb90 124.588737 235.000000 163.588737 268.000000
sb91 28.688732 25.524610 84.688732 58.524610
sb92 0.000000 54.149652 26.000000 70.149652
sb93 45.178897 231.764961 110.178897 266.764961
sb94 166.038118 0.000000 207.038118 59.000000
sb95 34.897785 208.494123 85.897785 227.494123
sb96 69.036811 115.308657 109.036811 181.308657
sb97 192.263530 0.000000 209.263530 67.000000
sb98 163.500453 184.255140 185.500453 246.255140
sb99 219.000000 202.000000 268.000000 268.000000

[Iter 6400]
sb0 151.531946 43.251898 194.531946 76.251898
sb1 142.602305 0.000000 207.602305 37.000000
sb2 58.246537 207.814801 111.246537 241.814801
sb3 0.000000 123.238978 37.000000 190.238978
sb4 0.000000 203.205398 29.000000 222.205398
sb5 71.393556 64.927026 110.393556 113.927026
sb6 228.000000 184.927874 268.000000 202.927874
sb7 214.167842 90.860449 236.167842 130.860449
sb8 153.783507 206.000000 203.783507 268.000000
sb9 237.664668 103.955989 253.664668 144.955989
sb10 63.563106 0.000000 81.563106 52.000000
sb11 71.389521 144.719120 110.389521 203.719120
sb12 104.671202 64.311907 165.671202 92.311907
sb13 217.318286 143.048387 265.318286 200.048387
sb14 205.000000 13.882799 268.000000 56.882799
sb15 209.000000 131.276557 268.000000 183.276557
sb16 161.379620 90.906075 197.379620 147.906075
sb17 111.574243 202.000000 155.574243 268.000000
sb18 52.248064 5.648890 100.248064 56.648890
sb19 130.778696 153.345518 161.778696 203.345518
sb20 69.552620 181.751711 106.552620 200.751711
sb21 34.151365 176.779495 98.151365 226.779495
sb22 112.602203 144.916373 161.602203 178.916373
sb23 248.000000 125.877598 268.000000 174.877598
sb24 162.289067 150.670065 207.289067 178.670065
sb25 214.000000 88.686630 268.000000 127.686630
sb26 127.774175 0.000000 182.774175 40.000000
sb27 243.000000 67.143914 268.000000 132.143914
sb28 176.126689 222.000000 215.126689 268.000000
sb29 174.365073 96.564587 198.365073 158.564587
sb30 121.574581 40.749061 145.574581 66.749061
sb31 91.165718 78.439142 117.165718 112.439142
sb32 207.632672 201.776978 250.632672 254.776978
sb33 155.703392 92.125756 177.703392 127.125756
sb34 61.468164 62.586295 88.468164 116.586295
sb35 0.419985 192.616204 31.419985 230.616204
sb36 87.618913 0.000000 126.618913 67.000000
sb37 113.730166 125.916056 133.730166 185.916056
sb38 218.809082 134.252457 241.809082 191.252457
sb39 67.001684 88.748577 119.001684 143.748577
sb40 0.000000 116.991278 26.000000 145.991278
sb41 98.368334 152.521576 125.368334 207.521576
sb42 0.000000 67.133374 62.000000 120.133374
sb43 0.000000 222.000000 61.000000 268.000000
sb44 127.349013 39.685161 192.349013 86.685161
sb45 245.000000 171.407539 268.000000 215.407539
sb46 27.622301 121.568070 66.622301 143.568070
sb47 163.708301 62.499166 228.708301 95.499166
sb48 0.000000 0.000000 57.000000 27.000000
sb49 191.861673 64.727693 238.861673 129.727693
sb50 130.979477 153.048989 197.979477 185.048989
sb51 84.386792 211.000000 122.386792 268.000000
sb52 159.913257 158.951288 213.913257 203.951288
sb53 31.835030 45.152196 74.835030 66.152196
sb54 157.535630 188.689335 175.535630 249.689335
sb55 85.371066 15.811476 119.371066 71.811476
sb56 0.000000 113.313392 17.000000 176.313392
sb57 41.574123 125.876302 59.574123 172.876302
sb58 105.084008 234.000000 151.084008 268.000000
sb59 29.966062 231.000000 79.966062 268.000000
sb60 155.189403 245.000000 195.189403 268.000000
sb61 182.342466 73.562970 215.342466 96.562970
sb62 208.000000 0.000000 268.000000 19.000000
sb63 183.374054 176.831632 219.374054 221.831632
sb64 121.369600 96.234957 171.369600 143.234957
sb65 11.593190 157.319534 68.593190 213.319534
sb66 98.907008 0.000000 165.907008 61.000000
sb67 110.676815 87.743406 154.676815 127.743406
sb68 213.469966 22.521553 265.469966 85.521553
sb69 0.000000 31.048768 54.000000 58.048768
sb70 118.504737 69.166981 160.504737 111.166981
sb71 98.525052 191.041842 162.525052 213.041842
sb72 5.124554 147.337071 66.124554 208.337071
sb73 207.000000 0.000000 268.000000 67.000000
sb74 27.996226 117.500562 65.996226 159.500562
sb75 127.501751 0.000000 146.501751 28.000000
sb76 200.401876 120.197911 222.401876 153.197911
sb77 193.798857 211.000000 259.798857 268.000000
sb78 187.886341 178.759031 223.886341 210.759031
sb79 0.000000 79.835794 60.000000 120.835794
sb80 201.196836 104.140367 217.196836 162.140367
sb81 113.223001 180.632208 153.223001 230.632208
sb82 20.777283 61.810563 67.777283 118.810563
sb83 66.898033 159.625765 88.898033 175.625765
sb84 144.072414 127.928821 211.072414 149.928821
sb85 171.147618 92.000811 191.147618 117.000811
sb86 102.876273 114.623632 158.876273 151.623632
sb87 61.738891 116.565704 100.738891 160.565704
sb88 0.000000 51.850789 37.000000 75.850789
sb89 60.479358 59.314576 98.479358 86.314576
sb90 124.471728 235.000000 163.471728 268.000000
sb91 28.570954 25.358124 84.570954 58.358124
sb92 0.000000 54.463295 26.000000 70.463295
sb93 45.092065 231.859629 110.092065 266.859629
sb94 166.029150 0.000000 207.029150 59.000000
sb95 34.751242 208.461187 85.751242 227.461187
sb96 68.882476 115.304188 108.882476 181.304188
sb97 192.467258 0.000000 209.467258 67.000000
sb98 163.489108 184.290574 185.489108 246.290574
sb99 219.000000 202.000000 268.000000 268.000000

[Iter 6450]
sb0 151.647874 43.210865 194.647874 76.210865
sb1 142.565191 0.000000 207.565191 37.000000
sb2 58.405388 208.242795 111.405388 242.242795
sb3 0.000000 123.281610 37.000000 190.281610
sb4 0.000000 203.027283 29.000000 222.027283
sb5 71.352956 64.951943 110.352956 113.951943
sb6 228.000000 184.914404 268.000000 202.914404
sb7 214.328648 90.559560 236.328648 130.559560
sb8 154.347065 206.000000 204.347065 268.000000
sb9 237.947431 103.682007 253.947431 144.682007
sb10 63.495512 0.000000 81.495512 52.000000
sb11 71.820631 145.211296 110.820631 204.211296
sb12 104.384086 64.362936 165.384086 92.362936
sb13 218.063996 142.900982 266.063996 199.900982
sb14 205.000000 13.869472 268.000000 56.869472
sb15 209.000000 131.259451 268.000000 183.259451
sb16 161.392751 90.802591 197.392751 147.802591
sb17 111.519305 202.000000 155.519305 268.000000
sb18 52.245097 6.085589 100.245097 57.085589
sb19 130.768955 153.311596 161.768955 203.311596
sb20 69.388546 181.751266 106.388546 200.751266
sb21 34.128120 176.833203 98.128120 226.833203
sb22 113.155011 145.029870 162.155011 179.029870
sb23 248.000000 125.876741 268.000000 174.876741
sb24 162.258689 150.622607 207.258689 178.622607
sb25 214.000000 88.694791 268.000000 127.694791
sb26 127.838267 0.000000 182.838267 40.000000
sb27 243.000000 67.107771 268.000000 132.107771
sb28 176.125304 222.000000 215.125304 268.000000
sb29 174.762243 96.568866 198.762243 158.568866
sb30 121.554887 40.727259 145.554887 66.727259
sb31 91.173183 78.315523 117.173183 112.315523
sb32 208.214586 201.638664 251.214586 254.638664
sb33 155.688332 92.148428 177.688332 127.148428
sb34 61.487199 62.529988 88.487199 116.529988
sb35 0.386249 192.702933 31.386249 230.702933
sb36 87.481848 0.000000 126.481848 67.000000
sb37 113.571996 125.919096 133.571996 185.919096
sb38 218.821228 134.250578 241.821228 191.250578
sb39 67.253084 89.245270 119.253084 144.245270
sb40 0.000000 116.882760 26.000000 145.882760
sb41 98.366255 152.475166 125.366255 207.475166
sb42 0.000000 67.212240 62.000000 120.212240
sb43 0.000000 222.000000 61.000000 268.000000
sb44 127.228940 39.695018 192.228940 86.695018
sb45 245.000000 171.438375 268.000000 215.438375
sb46 27.526641 121.486148 66.526641 143.486148
sb47 163.457649 62.469786 228.457649 95.469786
sb48 0.000000 0.000000 57.000000 27.000000
sb49 191.835391 64.736526 238.835391 129.736526
sb50 130.826045 153.099704 197.826045 185.099704
sb51 84.221477 211.000000 122.221477 268.000000
sb52 160.557389 158.943453 214.557389 203.943453
sb53 31.765633 45.127756 74.765633 66.127756
sb54 157.506446 188.707513 175.506446 249.707513
sb55 85.339950 15.617931 119.339950 71.617931
sb56 0.000000 113.327162 17.000000 176.327162
sb57 41.578484 125.875831 59.578484 172.875831
sb58 105.594164 234.000000 151.594164 268.000000
sb59 29.769693 231.000000 79.769693 268.000000
sb60 155.189216 245.000000 195.189216 268.000000
sb61 182.531898 73.503088 215.531898 96.503088
sb62 208.000000 0.000000 268.000000 19.000000
sb63 183.378322 176.796995 219.378322 221.796995
sb64 121.688250 96.285151 171.688250 143.285151
sb65 11.963761 157.314989 68.963761 213.314989
sb66 98.897040 0.000000 165.897040 61.000000
sb67 110.657975 87.789259 154.657975 127.789259
sb68 213.713642 22.517390 265.713642 85.517390
sb69 0.000000 31.090304 54.000000 58.090304
sb70 118.512843 69.069108 160.512843 111.069108
sb71 98.403521 191.067972 162.403521 213.067972
sb72 4.939305 147.305613 65.939305 208.305613
sb73 207.000000 0.000000 268.000000 67.000000
sb74 28.280406 117.499223 66.280406 159.499223
sb75 127.398486 0.000000 146.398486 28.000000
sb76 200.942439 120.302032 222.942439 153.302032
sb77 193.811974 211.000000 259.811974 268.000000
sb78 187.843861 178.734502 223.843861 210.734502
sb79 0.000000 79.862194 60.000000 120.862194
sb80 201.193900 104.211919 217.193900 162.211919
sb81 113.673254 180.736388 153.673254 230.736388
sb82 20.706140 61.683799 67.706140 118.683799
sb83 66.883516 159.624849 88.883516 175.624849
sb84 144.025692 127.973128 211.025692 149.973128
sb85 171.115990 92.001237 191.115990 117.001237
sb86 102.887096 114.547328 158.887096 151.547328
sb87 61.750471 116.516523 100.750471 160.516523
sb88 0.000000 51.868405 37.000000 75.868405
sb89 60.464821 59.774730 98.464821 86.774730
sb90 124.365057 235.000000 163.365057 268.000000
sb91 28.425350 25.239714 84.425350 58.239714
sb92 0.000000 54.571218 26.000000 70.571218
sb93 45.007672 231.929003 110.007672 266.929003
sb94 166.019509 0.000000 207.019509 59.000000
sb95 34.589929 208.443568 85.589929 227.443568
sb96 68.733542 115.317522 108.733542 181.317522
sb97 192.651999 0.000000 209.651999 67.000000
sb98 163.458890 184.307494 185.458890 246.307494
sb99 219.000000 202.000000 268.000000 268.000000

[Iter 6500]
sb0 151.744383 43.179542 194.744383 76.179542
sb1 142.525277 0.000000 207.525277 37.000000
sb2 58.554978 208.630443 111.554978 242.630443
sb3 0.000000 123.320521 37.000000 190.320521
sb4 0.000000 202.868743 29.000000 221.868743
sb5 71.242658 64.959494 110.242658 113.959494
sb6 228.000000 184.897593 268.000000 202.897593
sb7 214.622245 90.269459 236.622245 130.269459
sb8 154.843123 206.000000 204.843123 268.000000
sb9 238.287809 103.472674 254.287809 144.472674
sb10 63.438091 0.000000 81.438091 52.000000
sb11 72.145247 145.665133 111.145247 204.665133
sb12 104.090121 64.412242 165.090121 92.412242
sb13 218.558252 142.732763 266.558252 199.732763
sb14 205.000000 13.896727 268.000000 56.896727
sb15 209.000000 131.235144 268.000000 183.235144
sb16 161.397331 90.722875 197.397331 147.722875
sb17 111.459435 202.000000 155.459435 268.000000
sb18 52.245282 6.513267 100.245282 57.513267
sb19 130.751967 153.272499 161.751967 203.272499
sb20 69.260142 181.751695 106.260142 200.751695
sb21 34.109936 176.872594 98.109936 226.872594
sb22 113.496501 145.112102 162.496501 179.112102
sb23 248.000000 125.877757 268.000000 174.877757
sb24 162.226660 150.584093 207.226660 178.584093
sb25 214.000000 88.701635 268.000000 127.701635
sb26 127.910992 0.000000 182.910992 40.000000
sb27 243.000000 67.072117 268.000000 132.072117
sb28 176.097765 222.000000 215.097765 268.000000
sb29 174.962301 96.587256 198.962301 158.587256
sb30 121.533740 40.658969 145.533740 66.658969
sb31 91.177758 78.197149 117.177758 112.197149
sb32 208.740376 201.497365 251.740376 254.497365
sb33 155.602243 92.169845 177.602243 127.169845
sb34 61.502839 62.484727 88.502839 116.484727
sb35 0.364575 192.789616 31.364575 230.789616
sb36 87.326141 0.000000 126.326141 67.000000
sb37 113.428644 125.964237 133.428644 185.964237
sb38 218.827309 134.252611 241.827309 191.252611
sb39 67.296444 89.705662 119.296444 144.705662
sb40 0.000000 116.793682 26.000000 145.793682
sb41 98.355015 152.424130 125.355015 207.424130
sb42 0.000000 67.229678 62.000000 120.229678
sb43 0.000000 222.000000 61.000000 268.000000
sb44 127.084172 39.709634 192.084172 86.709634
sb45 245.000000 171.462013 268.000000 215.462013
sb46 27.435963 121.408337 66.435963 143.408337
sb47 163.197050 62.475724 228.197050 95.475724
sb48 0.000000 0.000000 57.000000 27.000000
sb49 191.781122 64.736885 238.781122 129.736885
sb50 130.705455 153.152070 197.705455 185.152070
sb51 84.065130 211.000000 122.065130 268.000000
sb52 161.008846 158.913371 215.008846 203.913371
sb53 31.706469 45.108452 74.706469 66.108452
sb54 157.465325 188.803901 175.465325 249.803901
sb55 85.310928 15.455727 119.310928 71.455727
sb56 0.000000 113.551776 17.000000 176.551776
sb57 41.580904 125.875844 59.580904 172.875844
sb58 106.042020 234.000000 152.042020 268.000000
sb59 29.599211 231.000000 79.599211 268.000000
sb60 155.188107 245.000000 195.188107 268.000000
sb61 182.672510 73.461220 215.672510 96.461220
sb62 208.000000 0.000000 268.000000 19.000000
sb63 183.383461 176.775000 219.383461 221.775000
sb64 121.766534 96.314628 171.766534 143.314628
sb65 12.308376 157.318196 69.308376 213.318196
sb66 98.896372 0.000000 165.896372 61.000000
sb67 110.547101 87.832368 154.547101 127.832368
sb68 213.905701 22.514599 265.905701 85.514599
sb69 0.000000 31.090225 54.000000 58.090225
sb70 118.515892 68.968795 160.515892 110.968795
sb71 98.336039 191.098076 162.336039 213.098076
sb72 4.760214 147.281502 65.760214 208.281502
sb73 207.000000 0.000000 268.000000 67.000000
sb74 28.284739 117.498568 66.284739 159.498568
sb75 127.310631 0.000000 146.310631 28.000000
sb76 201.279605 120.261358 223.279605 153.261358
sb77 193.815076 211.000000 259.815076 268.000000
sb78 187.798715 178.714570 223.798715 210.714570
sb79 0.000000 79.887323 60.000000 120.887323
sb80 201.188335 104.269931 217.188335 162.269931
sb81 114.096077 180.822659 154.096077 230.822659
sb82 20.585154 61.553432 67.585154 118.553432
sb83 66.868633 159.625913 88.868633 175.625913
sb84 143.977374 128.006497 210.977374 150.006497
sb85 171.040804 92.002576 191.040804 117.002576
sb86 102.890781 114.467048 158.890781 151.467048
sb87 61.756845 116.474615 100.756845 160.474615
sb88 0.000000 51.888070 37.000000 75.888070
sb89 60.548732 60.187773 98.548732 87.187773
sb90 124.237549 235.000000 163.237549 268.000000
sb91 28.244245 25.092259 84.244245 58.092259
sb92 0.000000 54.586921 26.000000 70.586921
sb93 44.920989 231.981243 109.920989 266.981243
sb94 166.016815 0.000000 207.016815 59.000000
sb95 34.442989 208.426765 85.442989 227.426765
sb96 68.583740 115.343893 108.583740 181.343893
sb97 192.800017 0.000000 209.800017 67.000000
sb98 163.419260 184.318594 185.419260 246.318594
sb99 219.000000 202.000000 268.000000 268.000000

[Iter 6550]
sb0 151.810337 43.164763 194.810337 76.164763
sb1 142.503897 0.000000 207.503897 37.000000
sb2 58.691586 208.986809 111.691586 242.986809
sb3 0.000000 123.348124 37.000000 190.348124
sb4 0.000000 202.715420 29.000000 221.715420
sb5 71.074584 64.959031 110.074584 113.959031
sb6 228.000000 184.878154 268.000000 202.878154
sb7 214.821102 90.031865 236.821102 130.031865
sb8 155.251677 206.000000 205.251677 268.000000
sb9 238.506532 103.283026 254.506532 144.283026
sb10 63.387500 0.000000 81.387500 52.000000
sb11 72.455673 146.007913 111.455673 205.007913
sb12 103.835438 64.446784 164.835438 92.446784
sb13 218.847904 142.614905 266.847904 199.614905
sb14 205.000000 13.951810 268.000000 56.951810
sb15 209.000000 131.205237 268.000000 183.205237
sb16 161.389240 90.670802 197.389240 147.670802
sb17 111.396481 202.000000 155.396481 268.000000
sb18 52.232833 6.888041 100.232833 57.888041
sb19 130.704348 153.233425 161.704348 203.233425
sb20 69.152778 181.748721 106.152778 200.748721
sb21 34.065347 176.917362 98.065347 226.917362
sb22 113.868582 145.175158 162.868582 179.175158
sb23 248.000000 125.876794 268.000000 174.876794
sb24 162.179743 150.560627 207.179743 178.560627
sb25 214.000000 88.708276 268.000000 127.708276
sb26 128.002905 0.000000 183.002905 40.000000
sb27 243.000000 67.026974 268.000000 132.026974
sb28 176.067647 222.000000 215.067647 268.000000
sb29 175.145701 96.637546 199.145701 158.637546
sb30 121.507880 40.567627 145.507880 66.567627
sb31 91.180244 78.091854 117.180244 112.091854
sb32 209.188004 201.403315 252.188004 254.403315
sb33 155.479115 92.208852 177.479115 127.208852
sb34 61.515288 62.441884 88.515288 116.441884
sb35 0.325884 192.881792 31.325884 230.881792
sb36 87.211440 0.000000 126.211440 67.000000
sb37 113.306052 126.015459 133.306052 186.015459
sb38 218.823060 134.249872 241.823060 191.249872
sb39 67.430713 90.087807 119.430713 145.087807
sb40 0.000000 116.730761 26.000000 145.730761
sb41 98.312608 152.383133 125.312608 207.383133
sb42 0.000000 67.228465 62.000000 120.228465
sb43 0.000000 222.000000 61.000000 268.000000
sb44 126.967876 39.726477 191.967876 86.726477
sb45 245.000000 171.475497 268.000000 215.475497
sb46 27.369963 121.323845 66.369963 143.323845
sb47 162.973865 62.482699 227.973865 95.482699
sb48 0.000000 0.000000 57.000000 27.000000
sb49 191.711728 64.741968 238.711728 129.741968
sb50 130.590901 153.216441 197.590901 185.216441
sb51 83.887830 211.000000 121.887830 268.000000
sb52 161.352135 158.917823 215.352135 203.917823
sb53 31.650746 45.089550 74.650746 66.089550
sb54 157.420382 188.943739 175.420382 249.943739
sb55 85.283425 15.319198 119.283425 71.319198
sb56 0.000000 113.869550 17.000000 176.869550
sb57 41.578968 125.875458 59.578968 172.875458
sb58 106.433251 234.000000 152.433251 268.000000
sb59 29.410139 231.000000 79.410139 268.000000
sb60 155.189253 245.000000 195.189253 268.000000
sb61 182.774698 73.445770 215.774698 96.445770
sb62 208.000000 0.000000 268.000000 19.000000
sb63 183.390784 176.757712 219.390784 221.757712
sb64 121.930097 96.339299 171.930097 143.339299
sb65 12.657814 157.390664 69.657814 213.390664
sb66 98.898409 0.000000 165.898409 61.000000
sb67 110.391753 87.856141 154.391753 127.856141
sb68 214.033885 22.510005 266.033885 85.510005
sb69 0.000000 31.085065 54.000000 58.085065
sb70 118.510867 68.870861 160.510867 110.870861
sb71 98.290080 191.139881 162.290080 213.139881
sb72 4.597319 147.251985 65.597319 208.251985
sb73 207.000000 0.000000 268.000000 67.000000
sb74 28.366356 117.501734 66.366356 159.501734
sb75 127.240724 0.000000 146.240724 28.000000
sb76 201.528561 120.147839 223.528561 153.147839
sb77 193.810252 211.000000 259.810252 268.000000
sb78 187.749450 178.700816 223.749450 210.700816
sb79 0.000000 79.904291 60.000000 120.904291
sb80 201.175352 104.325365 217.175352 162.325365
sb81 114.426338 180.895571 154.426338 230.895571
sb82 20.406940 61.423441 67.406940 118.423441
sb83 66.831462 159.625751 88.831462 175.625751
sb84 143.911657 128.045077 210.911657 150.045077
sb85 170.935696 92.002943 190.935696 117.002943
sb86 102.883817 114.393159 158.883817 151.393159
sb87 61.755321 116.433079 100.755321 160.433079
sb88 0.000000 51.901485 37.000000 75.901485
sb89 60.584233 60.552521 98.584233 87.552521
sb90 124.082665 235.000000 163.082665 268.000000
sb91 28.106687 24.954016 84.106687 57.954016
sb92 0.000000 54.579852 26.000000 70.579852
sb93 44.835187 232.037464 109.835187 267.037464
sb94 166.016126 0.000000 207.016126 59.000000
sb95 34.290869 208.408696 85.290869 227.408696
sb96 68.448340 115.378049 108.448340 181.378049
sb97 192.877654 0.000000 209.877654 67.000000
sb98 163.366641 184.324979 185.366641 246.324979
sb99 219.000000 202.000000 268.000000 268.000000

[Iter 6600]
sb0 151.820195 43.172122 194.820195 76.172122
sb1 142.467969 0.000000 207.467969 37.000000
sb2 58.812236 209.244791 111.812236 243.244791
sb3 0.000000 123.362253 37.000000 190.362253
sb4 0.000000 202.686136 29.000000 221.686136
sb5 70.877018 64.955735 109.877018 113.955735
sb6 228.000000 184.857514 268.000000 202.857514
sb7 215.057991 89.782630 237.057991 129.782630
sb8 155.580924 206.000000 205.580924 268.000000
sb9 238.754742 103.218198 254.754742 144.218198
sb10 63.341486 0.000000 81.341486 52.000000
sb11 72.694478 146.285974 111.694478 205.285974
sb12 103.657197 64.472540 164.657197 92.472540
sb13 219.130848 142.551494 267.130848 199.551494
sb14 205.000000 14.000883 268.000000 57.000883
sb15 209.000000 131.170209 268.000000 183.170209
sb16 161.374126 90.645867 197.374126 147.645867
sb17 111.335252 202.000000 155.335252 268.000000
sb18 52.239801 7.107253 100.239801 58.107253
sb19 130.640870 153.207665 161.640870 203.207665
sb20 69.069253 181.750843 106.069253 200.750843
sb21 34.005141 176.964082 98.005141 226.964082
sb22 114.133668 145.217492 163.133668 179.217492
sb23 248.000000 125.878141 268.000000 174.878141
sb24 162.127147 150.552045 207.127147 178.552045
sb25 214.000000 88.710738 268.000000 127.710738
sb26 128.077619 0.000000 183.077619 40.000000
sb27 243.000000 66.978232 268.000000 131.978232
sb28 176.071216 222.000000 215.071216 268.000000
sb29 175.389868 96.692278 199.389868 158.692278
sb30 121.466039 40.491983 145.466039 66.491983
sb31 91.165235 78.000131 117.165235 112.000131
sb32 209.532151 201.379631 252.532151 254.379631
sb33 155.344521 92.250730 177.344521 127.250730
sb34 61.518493 62.400678 88.518493 116.400678
sb35 0.271323 192.958390 31.271323 230.958390
sb36 87.081688 0.000000 126.081688 67.000000
sb37 113.223088 126.049082 133.223088 186.049082
sb38 218.813762 134.252474 241.813762 191.252474
sb39 67.578295 90.348959 119.578295 145.348959
sb40 0.000000 116.688543 26.000000 145.688543
sb41 98.249391 152.361214 125.249391 207.361214
sb42 0.000000 67.235265 62.000000 120.235265
sb43 0.000000 222.000000 61.000000 268.000000
sb44 126.851092 39.740504 191.851092 86.740504
sb45 245.000000 171.481791 268.000000 215.481791
sb46 27.340759 121.242650 66.340759 143.242650
sb47 162.804174 62.490931 227.804174 95.490931
sb48 0.000000 0.000000 57.000000 27.000000
sb49 191.635736 64.743491 238.635736 129.743491
sb50 130.509467 153.265223 197.509467 185.265223
sb51 83.798315 211.000000 121.798315 268.000000
sb52 161.640966 158.923283 215.640966 203.923283
sb53 31.596625 45.067578 74.596625 66.067578
sb54 157.408036 189.037181 175.408036 250.037181
sb55 85.254507 15.197746 119.254507 71.197746
sb56 0.000000 114.161897 17.000000 177.161897
sb57 41.573928 125.875498 59.573928 172.875498
sb58 106.745457 234.000000 152.745457 268.000000
sb59 29.311483 231.000000 79.311483 268.000000
sb60 155.188803 245.000000 195.188803 268.000000
sb61 182.826998 73.447624 215.826998 96.447624
sb62 208.000000 0.000000 268.000000 19.000000
sb63 183.402246 176.736692 219.402246 221.736692
sb64 122.129914 96.359239 172.129914 143.359239
sb65 12.913308 157.432539 69.913308 213.432539
sb66 98.900840 0.000000 165.900840 61.000000
sb67 110.223056 87.855493 154.223056 127.855493
sb68 214.066148 22.501901 266.066148 85.501901
sb69 0.000000 31.084516 54.000000 58.084516
sb70 118.480933 68.812326 160.480933 110.812326
sb71 98.267814 191.172859 162.267814 213.172859
sb72 4.478163 147.217258 65.478163 208.217258
sb73 207.000000 0.000000 268.000000 67.000000
sb74 28.473023 117.503064 66.473023 159.503064
sb75 127.142054 0.000000 146.142054 28.000000
sb76 201.847763 120.094439 223.847763 153.094439
sb77 193.800944 211.000000 259.800944 268.000000
sb78 187.702636 178.692734 223.702636 210.692734
sb79 0.000000 79.912433 60.000000 120.912433
sb80 201.160455 104.380405 217.160455 162.380405
sb81 114.684388 180.949528 154.684388 230.949528
sb82 20.203655 61.307232 67.203655 118.307232
sb83 66.771150 159.625911 88.771150 175.625911
sb84 143.842436 128.072010 210.842436 150.072010
sb85 170.820941 91.997853 190.820941 116.997853
sb86 102.874852 114.346299 158.874852 151.346299
sb87 61.750019 116.395638 100.750019 160.395638
sb88 0.000000 51.907646 37.000000 75.907646
sb89 60.593953 60.751764 98.593953 87.751764
sb90 124.064311 235.000000 163.064311 268.000000
sb91 27.965973 24.829195 83.965973 57.829195
sb92 0.000000 54.584180 26.000000 70.584180
sb93 44.754400 232.091316 109.754400 267.091316
sb94 166.016717 0.000000 207.016717 59.000000
sb95 34.150330 208.399334 85.150330 227.399334
sb96 68.355710 115.410647 108.355710 181.410647
sb97 192.895428 0.000000 209.895428 67.000000
sb98 163.310813 184.330823 185.310813 246.330823
sb99 219.000000 202.000000 268.000000 268.000000

[Iter 6650]
sb0 151.843525 43.170699 194.843525 76.170699
sb1 142.433866 0.000000 207.433866 37.000000
sb2 58.836098 209.449773 111.836098 243.449773
sb3 0.000000 123.368019 37.000000 190.368019
sb4 0.000000 202.685729 29.000000 221.685729
sb5 70.667494 64.944956 109.667494 113.944956
sb6 228.000000 184.835397 268.000000 202.835397
sb7 215.304259 89.542642 237.304259 129.542642
sb8 155.756920 206.000000 205.756920 268.000000
sb9 238.998059 103.134879 254.998059 144.134879
sb10 63.303514 0.000000 81.303514 52.000000
sb11 72.805280 146.488023 111.805280 205.488023
sb12 103.522532 64.493339 164.522532 92.493339
sb13 219.296482 142.471730 267.296482 199.471730
sb14 205.000000 14.044335 268.000000 57.044335
sb15 209.000000 131.132092 268.000000 183.132092
sb16 161.366163 90.626400 197.366163 147.626400
sb17 111.282868 202.000000 155.282868 268.000000
sb18 52.227413 7.255268 100.227413 58.255268
sb19 130.568618 153.187737 161.568618 203.187737
sb20 68.995595 181.752863 105.995595 200.752863
sb21 33.936985 177.006368 97.936985 227.006368
sb22 114.304968 145.259203 163.304968 179.259203
sb23 248.000000 125.878549 268.000000 174.878549
sb24 162.069541 150.546629 207.069541 178.546629
sb25 214.000000 88.714312 268.000000 127.714312
sb26 128.139974 0.000000 183.139974 40.000000
sb27 243.000000 66.931403 268.000000 131.931403
sb28 176.077446 222.000000 215.077446 268.000000
sb29 175.617793 96.740282 199.617793 158.740282
sb30 121.435689 40.438530 145.435689 66.438530
sb31 91.156301 77.929308 117.156301 111.929308
sb32 209.745211 201.323706 252.745211 254.323706
sb33 155.209045 92.255898 177.209045 127.255898
sb34 61.521448 62.362293 88.521448 116.362293
sb35 0.212083 193.033801 31.212083 231.033801
sb36 86.952781 0.000000 125.952781 67.000000
sb37 113.141524 126.081947 133.141524 186.081947
sb38 218.801409 134.250350 241.801409 191.250350
sb39 67.720395 90.546977 119.720395 145.546977
sb40 0.000000 116.671081 26.000000 145.671081
sb41 98.176609 152.348779 125.176609 207.348779
sb42 0.000000 67.242495 62.000000 120.242495
sb43 0.000000 222.000000 61.000000 268.000000
sb44 126.740452 39.746301 191.740452 86.746301
sb45 245.000000 171.481810 268.000000 215.481810
sb46 27.312591 121.166979 66.312591 143.166979
sb47 162.665806 62.499937 227.665806 95.499937
sb48 0.000000 0.000000 57.000000 27.000000
sb49 191.564707 64.737426 238.564707 129.737426
sb50 130.441941 153.277537 197.441941 185.277537
sb51 83.776810 211.000000 121.776810 268.000000
sb52 161.805833 158.926176 215.805833 203.926176
sb53 31.547875 45.044570 74.547875 66.044570
sb54 157.413291 189.051877 175.413291 250.051877
sb55 85.230925 15.099925 119.230925 71.099925
sb56 0.000000 114.310944 17.000000 177.310944
sb57 41.571889 125.875251 59.571889 172.875251
sb58 106.969461 234.000000 152.969461 268.000000
sb59 29.311640 231.000000 79.311640 268.000000
sb60 155.187965 245.000000 195.187965 268.000000
sb61 182.870278 73.446054 215.870278 96.446054
sb62 208.000000 0.000000 268.000000 19.000000
sb63 183.414140 176.708413 219.414140 221.708413
sb64 122.318088 96.384752 172.318088 143.384752
sb65 13.038033 157.454522 70.038033 213.454522
sb66 98.890800 0.000000 165.890800 61.000000
sb67 110.051554 87.847256 154.051554 127.847256
sb68 214.121539 22.500744 266.121539 85.500744
sb69 0.000000 31.081524 54.000000 58.081524
sb70 118.463043 68.761962 160.463043 110.761962
sb71 98.253413 191.184106 162.253413 213.184106
sb72 4.372969 147.191750 65.372969 208.191750
sb73 207.000000 0.000000 268.000000 67.000000
sb74 28.573697 117.502903 66.573697 159.502903
sb75 127.046824 0.000000 146.046824 28.000000
sb76 202.128563 119.996930 224.128563 152.996930
sb77 193.789404 211.000000 259.789404 268.000000
sb78 187.660439 178.686035 223.660439 210.686035
sb79 0.000000 79.915390 60.000000 120.915390
sb80 201.147917 104.425716 217.147917 162.425716
sb81 114.721441 181.000770 154.721441 231.000770
sb82 19.993976 61.201910 66.993976 118.201910
sb83 66.697094 159.623643 88.697094 175.623643
sb84 143.768419 128.067380 210.768419 150.067380
sb85 170.722193 91.997599 190.722193 116.997599
sb86 102.874022 114.308128 158.874022 151.308128
sb87 61.750632 116.360166 100.750632 160.360166
sb88 0.000000 51.909567 37.000000 75.909567
sb89 60.599090 60.915853 98.599090 87.915853
sb90 124.065110 235.000000 163.065110 268.000000
sb91 27.829192 24.720741 83.829192 57.720741
sb92 0.000000 54.586156 26.000000 70.586156
sb93 44.687419 232.137364 109.687419 267.137364
sb94 166.010419 0.000000 207.010419 59.000000
sb95 34.073969 208.385732 85.073969 227.385732
sb96 68.267039 115.433062 108.267039 181.433062
sb97 192.939441 0.000000 209.939441 67.000000
sb98 163.258298 184.331639 185.258298 246.331639
sb99 219.000000 202.000000 268.000000 268.000000

[Iter 6700]
sb0 151.871643 43.168563 194.871643 76.168563
sb1 142.402823 0.000000 207.402823 37.000000
sb2 58.876365 209.595211 111.876365 243.595211
sb3 0.000000 123.369493 37.000000 190.369493
sb4 0.000000 202.687908 29.000000 221.687908
sb5 70.497815 64.947280 109.497815 113.947280
sb6 228.000000 184.819069 268.000000 202.819069
sb7 215.510479 89.328464 237.510479 129.328464
sb8 155.910397 206.000000 205.910397 268.000000
sb9 239.180886 103.049611 255.180886 144.049611
sb10 63.277218 0.000000 81.277218 52.000000
sb11 72.910152 146.684004 111.910152 205.684004
sb12 103.427156 64.509520 164.427156 92.509520
sb13 219.420972 142.396007 267.420972 199.396007
sb14 205.000000 14.080667 268.000000 57.080667
sb15 209.000000 131.105380 268.000000 183.105380
sb16 161.361756 90.608587 197.361756 147.608587
sb17 111.239341 202.000000 155.239341 268.000000
sb18 52.216106 7.415198 100.216106 58.415198
sb19 130.495219 153.170624 161.495219 203.170624
sb20 68.923447 181.756415 105.923447 200.756415
sb21 33.869832 177.044978 97.869832 227.044978
sb22 114.427969 145.284442 163.427969 179.284442
sb23 248.000000 125.877143 268.000000 174.877143
sb24 162.010340 150.541121 207.010340 178.541121
sb25 214.000000 88.718575 268.000000 127.718575
sb26 128.193518 0.000000 183.193518 40.000000
sb27 243.000000 66.893887 268.000000 131.893887
sb28 176.077847 222.000000 215.077847 268.000000
sb29 175.803020 96.774160 199.803020 158.774160
sb30 121.417188 40.393063 145.417188 66.393063
sb31 91.153202 77.872652 117.153202 111.872652
sb32 209.906257 201.273454 252.906257 254.273454
sb33 155.186490 92.246981 177.186490 127.246981
sb34 61.525438 62.328967 88.525438 116.328967
sb35 0.155018 193.104413 31.155018 231.104413
sb36 86.836815 0.000000 125.836815 67.000000
sb37 113.074929 126.111130 133.074929 186.111130
sb38 218.788912 134.253369 241.788912 191.253369
sb39 67.849898 90.724126 119.849898 145.724126
sb40 0.000000 116.670648 26.000000 145.670648
sb41 98.103415 152.341112 125.103415 207.341112
sb42 0.000000 67.245374 62.000000 120.245374
sb43 0.000000 222.000000 61.000000 268.000000
sb44 126.642987 39.750946 191.642987 86.750946
sb45 245.000000 171.479818 268.000000 215.479818
sb46 27.289078 121.095753 66.289078 143.095753
sb47 162.568292 62.503607 227.568292 95.503607
sb48 0.000000 0.000000 57.000000 27.000000
sb49 191.533925 64.738583 238.533925 129.738583
sb50 130.394341 153.279899 197.394341 185.279899
sb51 83.763086 211.000000 121.763086 268.000000
sb52 161.946162 158.920309 215.946162 203.920309
sb53 31.508582 45.022493 74.508582 66.022493
sb54 157.412930 189.046180 175.412930 250.046180
sb55 85.215197 15.024622 119.215197 71.024622
sb56 0.000000 114.397672 17.000000 177.397672
sb57 41.569456 125.875765 59.569456 172.875765
sb58 107.103065 234.000000 153.103065 268.000000
sb59 29.311075 231.000000 79.311075 268.000000
sb60 155.186321 245.000000 195.186321 268.000000
sb61 182.913586 73.446720 215.913586 96.446720
sb62 208.000000 0.000000 268.000000 19.000000
sb63 183.421276 176.688699 219.421276 221.688699
sb64 122.479953 96.399386 172.479953 143.399386
sb65 13.137053 157.471088 70.137053 213.471088
sb66 98.882153 0.000000 165.882153 61.000000
sb67 109.946262 87.848157 153.946262 127.848157
sb68 214.175872 22.500388 266.175872 85.500388
sb69 0.000000 31.084696 54.000000 58.084696
sb70 118.454246 68.718232 160.454246 110.718232
sb71 98.228806 191.185457 162.228806 213.185457
sb72 4.290787 147.172583 65.290787 208.172583
sb73 207.000000 0.000000 268.000000 67.000000
sb74 28.678578 117.499303 66.678578 159.499303
sb75 126.960935 0.000000 145.960935 28.000000
sb76 202.340733 119.867975 224.340733 152.867975
sb77 193.776675 211.000000 259.776675 268.000000
sb78 187.623105 178.679009 223.623105 210.679009
sb79 0.000000 79.915058 60.000000 120.915058
sb80 201.137613 104.473691 217.137613 162.473691
sb81 114.849770 181.032480 154.849770 231.032480
sb82 19.812959 61.100750 66.812959 118.100750
sb83 66.620130 159.625944 88.620130 175.625944
sb84 143.692638 128.056895 210.692638 150.056895
sb85 170.668252 91.999916 190.668252 116.999916
sb86 102.874394 114.275450 158.874394 151.275450
sb87 61.751290 116.329464 100.751290 160.329464
sb88 0.000000 51.908115 37.000000 75.908115
sb89 60.613572 61.089468 98.613572 88.089468
sb90 124.061908 235.000000 163.061908 268.000000
sb91 27.707505 24.620733 83.707505 57.620733
sb92 0.000000 54.584024 26.000000 70.584024
sb93 44.632363 232.177874 109.632363 267.177874
sb94 166.005115 0.000000 207.005115 59.000000
sb95 34.032239 208.372688 85.032239 227.372688
sb96 68.197791 115.441627 108.197791 181.441627
sb97 192.983712 0.000000 209.983712 67.000000
sb98 163.210767 184.325943 185.210767 246.325943
sb99 219.000000 202.000000 268.000000 268.000000

[Iter 6750]
sb0 151.899329 43.167893 194.899329 76.167893
sb1 142.377073 0.000000 207.377073 37.000000
sb2 58.886908 209.691901 111.886908 243.691901
sb3 0.000000 123.368321 37.000000 190.368321
sb4 0.000000 202.685313 29.000000 221.685313
sb5 70.414453 64.949245 109.414453 113.949245
sb6 228.000000 184.811364 268.000000 202.811364
sb7 215.718795 89.146949 237.718795 129.146949
sb8 156.056150 206.000000 206.056150 268.000000
sb9 239.365693 102.962912 255.365693 143.962912
sb10 63.259612 0.000000 81.259612 52.000000
sb11 73.002201 146.816799 112.002201 205.816799
sb12 103.356508 64.525361 164.356508 92.525361
sb13 219.545038 142.318595 267.545038 199.318595
sb14 205.000000 14.104302 268.000000 57.104302
sb15 209.000000 131.094376 268.000000 183.094376
sb16 161.359087 90.594417 197.359087 147.594417
sb17 111.203624 202.000000 155.203624 268.000000
sb18 52.204984 7.568955 100.204984 58.568955
sb19 130.425345 153.157317 161.425345 203.157317
sb20 68.861542 181.758503 105.861542 200.758503
sb21 33.805936 177.080499 97.805936 227.080499
sb22 114.544256 145.316117 163.544256 179.316117
sb23 248.000000 125.880679 268.000000 174.880679
sb24 161.953786 150.537428 206.953786 178.537428
sb25 214.000000 88.722524 268.000000 127.722524
sb26 128.242918 0.000000 183.242918 40.000000
sb27 243.000000 66.873342 268.000000 131.873342
sb28 176.072638 222.000000 215.072638 268.000000
sb29 175.964918 96.800523 199.964918 158.800523
sb30 121.407662 40.356644 145.407662 66.356644
sb31 91.151757 77.825646 117.151757 111.825646
sb32 210.064891 201.219899 253.064891 254.219899
sb33 155.155003 92.228846 177.155003 127.228846
sb34 61.529039 62.300730 88.529039 116.300730
sb35 0.101307 193.168197 31.101307 231.168197
sb36 86.744105 0.000000 125.744105 67.000000
sb37 113.024319 126.138662 133.024319 186.138662
sb38 218.778492 134.252455 241.778492 191.252455
sb39 67.961530 90.874384 119.961530 145.874384
sb40 0.000000 116.665357 26.000000 145.665357
sb41 98.033343 152.337839 125.033343 207.337839
sb42 0.000000 67.245713 62.000000 120.245713
sb43 0.000000 222.000000 61.000000 268.000000
sb44 126.564963 39.753593 191.564963 86.753593
sb45 245.000000 171.478643 268.000000 215.478643
sb46 27.260548 121.030767 66.260548 143.030767
sb47 162.498774 62.507395 227.498774 95.507395
sb48 0.000000 0.000000 57.000000 27.000000
sb49 191.513976 64.742161 238.513976 129.742161
sb50 130.364303 153.281301 197.364303 185.281301
sb51 83.751922 211.000000 121.751922 268.000000
sb52 162.084245 158.914424 216.084245 203.914424
sb53 31.479030 45.002583 74.479030 66.002583
sb54 157.402311 189.036939 175.402311 250.036939
sb55 85.206565 14.963079 119.206565 70.963079
sb56 0.000000 114.471709 17.000000 177.471709
sb57 41.566521 125.875796 59.566521 172.875796
sb58 107.223325 234.000000 153.223325 268.000000
sb59 29.312189 231.000000 79.312189 268.000000
sb60 155.187434 245.000000 195.187434 268.000000
sb61 182.953166 73.449789 215.953166 96.449789
sb62 208.000000 0.000000 268.000000 19.000000
sb63 183.420829 176.687916 219.420829 221.687916
sb64 122.621893 96.415631 172.621893 143.415631
sb65 13.217732 157.479926 70.217732 213.479926
sb66 98.872994 0.000000 165.872994 61.000000
sb67 109.885274 87.862563 153.885274 127.862563
sb68 214.223979 22.500078 266.223979 85.500078
sb69 0.000000 31.082421 54.000000 58.082421
sb70 118.448893 68.682810 160.448893 110.682810
sb71 98.197642 191.185447 162.197642 213.185447
sb72 4.227486 147.154538 65.227486 208.154538
sb73 207.000000 0.000000 268.000000 67.000000
sb74 28.752406 117.496768 66.752406 159.496768
sb75 126.890954 0.000000 145.890954 28.000000
sb76 202.523595 119.732285 224.523595 152.732285
sb77 193.764987 211.000000 259.764987 268.000000
sb78 187.592754 178.672207 223.592754 210.672207
sb79 0.000000 79.912397 60.000000 120.912397
sb80 201.128947 104.521809 217.128947 162.521809
sb81 114.957506 181.076902 154.957506 231.076902
sb82 19.723562 61.012213 66.723562 118.012213
sb83 66.545277 159.623577 88.545277 175.623577
sb84 143.639399 128.048676 210.639399 150.048676
sb85 170.649046 92.002139 190.649046 117.002139
sb86 102.874311 114.249387 158.874311 151.249387
sb87 61.751926 116.302814 100.751926 160.302814
sb88 0.000000 51.903903 37.000000 75.903903
sb89 60.633040 61.256025 98.633040 88.256025
sb90 124.060366 235.000000 163.060366 268.000000
sb91 27.606709 24.527021 83.606709 57.527021
sb92 0.000000 54.584909 26.000000 70.584909
sb93 44.587007 232.215037 109.587007 267.215037
sb94 165.999154 0.000000 206.999154 59.000000
sb95 34.003838 208.360380 85.003838 227.360380
sb96 68.143491 115.446747 108.143491 181.446747
sb97 193.023831 0.000000 210.023831 67.000000
sb98 163.169748 184.317645 185.169748 246.317645
sb99 219.000000 202.000000 268.000000 268.000000

[Iter 6800]
sb0 151.924830 43.168638 194.924830 76.168638
sb1 142.356581 0.000000 207.356581 37.000000
sb2 58.935020 209.753269 111.935020 243.753269
sb3 0.000000 123.364892 37.000000 190.364892
sb4 0.000000 202.683983 29.000000 221.683983
sb5 70.328453 64.944075 109.328453 113.944075
sb6 228.000000 184.803179 268.000000 202.803179
sb7 215.916022 88.978797 237.916022 128.978797
sb8 156.173011 206.000000 206.173011 268.000000
sb9 239.541407 102.874110 255.541407 143.874110
sb10 63.249356 0.000000 81.249356 52.000000
sb11 73.085019 146.887466 112.085019 205.887466
sb12 103.334135 64.535201 164.334135 92.535201
sb13 219.655624 142.234929 267.655624 199.234929
sb14 205.000000 14.124909 268.000000 57.124909
sb15 209.000000 131.081911 268.000000 183.081911
sb16 161.358012 90.583255 197.358012 147.583255
sb17 111.172911 202.000000 155.172911 268.000000
sb18 52.198920 7.657811 100.198920 58.657811
sb19 130.360919 153.146553 161.360919 203.146553
sb20 68.803682 181.749504 105.803682 200.749504
sb21 33.749096 177.113195 97.749096 227.113195
sb22 114.644019 145.335378 163.644019 179.335378
sb23 248.000000 125.878196 268.000000 174.878196
sb24 161.901572 150.535030 206.901572 178.535030
sb25 214.000000 88.726381 268.000000 127.726381
sb26 128.288800 0.000000 183.288800 40.000000
sb27 243.000000 66.857359 268.000000 131.857359
sb28 176.067456 222.000000 215.067456 268.000000
sb29 176.083963 96.822343 200.083963 158.822343
sb30 121.405164 40.324106 145.405164 66.324106
sb31 91.152115 77.790695 117.152115 111.790695
sb32 210.189154 201.159416 253.189154 254.159416
sb33 155.101852 92.216803 177.101852 127.216803
sb34 61.529749 62.278219 88.529749 116.278219
sb35 0.050651 193.225268 31.050651 231.225268
sb36 86.666551 0.000000 125.666551 67.000000
sb37 112.979021 126.169307 132.979021 186.169307
sb38 218.769597 134.252750 241.769597 191.252750
sb39 68.031516 90.946601 120.031516 145.946601
sb40 0.000000 116.647863 26.000000 145.647863
sb41 97.967157 152.339473 124.967157 207.339473
sb42 0.000000 67.243825 62.000000 120.243825
sb43 0.000000 222.000000 61.000000 268.000000
sb44 126.497342 39.756499 191.497342 86.756499
sb45 245.000000 171.478855 268.000000 215.478855
sb46 27.231948 120.972053 66.231948 142.972053
sb47 162.464265 62.514256 227.464265 95.514256
sb48 0.000000 0.000000 57.000000 27.000000
sb49 191.486279 64.739603 238.486279 129.739603
sb50 130.339507 153.278667 197.339507 185.278667
sb51 83.742583 211.000000 121.742583 268.000000
sb52 162.203696 158.907638 216.203696 203.907638
sb53 31.455200 44.984020 74.455200 65.984020
sb54 157.393301 189.022500 175.393301 250.022500
sb55 85.201772 14.936356 119.201772 70.936356
sb56 0.000000 114.545272 17.000000 177.545272
sb57 41.563726 125.876188 59.563726 172.876188
sb58 107.334401 234.000000 153.334401 268.000000
sb59 29.311146 231.000000 79.311146 268.000000
sb60 155.183255 245.000000 195.183255 268.000000
sb61 182.988433 73.454275 215.988433 96.454275
sb62 208.000000 0.000000 268.000000 19.000000
sb63 183.421333 176.687808 219.421333 221.687808
sb64 122.714965 96.428378 172.714965 143.428378
sb65 13.301814 157.489897 70.301814 213.489897
sb66 98.867564 0.000000 165.867564 61.000000
sb67 109.812331 87.874161 153.812331 127.874161
sb68 214.265614 22.500034 266.265614 85.500034
sb69 0.000000 31.080699 54.000000 58.080699
sb70 118.447148 68.654711 160.447148 110.654711
sb71 98.169631 191.184697 162.169631 213.184697
sb72 4.168765 147.137856 65.168765 208.137856
sb73 207.000000 0.000000 268.000000 67.000000
sb74 28.804389 117.506897 66.804389 159.506897
sb75 126.832588 0.000000 145.832588 28.000000
sb76 202.674912 119.595291 224.674912 152.595291
sb77 193.754590 211.000000 259.754590 268.000000
sb78 187.567259 178.665765 223.567259 210.665765
sb79 0.000000 79.907574 60.000000 120.907574
sb80 201.122014 104.568438 217.122014 162.568438
sb81 115.049551 181.101164 155.049551 231.101164
sb82 19.637272 60.930775 66.637272 117.930775
sb83 66.474498 159.625667 88.474498 175.625667
sb84 143.604919 128.039075 210.604919 150.039075
sb85 170.616129 91.998616 190.616129 116.998616
sb86 102.873989 114.228683 158.873989 151.228683
sb87 61.753238 116.280416 100.753238 160.280416
sb88 0.000000 51.897136 37.000000 75.897136
sb89 60.645068 61.350784 98.645068 88.350784
sb90 124.059985 235.000000 163.059985 268.000000
sb91 27.522975 24.443563 83.522975 57.443563
sb92 0.000000 54.582831 26.000000 70.582831
sb93 44.548049 232.249544 109.548049 267.249544
sb94 165.995706 0.000000 206.995706 59.000000
sb95 33.980644 208.348817 84.980644 227.348817
sb96 68.092911 115.452113 108.092911 181.452113
sb97 193.058955 0.000000 210.058955 67.000000
sb98 163.133378 184.308546 185.133378 246.308546
sb99 219.000000 202.000000 268.000000 268.000000

