# [Sort by displacement]
# module_name  displacement  area  num_nets  disp*area  disp*num_nets  after_x  after_y  before_x  before_y
r802  20.238227  7.790400  24  157.663895  485.717457  6.396576  4.248645  26.338509  7.699027
r695  19.010005  7.790402  24  148.095583  456.240111  33.311338  23.358838  15.778111  30.705008
r527  18.802376  7.790401  24  146.478059  451.257029  9.452413  26.848476  17.856096  10.028622
r530  17.822071  7.790399  24  138.841047  427.729704  40.571621  24.151097  29.476710  10.203726
r424  17.095517  7.790400  24  133.180909  410.292401  23.648338  11.017055  19.472904  27.594824
r404  16.613010  9.469032  24  157.309118  398.712236  15.633400  26.998385  1.922486  36.379373
r561  16.413300  7.790402  24  127.866211  393.919203  5.652583  10.075213  13.248392  24.625130
r271  16.229421  7.790400  24  126.433679  389.506109  26.029489  3.021789  12.313355  11.697144
r284  16.196610  40.165043  24  650.537539  388.718641  14.270606  14.968262  3.537518  2.838504
r580  15.945556  7.790401  24  124.222280  382.693342  41.708379  30.137566  27.498750  22.902429
r240  14.123256  7.790400  24  110.025814  338.958133  20.891972  18.700858  22.071052  4.626907
r135  13.963142  7.790400  24  108.778461  335.115408  29.302950  35.220712  15.399896  36.514706
r256  13.569582  7.790399  24  105.712460  325.669972  6.331201  7.294471  18.677350  12.925294
r815  13.255615  7.790400  24  103.266552  318.134771  14.165354  23.932732  9.424551  11.553874
r19  12.970903  7.790401  24  101.048535  311.301676  35.704529  29.035699  24.427370  22.627110
r289  12.210284  9.469030  24  115.619551  293.046824  18.944801  15.911849  10.165690  24.398206
r660  11.690221  7.790400  24  91.071498  280.565311  11.155548  30.618380  8.852836  42.079567
r119  11.545641  7.790401  24  89.945165  277.095375  35.756656  43.888734  27.685971  35.632473
r783  11.399718  7.790399  24  88.808348  273.593233  8.669905  9.522683  16.459392  1.199374
r405  11.170291  9.469034  24  105.771858  268.086974  12.678329  41.572081  1.772653  39.155139
r784  10.493426  7.790401  24  81.747996  251.842228  13.602532  9.818962  19.599981  1.208352
r150  10.177070  9.469030  24  96.366974  244.249674  1.799319  34.129769  11.969709  34.498463
r260  10.122544  7.790401  24  78.858671  242.941052  34.609923  14.432164  33.996474  4.328225
r149  10.085352  9.469032  24  95.498526  242.048453  15.761315  41.235134  8.570423  34.163685
r307  10.049104  9.469033  24  95.155300  241.178506  10.072963  16.764045  16.253005  24.688159
r528  9.954893  7.790401  24  77.552612  238.917435  30.414691  11.363748  20.555442  9.987121
r560  9.784818  9.469034  24  92.652774  234.835635  14.955192  6.926045  9.006241  14.694741
r529  9.647571  0.075000  24  0.723568  231.541705  15.003781  2.815768  22.397021  9.013802
r421  9.642995  9.469034  24  91.309845  231.431878  12.354156  27.633499  4.936278  33.794866
r275  9.254980  7.790400  24  72.099998  222.119515  27.992437  22.764698  27.170069  13.546327
r133  9.203501  7.790399  24  71.698947  220.884026  15.322050  30.503170  8.651778  36.844455
r408  8.942413  7.790401  24  69.664984  214.617921  18.351097  20.050839  22.712434  27.857599
r801  8.916124  7.790400  24  69.460177  213.986988  31.793523  7.989699  22.911254  7.213447
r239  8.788920  7.790400  24  68.469204  210.934090  26.822129  44.574618  18.033407  44.633629
r257  8.721899  7.790402  24  67.947103  209.325578  31.180608  13.848126  23.445427  9.818425
r804  8.577009  7.790401  24  66.818339  205.848208  27.311236  8.760641  35.881807  8.428412
r134  8.558710  9.469030  24  81.042690  205.409051  20.540797  36.464571  12.071907  37.701271
r547  8.398948  7.790399  24  65.431157  201.574763  37.454138  11.987306  29.996329  15.850390
r55  8.245802  7.790400  24  64.238098  197.899252  44.551074  30.286815  36.367632  29.274624
r662  8.177450  7.790401  24  63.705612  196.258800  9.651220  41.354969  17.812184  41.873968
r600  8.040608  7.790399  24  62.639543  192.974593  43.818991  44.314369  35.778383  44.314369
r545  8.016902  9.469030  24  75.912286  192.405642  18.928684  13.321281  18.070846  21.292154
r309  7.958241  7.790401  24  61.997890  190.997788  37.001055  17.331743  30.408704  21.789828
r512  7.937019  7.790398  24  61.832540  190.488467  14.744747  1.501436  22.671860  1.897884
r1  7.897190  7.790399  24  61.522260  189.532569  18.630987  10.295129  18.981066  18.184557
r294  7.747298  7.790401  24  60.354555  185.935147  44.006927  15.371739  36.275258  14.879888
r526  7.653429  7.790400  24  59.623272  183.682302  21.109040  7.246649  13.547702  6.062951
r798  7.634443  7.790398  24  59.475356  183.226642  6.481152  1.493506  8.612289  8.824466
r3  7.587774  7.790401  24  59.111796  182.106566  37.694152  14.487287  30.211764  13.227058
r678  7.521892  7.790400  24  58.598548  180.525399  13.131449  33.016107  11.975205  40.448600
r254  7.442700  7.790400  24  57.981617  178.624810  17.498012  3.899636  11.893847  8.797301
r782  7.437804  7.790401  24  57.943475  178.507295  18.415554  7.018904  13.482802  1.452138
r238  7.321570  7.790401  24  57.037966  175.717677  23.675219  7.337207  16.371358  6.828290
r273  7.276818  7.790399  24  56.689314  174.643622  21.950486  21.767682  18.129165  15.574979
r258  7.191498  7.790401  24  56.024653  172.595946  22.872541  4.432165  26.595986  10.584693
r693  6.946919  40.165048  24  279.023338  166.726060  8.238166  36.163273  9.113726  29.271751
r0  6.867812  7.790400  24  53.503002  164.827482  11.131730  9.888030  15.059367  15.521900
r583  6.505233  7.790399  24  50.678356  156.125583  43.954798  27.059705  37.477186  26.460873
r4  6.503498  7.790401  24  50.664855  156.083954  27.089381  11.327476  33.472951  12.570666
r423  6.366878  7.790400  24  49.600521  152.805064  44.331789  38.413542  44.832521  32.066385
r255  6.112179  7.790400  24  47.616324  146.692301  21.018551  10.417936  15.308096  12.597257
r17  5.995100  7.790397  24  46.704215  143.882410  16.893655  23.151362  13.322471  27.966741
r786  5.849751  7.790400  24  45.571900  140.394017  34.361809  1.470646  28.513889  1.324316
r661  5.720380  7.790398  24  44.564036  137.289119  17.412563  44.520871  11.808073  43.375258
r116  5.720331  7.790400  24  44.563669  137.287948  13.425536  36.331308  8.633334  39.454926
r277  5.712011  7.790398  24  44.498842  137.088275  40.899491  15.142492  36.428828  11.587179
r22  5.689496  7.790398  24  44.323439  136.547903  37.716062  9.834774  39.665378  15.179914
r311  5.586104  7.790400  24  43.517988  134.066502  30.921152  22.727027  36.243111  21.029586
r39  5.532928  9.469030  24  52.391463  132.790277  44.157222  24.318214  38.727160  23.256269
r548  5.504755  7.790399  24  42.884235  132.114114  44.243840  10.262155  39.158776  12.370342
r663  5.346276  7.790400  24  41.649628  128.310628  44.680398  41.056920  44.680398  35.710643
r781  5.330368  40.165046  24  214.094474  127.928832  2.530529  4.835150  4.645568  9.727943
r20  5.234726  7.790400  24  40.780607  125.633418  35.913731  26.024971  33.437102  21.413176
r694  5.220770  7.790400  24  40.671882  125.298473  7.959409  31.326048  13.178615  31.198275
r800  5.214943  7.790401  24  40.626495  125.158626  14.879739  4.348536  19.371203  6.998514
r677  5.201840  7.790398  24  40.524406  124.844161  4.338890  34.146655  5.328936  39.253411
r132  5.029763  7.790400  24  39.183870  120.714321  7.136189  41.347434  5.426466  36.617174
r241  5.005031  7.790401  24  38.991200  120.120746  20.062200  4.115487  25.042431  4.613119
r510  4.843844  7.790400  24  37.735479  116.252252  20.139516  1.276633  16.073599  3.909339
r511  4.687097  7.790399  24  36.514354  112.490323  23.125628  1.700549  19.081103  4.069239
r581  4.538638  7.790400  24  35.357808  108.927322  38.791367  26.642570  34.253031  26.694877
r5  4.496483  7.790401  24  35.029402  107.915586  34.281187  8.620313  38.773315  8.818148
r546  4.440490  7.790402  24  34.593201  106.571753  31.409473  16.330345  26.999158  16.847135
r532  4.422742  9.469031  24  41.879079  106.145798  34.179305  11.473519  32.859800  7.252199
r117  4.219100  7.790402  24  32.868487  101.258404  11.354969  44.453757  14.825870  42.055079
r563  4.169366  7.790401  24  32.481034  100.064793  25.227651  23.790596  26.886142  19.965282
r599  3.988108  7.790400  24  31.068953  95.714583  35.905224  40.991014  37.430927  37.306285
r762  3.707433  3.652219  24  13.540358  88.978388  2.135400  16.856761  5.842833  16.856761
r259  3.645229  7.790401  24  28.397797  87.485504  26.240662  5.814034  29.638291  7.134570
r291  3.554170  9.469034  24  33.654559  85.300086  24.473241  20.644156  20.963209  21.202549
r290  3.524234  40.165045  24  141.551020  84.581618  3.371817  19.853892  5.570762  22.607956
r422  3.502190  7.790400  24  27.283459  84.052556  1.459883  37.155317  1.459883  33.653128
r2  3.478274  7.790400  24  27.097143  83.478568  27.216832  19.206965  23.817560  19.944081
r531  3.391232  7.790398  24  26.419045  81.389567  29.758320  8.324092  32.658879  10.081137
r785  3.326528  7.790399  24  25.914985  79.836682  28.960705  1.455688  25.634177  1.455688
r272  3.268901  40.165045  24  131.295556  78.453624  9.032520  22.046830  11.190981  19.591884
r242  2.952829  7.790400  24  23.003721  70.867902  33.632761  4.420503  30.680930  4.343718
r514  2.947241  7.790402  24  22.960191  70.733783  31.074061  4.479427  31.505719  1.563968
r274  2.931932  40.165046  24  117.761202  70.366380  25.954179  15.185767  23.033213  14.932414
r328  2.771192  7.790400  24  21.588691  66.508596  31.668061  1.422195  34.439253  1.422195
r734  2.740321  40.165044  24  110.065131  65.767715  3.897270  13.723015  3.897270  16.463337
r118  2.705915  7.790400  24  21.080158  64.941957  12.799976  39.057005  15.502783  39.186648
r288  2.694679  7.790399  24  20.992624  64.672291  9.935200  13.079998  12.074119  14.718997
r696  2.666912  7.790399  24  20.776312  64.005898  18.954489  27.170539  16.317403  27.568283
r562  2.660166  7.790398  24  20.723753  63.843990  13.016698  20.201548  15.319436  21.533421
r565  2.614142  9.469031  24  24.753396  62.739417  38.338916  20.720267  38.310747  18.106276
r56  2.526394  40.165047  24  101.472717  60.633445  42.011957  34.490902  39.851710  33.180941
r803  2.479620  7.790400  24  19.317229  59.510870  1.917317  10.019690  1.015794  7.709761
r21  2.457503  7.790398  24  19.144922  58.980061  35.707711  20.436850  35.279735  18.016901
r679  2.442059  7.790399  24  19.024616  58.609424  16.331848  35.562311  18.652058  36.324074
r37  2.200901  7.790398  24  17.145892  52.821613  30.548121  26.139499  31.660652  24.240489
r543  2.196574  7.790400  24  17.112191  52.717779  44.437653  12.807291  44.437653  10.610717
r391  2.183066  7.790399  24  17.006958  52.393594  26.728554  35.325683  24.546175  35.380474
r276  2.179238  7.790399  24  16.977133  52.301709  34.445833  17.171959  33.290762  15.324018
r407  1.915541  7.790400  24  14.922833  45.972988  23.517220  36.844714  21.619073  37.102276
r54  1.846813  9.469032  24  17.487536  44.323523  33.011047  26.862654  31.180864  27.109938
r598  1.788058  7.790401  24  13.929689  42.913395  33.196891  32.049697  31.474871  32.531152
r327  1.786082  7.790399  24  13.914293  42.865973  36.686542  32.191655  34.902348  32.273755
r310  1.736464  7.790401  24  13.527754  41.675145  37.050829  23.595723  35.358526  23.984848
r390  1.672125  7.790400  24  13.026519  40.130990  17.270742  38.086823  18.624967  39.067678
r293  1.669575  7.790400  24  13.006657  40.069798  32.820931  19.994832  32.367977  18.387874
r544  1.629378  7.790402  24  12.693513  39.105083  15.857918  20.062376  15.633222  18.448565
r308  1.565102  7.790398  24  12.192771  37.562460  21.924839  26.389458  22.034231  24.828183
r462  1.534845  6.045568  24  9.279011  36.836284  28.810294  13.851209  30.345139  13.851209
r374  1.528992  7.790398  24  11.911460  36.695817  25.970868  38.386759  24.452804  38.204278
r388  1.442221  40.165046  24  57.926874  34.613305  2.739467  42.154804  3.665407  43.260533
r38  1.433352  7.790400  24  11.166388  34.400456  38.537910  29.806744  39.724337  29.002449
r566  1.405866  7.790400  24  10.952255  33.740773  40.947658  12.786504  42.325064  13.067948
r86  1.342258  40.165041  24  53.911843  32.214189  33.924146  36.625377  32.585023  36.717064
r559  1.326009  3.652219  24  4.842876  31.824219  2.720030  13.474836  2.604169  14.795774
r36  1.308217  7.790400  24  10.191532  31.397203  25.014418  26.722250  24.972150  25.414716
r15  1.262400  7.261966  24  9.167505  30.297599  4.457411  16.921533  3.222698  17.184474
r102  1.217944  7.790400  24  9.488272  29.230658  28.902410  38.406825  27.684467  38.405431
r151  1.188715  7.790401  24  9.260566  28.529158  16.396140  33.148633  15.416879  33.822496
r799  1.138340  7.790402  24  8.868128  27.320165  16.143265  9.968999  15.030621  9.728500
r582  1.106334  7.790401  24  8.618782  26.552004  41.413909  27.220358  40.734015  26.347594
r768  1.067499  6.045566  24  6.453637  25.619980  26.617449  1.707531  25.578209  1.463534
r513  1.053211  7.790399  24  8.204937  25.277071  28.727395  4.674527  27.694997  4.466183
r680  1.044963  7.790399  24  8.140682  25.079122  27.980828  26.835252  28.091866  25.796205
r35  0.912677  7.790400  24  7.110119  21.904250  19.436259  23.691731  19.378053  24.602550
r16  0.909821  40.165041  24  36.542982  21.835695  10.480666  4.076134  9.606855  3.822701
r557  0.899297  3.652219  24  3.284430  21.583136  3.178186  2.434555  2.593458  1.751306
r136  0.865400  40.165040  24  34.758843  20.769610  27.775562  30.873818  26.939540  30.650243
r389  0.833063  7.790399  24  6.489896  19.993520  14.355191  44.160633  14.773412  44.881109
r691  0.830672  40.165044  24  33.363995  19.936139  21.070717  31.915581  20.256641  32.080798
r474  0.793239  3.652220  24  2.897084  19.037739  10.167071  19.026479  10.763090  19.549919
r350  0.780392  3.652219  24  2.850163  18.729412  17.428287  32.027036  16.650382  32.089287
r178  0.762173  3.652219  24  2.783622  18.292144  38.594180  22.320028  39.232884  22.735918
r161  0.760824  3.652219  24  2.778697  18.259781  38.775493  24.083786  39.195663  24.718066
r292  0.759676  7.790399  24  5.918179  18.232222  29.865925  19.564636  29.693405  18.824809
r617  0.745231  6.045566  24  4.505344  17.885547  37.295916  37.506497  37.124557  38.231759
r164  0.729357  0.027265  24  0.019886  17.504579  19.557809  32.278589  19.557809  31.549232
r219  0.700368  0.027265  24  0.019096  16.808835  9.219286  15.671120  9.892115  15.476655
r539  0.699610  7.261966  24  5.080546  16.790647  12.349236  1.566574  11.869141  1.057689
r767  0.698326  0.045567  24  0.031821  16.759819  20.968573  3.899652  20.968573  3.201326
r246  0.693426  3.652218  24  2.532542  16.642215  31.391801  3.254314  32.084115  3.215076
r96  0.685936  3.652219  24  2.505188  16.462460  11.963306  36.193912  12.607933  36.428355
r558  0.681609  3.652218  24  2.489385  16.358621  2.796149  11.606166  2.149522  11.821723
r658  0.680977  3.652219  24  2.487076  16.343440  11.373739  40.019103  11.316592  40.697678
r85  0.679552  6.045568  24  4.108275  16.309239  19.950632  40.447491  19.293205  40.619478
r87  0.665702  6.045568  24  4.024546  15.976846  27.083099  35.202784  27.748597  35.186311
r222  0.645800  6.045567  24  3.904226  15.499196  17.781499  7.429758  17.140962  7.512034
r739  0.633050  3.652220  24  2.312039  15.193205  38.406366  17.928058  38.313942  18.554325
r702  0.630333  6.045567  24  3.810721  15.127994  41.805904  19.964107  41.259917  19.649118
r673  0.620775  3.652218  24  2.267205  14.898594  22.666327  39.703535  22.739691  40.319959
r270  0.609874  3.652219  24  2.227394  14.636981  4.974242  12.457755  4.370124  12.541350
r158  0.606265  6.045567  24  3.665215  14.550358  44.307531  22.881562  44.861108  23.128767
r108  0.605353  3.652220  24  2.210881  14.528462  41.968856  36.629983  42.517426  36.374008
r723  0.605308  3.652219  24  2.210716  14.527380  34.320786  22.870448  34.912468  22.998158
r168  0.601051  3.652219  24  2.195168  14.425213  13.144757  25.816279  12.844768  26.337114
r643  0.591546  0.045567  24  0.026955  14.197106  10.164438  43.527986  9.912089  42.992965
r326  0.587413  7.790399  24  4.576182  14.097915  32.965608  29.738314  32.444260  30.008961
r18  0.581794  9.469035  24  5.509032  13.963066  1.760949  24.752592  1.344308  24.346518
r647  0.566849  6.045567  24  3.426925  13.604383  26.847468  40.618356  26.847468  41.185205
r451  0.559373  3.652220  24  2.042952  13.424942  35.046612  24.537802  35.046612  25.097175
r710  0.557257  0.027265  24  0.015194  13.374162  6.315000  28.711176  6.484842  29.241920
r611  0.549720  6.045566  24  3.323369  13.193284  12.496734  34.251663  11.950847  34.316471
r701  0.544388  6.045568  24  3.291137  13.065322  38.534630  19.991074  38.534630  19.446685
r165  0.544281  3.652218  24  1.987834  13.062754  8.464234  32.272632  8.575385  31.739821
r609  0.543168  6.045565  24  3.283759  13.036038  2.119960  33.779572  1.591481  33.905035
r95  0.542229  3.652218  24  1.980339  13.013502  18.618899  35.838229  19.128015  35.651645
r719  0.538062  6.045567  24  3.252890  12.913489  44.344828  15.268510  44.882098  15.239343
r471  0.535669  3.652218  24  1.956378  12.856045  3.113559  20.285709  2.820305  19.837443
r362  0.535532  6.045566  24  3.237592  12.852759  38.509040  40.326210  38.530790  40.861300
r105  0.532966  6.045566  24  3.222083  12.791193  32.822621  44.387952  32.522520  44.828397
r579  0.525400  6.045568  24  3.176341  12.609599  18.763181  25.842445  18.241298  25.903136
r338  0.525160  6.045569  24  3.174888  12.603828  7.311234  31.830922  7.820014  31.700788
r285  0.517748  3.652219  24  1.890928  12.425944  1.083863  3.747473  0.868016  3.276863
r340  0.516500  6.045569  24  3.122537  12.396002  17.107820  39.239286  16.930595  39.724429
r124  0.504489  6.045566  24  3.049922  12.107738  44.258208  31.617449  44.761756  31.586655
r81  0.501145  6.045566  24  3.029706  12.027482  4.820679  35.086930  4.347295  34.922449
r401  0.499580  3.652217  24  1.824575  11.989920  23.207803  37.783104  23.176392  38.281696
r59  0.494095  3.652219  24  1.804544  11.858284  28.051483  27.106752  28.051483  27.600847
r637  0.492090  3.652218  24  1.797222  11.810169  31.195150  40.612545  30.724170  40.755130
r321  0.491024  6.045566  24  2.968517  11.784572  6.484838  22.338801  6.484838  21.847777
r721  0.490318  3.652220  24  1.790749  11.767633  44.106315  18.781627  44.292686  19.235144
r577  0.486869  6.045567  24  2.943400  11.684860  6.702909  18.790287  6.702909  19.277156
r92  0.483504  3.652218  24  1.765862  11.604092  35.231506  37.184208  35.696339  37.317273
r454  0.474632  3.652218  24  1.733461  11.391180  4.741208  28.619349  4.741208  28.144716
r50  0.471519  6.045569  24  2.850599  11.316451  9.613937  26.243840  9.613937  26.715358
r477  0.466070  6.045565  24  2.817659  11.185692  20.267783  7.404242  19.820429  7.534994
r592  0.462170  6.045566  24  2.794078  11.092077  3.772543  26.187061  3.892038  26.633516
r104  0.457595  6.045565  24  2.766422  10.982284  29.581604  37.134349  30.014982  37.281239
r651  0.450418  8.045568  24  3.623869  10.810034  43.656075  40.021113  44.106493  40.021113
r227  0.449999  8.045567  24  3.620495  10.799970  43.173959  2.304571  43.235565  1.858809
r84  0.446255  6.045567  24  2.697862  10.710111  14.773897  39.322957  14.327643  39.322957
r89  0.443492  0.045567  24  0.020209  10.643808  35.802379  37.912286  35.360404  37.875635
r315  0.443254  3.652219  24  1.618862  10.638107  22.356707  22.474891  22.002047  22.740768
r125  0.441692  3.652220  24  1.613155  10.600602  43.175688  32.294626  43.510318  32.006331
r653  0.441599  3.652219  24  1.612815  10.598371  37.661441  41.218800  37.227430  41.137291
r167  0.435632  3.652218  24  1.591023  10.455164  10.095301  27.941261  10.339203  28.302214
r589  0.435018  3.652219  24  1.588780  10.440426  10.986631  25.755972  10.655524  26.038121
r656  0.433802  3.652219  24  1.584338  10.411237  18.883256  39.594863  18.690611  39.983542
r13  0.431459  3.652220  24  1.575782  10.355011  3.071818  4.388082  3.083290  3.956776
r631  0.430755  6.045569  24  2.604158  10.338116  24.803510  35.255976  25.213615  35.387748
r469  0.427352  3.652219  24  1.560784  10.256451  25.348400  19.843520  25.348400  19.416168
r199  0.423497  3.652220  24  1.546706  10.163938  5.333356  23.306701  4.942535  23.469823
r763  0.423496  8.045568  24  3.407263  10.163895  7.170096  13.778511  6.747095  13.798974
r211  0.423223  3.652218  24  1.545702  10.157348  40.489263  8.655765  40.886828  8.510646
r34  0.420826  6.045568  24  2.544134  10.099834  15.476434  25.732224  15.606394  26.132481
r749  0.420366  6.045569  24  2.541351  10.088782  18.906601  9.986726  18.486235  9.986726
r629  0.420068  6.045568  24  2.539551  10.081639  22.202294  40.840574  21.782225  40.840574
r523  0.418651  3.652220  24  1.529004  10.047615  13.614843  9.223652  13.614843  8.805001
r636  0.416559  3.652219  24  1.521363  9.997406  35.152559  40.798626  35.152559  41.215185
r439  0.416430  3.652219  24  1.520892  9.994310  8.198525  27.195531  8.431217  27.540883
r605  0.414444  3.652219  24  1.513642  9.946666  17.196115  26.519218  17.050490  26.131200
r385  0.414209  3.652218  24  1.512783  9.941026  13.198837  40.062371  13.198837  40.476581
r743  0.413438  3.652219  24  1.509967  9.922519  3.306500  22.169649  2.948253  21.963274
r406  0.412730  40.165045  24  16.577299  9.905508  22.168987  42.944946  22.510532  42.713229
r334  0.410080  3.652218  24  1.497701  9.841913  10.456385  30.222894  10.558490  30.620059
r410  0.405494  6.045566  24  2.451441  9.731855  31.255651  25.112130  31.255651  24.706636
r386  0.405222  3.652219  24  1.479959  9.725327  8.992524  40.848329  8.992524  41.253551
r375  0.404664  6.045567  24  2.446421  9.711926  24.537817  40.349798  24.344075  40.705068
r11  0.402735  3.652219  24  1.470875  9.665632  15.011135  1.134829  14.645609  0.965757
r126  0.400860  3.652219  24  1.464027  9.620633  40.976735  33.111988  41.014818  32.712941
r419  0.400530  0.027265  24  0.010920  9.612723  19.049298  34.023038  19.238006  33.669748
r574  0.398327  3.652220  24  1.454778  9.559848  1.256665  9.694972  0.858338  9.694972
r668  0.397779  6.045565  24  2.404796  9.546684  44.218265  34.460548  44.616043  34.460548
r447  0.397327  6.045565  24  2.402066  9.535847  41.911077  14.454490  42.295121  14.556366
r652  0.395233  3.652218  24  1.443479  9.485603  42.584981  39.776773  42.901218  40.013846
r650  0.392734  6.045566  24  2.374302  9.425627  40.204427  42.932695  40.227260  43.324765
r122  0.392102  6.045566  24  2.370477  9.410441  33.938637  26.097100  33.583361  25.931201
r483  0.392073  3.652219  24  1.431937  9.409757  40.966035  10.844031  40.580411  10.914851
r8  0.390350  3.652219  24  1.425645  9.368408  27.714545  10.512315  27.353132  10.659807
r432  0.388726  3.652219  24  1.419712  9.329417  41.639898  25.645173  41.296269  25.826907
r64  0.387714  6.045567  24  2.343953  9.305142  3.673967  29.286733  3.879751  28.958137
r521  0.387547  3.652218  24  1.415406  9.301126  19.033399  3.881295  19.133716  3.506957
r190  0.385091  6.045567  24  2.328094  9.242188  28.156177  11.730968  28.085833  12.109580
r220  0.384082  6.045568  24  2.321993  9.217966  10.341200  11.563754  10.089275  11.853673
r556  0.384070  7.261964  24  2.789105  9.217687  5.083655  1.927324  4.822739  1.645486
r162  0.381334  3.652220  24  1.392715  9.152013  34.657079  27.394021  34.970351  27.176590
r692  0.380455  3.652219  24  1.389504  9.130912  6.772380  34.331504  6.410086  34.215362
r14  0.379093  3.652219  24  1.384531  9.098237  3.175482  9.942602  2.796389  9.942602
r787  0.377281  6.045568  24  2.280878  9.054746  35.044011  1.413016  35.044011  1.035734
r283  0.377175  3.652219  24  1.377525  9.052195  15.314687  3.124663  14.993796  2.926448
r770  0.376704  6.045565  24  2.277391  9.040906  40.197504  1.376021  40.543161  1.226263
r341  0.376367  6.045566  24  2.275352  9.032809  19.402175  35.250648  19.734869  35.074675
r302  0.375622  3.652218  24  1.371852  9.014922  0.992399  5.851884  0.867490  5.497640
r248  0.375214  7.261966  24  2.724789  9.005127  23.432374  1.818864  23.636956  1.504331
r793  0.372131  3.652218  24  1.359104  8.931150  18.888298  5.624113  18.587864  5.404520
r368  0.366815  3.652218  24  1.339687  8.803554  12.184388  38.073382  12.136529  38.437062
r366  0.362671  3.652218  24  1.324552  8.704097  23.973938  35.675345  23.638873  35.814132
r775  0.360120  0.027265  24  0.009819  8.642870  22.007004  13.168075  22.190472  12.858195
r300  0.358104  3.652218  24  1.307874  8.594497  12.019199  5.153934  11.667782  5.085050
r176  0.357295  3.652219  24  1.304920  8.575083  44.333268  16.683788  44.505414  16.996878
r395  0.356432  6.045566  24  2.154831  8.554357  38.958791  29.878115  39.315222  29.878115
r486  0.354605  3.652220  24  1.295095  8.510515  25.140817  16.859133  25.368450  17.131029
r189  0.353324  6.045569  24  2.136045  8.479777  25.725974  13.898797  25.845749  14.231200
r625  0.352108  0.045567  24  0.016044  8.450593  5.062491  36.769588  4.710383  36.769588
r811  0.346475  3.652219  24  1.265403  8.315401  11.593657  3.345679  11.853825  3.116861
r417  0.345475  3.652220  24  1.261750  8.291397  30.516585  32.736543  30.471184  32.394065
r179  0.345008  3.652220  24  1.260044  8.280185  36.771332  23.059171  37.116056  23.045186
r480  0.343733  6.045567  24  2.078063  8.249602  31.409787  11.441882  31.072444  11.375913
r771  0.342379  6.045567  24  2.069878  8.217105  43.537342  5.051538  43.767098  4.797696
r674  0.342101  3.652220  24  1.249429  8.210429  16.505391  40.323967  16.843277  40.377505
r268  0.341547  3.652219  24  1.247403  8.197122  7.339406  5.231114  7.420132  4.899244
r666  0.340739  6.045568  24  2.059962  8.177740  34.045156  29.107748  34.045156  28.767009
r507  0.340634  3.652219  24  1.244070  8.175214  10.722381  13.101273  10.398743  13.207527
r686  0.340453  3.652220  24  1.243410  8.170875  44.595007  29.100294  44.935460  29.100294
r698  0.338761  6.045566  24  2.048001  8.130259  21.312945  23.345329  21.109901  23.616496
r555  0.337064  3.652218  24  1.231030  8.089527  15.757074  4.833203  16.094138  4.833203
r99  0.336236  6.045568  24  2.032738  8.069666  44.699917  42.245905  44.699917  42.582141
r697  0.335322  6.045568  24  2.027213  8.047734  18.851381  23.215648  18.524019  23.143021
r73  0.334965  6.045566  24  2.025054  8.039165  37.685320  34.708570  37.662655  35.042768
r519  0.329227  3.652220  24  1.202409  7.901446  28.066276  4.619635  27.766946  4.482551
r738  0.324156  3.652218  24  1.183887  7.779735  43.079089  14.715071  43.079089  15.039227
r633  0.323585  6.045567  24  1.956254  7.766039  44.699844  37.796386  44.699844  37.472801
r318  0.320278  3.652218  24  1.169726  7.686676  1.295628  23.111968  0.975350  23.111968
r221  0.319439  6.045566  24  1.931191  7.666543  13.096801  6.283955  13.255230  6.561339
r765  0.318611  6.045567  24  1.926184  7.646662  13.210860  4.129371  12.892249  4.129371
r269  0.317001  3.652219  24  1.157758  7.608027  5.052044  10.346326  4.751053  10.445794
r659  0.316300  6.045568  24  1.912214  7.591203  4.149976  40.783730  3.846715  40.873611
r524  0.316171  3.652220  24  1.154724  7.588094  9.202479  8.846575  9.095235  8.549148
r635  0.315356  3.652219  24  1.151749  7.568546  40.647072  40.058472  40.806509  40.330555
r644  0.315227  6.045567  24  1.905728  7.565457  12.169225  42.772989  12.027697  42.491319
r233  0.314047  3.652219  24  1.146970  7.537139  16.623351  15.257965  16.842250  15.483151
r141  0.313980  6.045568  24  1.898190  7.535529  44.247031  27.991121  44.524941  27.845005
r387  0.312840  8.045568  24  2.516979  7.508171  1.635606  39.373837  1.322766  39.373837
r376  0.311500  6.045567  24  1.883195  7.476003  29.528042  42.632308  29.816025  42.751044
r163  0.311343  3.652220  24  1.137094  7.472237  21.972194  29.366906  21.713773  29.193258
r396  0.308788  6.045565  24  1.866799  7.410918  42.150080  32.346890  42.450507  32.418260
r306  0.307035  6.045566  24  1.856200  7.368838  10.983761  24.151295  10.756061  24.357264
r106  0.305216  6.045567  24  1.845205  7.325190  35.648061  44.579220  35.342845  44.579220
r217  0.304087  3.652219  24  1.110594  7.298098  13.018140  20.703198  13.316173  20.642821
r296  0.303977  3.652220  24  1.110192  7.295455  29.961993  16.244038  29.693357  16.386294
r682  0.299509  6.045569  24  1.810703  7.188221  29.355582  24.371506  29.056541  24.354774
r344  0.298825  6.045565  24  1.806567  7.171803  35.110768  34.204492  35.110768  33.905667
r594  0.296810  6.045568  24  1.794383  7.123431  7.958570  24.361176  7.706049  24.205197
r382  0.295371  3.652219  24  1.078758  7.088894  32.903934  39.074023  32.608563  39.074023
r549  0.293826  7.790399  24  2.289026  7.051836  41.205027  9.843908  41.487363  9.925276
r727  0.293709  3.652221  24  1.072691  7.049024  2.878138  27.113853  2.644643  26.935680
r466  0.293009  3.652219  24  1.070134  7.032224  41.350746  13.501700  41.245090  13.228403
r495  0.291728  6.045567  24  1.763664  7.001483  21.424699  2.652834  21.619456  2.435635
r355  0.289812  6.045567  24  1.752079  6.955493  9.461872  42.244688  9.172101  42.239819
r75  0.289593  3.652219  24  1.057658  6.950241  32.329205  30.456883  32.127820  30.248776
r225  0.289056  6.045569  24  1.747505  6.937332  30.535646  5.939308  30.330996  6.143444
r12  0.288326  3.652218  24  1.053030  6.919825  7.128081  2.616014  7.100595  2.329001
r172  0.288058  6.045569  24  1.741471  6.913380  25.752584  18.523494  25.752584  18.811552
r123  0.287780  6.045566  24  1.739796  6.906730  37.915254  32.152251  37.643259  32.246251
r352  0.286644  3.652220  24  1.046886  6.879453  6.167115  36.337545  5.880709  36.325861
r707  0.284863  3.652218  24  1.040383  6.836721  21.762696  31.370114  21.558523  31.171466
r264  0.283223  3.652219  24  1.034393  6.797355  25.908603  2.465708  26.091309  2.249297
r468  0.282581  3.652218  24  1.032047  6.781943  36.142716  20.475756  36.357115  20.659835
r331  0.281701  3.652220  24  1.028834  6.760824  28.351415  25.507311  28.418058  25.781016
r430  0.280311  6.045567  24  1.694640  6.727468  41.720674  22.116998  41.999386  22.087097
r218  0.279616  3.652219  24  1.021220  6.710795  9.715164  17.147761  9.965051  17.273227
r101  0.279009  6.045565  24  1.686767  6.696217  20.398719  43.451583  20.632779  43.603444
r607  0.278574  3.652219  24  1.017412  6.685765  0.824384  29.675395  0.824384  29.953968
r814  0.278348  3.652220  24  1.016586  6.680340  6.792169  12.007160  6.513821  12.007160
r267  0.278061  3.652220  24  1.015541  6.673470  9.198602  3.289467  9.360362  3.063300
r746  0.277502  3.652218  24  1.013498  6.660052  8.543433  19.341077  8.818114  19.301604
r411  0.277311  6.045568  24  1.676500  6.655456  36.277514  26.114290  36.263558  26.391250
r481  0.276177  6.045566  24  1.669646  6.628246  36.780777  11.247574  36.540019  11.382885
r689  0.276122  3.652219  24  1.008457  6.626922  28.123998  33.400769  28.227143  33.656902
r330  0.274971  3.652219  24  1.004253  6.599297  30.975955  24.636946  30.913163  24.369240
r642  0.274611  8.045566  24  2.209402  6.590667  3.838930  43.699849  3.903413  43.966782
r358  0.274517  6.045567  24  1.659612  6.588413  22.162225  37.843094  21.970522  38.039588
r488  0.273022  3.652219  24  0.997138  6.552539  15.193401  18.939849  15.034079  18.718133
r245  0.272877  3.652220  24  0.996608  6.549059  36.308170  4.096866  36.445129  3.860849
r634  0.272523  6.045567  24  1.647554  6.540544  40.750958  40.279880  41.023481  40.279880
r53  0.272212  6.045566  24  1.645674  6.533080  21.129640  26.280535  20.857429  26.280535
r62  0.270404  3.652221  24  0.987577  6.489708  12.156518  28.348023  12.359411  28.169270
r45  0.269535  3.652220  24  0.984399  6.468829  12.265034  24.164340  12.109358  24.384371
r435  0.269084  3.652221  24  0.982753  6.458006  23.907039  29.473666  23.669712  29.346853
r460  0.267862  6.045565  24  1.619380  6.428700  20.509092  12.162120  20.241229  12.162120
r655  0.266913  3.652217  24  0.974823  6.405904  27.516877  39.753411  27.516877  40.020324
r540  0.266593  3.652219  24  0.973656  6.398230  9.179007  4.920608  9.445600  4.920608
r278  0.266023  3.652219  24  0.971576  6.384564  33.639405  8.459288  33.373521  8.450690
r138  0.264821  6.045568  24  1.600993  6.355702  30.996608  21.521585  30.975990  21.785602
r381  0.264766  3.652217  24  0.966982  6.354380  37.649557  38.729805  37.385858  38.706064
r110  0.264083  3.652218  24  0.964489  6.337991  33.491331  37.119801  33.754790  37.101661
r157  0.264053  6.045569  24  1.596349  6.337265  38.809193  22.116812  38.879072  21.862173
r155  0.263762  6.045565  24  1.594593  6.330298  25.653193  21.012911  25.653193  21.276674
r191  0.263735  6.045568  24  1.594426  6.329633  34.304961  11.698498  34.041227  11.698498
r805  0.263552  6.045568  24  1.593320  6.325241  35.911453  8.372231  36.044373  8.599809
r425  0.262540  6.045565  24  1.587203  6.300963  17.613755  20.825054  17.613755  20.562514
r722  0.261920  3.652219  24  0.956589  6.286079  38.389676  20.597249  38.445929  20.853057
r170  0.261758  0.045567  24  0.011927  6.282182  17.363831  18.077943  17.402524  18.336825
r349  0.261351  3.652219  24  0.954512  6.272431  25.537352  29.416801  25.537352  29.155450
r26  0.260754  3.652218  24  0.952330  6.258093  25.236609  14.635162  25.249660  14.895589
r499  0.260473  6.045567  24  1.574708  6.251356  40.981799  6.413004  41.227172  6.500402
r120  0.260188  6.045568  24  1.572986  6.244518  27.158525  29.576010  26.898336  29.576010
r433  0.260153  3.652218  24  0.950135  6.243668  38.875333  26.400306  38.809214  26.651917
r215  0.259906  3.652218  24  0.949234  6.237745  19.255679  18.006736  19.429946  18.199562
r216  0.259096  3.652219  24  0.946276  6.218308  15.397305  20.717433  15.652610  20.761594
r681  0.258778  6.045566  24  1.564461  6.210677  26.576997  26.513380  26.382719  26.684326
r764  0.258037  6.045565  24  1.559982  6.192897  7.668744  10.631033  7.414199  10.588722
r414  0.256451  3.652219  24  0.936615  6.154824  42.747870  29.865934  43.004321  29.865934
r237  0.254951  8.045568  24  2.051224  6.118818  10.205575  6.503286  10.266960  6.255836
r732  0.254728  6.045568  24  1.539976  6.113475  20.451447  14.459897  20.407836  14.710864
r776  0.254353  3.652219  24  0.928953  6.104475  20.721694  14.173217  20.937689  14.307537
r153  0.253706  6.045568  24  1.533799  6.088951  19.828416  20.506674  20.081962  20.497643
r626  0.252927  6.045568  24  1.529085  6.070237  8.475369  36.994684  8.486875  36.742019
r588  0.252562  3.652219  24  0.922411  6.061481  19.643056  23.933453  19.584639  24.179166
r703  0.252098  3.652220  24  0.920716  6.050344  44.129503  21.579405  44.129503  21.327307
r550  0.251349  3.652218  24  0.917983  6.032386  35.337409  8.444652  35.131332  8.300746
r591  0.250832  6.045566  24  1.516422  6.019969  1.052401  26.430769  1.052401  26.179937
r630  0.250777  6.045567  24  1.516090  6.018651  24.561843  37.710806  24.421579  37.918689
r717  0.250502  6.045567  24  1.514427  6.012050  33.280296  16.811860  33.501214  16.929956
r183  0.250046  3.652218  24  0.913224  6.001113  6.247570  27.344014  6.493931  27.386786
r690  0.247754  3.652218  24  0.904851  5.946095  22.013500  33.323558  21.873883  33.118891
r472  0.247318  0.027265  24  0.006743  5.935627  4.937501  20.386865  4.749357  20.226341
r297  0.247268  3.652220  24  0.903079  5.934442  27.612732  16.182781  27.431522  16.351021
r675  0.247014  3.652220  24  0.902150  5.928340  8.069919  36.543794  7.936521  36.751691
r329  0.246994  3.652218  24  0.902078  5.927868  32.122213  22.053370  32.262951  22.256345
r720  0.246714  3.652220  24  0.901054  5.921135  44.794001  14.893553  45.040715  14.893553
r610  0.246694  6.045566  24  1.491402  5.920644  7.045750  34.361634  6.799057  34.361634
r214  0.244587  3.652219  24  0.893287  5.870096  21.607725  16.987504  21.675944  16.752623
r518  0.244305  3.652217  24  0.892254  5.863310  31.785365  5.771065  31.785365  5.526760
r587  0.244121  3.652219  24  0.891584  5.858908  24.217979  22.703021  24.016608  22.841024
r205  0.242476  6.045565  24  1.465902  5.819414  44.498235  12.244259  44.498235  12.486734
r383  0.242328  3.652218  24  0.885036  5.815879  25.430322  39.483989  25.318164  39.698799
r354  0.242159  6.045566  24  1.463990  5.811822  6.996114  44.618047  6.753955  44.618047
r551  0.241317  3.652218  24  0.881341  5.791599  31.495222  8.084092  31.495222  7.842775
r263  0.241061  3.652220  24  0.880407  5.785460  29.811002  3.092376  30.033252  2.999021
r394  0.240385  6.045567  24  1.453264  5.769243  36.219907  29.132954  36.460292  29.132954
r757  0.240016  3.652220  24  0.876590  5.760376  34.227092  16.862501  34.227092  17.102516
r265  0.238861  3.652220  24  0.872373  5.732665  21.090475  1.689681  21.090475  1.450820
r789  0.238082  3.652220  24  0.869527  5.713963  37.615677  6.337747  37.615677  6.099665
r206  0.238009  6.045565  24  1.438897  5.712210  25.188544  9.438697  25.012108  9.598441
r392  0.237678  6.045567  24  1.436901  5.704282  27.050228  32.234152  26.823077  32.304105
r742  0.237205  3.652219  24  0.866324  5.692915  19.502392  22.392529  19.739597  22.392529
r77  0.236116  3.652219  24  0.862348  5.666786  27.391980  29.870597  27.327839  29.643360
r709  0.234397  3.652219  24  0.856071  5.625538  4.657113  33.002663  4.453491  32.886557
r175  0.231870  6.045566  24  1.401788  5.564891  40.850207  16.975225  40.658262  16.845145
r74  0.231776  3.652219  24  0.846496  5.562621  34.941971  31.497917  34.890172  31.272003
r667  0.231694  6.045567  24  1.400722  5.560657  40.104538  32.215870  40.104538  32.447564
r590  0.231522  3.652218  24  0.845568  5.556520  1.223595  25.353437  1.014309  25.452441
r812  0.231459  3.652218  24  0.845341  5.555028  9.479019  6.533963  9.479019  6.765422
r654  0.230678  3.652219  24  0.842486  5.536271  33.327590  41.204512  33.101385  41.249717
r569  0.229372  3.652220  24  0.837717  5.504929  27.612522  12.739100  27.700041  12.527081
r699  0.229191  6.045565  24  1.385587  5.500576  26.701917  24.015439  26.473871  23.992563
r140  0.228980  6.045565  24  1.384315  5.495525  38.882347  24.776111  38.713454  24.621491
r464  0.228512  6.045567  24  1.381482  5.484280  39.241952  14.125229  39.137217  14.328325
r595  0.227200  6.045566  24  1.373552  5.452796  14.559489  34.219387  14.332300  34.217134
r207  0.226873  6.045567  24  1.371578  5.444959  27.453129  6.537903  27.680002  6.537903
r33  0.226120  6.045567  24  1.367024  5.426883  9.055542  19.106082  9.281662  19.106082
r203  0.225573  6.045567  24  1.363718  5.413759  11.042794  16.495999  11.259902  16.557217
r712  0.225032  3.652219  24  0.821867  5.400776  14.873410  24.265291  14.820719  24.484068
r440  0.224157  3.652219  24  0.818670  5.379765  15.140668  26.410178  14.916512  26.410178
r478  0.223910  6.045566  24  1.353663  5.373842  22.750571  7.307745  22.527689  7.286319
r613  0.223225  6.045566  24  1.349524  5.357410  22.088418  35.302835  22.311644  35.302835
r247  0.222919  3.652219  24  0.814148  5.350052  28.208136  2.547004  28.208136  2.324085
r515  0.222578  6.045568  24  1.345608  5.341861  32.291031  1.354539  32.169237  1.168241
r370  0.221869  6.045566  24  1.341324  5.324856  1.238712  42.114564  1.238712  42.336433
r491  0.220416  3.652221  24  0.805007  5.289976  10.358995  15.012152  10.314950  15.228122
r31  0.220383  6.045568  24  1.332342  5.289198  3.829375  13.737792  4.022957  13.843123
r479  0.219525  6.045567  24  1.327151  5.268593  27.767993  8.953231  27.767993  9.172756
r517  0.219202  3.652218  24  0.800572  5.260838  35.886349  5.995277  35.667147  5.995277
r745  0.219122  3.652219  24  0.800281  5.258923  5.046221  19.386306  4.837640  19.319163
r313  0.217701  3.652220  24  0.795090  5.224814  30.073565  20.157394  29.922975  20.314607
r10  0.216619  3.652219  24  0.791140  5.198854  19.581753  7.532884  19.794411  7.491651
r181  0.216090  3.652220  24  0.789207  5.186154  19.417291  29.022367  19.633381  29.022367
r584  0.215767  3.652219  24  0.788030  5.178417  31.885961  18.281059  31.957903  18.077638
r534  0.215741  3.652220  24  0.787933  5.177781  33.607168  5.769319  33.636758  5.983021
r49  0.214348  6.045566  24  1.295853  5.144344  6.709635  29.187535  6.870645  29.329030
r571  0.213419  3.652218  24  0.779454  5.122064  20.920799  9.986040  21.134219  9.986040
r40  0.213053  3.652219  24  0.778115  5.113264  34.143111  21.131227  34.290863  21.284722
r737  0.212738  3.652220  24  0.776967  5.105717  45.016657  12.440843  45.178150  12.579326
r463  0.212303  6.045567  24  1.283491  5.095266  33.333361  13.978848  33.183580  14.129307
r429  0.211211  6.045568  24  1.276893  5.069075  35.837664  20.837330  35.901146  20.635885
r229  0.210262  3.652218  24  0.767923  5.046291  38.731840  9.238459  38.856462  9.069108
r29  0.209931  3.652218  24  0.766715  5.038355  5.526716  4.518669  5.526716  4.308738
r809  0.209136  3.652218  24  0.763810  5.019262  21.076824  5.249986  21.076824  5.459122
r154  0.206816  6.045566  24  1.250317  4.963573  22.775334  20.896056  22.725447  21.096765
r657  0.206388  3.652220  24  0.753776  4.953323  14.782524  39.843087  14.988913  39.843087
r416  0.206278  3.652219  24  0.753372  4.950666  37.323516  31.321412  37.117239  31.321412
r780  0.206173  3.652219  24  0.752988  4.948147  6.609923  14.355855  6.404535  14.337885
r567  0.204691  3.652219  24  0.747578  4.912596  33.965195  13.481506  34.024993  13.285744
r200  0.203812  3.652220  24  0.744366  4.891484  5.266191  21.401530  5.062380  21.401530
r332  0.203750  3.652219  24  0.744141  4.890008  22.196699  25.082607  22.022113  24.977564
r470  0.203633  3.652220  24  0.743712  4.887186  19.376079  20.573567  19.376079  20.369934
r706  0.202915  3.652220  24  0.741089  4.869950  32.613006  26.538708  32.815920  26.538708
r434  0.202355  3.652218  24  0.739044  4.856516  32.330054  28.135712  32.348181  28.337253
r604  0.202061  3.652220  24  0.737971  4.849465  24.005126  25.189449  24.005126  24.987388
r301  0.201840  3.652219  24  0.737165  4.844166  3.027701  5.985205  3.027701  5.783365
r373  0.201827  40.165044  24  8.106379  4.843841  39.983160  42.253846  39.781333  42.253846
r224  0.201282  6.045568  24  1.216865  4.830773  24.563334  4.023424  24.376611  3.948264
r51  0.200988  6.045567  24  1.215085  4.823708  16.601049  28.694499  16.521541  28.509906
r461  0.200477  6.045565  24  1.211997  4.811449  25.210010  11.977512  25.410487  11.977512
r128  0.199156  3.652218  24  0.727361  4.779744  30.175726  35.004443  30.175726  34.805287
r619  0.198737  3.652219  24  0.725830  4.769682  32.360911  32.080567  32.559648  32.080567
r535  0.197831  3.652219  24  0.722520  4.747933  29.991077  5.220758  29.793247  5.220758
r347  0.196954  3.652219  24  0.719318  4.726889  34.494363  29.521602  34.391772  29.353477
r372  0.196839  6.045568  24  1.190003  4.724133  12.462377  44.911107  12.265538  44.911107
r747  0.196567  6.045567  24  1.188356  4.717598  9.610111  14.323899  9.413544  14.323899
r6  0.195846  3.652219  24  0.715274  4.700315  37.006737  8.542696  37.006737  8.346849
r409  0.195724  6.045567  24  1.183264  4.697382  23.870307  26.720419  23.686992  26.789002
r485  0.194953  3.652219  24  0.712012  4.678875  36.497109  16.478780  36.548670  16.666791
r420  0.194819  3.652219  24  0.711521  4.675653  8.481871  34.345453  8.287052  34.345453
r453  0.193378  7.261967  24  1.404305  4.641073  19.662574  26.716712  19.639616  26.524701
r748  0.193184  6.045569  24  1.167907  4.636416  15.447518  10.223872  15.602263  10.108225
r520  0.193170  3.652220  24  0.705499  4.636077  23.358362  4.164255  23.458563  3.999105
r493  0.192744  8.045567  24  1.550734  4.625855  14.213829  1.849758  14.213829  1.657014
r107  0.191829  6.045566  24  1.159714  4.603892  41.941957  37.401204  42.128794  37.357729
r47  0.191721  6.045567  24  1.159064  4.601309  1.635418  23.549802  1.444830  23.528988
r806  0.191508  0.027265  24  0.005221  4.596184  33.919354  6.704067  33.727977  6.696994
r753  0.191401  6.045569  24  1.157125  4.593614  39.274679  11.863631  39.083279  11.863870
r144  0.191090  3.652218  24  0.697901  4.586149  38.223771  28.871902  38.412565  28.842376
r100  0.189837  6.045567  24  1.147673  4.556089  14.984823  44.477880  14.984823  44.667717
r761  0.189511  3.652219  24  0.692137  4.548273  12.885634  18.665147  12.785776  18.826215
r442  0.189085  6.045567  24  1.143128  4.538047  16.380986  17.642541  16.191901  17.642541
r730  0.188404  6.045565  24  1.139011  4.521707  13.903749  17.598647  14.056118  17.487832
r525  0.188104  3.652219  24  0.686997  4.514495  11.456240  8.959483  11.276989  9.016510
r121  0.187088  6.045568  24  1.131056  4.490124  29.536363  1.128628  29.349274  1.128628
r756  0.187075  0.027265  24  0.005101  4.489812  38.623726  14.657877  38.439004  14.687458
r714  0.186837  6.045567  24  1.129537  4.484092  18.439947  17.434686  18.428786  17.621190
r596  0.185832  6.045568  24  1.123462  4.459976  19.361532  31.586675  19.177091  31.609368
r459  0.185811  6.045567  24  1.123330  4.459455  17.497834  12.427972  17.355902  12.547892
r232  0.185385  3.652219  24  0.677067  4.449242  19.027401  14.093579  19.015346  14.278572
r810  0.184963  0.027265  24  0.005043  4.439103  16.953031  3.968840  17.135477  3.938432
r627  0.184486  6.045568  24  1.115322  4.427663  11.059329  37.722972  11.114425  37.546905
r378  0.184404  6.045566  24  1.114824  4.425688  35.688222  41.776588  35.799754  41.923439
r41  0.184029  3.652219  24  0.672116  4.416707  30.180354  22.091911  30.180354  22.275941
r769  0.183719  6.045567  24  1.110682  4.409244  30.091699  3.512799  29.907981  3.512799
r398  0.183530  3.652218  24  0.670292  4.404723  40.336077  34.993543  40.186955  35.100528
r42  0.183392  3.652218  24  0.669786  4.401398  27.690311  22.030663  27.690311  22.214055
r537  0.183349  3.652219  24  0.669630  4.400370  21.059213  3.403143  21.242562  3.403143
r779  0.182681  3.652218  24  0.667190  4.384340  8.246566  14.446048  8.246566  14.628729
r431  0.182427  3.652219  24  0.666262  4.378242  43.625554  24.945999  43.625554  25.128426
r418  0.182330  3.652219  24  0.665907  4.375909  23.999500  33.576215  24.057959  33.748919
r231  0.182051  3.652219  24  0.664888  4.369213  0.890000  13.347384  0.890000  13.529435
r30  0.181689  3.652219  24  0.663569  4.360541  3.013858  7.978556  3.146836  7.854750
r342  0.181637  6.045566  24  1.098100  4.359295  21.587847  32.456911  21.576066  32.638165
r280  0.181623  3.652219  24  0.663325  4.358942  29.616868  10.127687  29.462156  10.032551
r475  0.181283  6.045569  24  1.095959  4.350794  12.140731  14.334630  12.140731  14.153347
r365  0.180561  3.652219  24  0.659448  4.333459  30.225815  38.636819  30.225815  38.817380
r441  0.179948  6.045567  24  1.087889  4.318758  15.823365  23.224754  15.823365  23.404702
r445  0.179806  6.045565  24  1.087031  4.315353  31.162454  16.778299  31.162454  16.598492
r506  0.179785  3.652219  24  0.656614  4.314837  14.509771  13.070490  14.689556  13.070490
r364  0.179058  3.652220  24  0.653958  4.297382  35.119059  39.140532  35.119059  39.319589
r142  0.178443  3.652219  24  0.651712  4.282625  44.199608  27.287771  44.312486  27.149568
r114  0.178205  3.652220  24  0.650844  4.276918  9.464762  39.187415  9.464762  39.365620
r91  0.177502  3.652219  24  0.648277  4.260051  39.912512  37.147157  40.054454  37.253737
r57  0.177215  3.652218  24  0.647229  4.253165  33.214847  24.578770  33.070993  24.475275
r508  0.177101  3.652219  24  0.646811  4.250423  12.733180  12.753865  12.556385  12.764260
r319  0.177066  6.045566  24  1.070466  4.249592  1.384497  20.853230  1.207431  20.853230
r788  0.177022  6.045569  24  1.070196  4.248518  38.613037  5.981745  38.613037  6.158767
r672  0.176003  3.652217  24  0.642803  4.224082  28.059296  36.041569  27.973956  35.887640
r208  0.175843  6.045569  24  1.063073  4.220240  30.658147  8.884418  30.482303  8.884418
r497  0.173945  6.045566  24  1.051597  4.174684  32.611548  4.124618  32.611548  3.950672
r339  0.173363  6.045566  24  1.048080  4.160724  11.669816  31.855468  11.673947  31.682154
r808  0.173134  3.652219  24  0.632325  4.155228  25.307811  6.115037  25.200740  6.251093
r194  0.172947  3.652217  24  0.631639  4.150724  41.291289  15.506410  41.129893  15.444266
r180  0.171942  3.652219  24  0.627968  4.126598  22.215139  27.339098  22.171328  27.172831
r606  0.171090  3.652219  24  0.624858  4.106159  12.473632  30.007674  12.644722  30.007674
r90  0.170441  6.045568  24  1.030412  4.090582  39.548070  37.625312  39.548070  37.454871
r744  0.168454  3.652219  24  0.615230  4.042893  0.868493  20.930130  0.868493  20.761676
r147  0.168263  3.652219  24  0.614533  4.038312  17.559594  33.697668  17.562751  33.865901
r437  0.167813  3.652220  24  0.612890  4.027508  6.541616  31.915842  6.541616  32.083655
r553  0.167246  3.652220  24  0.610821  4.013913  24.031926  8.216603  23.864680  8.216603
r357  0.166476  6.045567  24  1.006441  3.995420  23.271141  43.249057  23.271141  43.415533
r97  0.165424  3.652218  24  0.604164  3.970174  7.284290  38.934593  7.283644  38.769170
r628  0.165395  6.045566  24  0.999908  3.969485  13.719784  37.032038  13.719784  36.866643
r715  0.165296  6.045567  24  0.999309  3.967107  20.933951  17.493928  20.768655  17.493928
r638  0.164755  3.652218  24  0.601720  3.954110  25.960834  35.960487  25.960834  35.795732
r671  0.163953  3.652219  24  0.598792  3.934871  36.951467  33.664648  36.951467  33.500695
r76  0.163323  3.652219  24  0.596493  3.919763  30.140406  28.480975  30.115412  28.319576
r335  0.162573  3.652218  24  0.593753  3.901759  2.249543  31.663555  2.373227  31.558045
r9  0.162321  3.652220  24  0.592833  3.895712  23.829453  12.566831  23.675432  12.618071
r250  0.162211  3.652219  24  0.592431  3.893073  16.011966  6.703902  16.174177  6.703902
r614  0.161725  6.045565  24  0.977718  3.881397  24.043046  32.799770  24.204507  32.809015
r645  0.161331  8.045567  24  1.297996  3.871935  17.770770  43.238326  17.770770  43.399657
r60  0.161328  3.652218  24  0.589205  3.871873  25.975039  26.575079  26.136367  26.575079
r704  0.160698  3.652219  24  0.586905  3.856755  41.486732  21.707960  41.486732  21.868658
r177  0.159913  3.652220  24  0.584038  3.837914  42.136506  19.713314  42.189139  19.864317
r516  0.159849  6.045568  24  0.966376  3.836368  35.930909  6.084627  35.775912  6.123709
r683  0.159347  8.045566  24  1.282036  3.824325  35.970998  23.448974  36.106131  23.533417
r262  0.159103  3.652219  24  0.581078  3.818463  34.176200  4.110409  34.176200  3.951307
r500  0.158598  3.652219  24  0.579235  3.806351  39.626136  6.538148  39.467775  6.546810
r346  0.157734  3.652218  24  0.576080  3.785625  36.356887  29.367305  36.413649  29.220138
r568  0.154619  3.652218  24  0.564702  3.710854  29.835996  12.357834  29.835996  12.203215
r393  0.153903  6.045566  24  0.930433  3.693680  31.464546  28.209005  31.600567  28.137001
r573  0.153858  3.652219  24  0.561924  3.692600  5.135980  6.421989  5.212595  6.288563
r632  0.153642  6.045568  24  0.928852  3.687403  30.357344  34.808305  30.204536  34.824289
r314  0.153071  3.652219  24  0.559050  3.673709  27.519746  20.358004  27.672817  20.358004
r79  0.153054  3.652217  24  0.558988  3.673305  12.239516  32.489571  12.185165  32.346492
r608  0.152768  6.045565  24  0.923569  3.666431  1.113811  29.223861  1.113811  29.071093
r32  0.152370  6.045568  24  0.921165  3.656886  3.987517  19.138325  3.837283  19.163754
r415  0.152284  3.652218  24  0.556174  3.654814  40.890131  30.526160  41.042415  30.526160
r345  0.152184  6.045568  24  0.920036  3.652405  40.665265  34.825786  40.665265  34.977969
r127  0.152149  3.652220  24  0.555683  3.651588  34.151399  34.848151  34.151399  35.000300
r760  0.151479  3.652218  24  0.553234  3.635494  17.427590  19.072406  17.304233  19.160321
r323  0.151103  6.045566  24  0.913504  3.626476  14.418932  31.391385  14.570028  31.389912
r72  0.150979  6.045568  24  0.912754  3.623496  34.904114  31.561400  34.799325  31.452708
r7  0.149480  3.652219  24  0.545935  3.587528  32.096220  11.518050  32.113693  11.666506
r337  0.149072  6.045566  24  0.901227  3.577736  4.863461  31.821193  5.010811  31.798595
r774  0.147743  3.652220  24  0.539589  3.545826  34.371749  10.750329  34.230030  10.708573
r244  0.147607  6.045569  24  0.892367  3.542564  37.965213  3.753059  37.817606  3.753059
r603  0.146302  3.652219  24  0.534327  3.511248  26.210492  24.517415  26.210492  24.371113
r377  0.146182  6.045566  24  0.883755  3.508377  32.826536  42.277620  32.826536  42.423802
r27  0.145973  3.652220  24  0.533127  3.503360  19.233171  10.084977  19.379145  10.084977
r593  0.145621  6.045568  24  0.880360  3.494897  6.659514  26.720800  6.802327  26.692341
r494  0.145027  6.045567  24  0.876769  3.480643  18.858549  4.773558  18.722711  4.824359
r336  0.143734  6.045567  24  0.868955  3.449622  2.469046  31.676258  2.387446  31.557932
r380  0.143176  3.652219  24  0.522911  3.436230  41.964728  38.178898  42.107904  38.178898
r616  0.143165  6.045566  24  0.865511  3.435949  34.847549  36.634910  34.921529  36.512341
r402  0.142532  3.652220  24  0.520560  3.420777  14.815762  37.475124  14.673230  37.475124
r687  0.142279  3.652220  24  0.519633  3.414689  40.455967  28.592198  40.360265  28.486915
r195  0.141855  3.652219  24  0.518086  3.404520  40.249258  17.594596  40.249258  17.452741
r367  0.140573  3.652220  24  0.513404  3.373757  18.795261  37.681980  18.935834  37.681980
r243  0.140355  6.045568  24  0.848523  3.368511  35.081449  3.676292  35.081449  3.535937
r750  0.140188  6.045567  24  0.847515  3.364509  22.069466  9.798399  21.998555  9.677468
r253  0.139805  3.652218  24  0.510599  3.355325  13.034905  10.867652  13.108983  10.749086
r295  0.139209  3.652220  24  0.508423  3.341023  32.102396  13.722120  32.014495  13.614172
r646  0.138916  7.790401  24  1.082208  3.333974  26.773208  41.368203  26.885268  41.286106
r498  0.137877  6.045566  24  0.833547  3.309057  37.734122  1.227910  37.871999  1.227910
r286  0.137354  3.652219  24  0.501647  3.296495  1.057502  7.767817  1.057502  7.630463
r427  0.137060  6.045567  24  0.828603  3.289430  28.113068  21.549185  28.250127  21.549185
r729  0.137007  3.652219  24  0.500378  3.288156  12.939487  22.514549  13.044955  22.601997
r612  0.136784  6.045567  24  0.826939  3.282824  19.542303  37.846308  19.405518  37.846308
r333  0.136263  3.652220  24  0.497662  3.270307  14.962110  28.296698  14.909640  28.422453
r449  0.136119  3.652219  24  0.497135  3.266849  42.252888  17.690507  42.389006  17.690507
r252  0.134357  3.652219  24  0.490703  3.224577  10.780870  10.960979  10.875891  11.055968
r621  0.133830  3.652218  24  0.488776  3.211920  25.662129  31.506088  25.795959  31.506088
r792  0.133482  3.652218  24  0.487506  3.203574  23.014062  5.933323  23.147544  5.933323
r670  0.133242  3.652219  24  0.486631  3.197819  39.242705  33.338831  39.109464  33.338236
r148  0.129362  3.652220  24  0.472457  3.104676  10.247177  33.389375  10.136797  33.321918
r198  0.129104  3.652218  24  0.471515  3.098487  17.551467  21.961582  17.551467  21.832479
r446  0.129002  6.045566  24  0.779891  3.096052  35.861406  17.732385  35.732404  17.732385
r44  0.127501  0.027265  24  0.003476  3.060030  18.292172  23.731786  18.419674  23.731786
r187  0.127424  6.045567  24  0.770348  3.058165  14.748468  14.544812  14.748468  14.417388
r109  0.126194  3.652220  24  0.460888  3.028651  38.218493  36.380140  38.184066  36.501547
r807  0.124935  3.652218  24  0.456291  2.998448  29.634620  7.167776  29.632834  7.292699
r482  0.124247  6.045567  24  0.751141  2.981918  41.141519  9.158012  41.156036  9.281408
r80  0.123084  3.652218  24  0.449530  2.954019  4.174798  35.046119  4.051714  35.046119
r145  0.121409  3.652219  24  0.443412  2.913815  32.157375  34.125156  32.157375  34.246565
r794  0.120581  3.652218  24  0.440389  2.893951  15.660947  8.798961  15.744300  8.886094
r212  0.119853  7.261967  24  0.870366  2.876465  38.809317  13.387367  38.713241  13.459020
r58  0.119544  3.652220  24  0.436603  2.869066  30.518049  26.252177  30.637593  26.252177
r266  0.119236  3.652219  24  0.435476  2.861664  16.939006  1.048610  16.939006  0.929373
r476  0.119203  6.045567  24  0.720647  2.860862  13.367886  9.094327  13.248684  9.094327
r455  0.118996  3.652219  24  0.434600  2.855907  4.608432  25.933756  4.509474  25.867670
r130  0.117461  3.652220  24  0.428992  2.819055  16.802001  35.960981  16.882032  35.875004
r586  0.117356  3.652219  24  0.428611  2.816552  27.372375  18.503823  27.372375  18.386467
r202  0.116625  3.652220  24  0.425941  2.799004  9.217587  21.517021  9.100962  21.517021
r228  0.115284  3.652218  24  0.421043  2.766817  40.180459  4.549960  40.180459  4.434676
r536  0.113719  3.652220  24  0.415326  2.729251  25.582768  4.224699  25.696487  4.224699
r755  0.113642  3.652219  24  0.415044  2.727399  42.437355  10.434357  42.327006  10.407203
r458  0.113638  8.045569  24  0.914280  2.727304  14.627313  20.703382  14.740320  20.715334
r731  0.112506  6.045566  24  0.680165  2.700154  17.395713  14.895726  17.508220  14.895726
r735  0.112383  8.045567  24  0.904189  2.697203  36.146287  14.362958  36.148057  14.475328
r713  0.112065  6.045565  24  0.677497  2.689561  13.356172  24.164732  13.342307  24.053528
r795  0.111764  3.652218  24  0.408188  2.682343  15.127107  11.107605  15.048061  11.028592
r304  0.111347  6.045567  24  0.673157  2.672333  4.681752  16.563821  4.793100  16.563821
r94  0.110450  3.652219  24  0.403389  2.650812  26.083627  33.829123  26.083627  33.718672
r554  0.110435  3.652218  24  0.403333  2.650442  21.642781  7.754919  21.753175  7.751889
r320  0.109096  6.045568  24  0.659549  2.618310  3.906748  21.684228  3.804692  21.722783
r83  0.108606  6.045567  24  0.656587  2.606551  11.427485  40.049895  11.507579  40.123245
r575  0.107283  6.045567  24  0.648586  2.574791  1.290914  13.697092  1.290914  13.804374
r131  0.106729  3.652219  24  0.389799  2.561503  10.208503  35.538127  10.208503  35.644856
r356  0.106591  6.045568  24  0.644406  2.558194  14.767030  41.839658  14.767855  41.946247
r426  0.106069  8.045567  24  0.853388  2.545665  23.723513  24.031831  23.723513  23.925762
r129  0.105609  3.652218  24  0.385706  2.534608  21.388779  36.889600  21.483875  36.843665
r504  0.104042  3.652218  24  0.379985  2.497015  19.391943  12.212082  19.287900  12.212082
r324  0.103008  6.045568  24  0.622742  2.472192  17.062176  31.207830  16.959169  31.207830
r741  0.101988  3.652218  24  0.372481  2.447705  23.488045  20.601644  23.590033  20.601644
r585  0.101424  3.652220  24  0.370424  2.434186  29.656082  18.367984  29.554657  18.367984
r52  0.097365  6.045567  24  0.588629  2.336770  19.446151  28.760794  19.419142  28.667249
r24  0.096838  3.652219  24  0.353675  2.324123  30.056785  14.349924  29.959946  14.349924
r369  0.096800  3.652220  24  0.353537  2.323211  6.955744  40.756949  6.858943  40.756949
r552  0.095843  3.652219  24  0.350040  2.300234  25.941062  8.640869  25.845219  8.640869
r623  0.094649  3.652219  24  0.345679  2.271578  14.049204  31.890077  14.139772  31.862582
r279  0.093629  3.652220  24  0.341955  2.247107  31.577546  10.019813  31.570743  9.926431
r456  0.093469  3.652218  24  0.341371  2.243268  6.578061  25.197200  6.547613  25.108829
r533  0.092031  6.045568  24  0.556382  2.208754  33.080785  6.714338  33.002935  6.665255
r298  0.091918  3.652219  24  0.335704  2.206027  23.043177  14.643807  22.979726  14.710311
r665  0.090449  6.045567  24  0.546816  2.170778  29.071298  27.017986  28.981680  27.030219
r82  0.089034  6.045569  24  0.538262  2.136821  8.803961  39.424633  8.714927  39.424633
r348  0.088416  3.652219  24  0.322913  2.121974  29.556708  30.196612  29.468292  30.196612
r166  0.088381  3.652218  24  0.322786  2.121140  8.437897  29.699231  8.383019  29.629952
r578  0.088091  6.045566  24  0.532560  2.114184  12.536485  26.749022  12.624576  26.749022
r210  0.086186  40.165044  24  3.461673  2.068469  38.541991  3.617288  38.455805  3.617288
r443  0.084649  8.045567  24  0.681049  2.031575  44.584319  20.133695  44.584319  20.218344
r542  0.083923  3.652220  24  0.306505  2.014150  6.999802  9.878331  6.925196  9.839900
r169  0.083186  6.045568  24  0.502905  1.996458  11.900308  21.479784  11.900308  21.562970
r223  0.082620  6.045568  24  0.499482  1.982868  21.606571  5.004595  21.606571  4.921975
r465  0.081636  3.652219  24  0.298152  1.959261  44.230398  10.497104  44.312034  10.497104
r186  0.081492  6.045568  24  0.492664  1.955802  11.797834  19.055976  11.797834  18.974484
r322  0.081403  6.045567  24  0.492126  1.953666  9.149016  21.883702  9.230419  21.883702
r397  0.080886  3.652220  24  0.295412  1.941256  42.591429  34.195246  42.547961  34.263459
r287  0.080461  3.652219  24  0.293861  1.931060  4.504084  14.635778  4.557759  14.695719
r281  0.079642  3.652218  24  0.290869  1.911400  23.010086  10.194577  22.931983  10.179003
r572  0.078121  3.652218  24  0.285315  1.874902  12.002268  7.068739  11.924147  7.068739
r235  0.078097  3.652219  24  0.285228  1.874333  12.274784  15.072615  12.281714  14.994826
r78  0.076777  3.652220  24  0.280405  1.842641  17.524339  30.159895  17.524339  30.083118
r615  0.076324  6.045569  24  0.461422  1.831776  29.642281  32.385922  29.585752  32.334639
r43  0.076260  3.652219  24  0.278517  1.830230  25.723296  22.153714  25.723296  22.077454
r484  0.076010  3.652220  24  0.277606  1.824244  38.629206  15.823408  38.612591  15.897580
r361  0.075861  6.045567  24  0.458623  1.820667  34.675349  39.259317  34.675349  39.335178
r541  0.074784  3.652218  24  0.273129  1.794825  7.229345  7.316194  7.158826  7.291297
r249  0.074428  3.652218  24  0.271828  1.786279  18.915076  1.137385  18.989504  1.137385
r797  0.074422  3.652219  24  0.271806  1.786135  8.541243  12.378501  8.488393  12.430898
r69  0.074405  8.045567  24  0.598632  1.785725  16.989919  34.249715  17.064324  34.249715
r490  0.073703  3.652220  24  0.269178  1.768865  7.861317  16.743506  7.861317  16.669803
r618  0.072714  3.652218  24  0.265567  1.745132  34.881465  33.114917  34.808751  33.114917
r708  0.072611  3.652219  24  0.265190  1.742656  19.771241  33.152990  19.698714  33.149507
r620  0.072074  3.652219  24  0.263229  1.729769  28.362662  31.866345  28.290588  31.866345
r773  0.071426  3.652220  24  0.260865  1.714232  38.396493  11.135584  38.467919  11.135584
r371  0.070632  6.045568  24  0.427010  1.695164  9.409260  44.763715  9.401146  44.833879
r192  0.069721  6.045567  24  0.421505  1.673312  41.709358  11.949320  41.709358  11.879599
r48  0.068854  6.045568  24  0.416262  1.652498  4.404630  24.368410  4.425342  24.434075
r473  0.068754  3.652219  24  0.251105  1.650099  6.936512  18.981625  6.936512  18.912871
r538  0.067920  3.652220  24  0.248057  1.630071  17.159292  2.936051  17.121751  2.992653
r23  0.067876  3.652219  24  0.247897  1.629017  34.005682  15.336700  33.937806  15.336700
r317  0.067721  3.652220  24  0.247332  1.625301  9.766617  23.684456  9.834338  23.684456
r63  0.067652  3.652220  24  0.247079  1.623639  2.836982  29.011757  2.769330  29.011757
r597  0.067220  8.045567  24  0.540821  1.613274  24.314373  29.737635  24.351471  29.681579
r752  0.066576  6.045566  24  0.402488  1.597818  33.260179  9.096606  33.260179  9.163182
r98  0.066351  8.045567  24  0.533830  1.592420  6.444789  41.592581  6.406041  41.538720
r305  0.065603  6.045566  24  0.396605  1.574464  7.783866  16.755954  7.783866  16.690352
r778  0.063494  3.652218  24  0.231895  1.523865  14.231644  15.001064  14.231644  14.937570
r201  0.063452  3.652218  24  0.231742  1.522857  7.039134  21.124658  6.988485  21.086435
r363  0.063300  3.652218  24  0.231184  1.519190  39.104536  39.466709  39.104536  39.403409
r184  0.062323  3.652218  24  0.227618  1.495760  8.585084  25.343161  8.596048  25.404513
r684  0.062078  6.045567  24  0.375295  1.489865  41.259506  24.411175  41.259506  24.349097
r452  0.059435  3.652219  24  0.217071  1.426450  24.264675  27.061830  24.264675  27.002395
r115  0.058122  6.045566  24  0.351382  1.394935  6.168679  38.296325  6.168679  38.238203
r622  0.058104  3.652220  24  0.212209  1.394498  15.339841  30.217085  15.325743  30.160717
r759  0.054167  3.652218  24  0.197831  1.300019  21.697781  18.801662  21.716723  18.750914
r111  0.054109  3.652220  24  0.197617  1.298613  27.479795  38.179686  27.533904  38.179686
r66  0.051707  6.045567  24  0.312597  1.240962  9.390809  34.029602  9.390809  34.081309
r728  0.051239  3.652218  24  0.187136  1.229734  7.418913  23.192144  7.467807  23.207467
r444  0.050509  6.045568  24  0.305357  1.212220  28.431053  18.740422  28.431053  18.790931
r351  0.049169  3.652219  24  0.179576  1.180053  12.291888  34.355790  12.252514  34.385240
r716  0.048836  6.045567  24  0.295243  1.172072  25.682729  16.460313  25.633893  16.460313
r234  0.045774  3.652218  24  0.167177  1.098577  14.607206  16.746913  14.575056  16.779495
r505  0.045287  3.652218  24  0.165399  1.086896  17.072463  11.799855  17.073737  11.754586
r384  0.045263  3.652218  24  0.165310  1.086313  20.509516  41.125325  20.509516  41.170588
r112  0.043381  3.652219  24  0.158438  1.041154  20.772696  38.917770  20.816077  38.917770
r209  0.039125  6.045566  24  0.236531  0.938993  38.615203  8.958333  38.615203  8.997458
r160  0.038752  3.652220  24  0.141531  0.930047  41.650255  23.811925  41.611503  23.811925
r197  0.038199  3.652218  24  0.139511  0.916774  21.597609  20.623451  21.559654  20.627766
r602  0.037404  3.652218  24  0.136608  0.897701  28.511862  23.953467  28.547773  23.963932
r204  0.036292  6.045567  24  0.219403  0.870998  13.196468  11.654224  13.196468  11.690516
r413  0.033576  6.045565  24  0.202988  0.805834  41.479422  26.762087  41.477036  26.795579
r71  0.032657  6.045566  24  0.197432  0.783777  31.934211  31.041848  31.966212  31.048365
r230  0.032057  3.652219  24  0.117079  0.769366  36.281922  10.526093  36.313978  10.526093
r438  0.031625  3.652219  24  0.115500  0.758992  4.397640  30.634772  4.369262  30.620815
r343  0.031336  6.045565  24  0.189441  0.752054  32.611502  33.991033  32.642838  33.991033
r758  0.029731  3.652220  24  0.108583  0.713538  23.554875  16.991505  23.554875  17.021236
r492  0.025755  8.045567  24  0.207217  0.618131  10.298132  9.277236  10.272377  9.277236
r754  0.024292  6.045566  24  0.146858  0.583005  43.599355  7.454205  43.599355  7.429913
r185  0.023450  3.652218  24  0.085645  0.562801  11.116687  21.858965  11.116687  21.882415
r68  0.023358  6.045568  24  0.141211  0.560588  16.656232  36.863899  16.651146  36.886696
r813  0.023027  3.652219  24  0.084098  0.552640  5.173706  8.369925  5.150679  8.369925
r103  0.022354  6.045567  24  0.135145  0.536505  26.997497  38.129246  26.975142  38.129246
r399  0.021365  3.652219  24  0.078031  0.512767  36.328308  35.375235  36.348888  35.380973
r576  0.020739  6.045566  24  0.125381  0.497744  2.255827  16.585369  2.276567  16.585369
r196  0.019938  3.652219  24  0.072816  0.478501  36.203704  18.656168  36.223642  18.656168
r522  0.019140  3.652218  24  0.069902  0.459354  14.099806  6.781323  14.099806  6.762183
r467  0.018267  3.652219  24  0.066713  0.438396  40.275529  19.591313  40.275529  19.609579
r93  0.016377  3.652219  24  0.059811  0.393041  31.919717  36.783061  31.936093  36.783061
r502  0.016013  3.652219  24  0.058482  0.384303  36.038104  12.454881  36.038104  12.470894
r188  0.014063  6.045565  24  0.085019  0.337515  22.980297  15.385586  22.980297  15.399649
r143  0.010982  3.652219  24  0.040109  0.263570  42.270531  27.760674  42.270531  27.749692
r718  0.010619  6.045568  24  0.064201  0.254867  38.150847  16.977912  38.150847  16.967293
r146  0.007282  3.652218  24  0.026597  0.174775  21.377846  34.977284  21.370564  34.977284
r457  0.005958  3.652219  24  0.021760  0.142993  15.159456  22.676037  15.165414  22.676037
r700  0.005666  6.045568  24  0.034256  0.135993  33.461320  19.987992  33.461320  19.982326
r88  0.003254  6.045566  24  0.019671  0.078092  32.497669  37.173611  32.497568  37.176863
r299  0.001911  3.652219  24  0.006981  0.045875  17.528397  9.769511  17.528397  9.771422
r360  0.000604  6.045568  24  0.003650  0.014491  31.628418  40.032466  31.628418  40.031862
r509  0.000000  6.045568  24  0.000000  0.000000  7.602405  7.387169  7.602405  7.387169
r450  0.000000  3.652172  24  0.000000  0.000000  36.945200  25.367150  36.945200  25.367150
r428  0.000000  6.045565  24  0.000000  0.000000  30.954875  19.274112  30.954875  19.274112
r772  0.000000  3.652219  24  0.000000  0.000000  41.667600  6.448700  41.667600  6.448700
r236  0.000000  3.652104  24  0.000000  0.000000  31.793150  16.011350  31.793150  16.011350
r448  0.000000  3.652219  24  0.000000  0.000000  43.722800  0.914126  43.722800  0.914126
r25  0.000000  3.652220  24  0.000000  0.000000  27.708659  14.445387  27.708659  14.445387
r496  0.000000  6.045565  24  0.000000  0.000000  27.062871  4.001574  27.062871  4.001574
r501  0.000000  3.652219  24  0.000000  0.000000  37.970499  44.927282  37.970499  44.927282
r251  0.000000  3.652187  24  0.000000  0.000000  17.087500  17.238250  17.087500  17.238250
r436  0.000000  3.652220  24  0.000000  0.000000  23.811175  31.651799  23.811175  31.651799
r733  0.000000  6.045568  24  0.000000  0.000000  22.780933  12.366362  22.780933  12.366362
r182  0.000000  3.652220  24  0.000000  0.000000  6.421016  29.911584  6.421016  29.911584
r193  0.000000  3.652219  24  0.000000  0.000000  43.194559  12.657865  43.194559  12.657865
r487  0.000000  3.652218  24  0.000000  0.000000  19.521625  16.317749  19.521625  16.317749
r46  0.000000  3.652219  24  0.000000  0.000000  2.895324  24.244097  2.895324  24.244097
r796  0.000000  3.652220  24  0.000000  0.000000  8.907650  10.465940  8.907650  10.465940
r261  0.000000  40.164927  24  0.000000  0.000000  43.658950  4.289200  43.658950  4.289200
r791  0.000000  3.652218  24  0.000000  0.000000  27.313736  6.483294  27.313736  6.483294
r790  0.000000  3.652364  24  0.000000  0.000000  24.968100  10.602750  24.968100  10.602750
r777  0.000000  3.652220  24  0.000000  0.000000  16.842869  13.708806  16.842869  13.708806
r174  0.000000  6.045568  24  0.000000  0.000000  37.805978  44.618648  37.805978  44.618648
r412  0.000000  6.045567  24  0.000000  0.000000  38.915949  27.453363  38.915949  27.453363
r489  0.000000  3.652218  24  0.000000  0.000000  12.197562  17.113407  12.197562  17.113407
r676  0.000000  40.165159  24  0.000000  0.000000  3.166900  29.267600  3.166900  29.267600
r705  0.000000  3.652219  24  0.000000  0.000000  38.831350  0.772570  38.831350  0.772570
r139  0.000000  6.045567  24  0.000000  0.000000  33.521316  23.075213  33.521316  23.075213
r570  0.000000  3.652220  24  0.000000  0.000000  25.572557  12.880878  25.572557  12.880878
r303  0.000000  6.045567  24  0.000000  0.000000  2.536976  1.488726  2.536976  1.488726
r137  0.000000  6.045571  24  0.000000  0.000000  43.396350  17.666700  43.396350  17.666700
r312  0.000000  3.652220  24  0.000000  0.000000  31.999130  20.033397  31.999130  20.033397
r316  0.000000  3.652218  24  0.000000  0.000000  17.270915  23.995224  17.270915  23.995224
r688  0.000000  3.652218  24  0.000000  0.000000  39.013656  31.046835  39.013656  31.046835
r685  0.000000  6.045567  24  0.000000  0.000000  44.355694  25.596895  44.355694  25.596895
r359  0.000000  6.045818  24  0.000000  0.000000  13.505800  28.988200  13.505800  28.988200
r601  0.000000  3.652214  24  0.000000  0.000000  27.809650  8.495400  27.809650  8.495400
r353  0.000000  6.045567  24  0.000000  0.000000  3.966066  37.845088  3.966066  37.845088
r564  0.000000  40.165133  24  0.000000  0.000000  42.834400  19.861600  42.834400  19.861600
r113  0.000000  7.261822  24  0.000000  0.000000  14.784650  34.381600  14.784650  34.381600
r669  0.000000  3.652220  24  0.000000  0.000000  44.693980  33.748070  44.693980  33.748070
r325  0.000000  6.045569  24  0.000000  0.000000  21.865572  29.844190  21.865572  29.844190
r213  0.000000  3.652218  24  0.000000  0.000000  36.159037  14.661810  36.159037  14.661810
r664  0.000000  6.045567  24  0.000000  0.000000  29.306161  29.684899  29.306161  29.684899
r624  0.000000  3.652161  24  0.000000  0.000000  25.280800  37.598950  25.280800  37.598950
r639  0.000000  3.652218  24  0.000000  0.000000  16.784483  38.056138  16.784483  38.056138
r640  0.000000  3.652218  24  0.000000  0.000000  0.794986  38.009159  0.794986  38.009159
r641  0.000000  3.652219  24  0.000000  0.000000  45.048826  39.498409  45.048826  39.498409
r648  0.000000  6.045439  24  0.000000  0.000000  29.120350  39.926750  29.120350  39.926750
r649  0.000000  40.165431  24  0.000000  0.000000  31.325150  42.798700  31.325150  42.798700
r736  0.000000  6.045566  24  0.000000  0.000000  44.729620  10.048132  44.729620  10.048132
r766  0.000000  6.045566  24  0.000000  0.000000  17.331305  2.363817  17.331305  2.363817
r61  0.000000  3.652218  24  0.000000  0.000000  17.214601  28.074590  17.214601  28.074590
r173  0.000000  6.045722  24  0.000000  0.000000  28.552000  16.171300  28.552000  16.171300
r282  0.000000  3.652219  24  0.000000  0.000000  17.989117  7.533081  17.989117  7.533081
r171  0.000000  6.045567  24  0.000000  0.000000  23.088648  18.458126  23.088648  18.458126
r403  0.000000  3.652219  24  0.000000  0.000000  10.005031  37.506177  10.005031  37.506177
r751  0.000000  6.045567  24  0.000000  0.000000  25.096008  6.814375  25.096008  6.814375
r400  0.000000  3.652220  24  0.000000  0.000000  29.860512  36.807534  29.860512  36.807534
r740  0.000000  3.652219  24  0.000000  0.000000  34.099917  19.306567  34.099917  19.306567
r65  0.000000  6.045437  24  0.000000  0.000000  9.755750  29.446750  9.755750  29.446750
r159  0.000000  3.652218  24  0.000000  0.000000  44.127098  23.207595  44.127098  23.207595
r503  0.000000  3.652219  24  0.000000  0.000000  21.653678  12.284312  21.653678  12.284312
r156  0.000000  6.045648  24  0.000000  0.000000  15.932050  5.162950  15.932050  5.162950
r726  0.000000  3.652086  24  0.000000  0.000000  5.179700  38.284350  5.179700  38.284350
r725  0.000000  3.652219  24  0.000000  0.000000  19.408391  31.140155  19.408391  31.140155
r724  0.000000  3.652219  24  0.000000  0.000000  22.908084  45.204603  22.908084  45.204603
r67  0.000000  6.045697  24  0.000000  0.000000  42.146500  29.393700  42.146500  29.393700
r152  0.000000  7.790206  24  0.000000  0.000000  8.559900  44.731650  8.559900  44.731650
r226  0.000000  6.045568  24  0.000000  0.000000  40.651098  3.748226  40.651098  3.748226
r28  0.000000  3.652411  24  0.000000  0.000000  13.641200  4.651900  13.641200  4.651900
r379  0.000000  6.045838  24  0.000000  0.000000  1.597600  36.365100  1.597600  36.365100
r711  0.000000  3.652218  24  0.000000  0.000000  9.108621  1.036306  9.108621  1.036306
r70  0.000000  6.045581  24  0.000000  0.000000  3.145600  11.203300  3.145600  11.203300

# [Sort by displacement * area]
# module_name  displacement  area  num_nets  disp*area  disp*num_nets  after_x  after_y  before_x  before_y
r284  16.196610  40.165043  24  650.537539  388.718641  14.270606  14.968262  3.537518  2.838504
r693  6.946919  40.165048  24  279.023338  166.726060  8.238166  36.163273  9.113726  29.271751
r781  5.330368  40.165046  24  214.094474  127.928832  2.530529  4.835150  4.645568  9.727943
r802  20.238227  7.790400  24  157.663895  485.717457  6.396576  4.248645  26.338509  7.699027
r404  16.613010  9.469032  24  157.309118  398.712236  15.633400  26.998385  1.922486  36.379373
r695  19.010005  7.790402  24  148.095583  456.240111  33.311338  23.358838  15.778111  30.705008
r527  18.802376  7.790401  24  146.478059  451.257029  9.452413  26.848476  17.856096  10.028622
r290  3.524234  40.165045  24  141.551020  84.581618  3.371817  19.853892  5.570762  22.607956
r530  17.822071  7.790399  24  138.841047  427.729704  40.571621  24.151097  29.476710  10.203726
r424  17.095517  7.790400  24  133.180909  410.292401  23.648338  11.017055  19.472904  27.594824
r272  3.268901  40.165045  24  131.295556  78.453624  9.032520  22.046830  11.190981  19.591884
r561  16.413300  7.790402  24  127.866211  393.919203  5.652583  10.075213  13.248392  24.625130
r271  16.229421  7.790400  24  126.433679  389.506109  26.029489  3.021789  12.313355  11.697144
r580  15.945556  7.790401  24  124.222280  382.693342  41.708379  30.137566  27.498750  22.902429
r274  2.931932  40.165046  24  117.761202  70.366380  25.954179  15.185767  23.033213  14.932414
r289  12.210284  9.469030  24  115.619551  293.046824  18.944801  15.911849  10.165690  24.398206
r734  2.740321  40.165044  24  110.065131  65.767715  3.897270  13.723015  3.897270  16.463337
r240  14.123256  7.790400  24  110.025814  338.958133  20.891972  18.700858  22.071052  4.626907
r135  13.963142  7.790400  24  108.778461  335.115408  29.302950  35.220712  15.399896  36.514706
r405  11.170291  9.469034  24  105.771858  268.086974  12.678329  41.572081  1.772653  39.155139
r256  13.569582  7.790399  24  105.712460  325.669972  6.331201  7.294471  18.677350  12.925294
r815  13.255615  7.790400  24  103.266552  318.134771  14.165354  23.932732  9.424551  11.553874
r56  2.526394  40.165047  24  101.472717  60.633445  42.011957  34.490902  39.851710  33.180941
r19  12.970903  7.790401  24  101.048535  311.301676  35.704529  29.035699  24.427370  22.627110
r150  10.177070  9.469030  24  96.366974  244.249674  1.799319  34.129769  11.969709  34.498463
r149  10.085352  9.469032  24  95.498526  242.048453  15.761315  41.235134  8.570423  34.163685
r307  10.049104  9.469033  24  95.155300  241.178506  10.072963  16.764045  16.253005  24.688159
r560  9.784818  9.469034  24  92.652774  234.835635  14.955192  6.926045  9.006241  14.694741
r421  9.642995  9.469034  24  91.309845  231.431878  12.354156  27.633499  4.936278  33.794866
r660  11.690221  7.790400  24  91.071498  280.565311  11.155548  30.618380  8.852836  42.079567
r119  11.545641  7.790401  24  89.945165  277.095375  35.756656  43.888734  27.685971  35.632473
r783  11.399718  7.790399  24  88.808348  273.593233  8.669905  9.522683  16.459392  1.199374
r784  10.493426  7.790401  24  81.747996  251.842228  13.602532  9.818962  19.599981  1.208352
r134  8.558710  9.469030  24  81.042690  205.409051  20.540797  36.464571  12.071907  37.701271
r260  10.122544  7.790401  24  78.858671  242.941052  34.609923  14.432164  33.996474  4.328225
r528  9.954893  7.790401  24  77.552612  238.917435  30.414691  11.363748  20.555442  9.987121
r545  8.016902  9.469030  24  75.912286  192.405642  18.928684  13.321281  18.070846  21.292154
r275  9.254980  7.790400  24  72.099998  222.119515  27.992437  22.764698  27.170069  13.546327
r133  9.203501  7.790399  24  71.698947  220.884026  15.322050  30.503170  8.651778  36.844455
r408  8.942413  7.790401  24  69.664984  214.617921  18.351097  20.050839  22.712434  27.857599
r801  8.916124  7.790400  24  69.460177  213.986988  31.793523  7.989699  22.911254  7.213447
r239  8.788920  7.790400  24  68.469204  210.934090  26.822129  44.574618  18.033407  44.633629
r257  8.721899  7.790402  24  67.947103  209.325578  31.180608  13.848126  23.445427  9.818425
r804  8.577009  7.790401  24  66.818339  205.848208  27.311236  8.760641  35.881807  8.428412
r547  8.398948  7.790399  24  65.431157  201.574763  37.454138  11.987306  29.996329  15.850390
r55  8.245802  7.790400  24  64.238098  197.899252  44.551074  30.286815  36.367632  29.274624
r662  8.177450  7.790401  24  63.705612  196.258800  9.651220  41.354969  17.812184  41.873968
r600  8.040608  7.790399  24  62.639543  192.974593  43.818991  44.314369  35.778383  44.314369
r309  7.958241  7.790401  24  61.997890  190.997788  37.001055  17.331743  30.408704  21.789828
r512  7.937019  7.790398  24  61.832540  190.488467  14.744747  1.501436  22.671860  1.897884
r1  7.897190  7.790399  24  61.522260  189.532569  18.630987  10.295129  18.981066  18.184557
r294  7.747298  7.790401  24  60.354555  185.935147  44.006927  15.371739  36.275258  14.879888
r526  7.653429  7.790400  24  59.623272  183.682302  21.109040  7.246649  13.547702  6.062951
r798  7.634443  7.790398  24  59.475356  183.226642  6.481152  1.493506  8.612289  8.824466
r3  7.587774  7.790401  24  59.111796  182.106566  37.694152  14.487287  30.211764  13.227058
r678  7.521892  7.790400  24  58.598548  180.525399  13.131449  33.016107  11.975205  40.448600
r254  7.442700  7.790400  24  57.981617  178.624810  17.498012  3.899636  11.893847  8.797301
r782  7.437804  7.790401  24  57.943475  178.507295  18.415554  7.018904  13.482802  1.452138
r388  1.442221  40.165046  24  57.926874  34.613305  2.739467  42.154804  3.665407  43.260533
r238  7.321570  7.790401  24  57.037966  175.717677  23.675219  7.337207  16.371358  6.828290
r273  7.276818  7.790399  24  56.689314  174.643622  21.950486  21.767682  18.129165  15.574979
r258  7.191498  7.790401  24  56.024653  172.595946  22.872541  4.432165  26.595986  10.584693
r86  1.342258  40.165041  24  53.911843  32.214189  33.924146  36.625377  32.585023  36.717064
r0  6.867812  7.790400  24  53.503002  164.827482  11.131730  9.888030  15.059367  15.521900
r39  5.532928  9.469030  24  52.391463  132.790277  44.157222  24.318214  38.727160  23.256269
r583  6.505233  7.790399  24  50.678356  156.125583  43.954798  27.059705  37.477186  26.460873
r4  6.503498  7.790401  24  50.664855  156.083954  27.089381  11.327476  33.472951  12.570666
r423  6.366878  7.790400  24  49.600521  152.805064  44.331789  38.413542  44.832521  32.066385
r255  6.112179  7.790400  24  47.616324  146.692301  21.018551  10.417936  15.308096  12.597257
r17  5.995100  7.790397  24  46.704215  143.882410  16.893655  23.151362  13.322471  27.966741
r786  5.849751  7.790400  24  45.571900  140.394017  34.361809  1.470646  28.513889  1.324316
r661  5.720380  7.790398  24  44.564036  137.289119  17.412563  44.520871  11.808073  43.375258
r116  5.720331  7.790400  24  44.563669  137.287948  13.425536  36.331308  8.633334  39.454926
r277  5.712011  7.790398  24  44.498842  137.088275  40.899491  15.142492  36.428828  11.587179
r22  5.689496  7.790398  24  44.323439  136.547903  37.716062  9.834774  39.665378  15.179914
r311  5.586104  7.790400  24  43.517988  134.066502  30.921152  22.727027  36.243111  21.029586
r548  5.504755  7.790399  24  42.884235  132.114114  44.243840  10.262155  39.158776  12.370342
r532  4.422742  9.469031  24  41.879079  106.145798  34.179305  11.473519  32.859800  7.252199
r663  5.346276  7.790400  24  41.649628  128.310628  44.680398  41.056920  44.680398  35.710643
r20  5.234726  7.790400  24  40.780607  125.633418  35.913731  26.024971  33.437102  21.413176
r694  5.220770  7.790400  24  40.671882  125.298473  7.959409  31.326048  13.178615  31.198275
r800  5.214943  7.790401  24  40.626495  125.158626  14.879739  4.348536  19.371203  6.998514
r677  5.201840  7.790398  24  40.524406  124.844161  4.338890  34.146655  5.328936  39.253411
r132  5.029763  7.790400  24  39.183870  120.714321  7.136189  41.347434  5.426466  36.617174
r241  5.005031  7.790401  24  38.991200  120.120746  20.062200  4.115487  25.042431  4.613119
r510  4.843844  7.790400  24  37.735479  116.252252  20.139516  1.276633  16.073599  3.909339
r16  0.909821  40.165041  24  36.542982  21.835695  10.480666  4.076134  9.606855  3.822701
r511  4.687097  7.790399  24  36.514354  112.490323  23.125628  1.700549  19.081103  4.069239
r581  4.538638  7.790400  24  35.357808  108.927322  38.791367  26.642570  34.253031  26.694877
r5  4.496483  7.790401  24  35.029402  107.915586  34.281187  8.620313  38.773315  8.818148
r136  0.865400  40.165040  24  34.758843  20.769610  27.775562  30.873818  26.939540  30.650243
r546  4.440490  7.790402  24  34.593201  106.571753  31.409473  16.330345  26.999158  16.847135
r291  3.554170  9.469034  24  33.654559  85.300086  24.473241  20.644156  20.963209  21.202549
r691  0.830672  40.165044  24  33.363995  19.936139  21.070717  31.915581  20.256641  32.080798
r117  4.219100  7.790402  24  32.868487  101.258404  11.354969  44.453757  14.825870  42.055079
r563  4.169366  7.790401  24  32.481034  100.064793  25.227651  23.790596  26.886142  19.965282
r599  3.988108  7.790400  24  31.068953  95.714583  35.905224  40.991014  37.430927  37.306285
r259  3.645229  7.790401  24  28.397797  87.485504  26.240662  5.814034  29.638291  7.134570
r422  3.502190  7.790400  24  27.283459  84.052556  1.459883  37.155317  1.459883  33.653128
r2  3.478274  7.790400  24  27.097143  83.478568  27.216832  19.206965  23.817560  19.944081
r531  3.391232  7.790398  24  26.419045  81.389567  29.758320  8.324092  32.658879  10.081137
r785  3.326528  7.790399  24  25.914985  79.836682  28.960705  1.455688  25.634177  1.455688
r565  2.614142  9.469031  24  24.753396  62.739417  38.338916  20.720267  38.310747  18.106276
r242  2.952829  7.790400  24  23.003721  70.867902  33.632761  4.420503  30.680930  4.343718
r514  2.947241  7.790402  24  22.960191  70.733783  31.074061  4.479427  31.505719  1.563968
r328  2.771192  7.790400  24  21.588691  66.508596  31.668061  1.422195  34.439253  1.422195
r118  2.705915  7.790400  24  21.080158  64.941957  12.799976  39.057005  15.502783  39.186648
r288  2.694679  7.790399  24  20.992624  64.672291  9.935200  13.079998  12.074119  14.718997
r696  2.666912  7.790399  24  20.776312  64.005898  18.954489  27.170539  16.317403  27.568283
r562  2.660166  7.790398  24  20.723753  63.843990  13.016698  20.201548  15.319436  21.533421
r803  2.479620  7.790400  24  19.317229  59.510870  1.917317  10.019690  1.015794  7.709761
r21  2.457503  7.790398  24  19.144922  58.980061  35.707711  20.436850  35.279735  18.016901
r679  2.442059  7.790399  24  19.024616  58.609424  16.331848  35.562311  18.652058  36.324074
r54  1.846813  9.469032  24  17.487536  44.323523  33.011047  26.862654  31.180864  27.109938
r37  2.200901  7.790398  24  17.145892  52.821613  30.548121  26.139499  31.660652  24.240489
r543  2.196574  7.790400  24  17.112191  52.717779  44.437653  12.807291  44.437653  10.610717
r391  2.183066  7.790399  24  17.006958  52.393594  26.728554  35.325683  24.546175  35.380474
r276  2.179238  7.790399  24  16.977133  52.301709  34.445833  17.171959  33.290762  15.324018
r406  0.412730  40.165045  24  16.577299  9.905508  22.168987  42.944946  22.510532  42.713229
r407  1.915541  7.790400  24  14.922833  45.972988  23.517220  36.844714  21.619073  37.102276
r598  1.788058  7.790401  24  13.929689  42.913395  33.196891  32.049697  31.474871  32.531152
r327  1.786082  7.790399  24  13.914293  42.865973  36.686542  32.191655  34.902348  32.273755
r762  3.707433  3.652219  24  13.540358  88.978388  2.135400  16.856761  5.842833  16.856761
r310  1.736464  7.790401  24  13.527754  41.675145  37.050829  23.595723  35.358526  23.984848
r390  1.672125  7.790400  24  13.026519  40.130990  17.270742  38.086823  18.624967  39.067678
r293  1.669575  7.790400  24  13.006657  40.069798  32.820931  19.994832  32.367977  18.387874
r544  1.629378  7.790402  24  12.693513  39.105083  15.857918  20.062376  15.633222  18.448565
r308  1.565102  7.790398  24  12.192771  37.562460  21.924839  26.389458  22.034231  24.828183
r374  1.528992  7.790398  24  11.911460  36.695817  25.970868  38.386759  24.452804  38.204278
r38  1.433352  7.790400  24  11.166388  34.400456  38.537910  29.806744  39.724337  29.002449
r566  1.405866  7.790400  24  10.952255  33.740773  40.947658  12.786504  42.325064  13.067948
r36  1.308217  7.790400  24  10.191532  31.397203  25.014418  26.722250  24.972150  25.414716
r102  1.217944  7.790400  24  9.488272  29.230658  28.902410  38.406825  27.684467  38.405431
r462  1.534845  6.045568  24  9.279011  36.836284  28.810294  13.851209  30.345139  13.851209
r151  1.188715  7.790401  24  9.260566  28.529158  16.396140  33.148633  15.416879  33.822496
r15  1.262400  7.261966  24  9.167505  30.297599  4.457411  16.921533  3.222698  17.184474
r799  1.138340  7.790402  24  8.868128  27.320165  16.143265  9.968999  15.030621  9.728500
r582  1.106334  7.790401  24  8.618782  26.552004  41.413909  27.220358  40.734015  26.347594
r513  1.053211  7.790399  24  8.204937  25.277071  28.727395  4.674527  27.694997  4.466183
r680  1.044963  7.790399  24  8.140682  25.079122  27.980828  26.835252  28.091866  25.796205
r373  0.201827  40.165044  24  8.106379  4.843841  39.983160  42.253846  39.781333  42.253846
r35  0.912677  7.790400  24  7.110119  21.904250  19.436259  23.691731  19.378053  24.602550
r389  0.833063  7.790399  24  6.489896  19.993520  14.355191  44.160633  14.773412  44.881109
r768  1.067499  6.045566  24  6.453637  25.619980  26.617449  1.707531  25.578209  1.463534
r292  0.759676  7.790399  24  5.918179  18.232222  29.865925  19.564636  29.693405  18.824809
r18  0.581794  9.469035  24  5.509032  13.963066  1.760949  24.752592  1.344308  24.346518
r539  0.699610  7.261966  24  5.080546  16.790647  12.349236  1.566574  11.869141  1.057689
r559  1.326009  3.652219  24  4.842876  31.824219  2.720030  13.474836  2.604169  14.795774
r326  0.587413  7.790399  24  4.576182  14.097915  32.965608  29.738314  32.444260  30.008961
r617  0.745231  6.045566  24  4.505344  17.885547  37.295916  37.506497  37.124557  38.231759
r85  0.679552  6.045568  24  4.108275  16.309239  19.950632  40.447491  19.293205  40.619478
r87  0.665702  6.045568  24  4.024546  15.976846  27.083099  35.202784  27.748597  35.186311
r222  0.645800  6.045567  24  3.904226  15.499196  17.781499  7.429758  17.140962  7.512034
r702  0.630333  6.045567  24  3.810721  15.127994  41.805904  19.964107  41.259917  19.649118
r158  0.606265  6.045567  24  3.665215  14.550358  44.307531  22.881562  44.861108  23.128767
r651  0.450418  8.045568  24  3.623869  10.810034  43.656075  40.021113  44.106493  40.021113
r227  0.449999  8.045567  24  3.620495  10.799970  43.173959  2.304571  43.235565  1.858809
r210  0.086186  40.165044  24  3.461673  2.068469  38.541991  3.617288  38.455805  3.617288
r647  0.566849  6.045567  24  3.426925  13.604383  26.847468  40.618356  26.847468  41.185205
r763  0.423496  8.045568  24  3.407263  10.163895  7.170096  13.778511  6.747095  13.798974
r611  0.549720  6.045566  24  3.323369  13.193284  12.496734  34.251663  11.950847  34.316471
r701  0.544388  6.045568  24  3.291137  13.065322  38.534630  19.991074  38.534630  19.446685
r557  0.899297  3.652219  24  3.284430  21.583136  3.178186  2.434555  2.593458  1.751306
r609  0.543168  6.045565  24  3.283759  13.036038  2.119960  33.779572  1.591481  33.905035
r719  0.538062  6.045567  24  3.252890  12.913489  44.344828  15.268510  44.882098  15.239343
r362  0.535532  6.045566  24  3.237592  12.852759  38.509040  40.326210  38.530790  40.861300
r105  0.532966  6.045566  24  3.222083  12.791193  32.822621  44.387952  32.522520  44.828397
r579  0.525400  6.045568  24  3.176341  12.609599  18.763181  25.842445  18.241298  25.903136
r338  0.525160  6.045569  24  3.174888  12.603828  7.311234  31.830922  7.820014  31.700788
r340  0.516500  6.045569  24  3.122537  12.396002  17.107820  39.239286  16.930595  39.724429
r124  0.504489  6.045566  24  3.049922  12.107738  44.258208  31.617449  44.761756  31.586655
r81  0.501145  6.045566  24  3.029706  12.027482  4.820679  35.086930  4.347295  34.922449
r321  0.491024  6.045566  24  2.968517  11.784572  6.484838  22.338801  6.484838  21.847777
r577  0.486869  6.045567  24  2.943400  11.684860  6.702909  18.790287  6.702909  19.277156
r474  0.793239  3.652220  24  2.897084  19.037739  10.167071  19.026479  10.763090  19.549919
r50  0.471519  6.045569  24  2.850599  11.316451  9.613937  26.243840  9.613937  26.715358
r350  0.780392  3.652219  24  2.850163  18.729412  17.428287  32.027036  16.650382  32.089287
r477  0.466070  6.045565  24  2.817659  11.185692  20.267783  7.404242  19.820429  7.534994
r592  0.462170  6.045566  24  2.794078  11.092077  3.772543  26.187061  3.892038  26.633516
r556  0.384070  7.261964  24  2.789105  9.217687  5.083655  1.927324  4.822739  1.645486
r178  0.762173  3.652219  24  2.783622  18.292144  38.594180  22.320028  39.232884  22.735918
r161  0.760824  3.652219  24  2.778697  18.259781  38.775493  24.083786  39.195663  24.718066
r104  0.457595  6.045565  24  2.766422  10.982284  29.581604  37.134349  30.014982  37.281239
r248  0.375214  7.261966  24  2.724789  9.005127  23.432374  1.818864  23.636956  1.504331
r84  0.446255  6.045567  24  2.697862  10.710111  14.773897  39.322957  14.327643  39.322957
r631  0.430755  6.045569  24  2.604158  10.338116  24.803510  35.255976  25.213615  35.387748
r34  0.420826  6.045568  24  2.544134  10.099834  15.476434  25.732224  15.606394  26.132481
r749  0.420366  6.045569  24  2.541351  10.088782  18.906601  9.986726  18.486235  9.986726
r629  0.420068  6.045568  24  2.539551  10.081639  22.202294  40.840574  21.782225  40.840574
r246  0.693426  3.652218  24  2.532542  16.642215  31.391801  3.254314  32.084115  3.215076
r387  0.312840  8.045568  24  2.516979  7.508171  1.635606  39.373837  1.322766  39.373837
r96  0.685936  3.652219  24  2.505188  16.462460  11.963306  36.193912  12.607933  36.428355
r558  0.681609  3.652218  24  2.489385  16.358621  2.796149  11.606166  2.149522  11.821723
r658  0.680977  3.652219  24  2.487076  16.343440  11.373739  40.019103  11.316592  40.697678
r410  0.405494  6.045566  24  2.451441  9.731855  31.255651  25.112130  31.255651  24.706636
r375  0.404664  6.045567  24  2.446421  9.711926  24.537817  40.349798  24.344075  40.705068
r668  0.397779  6.045565  24  2.404796  9.546684  44.218265  34.460548  44.616043  34.460548
r447  0.397327  6.045565  24  2.402066  9.535847  41.911077  14.454490  42.295121  14.556366
r650  0.392734  6.045566  24  2.374302  9.425627  40.204427  42.932695  40.227260  43.324765
r122  0.392102  6.045566  24  2.370477  9.410441  33.938637  26.097100  33.583361  25.931201
r64  0.387714  6.045567  24  2.343953  9.305142  3.673967  29.286733  3.879751  28.958137
r190  0.385091  6.045567  24  2.328094  9.242188  28.156177  11.730968  28.085833  12.109580
r220  0.384082  6.045568  24  2.321993  9.217966  10.341200  11.563754  10.089275  11.853673
r739  0.633050  3.652220  24  2.312039  15.193205  38.406366  17.928058  38.313942  18.554325
r549  0.293826  7.790399  24  2.289026  7.051836  41.205027  9.843908  41.487363  9.925276
r787  0.377281  6.045568  24  2.280878  9.054746  35.044011  1.413016  35.044011  1.035734
r770  0.376704  6.045565  24  2.277391  9.040906  40.197504  1.376021  40.543161  1.226263
r341  0.376367  6.045566  24  2.275352  9.032809  19.402175  35.250648  19.734869  35.074675
r673  0.620775  3.652218  24  2.267205  14.898594  22.666327  39.703535  22.739691  40.319959
r270  0.609874  3.652219  24  2.227394  14.636981  4.974242  12.457755  4.370124  12.541350
r108  0.605353  3.652220  24  2.210881  14.528462  41.968856  36.629983  42.517426  36.374008
r723  0.605308  3.652219  24  2.210716  14.527380  34.320786  22.870448  34.912468  22.998158
r642  0.274611  8.045566  24  2.209402  6.590667  3.838930  43.699849  3.903413  43.966782
r168  0.601051  3.652219  24  2.195168  14.425213  13.144757  25.816279  12.844768  26.337114
r395  0.356432  6.045566  24  2.154831  8.554357  38.958791  29.878115  39.315222  29.878115
r189  0.353324  6.045569  24  2.136045  8.479777  25.725974  13.898797  25.845749  14.231200
r480  0.343733  6.045567  24  2.078063  8.249602  31.409787  11.441882  31.072444  11.375913
r771  0.342379  6.045567  24  2.069878  8.217105  43.537342  5.051538  43.767098  4.797696
r666  0.340739  6.045568  24  2.059962  8.177740  34.045156  29.107748  34.045156  28.767009
r237  0.254951  8.045568  24  2.051224  6.118818  10.205575  6.503286  10.266960  6.255836
r698  0.338761  6.045566  24  2.048001  8.130259  21.312945  23.345329  21.109901  23.616496
r451  0.559373  3.652220  24  2.042952  13.424942  35.046612  24.537802  35.046612  25.097175
r99  0.336236  6.045568  24  2.032738  8.069666  44.699917  42.245905  44.699917  42.582141
r697  0.335322  6.045568  24  2.027213  8.047734  18.851381  23.215648  18.524019  23.143021
r73  0.334965  6.045566  24  2.025054  8.039165  37.685320  34.708570  37.662655  35.042768
r165  0.544281  3.652218  24  1.987834  13.062754  8.464234  32.272632  8.575385  31.739821
r95  0.542229  3.652218  24  1.980339  13.013502  18.618899  35.838229  19.128015  35.651645
r471  0.535669  3.652218  24  1.956378  12.856045  3.113559  20.285709  2.820305  19.837443
r633  0.323585  6.045567  24  1.956254  7.766039  44.699844  37.796386  44.699844  37.472801
r221  0.319439  6.045566  24  1.931191  7.666543  13.096801  6.283955  13.255230  6.561339
r765  0.318611  6.045567  24  1.926184  7.646662  13.210860  4.129371  12.892249  4.129371
r659  0.316300  6.045568  24  1.912214  7.591203  4.149976  40.783730  3.846715  40.873611
r644  0.315227  6.045567  24  1.905728  7.565457  12.169225  42.772989  12.027697  42.491319
r141  0.313980  6.045568  24  1.898190  7.535529  44.247031  27.991121  44.524941  27.845005
r285  0.517748  3.652219  24  1.890928  12.425944  1.083863  3.747473  0.868016  3.276863
r376  0.311500  6.045567  24  1.883195  7.476003  29.528042  42.632308  29.816025  42.751044
r396  0.308788  6.045565  24  1.866799  7.410918  42.150080  32.346890  42.450507  32.418260
r306  0.307035  6.045566  24  1.856200  7.368838  10.983761  24.151295  10.756061  24.357264
r106  0.305216  6.045567  24  1.845205  7.325190  35.648061  44.579220  35.342845  44.579220
r401  0.499580  3.652217  24  1.824575  11.989920  23.207803  37.783104  23.176392  38.281696
r682  0.299509  6.045569  24  1.810703  7.188221  29.355582  24.371506  29.056541  24.354774
r344  0.298825  6.045565  24  1.806567  7.171803  35.110768  34.204492  35.110768  33.905667
r59  0.494095  3.652219  24  1.804544  11.858284  28.051483  27.106752  28.051483  27.600847
r637  0.492090  3.652218  24  1.797222  11.810169  31.195150  40.612545  30.724170  40.755130
r594  0.296810  6.045568  24  1.794383  7.123431  7.958570  24.361176  7.706049  24.205197
r721  0.490318  3.652220  24  1.790749  11.767633  44.106315  18.781627  44.292686  19.235144
r92  0.483504  3.652218  24  1.765862  11.604092  35.231506  37.184208  35.696339  37.317273
r495  0.291728  6.045567  24  1.763664  7.001483  21.424699  2.652834  21.619456  2.435635
r355  0.289812  6.045567  24  1.752079  6.955493  9.461872  42.244688  9.172101  42.239819
r225  0.289056  6.045569  24  1.747505  6.937332  30.535646  5.939308  30.330996  6.143444
r172  0.288058  6.045569  24  1.741471  6.913380  25.752584  18.523494  25.752584  18.811552
r123  0.287780  6.045566  24  1.739796  6.906730  37.915254  32.152251  37.643259  32.246251
r454  0.474632  3.652218  24  1.733461  11.391180  4.741208  28.619349  4.741208  28.144716
r430  0.280311  6.045567  24  1.694640  6.727468  41.720674  22.116998  41.999386  22.087097
r101  0.279009  6.045565  24  1.686767  6.696217  20.398719  43.451583  20.632779  43.603444
r411  0.277311  6.045568  24  1.676500  6.655456  36.277514  26.114290  36.263558  26.391250
r481  0.276177  6.045566  24  1.669646  6.628246  36.780777  11.247574  36.540019  11.382885
r358  0.274517  6.045567  24  1.659612  6.588413  22.162225  37.843094  21.970522  38.039588
r634  0.272523  6.045567  24  1.647554  6.540544  40.750958  40.279880  41.023481  40.279880
r53  0.272212  6.045566  24  1.645674  6.533080  21.129640  26.280535  20.857429  26.280535
r460  0.267862  6.045565  24  1.619380  6.428700  20.509092  12.162120  20.241229  12.162120
r315  0.443254  3.652219  24  1.618862  10.638107  22.356707  22.474891  22.002047  22.740768
r125  0.441692  3.652220  24  1.613155  10.600602  43.175688  32.294626  43.510318  32.006331
r653  0.441599  3.652219  24  1.612815  10.598371  37.661441  41.218800  37.227430  41.137291
r138  0.264821  6.045568  24  1.600993  6.355702  30.996608  21.521585  30.975990  21.785602
r157  0.264053  6.045569  24  1.596349  6.337265  38.809193  22.116812  38.879072  21.862173
r155  0.263762  6.045565  24  1.594593  6.330298  25.653193  21.012911  25.653193  21.276674
r191  0.263735  6.045568  24  1.594426  6.329633  34.304961  11.698498  34.041227  11.698498
r805  0.263552  6.045568  24  1.593320  6.325241  35.911453  8.372231  36.044373  8.599809
r167  0.435632  3.652218  24  1.591023  10.455164  10.095301  27.941261  10.339203  28.302214
r589  0.435018  3.652219  24  1.588780  10.440426  10.986631  25.755972  10.655524  26.038121
r425  0.262540  6.045565  24  1.587203  6.300963  17.613755  20.825054  17.613755  20.562514
r656  0.433802  3.652219  24  1.584338  10.411237  18.883256  39.594863  18.690611  39.983542
r13  0.431459  3.652220  24  1.575782  10.355011  3.071818  4.388082  3.083290  3.956776
r499  0.260473  6.045567  24  1.574708  6.251356  40.981799  6.413004  41.227172  6.500402
r120  0.260188  6.045568  24  1.572986  6.244518  27.158525  29.576010  26.898336  29.576010
r681  0.258778  6.045566  24  1.564461  6.210677  26.576997  26.513380  26.382719  26.684326
r469  0.427352  3.652219  24  1.560784  10.256451  25.348400  19.843520  25.348400  19.416168
r764  0.258037  6.045565  24  1.559982  6.192897  7.668744  10.631033  7.414199  10.588722
r493  0.192744  8.045567  24  1.550734  4.625855  14.213829  1.849758  14.213829  1.657014
r199  0.423497  3.652220  24  1.546706  10.163938  5.333356  23.306701  4.942535  23.469823
r211  0.423223  3.652218  24  1.545702  10.157348  40.489263  8.655765  40.886828  8.510646
r732  0.254728  6.045568  24  1.539976  6.113475  20.451447  14.459897  20.407836  14.710864
r153  0.253706  6.045568  24  1.533799  6.088951  19.828416  20.506674  20.081962  20.497643
r626  0.252927  6.045568  24  1.529085  6.070237  8.475369  36.994684  8.486875  36.742019
r523  0.418651  3.652220  24  1.529004  10.047615  13.614843  9.223652  13.614843  8.805001
r636  0.416559  3.652219  24  1.521363  9.997406  35.152559  40.798626  35.152559  41.215185
r439  0.416430  3.652219  24  1.520892  9.994310  8.198525  27.195531  8.431217  27.540883
r591  0.250832  6.045566  24  1.516422  6.019969  1.052401  26.430769  1.052401  26.179937
r630  0.250777  6.045567  24  1.516090  6.018651  24.561843  37.710806  24.421579  37.918689
r717  0.250502  6.045567  24  1.514427  6.012050  33.280296  16.811860  33.501214  16.929956
r605  0.414444  3.652219  24  1.513642  9.946666  17.196115  26.519218  17.050490  26.131200
r385  0.414209  3.652218  24  1.512783  9.941026  13.198837  40.062371  13.198837  40.476581
r743  0.413438  3.652219  24  1.509967  9.922519  3.306500  22.169649  2.948253  21.963274
r334  0.410080  3.652218  24  1.497701  9.841913  10.456385  30.222894  10.558490  30.620059
r610  0.246694  6.045566  24  1.491402  5.920644  7.045750  34.361634  6.799057  34.361634
r386  0.405222  3.652219  24  1.479959  9.725327  8.992524  40.848329  8.992524  41.253551
r11  0.402735  3.652219  24  1.470875  9.665632  15.011135  1.134829  14.645609  0.965757
r205  0.242476  6.045565  24  1.465902  5.819414  44.498235  12.244259  44.498235  12.486734
r126  0.400860  3.652219  24  1.464027  9.620633  40.976735  33.111988  41.014818  32.712941
r354  0.242159  6.045566  24  1.463990  5.811822  6.996114  44.618047  6.753955  44.618047
r574  0.398327  3.652220  24  1.454778  9.559848  1.256665  9.694972  0.858338  9.694972
r394  0.240385  6.045567  24  1.453264  5.769243  36.219907  29.132954  36.460292  29.132954
r652  0.395233  3.652218  24  1.443479  9.485603  42.584981  39.776773  42.901218  40.013846
r206  0.238009  6.045565  24  1.438897  5.712210  25.188544  9.438697  25.012108  9.598441
r392  0.237678  6.045567  24  1.436901  5.704282  27.050228  32.234152  26.823077  32.304105
r483  0.392073  3.652219  24  1.431937  9.409757  40.966035  10.844031  40.580411  10.914851
r8  0.390350  3.652219  24  1.425645  9.368408  27.714545  10.512315  27.353132  10.659807
r432  0.388726  3.652219  24  1.419712  9.329417  41.639898  25.645173  41.296269  25.826907
r521  0.387547  3.652218  24  1.415406  9.301126  19.033399  3.881295  19.133716  3.506957
r453  0.193378  7.261967  24  1.404305  4.641073  19.662574  26.716712  19.639616  26.524701
r175  0.231870  6.045566  24  1.401788  5.564891  40.850207  16.975225  40.658262  16.845145
r667  0.231694  6.045567  24  1.400722  5.560657  40.104538  32.215870  40.104538  32.447564
r162  0.381334  3.652220  24  1.392715  9.152013  34.657079  27.394021  34.970351  27.176590
r692  0.380455  3.652219  24  1.389504  9.130912  6.772380  34.331504  6.410086  34.215362
r699  0.229191  6.045565  24  1.385587  5.500576  26.701917  24.015439  26.473871  23.992563
r14  0.379093  3.652219  24  1.384531  9.098237  3.175482  9.942602  2.796389  9.942602
r140  0.228980  6.045565  24  1.384315  5.495525  38.882347  24.776111  38.713454  24.621491
r464  0.228512  6.045567  24  1.381482  5.484280  39.241952  14.125229  39.137217  14.328325
r283  0.377175  3.652219  24  1.377525  9.052195  15.314687  3.124663  14.993796  2.926448
r595  0.227200  6.045566  24  1.373552  5.452796  14.559489  34.219387  14.332300  34.217134
r302  0.375622  3.652218  24  1.371852  9.014922  0.992399  5.851884  0.867490  5.497640
r207  0.226873  6.045567  24  1.371578  5.444959  27.453129  6.537903  27.680002  6.537903
r33  0.226120  6.045567  24  1.367024  5.426883  9.055542  19.106082  9.281662  19.106082
r203  0.225573  6.045567  24  1.363718  5.413759  11.042794  16.495999  11.259902  16.557217
r793  0.372131  3.652218  24  1.359104  8.931150  18.888298  5.624113  18.587864  5.404520
r478  0.223910  6.045566  24  1.353663  5.373842  22.750571  7.307745  22.527689  7.286319
r613  0.223225  6.045566  24  1.349524  5.357410  22.088418  35.302835  22.311644  35.302835
r515  0.222578  6.045568  24  1.345608  5.341861  32.291031  1.354539  32.169237  1.168241
r370  0.221869  6.045566  24  1.341324  5.324856  1.238712  42.114564  1.238712  42.336433
r368  0.366815  3.652218  24  1.339687  8.803554  12.184388  38.073382  12.136529  38.437062
r31  0.220383  6.045568  24  1.332342  5.289198  3.829375  13.737792  4.022957  13.843123
r479  0.219525  6.045567  24  1.327151  5.268593  27.767993  8.953231  27.767993  9.172756
r366  0.362671  3.652218  24  1.324552  8.704097  23.973938  35.675345  23.638873  35.814132
r300  0.358104  3.652218  24  1.307874  8.594497  12.019199  5.153934  11.667782  5.085050
r176  0.357295  3.652219  24  1.304920  8.575083  44.333268  16.683788  44.505414  16.996878
r645  0.161331  8.045567  24  1.297996  3.871935  17.770770  43.238326  17.770770  43.399657
r49  0.214348  6.045566  24  1.295853  5.144344  6.709635  29.187535  6.870645  29.329030
r486  0.354605  3.652220  24  1.295095  8.510515  25.140817  16.859133  25.368450  17.131029
r463  0.212303  6.045567  24  1.283491  5.095266  33.333361  13.978848  33.183580  14.129307
r683  0.159347  8.045566  24  1.282036  3.824325  35.970998  23.448974  36.106131  23.533417
r429  0.211211  6.045568  24  1.276893  5.069075  35.837664  20.837330  35.901146  20.635885
r811  0.346475  3.652219  24  1.265403  8.315401  11.593657  3.345679  11.853825  3.116861
r417  0.345475  3.652220  24  1.261750  8.291397  30.516585  32.736543  30.471184  32.394065
r179  0.345008  3.652220  24  1.260044  8.280185  36.771332  23.059171  37.116056  23.045186
r154  0.206816  6.045566  24  1.250317  4.963573  22.775334  20.896056  22.725447  21.096765
r674  0.342101  3.652220  24  1.249429  8.210429  16.505391  40.323967  16.843277  40.377505
r268  0.341547  3.652219  24  1.247403  8.197122  7.339406  5.231114  7.420132  4.899244
r507  0.340634  3.652219  24  1.244070  8.175214  10.722381  13.101273  10.398743  13.207527
r686  0.340453  3.652220  24  1.243410  8.170875  44.595007  29.100294  44.935460  29.100294
r555  0.337064  3.652218  24  1.231030  8.089527  15.757074  4.833203  16.094138  4.833203
r224  0.201282  6.045568  24  1.216865  4.830773  24.563334  4.023424  24.376611  3.948264
r51  0.200988  6.045567  24  1.215085  4.823708  16.601049  28.694499  16.521541  28.509906
r461  0.200477  6.045565  24  1.211997  4.811449  25.210010  11.977512  25.410487  11.977512
r519  0.329227  3.652220  24  1.202409  7.901446  28.066276  4.619635  27.766946  4.482551
r372  0.196839  6.045568  24  1.190003  4.724133  12.462377  44.911107  12.265538  44.911107
r747  0.196567  6.045567  24  1.188356  4.717598  9.610111  14.323899  9.413544  14.323899
r738  0.324156  3.652218  24  1.183887  7.779735  43.079089  14.715071  43.079089  15.039227
r409  0.195724  6.045567  24  1.183264  4.697382  23.870307  26.720419  23.686992  26.789002
r318  0.320278  3.652218  24  1.169726  7.686676  1.295628  23.111968  0.975350  23.111968
r748  0.193184  6.045569  24  1.167907  4.636416  15.447518  10.223872  15.602263  10.108225
r107  0.191829  6.045566  24  1.159714  4.603892  41.941957  37.401204  42.128794  37.357729
r47  0.191721  6.045567  24  1.159064  4.601309  1.635418  23.549802  1.444830  23.528988
r269  0.317001  3.652219  24  1.157758  7.608027  5.052044  10.346326  4.751053  10.445794
r753  0.191401  6.045569  24  1.157125  4.593614  39.274679  11.863631  39.083279  11.863870
r524  0.316171  3.652220  24  1.154724  7.588094  9.202479  8.846575  9.095235  8.549148
r635  0.315356  3.652219  24  1.151749  7.568546  40.647072  40.058472  40.806509  40.330555
r100  0.189837  6.045567  24  1.147673  4.556089  14.984823  44.477880  14.984823  44.667717
r233  0.314047  3.652219  24  1.146970  7.537139  16.623351  15.257965  16.842250  15.483151
r442  0.189085  6.045567  24  1.143128  4.538047  16.380986  17.642541  16.191901  17.642541
r730  0.188404  6.045565  24  1.139011  4.521707  13.903749  17.598647  14.056118  17.487832
r163  0.311343  3.652220  24  1.137094  7.472237  21.972194  29.366906  21.713773  29.193258
r121  0.187088  6.045568  24  1.131056  4.490124  29.536363  1.128628  29.349274  1.128628
r714  0.186837  6.045567  24  1.129537  4.484092  18.439947  17.434686  18.428786  17.621190
r596  0.185832  6.045568  24  1.123462  4.459976  19.361532  31.586675  19.177091  31.609368
r459  0.185811  6.045567  24  1.123330  4.459455  17.497834  12.427972  17.355902  12.547892
r627  0.184486  6.045568  24  1.115322  4.427663  11.059329  37.722972  11.114425  37.546905
r378  0.184404  6.045566  24  1.114824  4.425688  35.688222  41.776588  35.799754  41.923439
r769  0.183719  6.045567  24  1.110682  4.409244  30.091699  3.512799  29.907981  3.512799
r217  0.304087  3.652219  24  1.110594  7.298098  13.018140  20.703198  13.316173  20.642821
r296  0.303977  3.652220  24  1.110192  7.295455  29.961993  16.244038  29.693357  16.386294
r342  0.181637  6.045566  24  1.098100  4.359295  21.587847  32.456911  21.576066  32.638165
r475  0.181283  6.045569  24  1.095959  4.350794  12.140731  14.334630  12.140731  14.153347
r441  0.179948  6.045567  24  1.087889  4.318758  15.823365  23.224754  15.823365  23.404702
r445  0.179806  6.045565  24  1.087031  4.315353  31.162454  16.778299  31.162454  16.598492
r646  0.138916  7.790401  24  1.082208  3.333974  26.773208  41.368203  26.885268  41.286106
r382  0.295371  3.652219  24  1.078758  7.088894  32.903934  39.074023  32.608563  39.074023
r727  0.293709  3.652221  24  1.072691  7.049024  2.878138  27.113853  2.644643  26.935680
r319  0.177066  6.045566  24  1.070466  4.249592  1.384497  20.853230  1.207431  20.853230
r788  0.177022  6.045569  24  1.070196  4.248518  38.613037  5.981745  38.613037  6.158767
r466  0.293009  3.652219  24  1.070134  7.032224  41.350746  13.501700  41.245090  13.228403
r208  0.175843  6.045569  24  1.063073  4.220240  30.658147  8.884418  30.482303  8.884418
r75  0.289593  3.652219  24  1.057658  6.950241  32.329205  30.456883  32.127820  30.248776
r12  0.288326  3.652218  24  1.053030  6.919825  7.128081  2.616014  7.100595  2.329001
r497  0.173945  6.045566  24  1.051597  4.174684  32.611548  4.124618  32.611548  3.950672
r339  0.173363  6.045566  24  1.048080  4.160724  11.669816  31.855468  11.673947  31.682154
r352  0.286644  3.652220  24  1.046886  6.879453  6.167115  36.337545  5.880709  36.325861
r707  0.284863  3.652218  24  1.040383  6.836721  21.762696  31.370114  21.558523  31.171466
r264  0.283223  3.652219  24  1.034393  6.797355  25.908603  2.465708  26.091309  2.249297
r468  0.282581  3.652218  24  1.032047  6.781943  36.142716  20.475756  36.357115  20.659835
r90  0.170441  6.045568  24  1.030412  4.090582  39.548070  37.625312  39.548070  37.454871
r331  0.281701  3.652220  24  1.028834  6.760824  28.351415  25.507311  28.418058  25.781016
r218  0.279616  3.652219  24  1.021220  6.710795  9.715164  17.147761  9.965051  17.273227
r607  0.278574  3.652219  24  1.017412  6.685765  0.824384  29.675395  0.824384  29.953968
r814  0.278348  3.652220  24  1.016586  6.680340  6.792169  12.007160  6.513821  12.007160
r267  0.278061  3.652220  24  1.015541  6.673470  9.198602  3.289467  9.360362  3.063300
r746  0.277502  3.652218  24  1.013498  6.660052  8.543433  19.341077  8.818114  19.301604
r689  0.276122  3.652219  24  1.008457  6.626922  28.123998  33.400769  28.227143  33.656902
r357  0.166476  6.045567  24  1.006441  3.995420  23.271141  43.249057  23.271141  43.415533
r330  0.274971  3.652219  24  1.004253  6.599297  30.975955  24.636946  30.913163  24.369240
r628  0.165395  6.045566  24  0.999908  3.969485  13.719784  37.032038  13.719784  36.866643
r715  0.165296  6.045567  24  0.999309  3.967107  20.933951  17.493928  20.768655  17.493928
r488  0.273022  3.652219  24  0.997138  6.552539  15.193401  18.939849  15.034079  18.718133
r245  0.272877  3.652220  24  0.996608  6.549059  36.308170  4.096866  36.445129  3.860849
r62  0.270404  3.652221  24  0.987577  6.489708  12.156518  28.348023  12.359411  28.169270
r45  0.269535  3.652220  24  0.984399  6.468829  12.265034  24.164340  12.109358  24.384371
r435  0.269084  3.652221  24  0.982753  6.458006  23.907039  29.473666  23.669712  29.346853
r614  0.161725  6.045565  24  0.977718  3.881397  24.043046  32.799770  24.204507  32.809015
r655  0.266913  3.652217  24  0.974823  6.405904  27.516877  39.753411  27.516877  40.020324
r540  0.266593  3.652219  24  0.973656  6.398230  9.179007  4.920608  9.445600  4.920608
r278  0.266023  3.652219  24  0.971576  6.384564  33.639405  8.459288  33.373521  8.450690
r381  0.264766  3.652217  24  0.966982  6.354380  37.649557  38.729805  37.385858  38.706064
r516  0.159849  6.045568  24  0.966376  3.836368  35.930909  6.084627  35.775912  6.123709
r110  0.264083  3.652218  24  0.964489  6.337991  33.491331  37.119801  33.754790  37.101661
r722  0.261920  3.652219  24  0.956589  6.286079  38.389676  20.597249  38.445929  20.853057
r349  0.261351  3.652219  24  0.954512  6.272431  25.537352  29.416801  25.537352  29.155450
r26  0.260754  3.652218  24  0.952330  6.258093  25.236609  14.635162  25.249660  14.895589
r433  0.260153  3.652218  24  0.950135  6.243668  38.875333  26.400306  38.809214  26.651917
r215  0.259906  3.652218  24  0.949234  6.237745  19.255679  18.006736  19.429946  18.199562
r216  0.259096  3.652219  24  0.946276  6.218308  15.397305  20.717433  15.652610  20.761594
r414  0.256451  3.652219  24  0.936615  6.154824  42.747870  29.865934  43.004321  29.865934
r393  0.153903  6.045566  24  0.930433  3.693680  31.464546  28.209005  31.600567  28.137001
r776  0.254353  3.652219  24  0.928953  6.104475  20.721694  14.173217  20.937689  14.307537
r632  0.153642  6.045568  24  0.928852  3.687403  30.357344  34.808305  30.204536  34.824289
r608  0.152768  6.045565  24  0.923569  3.666431  1.113811  29.223861  1.113811  29.071093
r588  0.252562  3.652219  24  0.922411  6.061481  19.643056  23.933453  19.584639  24.179166
r32  0.152370  6.045568  24  0.921165  3.656886  3.987517  19.138325  3.837283  19.163754
r703  0.252098  3.652220  24  0.920716  6.050344  44.129503  21.579405  44.129503  21.327307
r345  0.152184  6.045568  24  0.920036  3.652405  40.665265  34.825786  40.665265  34.977969
r550  0.251349  3.652218  24  0.917983  6.032386  35.337409  8.444652  35.131332  8.300746
r458  0.113638  8.045569  24  0.914280  2.727304  14.627313  20.703382  14.740320  20.715334
r323  0.151103  6.045566  24  0.913504  3.626476  14.418932  31.391385  14.570028  31.389912
r183  0.250046  3.652218  24  0.913224  6.001113  6.247570  27.344014  6.493931  27.386786
r72  0.150979  6.045568  24  0.912754  3.623496  34.904114  31.561400  34.799325  31.452708
r690  0.247754  3.652218  24  0.904851  5.946095  22.013500  33.323558  21.873883  33.118891
r735  0.112383  8.045567  24  0.904189  2.697203  36.146287  14.362958  36.148057  14.475328
r297  0.247268  3.652220  24  0.903079  5.934442  27.612732  16.182781  27.431522  16.351021
r675  0.247014  3.652220  24  0.902150  5.928340  8.069919  36.543794  7.936521  36.751691
r329  0.246994  3.652218  24  0.902078  5.927868  32.122213  22.053370  32.262951  22.256345
r337  0.149072  6.045566  24  0.901227  3.577736  4.863461  31.821193  5.010811  31.798595
r720  0.246714  3.652220  24  0.901054  5.921135  44.794001  14.893553  45.040715  14.893553
r214  0.244587  3.652219  24  0.893287  5.870096  21.607725  16.987504  21.675944  16.752623
r244  0.147607  6.045569  24  0.892367  3.542564  37.965213  3.753059  37.817606  3.753059
r518  0.244305  3.652217  24  0.892254  5.863310  31.785365  5.771065  31.785365  5.526760
r587  0.244121  3.652219  24  0.891584  5.858908  24.217979  22.703021  24.016608  22.841024
r383  0.242328  3.652218  24  0.885036  5.815879  25.430322  39.483989  25.318164  39.698799
r377  0.146182  6.045566  24  0.883755  3.508377  32.826536  42.277620  32.826536  42.423802
r551  0.241317  3.652218  24  0.881341  5.791599  31.495222  8.084092  31.495222  7.842775
r263  0.241061  3.652220  24  0.880407  5.785460  29.811002  3.092376  30.033252  2.999021
r593  0.145621  6.045568  24  0.880360  3.494897  6.659514  26.720800  6.802327  26.692341
r494  0.145027  6.045567  24  0.876769  3.480643  18.858549  4.773558  18.722711  4.824359
r757  0.240016  3.652220  24  0.876590  5.760376  34.227092  16.862501  34.227092  17.102516
r265  0.238861  3.652220  24  0.872373  5.732665  21.090475  1.689681  21.090475  1.450820
r212  0.119853  7.261967  24  0.870366  2.876465  38.809317  13.387367  38.713241  13.459020
r789  0.238082  3.652220  24  0.869527  5.713963  37.615677  6.337747  37.615677  6.099665
r336  0.143734  6.045567  24  0.868955  3.449622  2.469046  31.676258  2.387446  31.557932
r742  0.237205  3.652219  24  0.866324  5.692915  19.502392  22.392529  19.739597  22.392529
r616  0.143165  6.045566  24  0.865511  3.435949  34.847549  36.634910  34.921529  36.512341
r77  0.236116  3.652219  24  0.862348  5.666786  27.391980  29.870597  27.327839  29.643360
r709  0.234397  3.652219  24  0.856071  5.625538  4.657113  33.002663  4.453491  32.886557
r426  0.106069  8.045567  24  0.853388  2.545665  23.723513  24.031831  23.723513  23.925762
r243  0.140355  6.045568  24  0.848523  3.368511  35.081449  3.676292  35.081449  3.535937
r750  0.140188  6.045567  24  0.847515  3.364509  22.069466  9.798399  21.998555  9.677468
r74  0.231776  3.652219  24  0.846496  5.562621  34.941971  31.497917  34.890172  31.272003
r590  0.231522  3.652218  24  0.845568  5.556520  1.223595  25.353437  1.014309  25.452441
r812  0.231459  3.652218  24  0.845341  5.555028  9.479019  6.533963  9.479019  6.765422
r654  0.230678  3.652219  24  0.842486  5.536271  33.327590  41.204512  33.101385  41.249717
r569  0.229372  3.652220  24  0.837717  5.504929  27.612522  12.739100  27.700041  12.527081
r498  0.137877  6.045566  24  0.833547  3.309057  37.734122  1.227910  37.871999  1.227910
r427  0.137060  6.045567  24  0.828603  3.289430  28.113068  21.549185  28.250127  21.549185
r612  0.136784  6.045567  24  0.826939  3.282824  19.542303  37.846308  19.405518  37.846308
r712  0.225032  3.652219  24  0.821867  5.400776  14.873410  24.265291  14.820719  24.484068
r440  0.224157  3.652219  24  0.818670  5.379765  15.140668  26.410178  14.916512  26.410178
r247  0.222919  3.652219  24  0.814148  5.350052  28.208136  2.547004  28.208136  2.324085
r491  0.220416  3.652221  24  0.805007  5.289976  10.358995  15.012152  10.314950  15.228122
r517  0.219202  3.652218  24  0.800572  5.260838  35.886349  5.995277  35.667147  5.995277
r745  0.219122  3.652219  24  0.800281  5.258923  5.046221  19.386306  4.837640  19.319163
r313  0.217701  3.652220  24  0.795090  5.224814  30.073565  20.157394  29.922975  20.314607
r10  0.216619  3.652219  24  0.791140  5.198854  19.581753  7.532884  19.794411  7.491651
r181  0.216090  3.652220  24  0.789207  5.186154  19.417291  29.022367  19.633381  29.022367
r584  0.215767  3.652219  24  0.788030  5.178417  31.885961  18.281059  31.957903  18.077638
r534  0.215741  3.652220  24  0.787933  5.177781  33.607168  5.769319  33.636758  5.983021
r446  0.129002  6.045566  24  0.779891  3.096052  35.861406  17.732385  35.732404  17.732385
r571  0.213419  3.652218  24  0.779454  5.122064  20.920799  9.986040  21.134219  9.986040
r40  0.213053  3.652219  24  0.778115  5.113264  34.143111  21.131227  34.290863  21.284722
r737  0.212738  3.652220  24  0.776967  5.105717  45.016657  12.440843  45.178150  12.579326
r187  0.127424  6.045567  24  0.770348  3.058165  14.748468  14.544812  14.748468  14.417388
r229  0.210262  3.652218  24  0.767923  5.046291  38.731840  9.238459  38.856462  9.069108
r29  0.209931  3.652218  24  0.766715  5.038355  5.526716  4.518669  5.526716  4.308738
r809  0.209136  3.652218  24  0.763810  5.019262  21.076824  5.249986  21.076824  5.459122
r657  0.206388  3.652220  24  0.753776  4.953323  14.782524  39.843087  14.988913  39.843087
r416  0.206278  3.652219  24  0.753372  4.950666  37.323516  31.321412  37.117239  31.321412
r780  0.206173  3.652219  24  0.752988  4.948147  6.609923  14.355855  6.404535  14.337885
r482  0.124247  6.045567  24  0.751141  2.981918  41.141519  9.158012  41.156036  9.281408
r567  0.204691  3.652219  24  0.747578  4.912596  33.965195  13.481506  34.024993  13.285744
r200  0.203812  3.652220  24  0.744366  4.891484  5.266191  21.401530  5.062380  21.401530
r332  0.203750  3.652219  24  0.744141  4.890008  22.196699  25.082607  22.022113  24.977564
r470  0.203633  3.652220  24  0.743712  4.887186  19.376079  20.573567  19.376079  20.369934
r706  0.202915  3.652220  24  0.741089  4.869950  32.613006  26.538708  32.815920  26.538708
r434  0.202355  3.652218  24  0.739044  4.856516  32.330054  28.135712  32.348181  28.337253
r604  0.202061  3.652220  24  0.737971  4.849465  24.005126  25.189449  24.005126  24.987388
r301  0.201840  3.652219  24  0.737165  4.844166  3.027701  5.985205  3.027701  5.783365
r128  0.199156  3.652218  24  0.727361  4.779744  30.175726  35.004443  30.175726  34.805287
r619  0.198737  3.652219  24  0.725830  4.769682  32.360911  32.080567  32.559648  32.080567
r529  9.647571  0.075000  24  0.723568  231.541705  15.003781  2.815768  22.397021  9.013802
r535  0.197831  3.652219  24  0.722520  4.747933  29.991077  5.220758  29.793247  5.220758
r476  0.119203  6.045567  24  0.720647  2.860862  13.367886  9.094327  13.248684  9.094327
r347  0.196954  3.652219  24  0.719318  4.726889  34.494363  29.521602  34.391772  29.353477
r6  0.195846  3.652219  24  0.715274  4.700315  37.006737  8.542696  37.006737  8.346849
r485  0.194953  3.652219  24  0.712012  4.678875  36.497109  16.478780  36.548670  16.666791
r420  0.194819  3.652219  24  0.711521  4.675653  8.481871  34.345453  8.287052  34.345453
r520  0.193170  3.652220  24  0.705499  4.636077  23.358362  4.164255  23.458563  3.999105
r144  0.191090  3.652218  24  0.697901  4.586149  38.223771  28.871902  38.412565  28.842376
r761  0.189511  3.652219  24  0.692137  4.548273  12.885634  18.665147  12.785776  18.826215
r525  0.188104  3.652219  24  0.686997  4.514495  11.456240  8.959483  11.276989  9.016510
r443  0.084649  8.045567  24  0.681049  2.031575  44.584319  20.133695  44.584319  20.218344
r731  0.112506  6.045566  24  0.680165  2.700154  17.395713  14.895726  17.508220  14.895726
r713  0.112065  6.045565  24  0.677497  2.689561  13.356172  24.164732  13.342307  24.053528
r232  0.185385  3.652219  24  0.677067  4.449242  19.027401  14.093579  19.015346  14.278572
r304  0.111347  6.045567  24  0.673157  2.672333  4.681752  16.563821  4.793100  16.563821
r41  0.184029  3.652219  24  0.672116  4.416707  30.180354  22.091911  30.180354  22.275941
r398  0.183530  3.652218  24  0.670292  4.404723  40.336077  34.993543  40.186955  35.100528
r42  0.183392  3.652218  24  0.669786  4.401398  27.690311  22.030663  27.690311  22.214055
r537  0.183349  3.652219  24  0.669630  4.400370  21.059213  3.403143  21.242562  3.403143
r779  0.182681  3.652218  24  0.667190  4.384340  8.246566  14.446048  8.246566  14.628729
r431  0.182427  3.652219  24  0.666262  4.378242  43.625554  24.945999  43.625554  25.128426
r418  0.182330  3.652219  24  0.665907  4.375909  23.999500  33.576215  24.057959  33.748919
r231  0.182051  3.652219  24  0.664888  4.369213  0.890000  13.347384  0.890000  13.529435
r30  0.181689  3.652219  24  0.663569  4.360541  3.013858  7.978556  3.146836  7.854750
r280  0.181623  3.652219  24  0.663325  4.358942  29.616868  10.127687  29.462156  10.032551
r320  0.109096  6.045568  24  0.659549  2.618310  3.906748  21.684228  3.804692  21.722783
r365  0.180561  3.652219  24  0.659448  4.333459  30.225815  38.636819  30.225815  38.817380
r506  0.179785  3.652219  24  0.656614  4.314837  14.509771  13.070490  14.689556  13.070490
r83  0.108606  6.045567  24  0.656587  2.606551  11.427485  40.049895  11.507579  40.123245
r364  0.179058  3.652220  24  0.653958  4.297382  35.119059  39.140532  35.119059  39.319589
r142  0.178443  3.652219  24  0.651712  4.282625  44.199608  27.287771  44.312486  27.149568
r114  0.178205  3.652220  24  0.650844  4.276918  9.464762  39.187415  9.464762  39.365620
r575  0.107283  6.045567  24  0.648586  2.574791  1.290914  13.697092  1.290914  13.804374
r91  0.177502  3.652219  24  0.648277  4.260051  39.912512  37.147157  40.054454  37.253737
r57  0.177215  3.652218  24  0.647229  4.253165  33.214847  24.578770  33.070993  24.475275
r508  0.177101  3.652219  24  0.646811  4.250423  12.733180  12.753865  12.556385  12.764260
r356  0.106591  6.045568  24  0.644406  2.558194  14.767030  41.839658  14.767855  41.946247
r672  0.176003  3.652217  24  0.642803  4.224082  28.059296  36.041569  27.973956  35.887640
r808  0.173134  3.652219  24  0.632325  4.155228  25.307811  6.115037  25.200740  6.251093
r194  0.172947  3.652217  24  0.631639  4.150724  41.291289  15.506410  41.129893  15.444266
r180  0.171942  3.652219  24  0.627968  4.126598  22.215139  27.339098  22.171328  27.172831
r606  0.171090  3.652219  24  0.624858  4.106159  12.473632  30.007674  12.644722  30.007674
r324  0.103008  6.045568  24  0.622742  2.472192  17.062176  31.207830  16.959169  31.207830
r744  0.168454  3.652219  24  0.615230  4.042893  0.868493  20.930130  0.868493  20.761676
r147  0.168263  3.652219  24  0.614533  4.038312  17.559594  33.697668  17.562751  33.865901
r437  0.167813  3.652220  24  0.612890  4.027508  6.541616  31.915842  6.541616  32.083655
r553  0.167246  3.652220  24  0.610821  4.013913  24.031926  8.216603  23.864680  8.216603
r97  0.165424  3.652218  24  0.604164  3.970174  7.284290  38.934593  7.283644  38.769170
r638  0.164755  3.652218  24  0.601720  3.954110  25.960834  35.960487  25.960834  35.795732
r671  0.163953  3.652219  24  0.598792  3.934871  36.951467  33.664648  36.951467  33.500695
r69  0.074405  8.045567  24  0.598632  1.785725  16.989919  34.249715  17.064324  34.249715
r76  0.163323  3.652219  24  0.596493  3.919763  30.140406  28.480975  30.115412  28.319576
r335  0.162573  3.652218  24  0.593753  3.901759  2.249543  31.663555  2.373227  31.558045
r9  0.162321  3.652220  24  0.592833  3.895712  23.829453  12.566831  23.675432  12.618071
r250  0.162211  3.652219  24  0.592431  3.893073  16.011966  6.703902  16.174177  6.703902
r60  0.161328  3.652218  24  0.589205  3.871873  25.975039  26.575079  26.136367  26.575079
r52  0.097365  6.045567  24  0.588629  2.336770  19.446151  28.760794  19.419142  28.667249
r704  0.160698  3.652219  24  0.586905  3.856755  41.486732  21.707960  41.486732  21.868658
r177  0.159913  3.652220  24  0.584038  3.837914  42.136506  19.713314  42.189139  19.864317
r262  0.159103  3.652219  24  0.581078  3.818463  34.176200  4.110409  34.176200  3.951307
r500  0.158598  3.652219  24  0.579235  3.806351  39.626136  6.538148  39.467775  6.546810
r346  0.157734  3.652218  24  0.576080  3.785625  36.356887  29.367305  36.413649  29.220138
r568  0.154619  3.652218  24  0.564702  3.710854  29.835996  12.357834  29.835996  12.203215
r573  0.153858  3.652219  24  0.561924  3.692600  5.135980  6.421989  5.212595  6.288563
r314  0.153071  3.652219  24  0.559050  3.673709  27.519746  20.358004  27.672817  20.358004
r79  0.153054  3.652217  24  0.558988  3.673305  12.239516  32.489571  12.185165  32.346492
r533  0.092031  6.045568  24  0.556382  2.208754  33.080785  6.714338  33.002935  6.665255
r415  0.152284  3.652218  24  0.556174  3.654814  40.890131  30.526160  41.042415  30.526160
r127  0.152149  3.652220  24  0.555683  3.651588  34.151399  34.848151  34.151399  35.000300
r760  0.151479  3.652218  24  0.553234  3.635494  17.427590  19.072406  17.304233  19.160321
r665  0.090449  6.045567  24  0.546816  2.170778  29.071298  27.017986  28.981680  27.030219
r7  0.149480  3.652219  24  0.545935  3.587528  32.096220  11.518050  32.113693  11.666506
r597  0.067220  8.045567  24  0.540821  1.613274  24.314373  29.737635  24.351471  29.681579
r774  0.147743  3.652220  24  0.539589  3.545826  34.371749  10.750329  34.230030  10.708573
r82  0.089034  6.045569  24  0.538262  2.136821  8.803961  39.424633  8.714927  39.424633
r603  0.146302  3.652219  24  0.534327  3.511248  26.210492  24.517415  26.210492  24.371113
r98  0.066351  8.045567  24  0.533830  1.592420  6.444789  41.592581  6.406041  41.538720
r27  0.145973  3.652220  24  0.533127  3.503360  19.233171  10.084977  19.379145  10.084977
r578  0.088091  6.045566  24  0.532560  2.114184  12.536485  26.749022  12.624576  26.749022
r380  0.143176  3.652219  24  0.522911  3.436230  41.964728  38.178898  42.107904  38.178898
r402  0.142532  3.652220  24  0.520560  3.420777  14.815762  37.475124  14.673230  37.475124
r687  0.142279  3.652220  24  0.519633  3.414689  40.455967  28.592198  40.360265  28.486915
r195  0.141855  3.652219  24  0.518086  3.404520  40.249258  17.594596  40.249258  17.452741
r367  0.140573  3.652220  24  0.513404  3.373757  18.795261  37.681980  18.935834  37.681980
r253  0.139805  3.652218  24  0.510599  3.355325  13.034905  10.867652  13.108983  10.749086
r295  0.139209  3.652220  24  0.508423  3.341023  32.102396  13.722120  32.014495  13.614172
r169  0.083186  6.045568  24  0.502905  1.996458  11.900308  21.479784  11.900308  21.562970
r286  0.137354  3.652219  24  0.501647  3.296495  1.057502  7.767817  1.057502  7.630463
r729  0.137007  3.652219  24  0.500378  3.288156  12.939487  22.514549  13.044955  22.601997
r223  0.082620  6.045568  24  0.499482  1.982868  21.606571  5.004595  21.606571  4.921975
r333  0.136263  3.652220  24  0.497662  3.270307  14.962110  28.296698  14.909640  28.422453
r449  0.136119  3.652219  24  0.497135  3.266849  42.252888  17.690507  42.389006  17.690507
r186  0.081492  6.045568  24  0.492664  1.955802  11.797834  19.055976  11.797834  18.974484
r322  0.081403  6.045567  24  0.492126  1.953666  9.149016  21.883702  9.230419  21.883702
r252  0.134357  3.652219  24  0.490703  3.224577  10.780870  10.960979  10.875891  11.055968
r621  0.133830  3.652218  24  0.488776  3.211920  25.662129  31.506088  25.795959  31.506088
r792  0.133482  3.652218  24  0.487506  3.203574  23.014062  5.933323  23.147544  5.933323
r670  0.133242  3.652219  24  0.486631  3.197819  39.242705  33.338831  39.109464  33.338236
r148  0.129362  3.652220  24  0.472457  3.104676  10.247177  33.389375  10.136797  33.321918
r198  0.129104  3.652218  24  0.471515  3.098487  17.551467  21.961582  17.551467  21.832479
r615  0.076324  6.045569  24  0.461422  1.831776  29.642281  32.385922  29.585752  32.334639
r109  0.126194  3.652220  24  0.460888  3.028651  38.218493  36.380140  38.184066  36.501547
r361  0.075861  6.045567  24  0.458623  1.820667  34.675349  39.259317  34.675349  39.335178
r807  0.124935  3.652218  24  0.456291  2.998448  29.634620  7.167776  29.632834  7.292699
r80  0.123084  3.652218  24  0.449530  2.954019  4.174798  35.046119  4.051714  35.046119
r145  0.121409  3.652219  24  0.443412  2.913815  32.157375  34.125156  32.157375  34.246565
r794  0.120581  3.652218  24  0.440389  2.893951  15.660947  8.798961  15.744300  8.886094
r58  0.119544  3.652220  24  0.436603  2.869066  30.518049  26.252177  30.637593  26.252177
r266  0.119236  3.652219  24  0.435476  2.861664  16.939006  1.048610  16.939006  0.929373
r455  0.118996  3.652219  24  0.434600  2.855907  4.608432  25.933756  4.509474  25.867670
r130  0.117461  3.652220  24  0.428992  2.819055  16.802001  35.960981  16.882032  35.875004
r586  0.117356  3.652219  24  0.428611  2.816552  27.372375  18.503823  27.372375  18.386467
r371  0.070632  6.045568  24  0.427010  1.695164  9.409260  44.763715  9.401146  44.833879
r202  0.116625  3.652220  24  0.425941  2.799004  9.217587  21.517021  9.100962  21.517021
r192  0.069721  6.045567  24  0.421505  1.673312  41.709358  11.949320  41.709358  11.879599
r228  0.115284  3.652218  24  0.421043  2.766817  40.180459  4.549960  40.180459  4.434676
r48  0.068854  6.045568  24  0.416262  1.652498  4.404630  24.368410  4.425342  24.434075
r536  0.113719  3.652220  24  0.415326  2.729251  25.582768  4.224699  25.696487  4.224699
r755  0.113642  3.652219  24  0.415044  2.727399  42.437355  10.434357  42.327006  10.407203
r795  0.111764  3.652218  24  0.408188  2.682343  15.127107  11.107605  15.048061  11.028592
r94  0.110450  3.652219  24  0.403389  2.650812  26.083627  33.829123  26.083627  33.718672
r554  0.110435  3.652218  24  0.403333  2.650442  21.642781  7.754919  21.753175  7.751889
r752  0.066576  6.045566  24  0.402488  1.597818  33.260179  9.096606  33.260179  9.163182
r305  0.065603  6.045566  24  0.396605  1.574464  7.783866  16.755954  7.783866  16.690352
r131  0.106729  3.652219  24  0.389799  2.561503  10.208503  35.538127  10.208503  35.644856
r129  0.105609  3.652218  24  0.385706  2.534608  21.388779  36.889600  21.483875  36.843665
r504  0.104042  3.652218  24  0.379985  2.497015  19.391943  12.212082  19.287900  12.212082
r684  0.062078  6.045567  24  0.375295  1.489865  41.259506  24.411175  41.259506  24.349097
r741  0.101988  3.652218  24  0.372481  2.447705  23.488045  20.601644  23.590033  20.601644
r585  0.101424  3.652220  24  0.370424  2.434186  29.656082  18.367984  29.554657  18.367984
r24  0.096838  3.652219  24  0.353675  2.324123  30.056785  14.349924  29.959946  14.349924
r369  0.096800  3.652220  24  0.353537  2.323211  6.955744  40.756949  6.858943  40.756949
r115  0.058122  6.045566  24  0.351382  1.394935  6.168679  38.296325  6.168679  38.238203
r552  0.095843  3.652219  24  0.350040  2.300234  25.941062  8.640869  25.845219  8.640869
r623  0.094649  3.652219  24  0.345679  2.271578  14.049204  31.890077  14.139772  31.862582
r279  0.093629  3.652220  24  0.341955  2.247107  31.577546  10.019813  31.570743  9.926431
r456  0.093469  3.652218  24  0.341371  2.243268  6.578061  25.197200  6.547613  25.108829
r298  0.091918  3.652219  24  0.335704  2.206027  23.043177  14.643807  22.979726  14.710311
r348  0.088416  3.652219  24  0.322913  2.121974  29.556708  30.196612  29.468292  30.196612
r166  0.088381  3.652218  24  0.322786  2.121140  8.437897  29.699231  8.383019  29.629952
r66  0.051707  6.045567  24  0.312597  1.240962  9.390809  34.029602  9.390809  34.081309
r542  0.083923  3.652220  24  0.306505  2.014150  6.999802  9.878331  6.925196  9.839900
r444  0.050509  6.045568  24  0.305357  1.212220  28.431053  18.740422  28.431053  18.790931
r465  0.081636  3.652219  24  0.298152  1.959261  44.230398  10.497104  44.312034  10.497104
r397  0.080886  3.652220  24  0.295412  1.941256  42.591429  34.195246  42.547961  34.263459
r716  0.048836  6.045567  24  0.295243  1.172072  25.682729  16.460313  25.633893  16.460313
r287  0.080461  3.652219  24  0.293861  1.931060  4.504084  14.635778  4.557759  14.695719
r281  0.079642  3.652218  24  0.290869  1.911400  23.010086  10.194577  22.931983  10.179003
r572  0.078121  3.652218  24  0.285315  1.874902  12.002268  7.068739  11.924147  7.068739
r235  0.078097  3.652219  24  0.285228  1.874333  12.274784  15.072615  12.281714  14.994826
r78  0.076777  3.652220  24  0.280405  1.842641  17.524339  30.159895  17.524339  30.083118
r43  0.076260  3.652219  24  0.278517  1.830230  25.723296  22.153714  25.723296  22.077454
r484  0.076010  3.652220  24  0.277606  1.824244  38.629206  15.823408  38.612591  15.897580
r541  0.074784  3.652218  24  0.273129  1.794825  7.229345  7.316194  7.158826  7.291297
r249  0.074428  3.652218  24  0.271828  1.786279  18.915076  1.137385  18.989504  1.137385
r797  0.074422  3.652219  24  0.271806  1.786135  8.541243  12.378501  8.488393  12.430898
r490  0.073703  3.652220  24  0.269178  1.768865  7.861317  16.743506  7.861317  16.669803
r618  0.072714  3.652218  24  0.265567  1.745132  34.881465  33.114917  34.808751  33.114917
r708  0.072611  3.652219  24  0.265190  1.742656  19.771241  33.152990  19.698714  33.149507
r620  0.072074  3.652219  24  0.263229  1.729769  28.362662  31.866345  28.290588  31.866345
r773  0.071426  3.652220  24  0.260865  1.714232  38.396493  11.135584  38.467919  11.135584
r473  0.068754  3.652219  24  0.251105  1.650099  6.936512  18.981625  6.936512  18.912871
r538  0.067920  3.652220  24  0.248057  1.630071  17.159292  2.936051  17.121751  2.992653
r23  0.067876  3.652219  24  0.247897  1.629017  34.005682  15.336700  33.937806  15.336700
r317  0.067721  3.652220  24  0.247332  1.625301  9.766617  23.684456  9.834338  23.684456
r63  0.067652  3.652220  24  0.247079  1.623639  2.836982  29.011757  2.769330  29.011757
r209  0.039125  6.045566  24  0.236531  0.938993  38.615203  8.958333  38.615203  8.997458
r778  0.063494  3.652218  24  0.231895  1.523865  14.231644  15.001064  14.231644  14.937570
r201  0.063452  3.652218  24  0.231742  1.522857  7.039134  21.124658  6.988485  21.086435
r363  0.063300  3.652218  24  0.231184  1.519190  39.104536  39.466709  39.104536  39.403409
r184  0.062323  3.652218  24  0.227618  1.495760  8.585084  25.343161  8.596048  25.404513
r204  0.036292  6.045567  24  0.219403  0.870998  13.196468  11.654224  13.196468  11.690516
r452  0.059435  3.652219  24  0.217071  1.426450  24.264675  27.061830  24.264675  27.002395
r622  0.058104  3.652220  24  0.212209  1.394498  15.339841  30.217085  15.325743  30.160717
r492  0.025755  8.045567  24  0.207217  0.618131  10.298132  9.277236  10.272377  9.277236
r413  0.033576  6.045565  24  0.202988  0.805834  41.479422  26.762087  41.477036  26.795579
r759  0.054167  3.652218  24  0.197831  1.300019  21.697781  18.801662  21.716723  18.750914
r111  0.054109  3.652220  24  0.197617  1.298613  27.479795  38.179686  27.533904  38.179686
r71  0.032657  6.045566  24  0.197432  0.783777  31.934211  31.041848  31.966212  31.048365
r343  0.031336  6.045565  24  0.189441  0.752054  32.611502  33.991033  32.642838  33.991033
r728  0.051239  3.652218  24  0.187136  1.229734  7.418913  23.192144  7.467807  23.207467
r351  0.049169  3.652219  24  0.179576  1.180053  12.291888  34.355790  12.252514  34.385240
r234  0.045774  3.652218  24  0.167177  1.098577  14.607206  16.746913  14.575056  16.779495
r505  0.045287  3.652218  24  0.165399  1.086896  17.072463  11.799855  17.073737  11.754586
r384  0.045263  3.652218  24  0.165310  1.086313  20.509516  41.125325  20.509516  41.170588
r112  0.043381  3.652219  24  0.158438  1.041154  20.772696  38.917770  20.816077  38.917770
r754  0.024292  6.045566  24  0.146858  0.583005  43.599355  7.454205  43.599355  7.429913
r160  0.038752  3.652220  24  0.141531  0.930047  41.650255  23.811925  41.611503  23.811925
r68  0.023358  6.045568  24  0.141211  0.560588  16.656232  36.863899  16.651146  36.886696
r197  0.038199  3.652218  24  0.139511  0.916774  21.597609  20.623451  21.559654  20.627766
r602  0.037404  3.652218  24  0.136608  0.897701  28.511862  23.953467  28.547773  23.963932
r103  0.022354  6.045567  24  0.135145  0.536505  26.997497  38.129246  26.975142  38.129246
r576  0.020739  6.045566  24  0.125381  0.497744  2.255827  16.585369  2.276567  16.585369
r230  0.032057  3.652219  24  0.117079  0.769366  36.281922  10.526093  36.313978  10.526093
r438  0.031625  3.652219  24  0.115500  0.758992  4.397640  30.634772  4.369262  30.620815
r758  0.029731  3.652220  24  0.108583  0.713538  23.554875  16.991505  23.554875  17.021236
r185  0.023450  3.652218  24  0.085645  0.562801  11.116687  21.858965  11.116687  21.882415
r188  0.014063  6.045565  24  0.085019  0.337515  22.980297  15.385586  22.980297  15.399649
r813  0.023027  3.652219  24  0.084098  0.552640  5.173706  8.369925  5.150679  8.369925
r399  0.021365  3.652219  24  0.078031  0.512767  36.328308  35.375235  36.348888  35.380973
r196  0.019938  3.652219  24  0.072816  0.478501  36.203704  18.656168  36.223642  18.656168
r522  0.019140  3.652218  24  0.069902  0.459354  14.099806  6.781323  14.099806  6.762183
r467  0.018267  3.652219  24  0.066713  0.438396  40.275529  19.591313  40.275529  19.609579
r718  0.010619  6.045568  24  0.064201  0.254867  38.150847  16.977912  38.150847  16.967293
r93  0.016377  3.652219  24  0.059811  0.393041  31.919717  36.783061  31.936093  36.783061
r502  0.016013  3.652219  24  0.058482  0.384303  36.038104  12.454881  36.038104  12.470894
r143  0.010982  3.652219  24  0.040109  0.263570  42.270531  27.760674  42.270531  27.749692
r700  0.005666  6.045568  24  0.034256  0.135993  33.461320  19.987992  33.461320  19.982326
r767  0.698326  0.045567  24  0.031821  16.759819  20.968573  3.899652  20.968573  3.201326
r643  0.591546  0.045567  24  0.026955  14.197106  10.164438  43.527986  9.912089  42.992965
r146  0.007282  3.652218  24  0.026597  0.174775  21.377846  34.977284  21.370564  34.977284
r457  0.005958  3.652219  24  0.021760  0.142993  15.159456  22.676037  15.165414  22.676037
r89  0.443492  0.045567  24  0.020209  10.643808  35.802379  37.912286  35.360404  37.875635
r164  0.729357  0.027265  24  0.019886  17.504579  19.557809  32.278589  19.557809  31.549232
r88  0.003254  6.045566  24  0.019671  0.078092  32.497669  37.173611  32.497568  37.176863
r219  0.700368  0.027265  24  0.019096  16.808835  9.219286  15.671120  9.892115  15.476655
r625  0.352108  0.045567  24  0.016044  8.450593  5.062491  36.769588  4.710383  36.769588
r710  0.557257  0.027265  24  0.015194  13.374162  6.315000  28.711176  6.484842  29.241920
r170  0.261758  0.045567  24  0.011927  6.282182  17.363831  18.077943  17.402524  18.336825
r419  0.400530  0.027265  24  0.010920  9.612723  19.049298  34.023038  19.238006  33.669748
r775  0.360120  0.027265  24  0.009819  8.642870  22.007004  13.168075  22.190472  12.858195
r299  0.001911  3.652219  24  0.006981  0.045875  17.528397  9.769511  17.528397  9.771422
r472  0.247318  0.027265  24  0.006743  5.935627  4.937501  20.386865  4.749357  20.226341
r806  0.191508  0.027265  24  0.005221  4.596184  33.919354  6.704067  33.727977  6.696994
r756  0.187075  0.027265  24  0.005101  4.489812  38.623726  14.657877  38.439004  14.687458
r810  0.184963  0.027265  24  0.005043  4.439103  16.953031  3.968840  17.135477  3.938432
r360  0.000604  6.045568  24  0.003650  0.014491  31.628418  40.032466  31.628418  40.031862
r44  0.127501  0.027265  24  0.003476  3.060030  18.292172  23.731786  18.419674  23.731786
r509  0.000000  6.045568  24  0.000000  0.000000  7.602405  7.387169  7.602405  7.387169
r282  0.000000  3.652219  24  0.000000  0.000000  17.989117  7.533081  17.989117  7.533081
r173  0.000000  6.045722  24  0.000000  0.000000  28.552000  16.171300  28.552000  16.171300
r61  0.000000  3.652218  24  0.000000  0.000000  17.214601  28.074590  17.214601  28.074590
r766  0.000000  6.045566  24  0.000000  0.000000  17.331305  2.363817  17.331305  2.363817
r736  0.000000  6.045566  24  0.000000  0.000000  44.729620  10.048132  44.729620  10.048132
r649  0.000000  40.165431  24  0.000000  0.000000  31.325150  42.798700  31.325150  42.798700
r648  0.000000  6.045439  24  0.000000  0.000000  29.120350  39.926750  29.120350  39.926750
r641  0.000000  3.652219  24  0.000000  0.000000  45.048826  39.498409  45.048826  39.498409
r640  0.000000  3.652218  24  0.000000  0.000000  0.794986  38.009159  0.794986  38.009159
r639  0.000000  3.652218  24  0.000000  0.000000  16.784483  38.056138  16.784483  38.056138
r624  0.000000  3.652161  24  0.000000  0.000000  25.280800  37.598950  25.280800  37.598950
r664  0.000000  6.045567  24  0.000000  0.000000  29.306161  29.684899  29.306161  29.684899
r213  0.000000  3.652218  24  0.000000  0.000000  36.159037  14.661810  36.159037  14.661810
r325  0.000000  6.045569  24  0.000000  0.000000  21.865572  29.844190  21.865572  29.844190
r669  0.000000  3.652220  24  0.000000  0.000000  44.693980  33.748070  44.693980  33.748070
r113  0.000000  7.261822  24  0.000000  0.000000  14.784650  34.381600  14.784650  34.381600
r70  0.000000  6.045581  24  0.000000  0.000000  3.145600  11.203300  3.145600  11.203300
r564  0.000000  40.165133  24  0.000000  0.000000  42.834400  19.861600  42.834400  19.861600
r726  0.000000  3.652086  24  0.000000  0.000000  5.179700  38.284350  5.179700  38.284350
r711  0.000000  3.652218  24  0.000000  0.000000  9.108621  1.036306  9.108621  1.036306
r379  0.000000  6.045838  24  0.000000  0.000000  1.597600  36.365100  1.597600  36.365100
r28  0.000000  3.652411  24  0.000000  0.000000  13.641200  4.651900  13.641200  4.651900
r226  0.000000  6.045568  24  0.000000  0.000000  40.651098  3.748226  40.651098  3.748226
r152  0.000000  7.790206  24  0.000000  0.000000  8.559900  44.731650  8.559900  44.731650
r67  0.000000  6.045697  24  0.000000  0.000000  42.146500  29.393700  42.146500  29.393700
r724  0.000000  3.652219  24  0.000000  0.000000  22.908084  45.204603  22.908084  45.204603
r725  0.000000  3.652219  24  0.000000  0.000000  19.408391  31.140155  19.408391  31.140155
r171  0.000000  6.045567  24  0.000000  0.000000  23.088648  18.458126  23.088648  18.458126
r156  0.000000  6.045648  24  0.000000  0.000000  15.932050  5.162950  15.932050  5.162950
r503  0.000000  3.652219  24  0.000000  0.000000  21.653678  12.284312  21.653678  12.284312
r159  0.000000  3.652218  24  0.000000  0.000000  44.127098  23.207595  44.127098  23.207595
r65  0.000000  6.045437  24  0.000000  0.000000  9.755750  29.446750  9.755750  29.446750
r740  0.000000  3.652219  24  0.000000  0.000000  34.099917  19.306567  34.099917  19.306567
r400  0.000000  3.652220  24  0.000000  0.000000  29.860512  36.807534  29.860512  36.807534
r751  0.000000  6.045567  24  0.000000  0.000000  25.096008  6.814375  25.096008  6.814375
r403  0.000000  3.652219  24  0.000000  0.000000  10.005031  37.506177  10.005031  37.506177
r251  0.000000  3.652187  24  0.000000  0.000000  17.087500  17.238250  17.087500  17.238250
r261  0.000000  40.164927  24  0.000000  0.000000  43.658950  4.289200  43.658950  4.289200
r796  0.000000  3.652220  24  0.000000  0.000000  8.907650  10.465940  8.907650  10.465940
r46  0.000000  3.652219  24  0.000000  0.000000  2.895324  24.244097  2.895324  24.244097
r487  0.000000  3.652218  24  0.000000  0.000000  19.521625  16.317749  19.521625  16.317749
r193  0.000000  3.652219  24  0.000000  0.000000  43.194559  12.657865  43.194559  12.657865
r182  0.000000  3.652220  24  0.000000  0.000000  6.421016  29.911584  6.421016  29.911584
r733  0.000000  6.045568  24  0.000000  0.000000  22.780933  12.366362  22.780933  12.366362
r436  0.000000  3.652220  24  0.000000  0.000000  23.811175  31.651799  23.811175  31.651799
r791  0.000000  3.652218  24  0.000000  0.000000  27.313736  6.483294  27.313736  6.483294
r501  0.000000  3.652219  24  0.000000  0.000000  37.970499  44.927282  37.970499  44.927282
r496  0.000000  6.045565  24  0.000000  0.000000  27.062871  4.001574  27.062871  4.001574
r25  0.000000  3.652220  24  0.000000  0.000000  27.708659  14.445387  27.708659  14.445387
r448  0.000000  3.652219  24  0.000000  0.000000  43.722800  0.914126  43.722800  0.914126
r236  0.000000  3.652104  24  0.000000  0.000000  31.793150  16.011350  31.793150  16.011350
r772  0.000000  3.652219  24  0.000000  0.000000  41.667600  6.448700  41.667600  6.448700
r428  0.000000  6.045565  24  0.000000  0.000000  30.954875  19.274112  30.954875  19.274112
r450  0.000000  3.652172  24  0.000000  0.000000  36.945200  25.367150  36.945200  25.367150
r570  0.000000  3.652220  24  0.000000  0.000000  25.572557  12.880878  25.572557  12.880878
r601  0.000000  3.652214  24  0.000000  0.000000  27.809650  8.495400  27.809650  8.495400
r359  0.000000  6.045818  24  0.000000  0.000000  13.505800  28.988200  13.505800  28.988200
r685  0.000000  6.045567  24  0.000000  0.000000  44.355694  25.596895  44.355694  25.596895
r688  0.000000  3.652218  24  0.000000  0.000000  39.013656  31.046835  39.013656  31.046835
r316  0.000000  3.652218  24  0.000000  0.000000  17.270915  23.995224  17.270915  23.995224
r312  0.000000  3.652220  24  0.000000  0.000000  31.999130  20.033397  31.999130  20.033397
r137  0.000000  6.045571  24  0.000000  0.000000  43.396350  17.666700  43.396350  17.666700
r303  0.000000  6.045567  24  0.000000  0.000000  2.536976  1.488726  2.536976  1.488726
r353  0.000000  6.045567  24  0.000000  0.000000  3.966066  37.845088  3.966066  37.845088
r139  0.000000  6.045567  24  0.000000  0.000000  33.521316  23.075213  33.521316  23.075213
r705  0.000000  3.652219  24  0.000000  0.000000  38.831350  0.772570  38.831350  0.772570
r676  0.000000  40.165159  24  0.000000  0.000000  3.166900  29.267600  3.166900  29.267600
r489  0.000000  3.652218  24  0.000000  0.000000  12.197562  17.113407  12.197562  17.113407
r412  0.000000  6.045567  24  0.000000  0.000000  38.915949  27.453363  38.915949  27.453363
r174  0.000000  6.045568  24  0.000000  0.000000  37.805978  44.618648  37.805978  44.618648
r777  0.000000  3.652220  24  0.000000  0.000000  16.842869  13.708806  16.842869  13.708806
r790  0.000000  3.652364  24  0.000000  0.000000  24.968100  10.602750  24.968100  10.602750

# [Sort by displacement * num_nets]
# module_name  displacement  area  num_nets  disp*area  disp*num_nets  after_x  after_y  before_x  before_y
r802  20.238227  7.790400  24  157.663895  485.717457  6.396576  4.248645  26.338509  7.699027
r695  19.010005  7.790402  24  148.095583  456.240111  33.311338  23.358838  15.778111  30.705008
r527  18.802376  7.790401  24  146.478059  451.257029  9.452413  26.848476  17.856096  10.028622
r530  17.822071  7.790399  24  138.841047  427.729704  40.571621  24.151097  29.476710  10.203726
r424  17.095517  7.790400  24  133.180909  410.292401  23.648338  11.017055  19.472904  27.594824
r404  16.613010  9.469032  24  157.309118  398.712236  15.633400  26.998385  1.922486  36.379373
r561  16.413300  7.790402  24  127.866211  393.919203  5.652583  10.075213  13.248392  24.625130
r271  16.229421  7.790400  24  126.433679  389.506109  26.029489  3.021789  12.313355  11.697144
r284  16.196610  40.165043  24  650.537539  388.718641  14.270606  14.968262  3.537518  2.838504
r580  15.945556  7.790401  24  124.222280  382.693342  41.708379  30.137566  27.498750  22.902429
r240  14.123256  7.790400  24  110.025814  338.958133  20.891972  18.700858  22.071052  4.626907
r135  13.963142  7.790400  24  108.778461  335.115408  29.302950  35.220712  15.399896  36.514706
r256  13.569582  7.790399  24  105.712460  325.669972  6.331201  7.294471  18.677350  12.925294
r815  13.255615  7.790400  24  103.266552  318.134771  14.165354  23.932732  9.424551  11.553874
r19  12.970903  7.790401  24  101.048535  311.301676  35.704529  29.035699  24.427370  22.627110
r289  12.210284  9.469030  24  115.619551  293.046824  18.944801  15.911849  10.165690  24.398206
r660  11.690221  7.790400  24  91.071498  280.565311  11.155548  30.618380  8.852836  42.079567
r119  11.545641  7.790401  24  89.945165  277.095375  35.756656  43.888734  27.685971  35.632473
r783  11.399718  7.790399  24  88.808348  273.593233  8.669905  9.522683  16.459392  1.199374
r405  11.170291  9.469034  24  105.771858  268.086974  12.678329  41.572081  1.772653  39.155139
r784  10.493426  7.790401  24  81.747996  251.842228  13.602532  9.818962  19.599981  1.208352
r150  10.177070  9.469030  24  96.366974  244.249674  1.799319  34.129769  11.969709  34.498463
r260  10.122544  7.790401  24  78.858671  242.941052  34.609923  14.432164  33.996474  4.328225
r149  10.085352  9.469032  24  95.498526  242.048453  15.761315  41.235134  8.570423  34.163685
r307  10.049104  9.469033  24  95.155300  241.178506  10.072963  16.764045  16.253005  24.688159
r528  9.954893  7.790401  24  77.552612  238.917435  30.414691  11.363748  20.555442  9.987121
r560  9.784818  9.469034  24  92.652774  234.835635  14.955192  6.926045  9.006241  14.694741
r529  9.647571  0.075000  24  0.723568  231.541705  15.003781  2.815768  22.397021  9.013802
r421  9.642995  9.469034  24  91.309845  231.431878  12.354156  27.633499  4.936278  33.794866
r275  9.254980  7.790400  24  72.099998  222.119515  27.992437  22.764698  27.170069  13.546327
r133  9.203501  7.790399  24  71.698947  220.884026  15.322050  30.503170  8.651778  36.844455
r408  8.942413  7.790401  24  69.664984  214.617921  18.351097  20.050839  22.712434  27.857599
r801  8.916124  7.790400  24  69.460177  213.986988  31.793523  7.989699  22.911254  7.213447
r239  8.788920  7.790400  24  68.469204  210.934090  26.822129  44.574618  18.033407  44.633629
r257  8.721899  7.790402  24  67.947103  209.325578  31.180608  13.848126  23.445427  9.818425
r804  8.577009  7.790401  24  66.818339  205.848208  27.311236  8.760641  35.881807  8.428412
r134  8.558710  9.469030  24  81.042690  205.409051  20.540797  36.464571  12.071907  37.701271
r547  8.398948  7.790399  24  65.431157  201.574763  37.454138  11.987306  29.996329  15.850390
r55  8.245802  7.790400  24  64.238098  197.899252  44.551074  30.286815  36.367632  29.274624
r662  8.177450  7.790401  24  63.705612  196.258800  9.651220  41.354969  17.812184  41.873968
r600  8.040608  7.790399  24  62.639543  192.974593  43.818991  44.314369  35.778383  44.314369
r545  8.016902  9.469030  24  75.912286  192.405642  18.928684  13.321281  18.070846  21.292154
r309  7.958241  7.790401  24  61.997890  190.997788  37.001055  17.331743  30.408704  21.789828
r512  7.937019  7.790398  24  61.832540  190.488467  14.744747  1.501436  22.671860  1.897884
r1  7.897190  7.790399  24  61.522260  189.532569  18.630987  10.295129  18.981066  18.184557
r294  7.747298  7.790401  24  60.354555  185.935147  44.006927  15.371739  36.275258  14.879888
r526  7.653429  7.790400  24  59.623272  183.682302  21.109040  7.246649  13.547702  6.062951
r798  7.634443  7.790398  24  59.475356  183.226642  6.481152  1.493506  8.612289  8.824466
r3  7.587774  7.790401  24  59.111796  182.106566  37.694152  14.487287  30.211764  13.227058
r678  7.521892  7.790400  24  58.598548  180.525399  13.131449  33.016107  11.975205  40.448600
r254  7.442700  7.790400  24  57.981617  178.624810  17.498012  3.899636  11.893847  8.797301
r782  7.437804  7.790401  24  57.943475  178.507295  18.415554  7.018904  13.482802  1.452138
r238  7.321570  7.790401  24  57.037966  175.717677  23.675219  7.337207  16.371358  6.828290
r273  7.276818  7.790399  24  56.689314  174.643622  21.950486  21.767682  18.129165  15.574979
r258  7.191498  7.790401  24  56.024653  172.595946  22.872541  4.432165  26.595986  10.584693
r693  6.946919  40.165048  24  279.023338  166.726060  8.238166  36.163273  9.113726  29.271751
r0  6.867812  7.790400  24  53.503002  164.827482  11.131730  9.888030  15.059367  15.521900
r583  6.505233  7.790399  24  50.678356  156.125583  43.954798  27.059705  37.477186  26.460873
r4  6.503498  7.790401  24  50.664855  156.083954  27.089381  11.327476  33.472951  12.570666
r423  6.366878  7.790400  24  49.600521  152.805064  44.331789  38.413542  44.832521  32.066385
r255  6.112179  7.790400  24  47.616324  146.692301  21.018551  10.417936  15.308096  12.597257
r17  5.995100  7.790397  24  46.704215  143.882410  16.893655  23.151362  13.322471  27.966741
r786  5.849751  7.790400  24  45.571900  140.394017  34.361809  1.470646  28.513889  1.324316
r661  5.720380  7.790398  24  44.564036  137.289119  17.412563  44.520871  11.808073  43.375258
r116  5.720331  7.790400  24  44.563669  137.287948  13.425536  36.331308  8.633334  39.454926
r277  5.712011  7.790398  24  44.498842  137.088275  40.899491  15.142492  36.428828  11.587179
r22  5.689496  7.790398  24  44.323439  136.547903  37.716062  9.834774  39.665378  15.179914
r311  5.586104  7.790400  24  43.517988  134.066502  30.921152  22.727027  36.243111  21.029586
r39  5.532928  9.469030  24  52.391463  132.790277  44.157222  24.318214  38.727160  23.256269
r548  5.504755  7.790399  24  42.884235  132.114114  44.243840  10.262155  39.158776  12.370342
r663  5.346276  7.790400  24  41.649628  128.310628  44.680398  41.056920  44.680398  35.710643
r781  5.330368  40.165046  24  214.094474  127.928832  2.530529  4.835150  4.645568  9.727943
r20  5.234726  7.790400  24  40.780607  125.633418  35.913731  26.024971  33.437102  21.413176
r694  5.220770  7.790400  24  40.671882  125.298473  7.959409  31.326048  13.178615  31.198275
r800  5.214943  7.790401  24  40.626495  125.158626  14.879739  4.348536  19.371203  6.998514
r677  5.201840  7.790398  24  40.524406  124.844161  4.338890  34.146655  5.328936  39.253411
r132  5.029763  7.790400  24  39.183870  120.714321  7.136189  41.347434  5.426466  36.617174
r241  5.005031  7.790401  24  38.991200  120.120746  20.062200  4.115487  25.042431  4.613119
r510  4.843844  7.790400  24  37.735479  116.252252  20.139516  1.276633  16.073599  3.909339
r511  4.687097  7.790399  24  36.514354  112.490323  23.125628  1.700549  19.081103  4.069239
r581  4.538638  7.790400  24  35.357808  108.927322  38.791367  26.642570  34.253031  26.694877
r5  4.496483  7.790401  24  35.029402  107.915586  34.281187  8.620313  38.773315  8.818148
r546  4.440490  7.790402  24  34.593201  106.571753  31.409473  16.330345  26.999158  16.847135
r532  4.422742  9.469031  24  41.879079  106.145798  34.179305  11.473519  32.859800  7.252199
r117  4.219100  7.790402  24  32.868487  101.258404  11.354969  44.453757  14.825870  42.055079
r563  4.169366  7.790401  24  32.481034  100.064793  25.227651  23.790596  26.886142  19.965282
r599  3.988108  7.790400  24  31.068953  95.714583  35.905224  40.991014  37.430927  37.306285
r762  3.707433  3.652219  24  13.540358  88.978388  2.135400  16.856761  5.842833  16.856761
r259  3.645229  7.790401  24  28.397797  87.485504  26.240662  5.814034  29.638291  7.134570
r291  3.554170  9.469034  24  33.654559  85.300086  24.473241  20.644156  20.963209  21.202549
r290  3.524234  40.165045  24  141.551020  84.581618  3.371817  19.853892  5.570762  22.607956
r422  3.502190  7.790400  24  27.283459  84.052556  1.459883  37.155317  1.459883  33.653128
r2  3.478274  7.790400  24  27.097143  83.478568  27.216832  19.206965  23.817560  19.944081
r531  3.391232  7.790398  24  26.419045  81.389567  29.758320  8.324092  32.658879  10.081137
r785  3.326528  7.790399  24  25.914985  79.836682  28.960705  1.455688  25.634177  1.455688
r272  3.268901  40.165045  24  131.295556  78.453624  9.032520  22.046830  11.190981  19.591884
r242  2.952829  7.790400  24  23.003721  70.867902  33.632761  4.420503  30.680930  4.343718
r514  2.947241  7.790402  24  22.960191  70.733783  31.074061  4.479427  31.505719  1.563968
r274  2.931932  40.165046  24  117.761202  70.366380  25.954179  15.185767  23.033213  14.932414
r328  2.771192  7.790400  24  21.588691  66.508596  31.668061  1.422195  34.439253  1.422195
r734  2.740321  40.165044  24  110.065131  65.767715  3.897270  13.723015  3.897270  16.463337
r118  2.705915  7.790400  24  21.080158  64.941957  12.799976  39.057005  15.502783  39.186648
r288  2.694679  7.790399  24  20.992624  64.672291  9.935200  13.079998  12.074119  14.718997
r696  2.666912  7.790399  24  20.776312  64.005898  18.954489  27.170539  16.317403  27.568283
r562  2.660166  7.790398  24  20.723753  63.843990  13.016698  20.201548  15.319436  21.533421
r565  2.614142  9.469031  24  24.753396  62.739417  38.338916  20.720267  38.310747  18.106276
r56  2.526394  40.165047  24  101.472717  60.633445  42.011957  34.490902  39.851710  33.180941
r803  2.479620  7.790400  24  19.317229  59.510870  1.917317  10.019690  1.015794  7.709761
r21  2.457503  7.790398  24  19.144922  58.980061  35.707711  20.436850  35.279735  18.016901
r679  2.442059  7.790399  24  19.024616  58.609424  16.331848  35.562311  18.652058  36.324074
r37  2.200901  7.790398  24  17.145892  52.821613  30.548121  26.139499  31.660652  24.240489
r543  2.196574  7.790400  24  17.112191  52.717779  44.437653  12.807291  44.437653  10.610717
r391  2.183066  7.790399  24  17.006958  52.393594  26.728554  35.325683  24.546175  35.380474
r276  2.179238  7.790399  24  16.977133  52.301709  34.445833  17.171959  33.290762  15.324018
r407  1.915541  7.790400  24  14.922833  45.972988  23.517220  36.844714  21.619073  37.102276
r54  1.846813  9.469032  24  17.487536  44.323523  33.011047  26.862654  31.180864  27.109938
r598  1.788058  7.790401  24  13.929689  42.913395  33.196891  32.049697  31.474871  32.531152
r327  1.786082  7.790399  24  13.914293  42.865973  36.686542  32.191655  34.902348  32.273755
r310  1.736464  7.790401  24  13.527754  41.675145  37.050829  23.595723  35.358526  23.984848
r390  1.672125  7.790400  24  13.026519  40.130990  17.270742  38.086823  18.624967  39.067678
r293  1.669575  7.790400  24  13.006657  40.069798  32.820931  19.994832  32.367977  18.387874
r544  1.629378  7.790402  24  12.693513  39.105083  15.857918  20.062376  15.633222  18.448565
r308  1.565102  7.790398  24  12.192771  37.562460  21.924839  26.389458  22.034231  24.828183
r462  1.534845  6.045568  24  9.279011  36.836284  28.810294  13.851209  30.345139  13.851209
r374  1.528992  7.790398  24  11.911460  36.695817  25.970868  38.386759  24.452804  38.204278
r388  1.442221  40.165046  24  57.926874  34.613305  2.739467  42.154804  3.665407  43.260533
r38  1.433352  7.790400  24  11.166388  34.400456  38.537910  29.806744  39.724337  29.002449
r566  1.405866  7.790400  24  10.952255  33.740773  40.947658  12.786504  42.325064  13.067948
r86  1.342258  40.165041  24  53.911843  32.214189  33.924146  36.625377  32.585023  36.717064
r559  1.326009  3.652219  24  4.842876  31.824219  2.720030  13.474836  2.604169  14.795774
r36  1.308217  7.790400  24  10.191532  31.397203  25.014418  26.722250  24.972150  25.414716
r15  1.262400  7.261966  24  9.167505  30.297599  4.457411  16.921533  3.222698  17.184474
r102  1.217944  7.790400  24  9.488272  29.230658  28.902410  38.406825  27.684467  38.405431
r151  1.188715  7.790401  24  9.260566  28.529158  16.396140  33.148633  15.416879  33.822496
r799  1.138340  7.790402  24  8.868128  27.320165  16.143265  9.968999  15.030621  9.728500
r582  1.106334  7.790401  24  8.618782  26.552004  41.413909  27.220358  40.734015  26.347594
r768  1.067499  6.045566  24  6.453637  25.619980  26.617449  1.707531  25.578209  1.463534
r513  1.053211  7.790399  24  8.204937  25.277071  28.727395  4.674527  27.694997  4.466183
r680  1.044963  7.790399  24  8.140682  25.079122  27.980828  26.835252  28.091866  25.796205
r35  0.912677  7.790400  24  7.110119  21.904250  19.436259  23.691731  19.378053  24.602550
r16  0.909821  40.165041  24  36.542982  21.835695  10.480666  4.076134  9.606855  3.822701
r557  0.899297  3.652219  24  3.284430  21.583136  3.178186  2.434555  2.593458  1.751306
r136  0.865400  40.165040  24  34.758843  20.769610  27.775562  30.873818  26.939540  30.650243
r389  0.833063  7.790399  24  6.489896  19.993520  14.355191  44.160633  14.773412  44.881109
r691  0.830672  40.165044  24  33.363995  19.936139  21.070717  31.915581  20.256641  32.080798
r474  0.793239  3.652220  24  2.897084  19.037739  10.167071  19.026479  10.763090  19.549919
r350  0.780392  3.652219  24  2.850163  18.729412  17.428287  32.027036  16.650382  32.089287
r178  0.762173  3.652219  24  2.783622  18.292144  38.594180  22.320028  39.232884  22.735918
r161  0.760824  3.652219  24  2.778697  18.259781  38.775493  24.083786  39.195663  24.718066
r292  0.759676  7.790399  24  5.918179  18.232222  29.865925  19.564636  29.693405  18.824809
r617  0.745231  6.045566  24  4.505344  17.885547  37.295916  37.506497  37.124557  38.231759
r164  0.729357  0.027265  24  0.019886  17.504579  19.557809  32.278589  19.557809  31.549232
r219  0.700368  0.027265  24  0.019096  16.808835  9.219286  15.671120  9.892115  15.476655
r539  0.699610  7.261966  24  5.080546  16.790647  12.349236  1.566574  11.869141  1.057689
r767  0.698326  0.045567  24  0.031821  16.759819  20.968573  3.899652  20.968573  3.201326
r246  0.693426  3.652218  24  2.532542  16.642215  31.391801  3.254314  32.084115  3.215076
r96  0.685936  3.652219  24  2.505188  16.462460  11.963306  36.193912  12.607933  36.428355
r558  0.681609  3.652218  24  2.489385  16.358621  2.796149  11.606166  2.149522  11.821723
r658  0.680977  3.652219  24  2.487076  16.343440  11.373739  40.019103  11.316592  40.697678
r85  0.679552  6.045568  24  4.108275  16.309239  19.950632  40.447491  19.293205  40.619478
r87  0.665702  6.045568  24  4.024546  15.976846  27.083099  35.202784  27.748597  35.186311
r222  0.645800  6.045567  24  3.904226  15.499196  17.781499  7.429758  17.140962  7.512034
r739  0.633050  3.652220  24  2.312039  15.193205  38.406366  17.928058  38.313942  18.554325
r702  0.630333  6.045567  24  3.810721  15.127994  41.805904  19.964107  41.259917  19.649118
r673  0.620775  3.652218  24  2.267205  14.898594  22.666327  39.703535  22.739691  40.319959
r270  0.609874  3.652219  24  2.227394  14.636981  4.974242  12.457755  4.370124  12.541350
r158  0.606265  6.045567  24  3.665215  14.550358  44.307531  22.881562  44.861108  23.128767
r108  0.605353  3.652220  24  2.210881  14.528462  41.968856  36.629983  42.517426  36.374008
r723  0.605308  3.652219  24  2.210716  14.527380  34.320786  22.870448  34.912468  22.998158
r168  0.601051  3.652219  24  2.195168  14.425213  13.144757  25.816279  12.844768  26.337114
r643  0.591546  0.045567  24  0.026955  14.197106  10.164438  43.527986  9.912089  42.992965
r326  0.587413  7.790399  24  4.576182  14.097915  32.965608  29.738314  32.444260  30.008961
r18  0.581794  9.469035  24  5.509032  13.963066  1.760949  24.752592  1.344308  24.346518
r647  0.566849  6.045567  24  3.426925  13.604383  26.847468  40.618356  26.847468  41.185205
r451  0.559373  3.652220  24  2.042952  13.424942  35.046612  24.537802  35.046612  25.097175
r710  0.557257  0.027265  24  0.015194  13.374162  6.315000  28.711176  6.484842  29.241920
r611  0.549720  6.045566  24  3.323369  13.193284  12.496734  34.251663  11.950847  34.316471
r701  0.544388  6.045568  24  3.291137  13.065322  38.534630  19.991074  38.534630  19.446685
r165  0.544281  3.652218  24  1.987834  13.062754  8.464234  32.272632  8.575385  31.739821
r609  0.543168  6.045565  24  3.283759  13.036038  2.119960  33.779572  1.591481  33.905035
r95  0.542229  3.652218  24  1.980339  13.013502  18.618899  35.838229  19.128015  35.651645
r719  0.538062  6.045567  24  3.252890  12.913489  44.344828  15.268510  44.882098  15.239343
r471  0.535669  3.652218  24  1.956378  12.856045  3.113559  20.285709  2.820305  19.837443
r362  0.535532  6.045566  24  3.237592  12.852759  38.509040  40.326210  38.530790  40.861300
r105  0.532966  6.045566  24  3.222083  12.791193  32.822621  44.387952  32.522520  44.828397
r579  0.525400  6.045568  24  3.176341  12.609599  18.763181  25.842445  18.241298  25.903136
r338  0.525160  6.045569  24  3.174888  12.603828  7.311234  31.830922  7.820014  31.700788
r285  0.517748  3.652219  24  1.890928  12.425944  1.083863  3.747473  0.868016  3.276863
r340  0.516500  6.045569  24  3.122537  12.396002  17.107820  39.239286  16.930595  39.724429
r124  0.504489  6.045566  24  3.049922  12.107738  44.258208  31.617449  44.761756  31.586655
r81  0.501145  6.045566  24  3.029706  12.027482  4.820679  35.086930  4.347295  34.922449
r401  0.499580  3.652217  24  1.824575  11.989920  23.207803  37.783104  23.176392  38.281696
r59  0.494095  3.652219  24  1.804544  11.858284  28.051483  27.106752  28.051483  27.600847
r637  0.492090  3.652218  24  1.797222  11.810169  31.195150  40.612545  30.724170  40.755130
r321  0.491024  6.045566  24  2.968517  11.784572  6.484838  22.338801  6.484838  21.847777
r721  0.490318  3.652220  24  1.790749  11.767633  44.106315  18.781627  44.292686  19.235144
r577  0.486869  6.045567  24  2.943400  11.684860  6.702909  18.790287  6.702909  19.277156
r92  0.483504  3.652218  24  1.765862  11.604092  35.231506  37.184208  35.696339  37.317273
r454  0.474632  3.652218  24  1.733461  11.391180  4.741208  28.619349  4.741208  28.144716
r50  0.471519  6.045569  24  2.850599  11.316451  9.613937  26.243840  9.613937  26.715358
r477  0.466070  6.045565  24  2.817659  11.185692  20.267783  7.404242  19.820429  7.534994
r592  0.462170  6.045566  24  2.794078  11.092077  3.772543  26.187061  3.892038  26.633516
r104  0.457595  6.045565  24  2.766422  10.982284  29.581604  37.134349  30.014982  37.281239
r651  0.450418  8.045568  24  3.623869  10.810034  43.656075  40.021113  44.106493  40.021113
r227  0.449999  8.045567  24  3.620495  10.799970  43.173959  2.304571  43.235565  1.858809
r84  0.446255  6.045567  24  2.697862  10.710111  14.773897  39.322957  14.327643  39.322957
r89  0.443492  0.045567  24  0.020209  10.643808  35.802379  37.912286  35.360404  37.875635
r315  0.443254  3.652219  24  1.618862  10.638107  22.356707  22.474891  22.002047  22.740768
r125  0.441692  3.652220  24  1.613155  10.600602  43.175688  32.294626  43.510318  32.006331
r653  0.441599  3.652219  24  1.612815  10.598371  37.661441  41.218800  37.227430  41.137291
r167  0.435632  3.652218  24  1.591023  10.455164  10.095301  27.941261  10.339203  28.302214
r589  0.435018  3.652219  24  1.588780  10.440426  10.986631  25.755972  10.655524  26.038121
r656  0.433802  3.652219  24  1.584338  10.411237  18.883256  39.594863  18.690611  39.983542
r13  0.431459  3.652220  24  1.575782  10.355011  3.071818  4.388082  3.083290  3.956776
r631  0.430755  6.045569  24  2.604158  10.338116  24.803510  35.255976  25.213615  35.387748
r469  0.427352  3.652219  24  1.560784  10.256451  25.348400  19.843520  25.348400  19.416168
r199  0.423497  3.652220  24  1.546706  10.163938  5.333356  23.306701  4.942535  23.469823
r763  0.423496  8.045568  24  3.407263  10.163895  7.170096  13.778511  6.747095  13.798974
r211  0.423223  3.652218  24  1.545702  10.157348  40.489263  8.655765  40.886828  8.510646
r34  0.420826  6.045568  24  2.544134  10.099834  15.476434  25.732224  15.606394  26.132481
r749  0.420366  6.045569  24  2.541351  10.088782  18.906601  9.986726  18.486235  9.986726
r629  0.420068  6.045568  24  2.539551  10.081639  22.202294  40.840574  21.782225  40.840574
r523  0.418651  3.652220  24  1.529004  10.047615  13.614843  9.223652  13.614843  8.805001
r636  0.416559  3.652219  24  1.521363  9.997406  35.152559  40.798626  35.152559  41.215185
r439  0.416430  3.652219  24  1.520892  9.994310  8.198525  27.195531  8.431217  27.540883
r605  0.414444  3.652219  24  1.513642  9.946666  17.196115  26.519218  17.050490  26.131200
r385  0.414209  3.652218  24  1.512783  9.941026  13.198837  40.062371  13.198837  40.476581
r743  0.413438  3.652219  24  1.509967  9.922519  3.306500  22.169649  2.948253  21.963274
r406  0.412730  40.165045  24  16.577299  9.905508  22.168987  42.944946  22.510532  42.713229
r334  0.410080  3.652218  24  1.497701  9.841913  10.456385  30.222894  10.558490  30.620059
r410  0.405494  6.045566  24  2.451441  9.731855  31.255651  25.112130  31.255651  24.706636
r386  0.405222  3.652219  24  1.479959  9.725327  8.992524  40.848329  8.992524  41.253551
r375  0.404664  6.045567  24  2.446421  9.711926  24.537817  40.349798  24.344075  40.705068
r11  0.402735  3.652219  24  1.470875  9.665632  15.011135  1.134829  14.645609  0.965757
r126  0.400860  3.652219  24  1.464027  9.620633  40.976735  33.111988  41.014818  32.712941
r419  0.400530  0.027265  24  0.010920  9.612723  19.049298  34.023038  19.238006  33.669748
r574  0.398327  3.652220  24  1.454778  9.559848  1.256665  9.694972  0.858338  9.694972
r668  0.397779  6.045565  24  2.404796  9.546684  44.218265  34.460548  44.616043  34.460548
r447  0.397327  6.045565  24  2.402066  9.535847  41.911077  14.454490  42.295121  14.556366
r652  0.395233  3.652218  24  1.443479  9.485603  42.584981  39.776773  42.901218  40.013846
r650  0.392734  6.045566  24  2.374302  9.425627  40.204427  42.932695  40.227260  43.324765
r122  0.392102  6.045566  24  2.370477  9.410441  33.938637  26.097100  33.583361  25.931201
r483  0.392073  3.652219  24  1.431937  9.409757  40.966035  10.844031  40.580411  10.914851
r8  0.390350  3.652219  24  1.425645  9.368408  27.714545  10.512315  27.353132  10.659807
r432  0.388726  3.652219  24  1.419712  9.329417  41.639898  25.645173  41.296269  25.826907
r64  0.387714  6.045567  24  2.343953  9.305142  3.673967  29.286733  3.879751  28.958137
r521  0.387547  3.652218  24  1.415406  9.301126  19.033399  3.881295  19.133716  3.506957
r190  0.385091  6.045567  24  2.328094  9.242188  28.156177  11.730968  28.085833  12.109580
r220  0.384082  6.045568  24  2.321993  9.217966  10.341200  11.563754  10.089275  11.853673
r556  0.384070  7.261964  24  2.789105  9.217687  5.083655  1.927324  4.822739  1.645486
r162  0.381334  3.652220  24  1.392715  9.152013  34.657079  27.394021  34.970351  27.176590
r692  0.380455  3.652219  24  1.389504  9.130912  6.772380  34.331504  6.410086  34.215362
r14  0.379093  3.652219  24  1.384531  9.098237  3.175482  9.942602  2.796389  9.942602
r787  0.377281  6.045568  24  2.280878  9.054746  35.044011  1.413016  35.044011  1.035734
r283  0.377175  3.652219  24  1.377525  9.052195  15.314687  3.124663  14.993796  2.926448
r770  0.376704  6.045565  24  2.277391  9.040906  40.197504  1.376021  40.543161  1.226263
r341  0.376367  6.045566  24  2.275352  9.032809  19.402175  35.250648  19.734869  35.074675
r302  0.375622  3.652218  24  1.371852  9.014922  0.992399  5.851884  0.867490  5.497640
r248  0.375214  7.261966  24  2.724789  9.005127  23.432374  1.818864  23.636956  1.504331
r793  0.372131  3.652218  24  1.359104  8.931150  18.888298  5.624113  18.587864  5.404520
r368  0.366815  3.652218  24  1.339687  8.803554  12.184388  38.073382  12.136529  38.437062
r366  0.362671  3.652218  24  1.324552  8.704097  23.973938  35.675345  23.638873  35.814132
r775  0.360120  0.027265  24  0.009819  8.642870  22.007004  13.168075  22.190472  12.858195
r300  0.358104  3.652218  24  1.307874  8.594497  12.019199  5.153934  11.667782  5.085050
r176  0.357295  3.652219  24  1.304920  8.575083  44.333268  16.683788  44.505414  16.996878
r395  0.356432  6.045566  24  2.154831  8.554357  38.958791  29.878115  39.315222  29.878115
r486  0.354605  3.652220  24  1.295095  8.510515  25.140817  16.859133  25.368450  17.131029
r189  0.353324  6.045569  24  2.136045  8.479777  25.725974  13.898797  25.845749  14.231200
r625  0.352108  0.045567  24  0.016044  8.450593  5.062491  36.769588  4.710383  36.769588
r811  0.346475  3.652219  24  1.265403  8.315401  11.593657  3.345679  11.853825  3.116861
r417  0.345475  3.652220  24  1.261750  8.291397  30.516585  32.736543  30.471184  32.394065
r179  0.345008  3.652220  24  1.260044  8.280185  36.771332  23.059171  37.116056  23.045186
r480  0.343733  6.045567  24  2.078063  8.249602  31.409787  11.441882  31.072444  11.375913
r771  0.342379  6.045567  24  2.069878  8.217105  43.537342  5.051538  43.767098  4.797696
r674  0.342101  3.652220  24  1.249429  8.210429  16.505391  40.323967  16.843277  40.377505
r268  0.341547  3.652219  24  1.247403  8.197122  7.339406  5.231114  7.420132  4.899244
r666  0.340739  6.045568  24  2.059962  8.177740  34.045156  29.107748  34.045156  28.767009
r507  0.340634  3.652219  24  1.244070  8.175214  10.722381  13.101273  10.398743  13.207527
r686  0.340453  3.652220  24  1.243410  8.170875  44.595007  29.100294  44.935460  29.100294
r698  0.338761  6.045566  24  2.048001  8.130259  21.312945  23.345329  21.109901  23.616496
r555  0.337064  3.652218  24  1.231030  8.089527  15.757074  4.833203  16.094138  4.833203
r99  0.336236  6.045568  24  2.032738  8.069666  44.699917  42.245905  44.699917  42.582141
r697  0.335322  6.045568  24  2.027213  8.047734  18.851381  23.215648  18.524019  23.143021
r73  0.334965  6.045566  24  2.025054  8.039165  37.685320  34.708570  37.662655  35.042768
r519  0.329227  3.652220  24  1.202409  7.901446  28.066276  4.619635  27.766946  4.482551
r738  0.324156  3.652218  24  1.183887  7.779735  43.079089  14.715071  43.079089  15.039227
r633  0.323585  6.045567  24  1.956254  7.766039  44.699844  37.796386  44.699844  37.472801
r318  0.320278  3.652218  24  1.169726  7.686676  1.295628  23.111968  0.975350  23.111968
r221  0.319439  6.045566  24  1.931191  7.666543  13.096801  6.283955  13.255230  6.561339
r765  0.318611  6.045567  24  1.926184  7.646662  13.210860  4.129371  12.892249  4.129371
r269  0.317001  3.652219  24  1.157758  7.608027  5.052044  10.346326  4.751053  10.445794
r659  0.316300  6.045568  24  1.912214  7.591203  4.149976  40.783730  3.846715  40.873611
r524  0.316171  3.652220  24  1.154724  7.588094  9.202479  8.846575  9.095235  8.549148
r635  0.315356  3.652219  24  1.151749  7.568546  40.647072  40.058472  40.806509  40.330555
r644  0.315227  6.045567  24  1.905728  7.565457  12.169225  42.772989  12.027697  42.491319
r233  0.314047  3.652219  24  1.146970  7.537139  16.623351  15.257965  16.842250  15.483151
r141  0.313980  6.045568  24  1.898190  7.535529  44.247031  27.991121  44.524941  27.845005
r387  0.312840  8.045568  24  2.516979  7.508171  1.635606  39.373837  1.322766  39.373837
r376  0.311500  6.045567  24  1.883195  7.476003  29.528042  42.632308  29.816025  42.751044
r163  0.311343  3.652220  24  1.137094  7.472237  21.972194  29.366906  21.713773  29.193258
r396  0.308788  6.045565  24  1.866799  7.410918  42.150080  32.346890  42.450507  32.418260
r306  0.307035  6.045566  24  1.856200  7.368838  10.983761  24.151295  10.756061  24.357264
r106  0.305216  6.045567  24  1.845205  7.325190  35.648061  44.579220  35.342845  44.579220
r217  0.304087  3.652219  24  1.110594  7.298098  13.018140  20.703198  13.316173  20.642821
r296  0.303977  3.652220  24  1.110192  7.295455  29.961993  16.244038  29.693357  16.386294
r682  0.299509  6.045569  24  1.810703  7.188221  29.355582  24.371506  29.056541  24.354774
r344  0.298825  6.045565  24  1.806567  7.171803  35.110768  34.204492  35.110768  33.905667
r594  0.296810  6.045568  24  1.794383  7.123431  7.958570  24.361176  7.706049  24.205197
r382  0.295371  3.652219  24  1.078758  7.088894  32.903934  39.074023  32.608563  39.074023
r549  0.293826  7.790399  24  2.289026  7.051836  41.205027  9.843908  41.487363  9.925276
r727  0.293709  3.652221  24  1.072691  7.049024  2.878138  27.113853  2.644643  26.935680
r466  0.293009  3.652219  24  1.070134  7.032224  41.350746  13.501700  41.245090  13.228403
r495  0.291728  6.045567  24  1.763664  7.001483  21.424699  2.652834  21.619456  2.435635
r355  0.289812  6.045567  24  1.752079  6.955493  9.461872  42.244688  9.172101  42.239819
r75  0.289593  3.652219  24  1.057658  6.950241  32.329205  30.456883  32.127820  30.248776
r225  0.289056  6.045569  24  1.747505  6.937332  30.535646  5.939308  30.330996  6.143444
r12  0.288326  3.652218  24  1.053030  6.919825  7.128081  2.616014  7.100595  2.329001
r172  0.288058  6.045569  24  1.741471  6.913380  25.752584  18.523494  25.752584  18.811552
r123  0.287780  6.045566  24  1.739796  6.906730  37.915254  32.152251  37.643259  32.246251
r352  0.286644  3.652220  24  1.046886  6.879453  6.167115  36.337545  5.880709  36.325861
r707  0.284863  3.652218  24  1.040383  6.836721  21.762696  31.370114  21.558523  31.171466
r264  0.283223  3.652219  24  1.034393  6.797355  25.908603  2.465708  26.091309  2.249297
r468  0.282581  3.652218  24  1.032047  6.781943  36.142716  20.475756  36.357115  20.659835
r331  0.281701  3.652220  24  1.028834  6.760824  28.351415  25.507311  28.418058  25.781016
r430  0.280311  6.045567  24  1.694640  6.727468  41.720674  22.116998  41.999386  22.087097
r218  0.279616  3.652219  24  1.021220  6.710795  9.715164  17.147761  9.965051  17.273227
r101  0.279009  6.045565  24  1.686767  6.696217  20.398719  43.451583  20.632779  43.603444
r607  0.278574  3.652219  24  1.017412  6.685765  0.824384  29.675395  0.824384  29.953968
r814  0.278348  3.652220  24  1.016586  6.680340  6.792169  12.007160  6.513821  12.007160
r267  0.278061  3.652220  24  1.015541  6.673470  9.198602  3.289467  9.360362  3.063300
r746  0.277502  3.652218  24  1.013498  6.660052  8.543433  19.341077  8.818114  19.301604
r411  0.277311  6.045568  24  1.676500  6.655456  36.277514  26.114290  36.263558  26.391250
r481  0.276177  6.045566  24  1.669646  6.628246  36.780777  11.247574  36.540019  11.382885
r689  0.276122  3.652219  24  1.008457  6.626922  28.123998  33.400769  28.227143  33.656902
r330  0.274971  3.652219  24  1.004253  6.599297  30.975955  24.636946  30.913163  24.369240
r642  0.274611  8.045566  24  2.209402  6.590667  3.838930  43.699849  3.903413  43.966782
r358  0.274517  6.045567  24  1.659612  6.588413  22.162225  37.843094  21.970522  38.039588
r488  0.273022  3.652219  24  0.997138  6.552539  15.193401  18.939849  15.034079  18.718133
r245  0.272877  3.652220  24  0.996608  6.549059  36.308170  4.096866  36.445129  3.860849
r634  0.272523  6.045567  24  1.647554  6.540544  40.750958  40.279880  41.023481  40.279880
r53  0.272212  6.045566  24  1.645674  6.533080  21.129640  26.280535  20.857429  26.280535
r62  0.270404  3.652221  24  0.987577  6.489708  12.156518  28.348023  12.359411  28.169270
r45  0.269535  3.652220  24  0.984399  6.468829  12.265034  24.164340  12.109358  24.384371
r435  0.269084  3.652221  24  0.982753  6.458006  23.907039  29.473666  23.669712  29.346853
r460  0.267862  6.045565  24  1.619380  6.428700  20.509092  12.162120  20.241229  12.162120
r655  0.266913  3.652217  24  0.974823  6.405904  27.516877  39.753411  27.516877  40.020324
r540  0.266593  3.652219  24  0.973656  6.398230  9.179007  4.920608  9.445600  4.920608
r278  0.266023  3.652219  24  0.971576  6.384564  33.639405  8.459288  33.373521  8.450690
r138  0.264821  6.045568  24  1.600993  6.355702  30.996608  21.521585  30.975990  21.785602
r381  0.264766  3.652217  24  0.966982  6.354380  37.649557  38.729805  37.385858  38.706064
r110  0.264083  3.652218  24  0.964489  6.337991  33.491331  37.119801  33.754790  37.101661
r157  0.264053  6.045569  24  1.596349  6.337265  38.809193  22.116812  38.879072  21.862173
r155  0.263762  6.045565  24  1.594593  6.330298  25.653193  21.012911  25.653193  21.276674
r191  0.263735  6.045568  24  1.594426  6.329633  34.304961  11.698498  34.041227  11.698498
r805  0.263552  6.045568  24  1.593320  6.325241  35.911453  8.372231  36.044373  8.599809
r425  0.262540  6.045565  24  1.587203  6.300963  17.613755  20.825054  17.613755  20.562514
r722  0.261920  3.652219  24  0.956589  6.286079  38.389676  20.597249  38.445929  20.853057
r170  0.261758  0.045567  24  0.011927  6.282182  17.363831  18.077943  17.402524  18.336825
r349  0.261351  3.652219  24  0.954512  6.272431  25.537352  29.416801  25.537352  29.155450
r26  0.260754  3.652218  24  0.952330  6.258093  25.236609  14.635162  25.249660  14.895589
r499  0.260473  6.045567  24  1.574708  6.251356  40.981799  6.413004  41.227172  6.500402
r120  0.260188  6.045568  24  1.572986  6.244518  27.158525  29.576010  26.898336  29.576010
r433  0.260153  3.652218  24  0.950135  6.243668  38.875333  26.400306  38.809214  26.651917
r215  0.259906  3.652218  24  0.949234  6.237745  19.255679  18.006736  19.429946  18.199562
r216  0.259096  3.652219  24  0.946276  6.218308  15.397305  20.717433  15.652610  20.761594
r681  0.258778  6.045566  24  1.564461  6.210677  26.576997  26.513380  26.382719  26.684326
r764  0.258037  6.045565  24  1.559982  6.192897  7.668744  10.631033  7.414199  10.588722
r414  0.256451  3.652219  24  0.936615  6.154824  42.747870  29.865934  43.004321  29.865934
r237  0.254951  8.045568  24  2.051224  6.118818  10.205575  6.503286  10.266960  6.255836
r732  0.254728  6.045568  24  1.539976  6.113475  20.451447  14.459897  20.407836  14.710864
r776  0.254353  3.652219  24  0.928953  6.104475  20.721694  14.173217  20.937689  14.307537
r153  0.253706  6.045568  24  1.533799  6.088951  19.828416  20.506674  20.081962  20.497643
r626  0.252927  6.045568  24  1.529085  6.070237  8.475369  36.994684  8.486875  36.742019
r588  0.252562  3.652219  24  0.922411  6.061481  19.643056  23.933453  19.584639  24.179166
r703  0.252098  3.652220  24  0.920716  6.050344  44.129503  21.579405  44.129503  21.327307
r550  0.251349  3.652218  24  0.917983  6.032386  35.337409  8.444652  35.131332  8.300746
r591  0.250832  6.045566  24  1.516422  6.019969  1.052401  26.430769  1.052401  26.179937
r630  0.250777  6.045567  24  1.516090  6.018651  24.561843  37.710806  24.421579  37.918689
r717  0.250502  6.045567  24  1.514427  6.012050  33.280296  16.811860  33.501214  16.929956
r183  0.250046  3.652218  24  0.913224  6.001113  6.247570  27.344014  6.493931  27.386786
r690  0.247754  3.652218  24  0.904851  5.946095  22.013500  33.323558  21.873883  33.118891
r472  0.247318  0.027265  24  0.006743  5.935627  4.937501  20.386865  4.749357  20.226341
r297  0.247268  3.652220  24  0.903079  5.934442  27.612732  16.182781  27.431522  16.351021
r675  0.247014  3.652220  24  0.902150  5.928340  8.069919  36.543794  7.936521  36.751691
r329  0.246994  3.652218  24  0.902078  5.927868  32.122213  22.053370  32.262951  22.256345
r720  0.246714  3.652220  24  0.901054  5.921135  44.794001  14.893553  45.040715  14.893553
r610  0.246694  6.045566  24  1.491402  5.920644  7.045750  34.361634  6.799057  34.361634
r214  0.244587  3.652219  24  0.893287  5.870096  21.607725  16.987504  21.675944  16.752623
r518  0.244305  3.652217  24  0.892254  5.863310  31.785365  5.771065  31.785365  5.526760
r587  0.244121  3.652219  24  0.891584  5.858908  24.217979  22.703021  24.016608  22.841024
r205  0.242476  6.045565  24  1.465902  5.819414  44.498235  12.244259  44.498235  12.486734
r383  0.242328  3.652218  24  0.885036  5.815879  25.430322  39.483989  25.318164  39.698799
r354  0.242159  6.045566  24  1.463990  5.811822  6.996114  44.618047  6.753955  44.618047
r551  0.241317  3.652218  24  0.881341  5.791599  31.495222  8.084092  31.495222  7.842775
r263  0.241061  3.652220  24  0.880407  5.785460  29.811002  3.092376  30.033252  2.999021
r394  0.240385  6.045567  24  1.453264  5.769243  36.219907  29.132954  36.460292  29.132954
r757  0.240016  3.652220  24  0.876590  5.760376  34.227092  16.862501  34.227092  17.102516
r265  0.238861  3.652220  24  0.872373  5.732665  21.090475  1.689681  21.090475  1.450820
r789  0.238082  3.652220  24  0.869527  5.713963  37.615677  6.337747  37.615677  6.099665
r206  0.238009  6.045565  24  1.438897  5.712210  25.188544  9.438697  25.012108  9.598441
r392  0.237678  6.045567  24  1.436901  5.704282  27.050228  32.234152  26.823077  32.304105
r742  0.237205  3.652219  24  0.866324  5.692915  19.502392  22.392529  19.739597  22.392529
r77  0.236116  3.652219  24  0.862348  5.666786  27.391980  29.870597  27.327839  29.643360
r709  0.234397  3.652219  24  0.856071  5.625538  4.657113  33.002663  4.453491  32.886557
r175  0.231870  6.045566  24  1.401788  5.564891  40.850207  16.975225  40.658262  16.845145
r74  0.231776  3.652219  24  0.846496  5.562621  34.941971  31.497917  34.890172  31.272003
r667  0.231694  6.045567  24  1.400722  5.560657  40.104538  32.215870  40.104538  32.447564
r590  0.231522  3.652218  24  0.845568  5.556520  1.223595  25.353437  1.014309  25.452441
r812  0.231459  3.652218  24  0.845341  5.555028  9.479019  6.533963  9.479019  6.765422
r654  0.230678  3.652219  24  0.842486  5.536271  33.327590  41.204512  33.101385  41.249717
r569  0.229372  3.652220  24  0.837717  5.504929  27.612522  12.739100  27.700041  12.527081
r699  0.229191  6.045565  24  1.385587  5.500576  26.701917  24.015439  26.473871  23.992563
r140  0.228980  6.045565  24  1.384315  5.495525  38.882347  24.776111  38.713454  24.621491
r464  0.228512  6.045567  24  1.381482  5.484280  39.241952  14.125229  39.137217  14.328325
r595  0.227200  6.045566  24  1.373552  5.452796  14.559489  34.219387  14.332300  34.217134
r207  0.226873  6.045567  24  1.371578  5.444959  27.453129  6.537903  27.680002  6.537903
r33  0.226120  6.045567  24  1.367024  5.426883  9.055542  19.106082  9.281662  19.106082
r203  0.225573  6.045567  24  1.363718  5.413759  11.042794  16.495999  11.259902  16.557217
r712  0.225032  3.652219  24  0.821867  5.400776  14.873410  24.265291  14.820719  24.484068
r440  0.224157  3.652219  24  0.818670  5.379765  15.140668  26.410178  14.916512  26.410178
r478  0.223910  6.045566  24  1.353663  5.373842  22.750571  7.307745  22.527689  7.286319
r613  0.223225  6.045566  24  1.349524  5.357410  22.088418  35.302835  22.311644  35.302835
r247  0.222919  3.652219  24  0.814148  5.350052  28.208136  2.547004  28.208136  2.324085
r515  0.222578  6.045568  24  1.345608  5.341861  32.291031  1.354539  32.169237  1.168241
r370  0.221869  6.045566  24  1.341324  5.324856  1.238712  42.114564  1.238712  42.336433
r491  0.220416  3.652221  24  0.805007  5.289976  10.358995  15.012152  10.314950  15.228122
r31  0.220383  6.045568  24  1.332342  5.289198  3.829375  13.737792  4.022957  13.843123
r479  0.219525  6.045567  24  1.327151  5.268593  27.767993  8.953231  27.767993  9.172756
r517  0.219202  3.652218  24  0.800572  5.260838  35.886349  5.995277  35.667147  5.995277
r745  0.219122  3.652219  24  0.800281  5.258923  5.046221  19.386306  4.837640  19.319163
r313  0.217701  3.652220  24  0.795090  5.224814  30.073565  20.157394  29.922975  20.314607
r10  0.216619  3.652219  24  0.791140  5.198854  19.581753  7.532884  19.794411  7.491651
r181  0.216090  3.652220  24  0.789207  5.186154  19.417291  29.022367  19.633381  29.022367
r584  0.215767  3.652219  24  0.788030  5.178417  31.885961  18.281059  31.957903  18.077638
r534  0.215741  3.652220  24  0.787933  5.177781  33.607168  5.769319  33.636758  5.983021
r49  0.214348  6.045566  24  1.295853  5.144344  6.709635  29.187535  6.870645  29.329030
r571  0.213419  3.652218  24  0.779454  5.122064  20.920799  9.986040  21.134219  9.986040
r40  0.213053  3.652219  24  0.778115  5.113264  34.143111  21.131227  34.290863  21.284722
r737  0.212738  3.652220  24  0.776967  5.105717  45.016657  12.440843  45.178150  12.579326
r463  0.212303  6.045567  24  1.283491  5.095266  33.333361  13.978848  33.183580  14.129307
r429  0.211211  6.045568  24  1.276893  5.069075  35.837664  20.837330  35.901146  20.635885
r229  0.210262  3.652218  24  0.767923  5.046291  38.731840  9.238459  38.856462  9.069108
r29  0.209931  3.652218  24  0.766715  5.038355  5.526716  4.518669  5.526716  4.308738
r809  0.209136  3.652218  24  0.763810  5.019262  21.076824  5.249986  21.076824  5.459122
r154  0.206816  6.045566  24  1.250317  4.963573  22.775334  20.896056  22.725447  21.096765
r657  0.206388  3.652220  24  0.753776  4.953323  14.782524  39.843087  14.988913  39.843087
r416  0.206278  3.652219  24  0.753372  4.950666  37.323516  31.321412  37.117239  31.321412
r780  0.206173  3.652219  24  0.752988  4.948147  6.609923  14.355855  6.404535  14.337885
r567  0.204691  3.652219  24  0.747578  4.912596  33.965195  13.481506  34.024993  13.285744
r200  0.203812  3.652220  24  0.744366  4.891484  5.266191  21.401530  5.062380  21.401530
r332  0.203750  3.652219  24  0.744141  4.890008  22.196699  25.082607  22.022113  24.977564
r470  0.203633  3.652220  24  0.743712  4.887186  19.376079  20.573567  19.376079  20.369934
r706  0.202915  3.652220  24  0.741089  4.869950  32.613006  26.538708  32.815920  26.538708
r434  0.202355  3.652218  24  0.739044  4.856516  32.330054  28.135712  32.348181  28.337253
r604  0.202061  3.652220  24  0.737971  4.849465  24.005126  25.189449  24.005126  24.987388
r301  0.201840  3.652219  24  0.737165  4.844166  3.027701  5.985205  3.027701  5.783365
r373  0.201827  40.165044  24  8.106379  4.843841  39.983160  42.253846  39.781333  42.253846
r224  0.201282  6.045568  24  1.216865  4.830773  24.563334  4.023424  24.376611  3.948264
r51  0.200988  6.045567  24  1.215085  4.823708  16.601049  28.694499  16.521541  28.509906
r461  0.200477  6.045565  24  1.211997  4.811449  25.210010  11.977512  25.410487  11.977512
r128  0.199156  3.652218  24  0.727361  4.779744  30.175726  35.004443  30.175726  34.805287
r619  0.198737  3.652219  24  0.725830  4.769682  32.360911  32.080567  32.559648  32.080567
r535  0.197831  3.652219  24  0.722520  4.747933  29.991077  5.220758  29.793247  5.220758
r347  0.196954  3.652219  24  0.719318  4.726889  34.494363  29.521602  34.391772  29.353477
r372  0.196839  6.045568  24  1.190003  4.724133  12.462377  44.911107  12.265538  44.911107
r747  0.196567  6.045567  24  1.188356  4.717598  9.610111  14.323899  9.413544  14.323899
r6  0.195846  3.652219  24  0.715274  4.700315  37.006737  8.542696  37.006737  8.346849
r409  0.195724  6.045567  24  1.183264  4.697382  23.870307  26.720419  23.686992  26.789002
r485  0.194953  3.652219  24  0.712012  4.678875  36.497109  16.478780  36.548670  16.666791
r420  0.194819  3.652219  24  0.711521  4.675653  8.481871  34.345453  8.287052  34.345453
r453  0.193378  7.261967  24  1.404305  4.641073  19.662574  26.716712  19.639616  26.524701
r748  0.193184  6.045569  24  1.167907  4.636416  15.447518  10.223872  15.602263  10.108225
r520  0.193170  3.652220  24  0.705499  4.636077  23.358362  4.164255  23.458563  3.999105
r493  0.192744  8.045567  24  1.550734  4.625855  14.213829  1.849758  14.213829  1.657014
r107  0.191829  6.045566  24  1.159714  4.603892  41.941957  37.401204  42.128794  37.357729
r47  0.191721  6.045567  24  1.159064  4.601309  1.635418  23.549802  1.444830  23.528988
r806  0.191508  0.027265  24  0.005221  4.596184  33.919354  6.704067  33.727977  6.696994
r753  0.191401  6.045569  24  1.157125  4.593614  39.274679  11.863631  39.083279  11.863870
r144  0.191090  3.652218  24  0.697901  4.586149  38.223771  28.871902  38.412565  28.842376
r100  0.189837  6.045567  24  1.147673  4.556089  14.984823  44.477880  14.984823  44.667717
r761  0.189511  3.652219  24  0.692137  4.548273  12.885634  18.665147  12.785776  18.826215
r442  0.189085  6.045567  24  1.143128  4.538047  16.380986  17.642541  16.191901  17.642541
r730  0.188404  6.045565  24  1.139011  4.521707  13.903749  17.598647  14.056118  17.487832
r525  0.188104  3.652219  24  0.686997  4.514495  11.456240  8.959483  11.276989  9.016510
r121  0.187088  6.045568  24  1.131056  4.490124  29.536363  1.128628  29.349274  1.128628
r756  0.187075  0.027265  24  0.005101  4.489812  38.623726  14.657877  38.439004  14.687458
r714  0.186837  6.045567  24  1.129537  4.484092  18.439947  17.434686  18.428786  17.621190
r596  0.185832  6.045568  24  1.123462  4.459976  19.361532  31.586675  19.177091  31.609368
r459  0.185811  6.045567  24  1.123330  4.459455  17.497834  12.427972  17.355902  12.547892
r232  0.185385  3.652219  24  0.677067  4.449242  19.027401  14.093579  19.015346  14.278572
r810  0.184963  0.027265  24  0.005043  4.439103  16.953031  3.968840  17.135477  3.938432
r627  0.184486  6.045568  24  1.115322  4.427663  11.059329  37.722972  11.114425  37.546905
r378  0.184404  6.045566  24  1.114824  4.425688  35.688222  41.776588  35.799754  41.923439
r41  0.184029  3.652219  24  0.672116  4.416707  30.180354  22.091911  30.180354  22.275941
r769  0.183719  6.045567  24  1.110682  4.409244  30.091699  3.512799  29.907981  3.512799
r398  0.183530  3.652218  24  0.670292  4.404723  40.336077  34.993543  40.186955  35.100528
r42  0.183392  3.652218  24  0.669786  4.401398  27.690311  22.030663  27.690311  22.214055
r537  0.183349  3.652219  24  0.669630  4.400370  21.059213  3.403143  21.242562  3.403143
r779  0.182681  3.652218  24  0.667190  4.384340  8.246566  14.446048  8.246566  14.628729
r431  0.182427  3.652219  24  0.666262  4.378242  43.625554  24.945999  43.625554  25.128426
r418  0.182330  3.652219  24  0.665907  4.375909  23.999500  33.576215  24.057959  33.748919
r231  0.182051  3.652219  24  0.664888  4.369213  0.890000  13.347384  0.890000  13.529435
r30  0.181689  3.652219  24  0.663569  4.360541  3.013858  7.978556  3.146836  7.854750
r342  0.181637  6.045566  24  1.098100  4.359295  21.587847  32.456911  21.576066  32.638165
r280  0.181623  3.652219  24  0.663325  4.358942  29.616868  10.127687  29.462156  10.032551
r475  0.181283  6.045569  24  1.095959  4.350794  12.140731  14.334630  12.140731  14.153347
r365  0.180561  3.652219  24  0.659448  4.333459  30.225815  38.636819  30.225815  38.817380
r441  0.179948  6.045567  24  1.087889  4.318758  15.823365  23.224754  15.823365  23.404702
r445  0.179806  6.045565  24  1.087031  4.315353  31.162454  16.778299  31.162454  16.598492
r506  0.179785  3.652219  24  0.656614  4.314837  14.509771  13.070490  14.689556  13.070490
r364  0.179058  3.652220  24  0.653958  4.297382  35.119059  39.140532  35.119059  39.319589
r142  0.178443  3.652219  24  0.651712  4.282625  44.199608  27.287771  44.312486  27.149568
r114  0.178205  3.652220  24  0.650844  4.276918  9.464762  39.187415  9.464762  39.365620
r91  0.177502  3.652219  24  0.648277  4.260051  39.912512  37.147157  40.054454  37.253737
r57  0.177215  3.652218  24  0.647229  4.253165  33.214847  24.578770  33.070993  24.475275
r508  0.177101  3.652219  24  0.646811  4.250423  12.733180  12.753865  12.556385  12.764260
r319  0.177066  6.045566  24  1.070466  4.249592  1.384497  20.853230  1.207431  20.853230
r788  0.177022  6.045569  24  1.070196  4.248518  38.613037  5.981745  38.613037  6.158767
r672  0.176003  3.652217  24  0.642803  4.224082  28.059296  36.041569  27.973956  35.887640
r208  0.175843  6.045569  24  1.063073  4.220240  30.658147  8.884418  30.482303  8.884418
r497  0.173945  6.045566  24  1.051597  4.174684  32.611548  4.124618  32.611548  3.950672
r339  0.173363  6.045566  24  1.048080  4.160724  11.669816  31.855468  11.673947  31.682154
r808  0.173134  3.652219  24  0.632325  4.155228  25.307811  6.115037  25.200740  6.251093
r194  0.172947  3.652217  24  0.631639  4.150724  41.291289  15.506410  41.129893  15.444266
r180  0.171942  3.652219  24  0.627968  4.126598  22.215139  27.339098  22.171328  27.172831
r606  0.171090  3.652219  24  0.624858  4.106159  12.473632  30.007674  12.644722  30.007674
r90  0.170441  6.045568  24  1.030412  4.090582  39.548070  37.625312  39.548070  37.454871
r744  0.168454  3.652219  24  0.615230  4.042893  0.868493  20.930130  0.868493  20.761676
r147  0.168263  3.652219  24  0.614533  4.038312  17.559594  33.697668  17.562751  33.865901
r437  0.167813  3.652220  24  0.612890  4.027508  6.541616  31.915842  6.541616  32.083655
r553  0.167246  3.652220  24  0.610821  4.013913  24.031926  8.216603  23.864680  8.216603
r357  0.166476  6.045567  24  1.006441  3.995420  23.271141  43.249057  23.271141  43.415533
r97  0.165424  3.652218  24  0.604164  3.970174  7.284290  38.934593  7.283644  38.769170
r628  0.165395  6.045566  24  0.999908  3.969485  13.719784  37.032038  13.719784  36.866643
r715  0.165296  6.045567  24  0.999309  3.967107  20.933951  17.493928  20.768655  17.493928
r638  0.164755  3.652218  24  0.601720  3.954110  25.960834  35.960487  25.960834  35.795732
r671  0.163953  3.652219  24  0.598792  3.934871  36.951467  33.664648  36.951467  33.500695
r76  0.163323  3.652219  24  0.596493  3.919763  30.140406  28.480975  30.115412  28.319576
r335  0.162573  3.652218  24  0.593753  3.901759  2.249543  31.663555  2.373227  31.558045
r9  0.162321  3.652220  24  0.592833  3.895712  23.829453  12.566831  23.675432  12.618071
r250  0.162211  3.652219  24  0.592431  3.893073  16.011966  6.703902  16.174177  6.703902
r614  0.161725  6.045565  24  0.977718  3.881397  24.043046  32.799770  24.204507  32.809015
r645  0.161331  8.045567  24  1.297996  3.871935  17.770770  43.238326  17.770770  43.399657
r60  0.161328  3.652218  24  0.589205  3.871873  25.975039  26.575079  26.136367  26.575079
r704  0.160698  3.652219  24  0.586905  3.856755  41.486732  21.707960  41.486732  21.868658
r177  0.159913  3.652220  24  0.584038  3.837914  42.136506  19.713314  42.189139  19.864317
r516  0.159849  6.045568  24  0.966376  3.836368  35.930909  6.084627  35.775912  6.123709
r683  0.159347  8.045566  24  1.282036  3.824325  35.970998  23.448974  36.106131  23.533417
r262  0.159103  3.652219  24  0.581078  3.818463  34.176200  4.110409  34.176200  3.951307
r500  0.158598  3.652219  24  0.579235  3.806351  39.626136  6.538148  39.467775  6.546810
r346  0.157734  3.652218  24  0.576080  3.785625  36.356887  29.367305  36.413649  29.220138
r568  0.154619  3.652218  24  0.564702  3.710854  29.835996  12.357834  29.835996  12.203215
r393  0.153903  6.045566  24  0.930433  3.693680  31.464546  28.209005  31.600567  28.137001
r573  0.153858  3.652219  24  0.561924  3.692600  5.135980  6.421989  5.212595  6.288563
r632  0.153642  6.045568  24  0.928852  3.687403  30.357344  34.808305  30.204536  34.824289
r314  0.153071  3.652219  24  0.559050  3.673709  27.519746  20.358004  27.672817  20.358004
r79  0.153054  3.652217  24  0.558988  3.673305  12.239516  32.489571  12.185165  32.346492
r608  0.152768  6.045565  24  0.923569  3.666431  1.113811  29.223861  1.113811  29.071093
r32  0.152370  6.045568  24  0.921165  3.656886  3.987517  19.138325  3.837283  19.163754
r415  0.152284  3.652218  24  0.556174  3.654814  40.890131  30.526160  41.042415  30.526160
r345  0.152184  6.045568  24  0.920036  3.652405  40.665265  34.825786  40.665265  34.977969
r127  0.152149  3.652220  24  0.555683  3.651588  34.151399  34.848151  34.151399  35.000300
r760  0.151479  3.652218  24  0.553234  3.635494  17.427590  19.072406  17.304233  19.160321
r323  0.151103  6.045566  24  0.913504  3.626476  14.418932  31.391385  14.570028  31.389912
r72  0.150979  6.045568  24  0.912754  3.623496  34.904114  31.561400  34.799325  31.452708
r7  0.149480  3.652219  24  0.545935  3.587528  32.096220  11.518050  32.113693  11.666506
r337  0.149072  6.045566  24  0.901227  3.577736  4.863461  31.821193  5.010811  31.798595
r774  0.147743  3.652220  24  0.539589  3.545826  34.371749  10.750329  34.230030  10.708573
r244  0.147607  6.045569  24  0.892367  3.542564  37.965213  3.753059  37.817606  3.753059
r603  0.146302  3.652219  24  0.534327  3.511248  26.210492  24.517415  26.210492  24.371113
r377  0.146182  6.045566  24  0.883755  3.508377  32.826536  42.277620  32.826536  42.423802
r27  0.145973  3.652220  24  0.533127  3.503360  19.233171  10.084977  19.379145  10.084977
r593  0.145621  6.045568  24  0.880360  3.494897  6.659514  26.720800  6.802327  26.692341
r494  0.145027  6.045567  24  0.876769  3.480643  18.858549  4.773558  18.722711  4.824359
r336  0.143734  6.045567  24  0.868955  3.449622  2.469046  31.676258  2.387446  31.557932
r380  0.143176  3.652219  24  0.522911  3.436230  41.964728  38.178898  42.107904  38.178898
r616  0.143165  6.045566  24  0.865511  3.435949  34.847549  36.634910  34.921529  36.512341
r402  0.142532  3.652220  24  0.520560  3.420777  14.815762  37.475124  14.673230  37.475124
r687  0.142279  3.652220  24  0.519633  3.414689  40.455967  28.592198  40.360265  28.486915
r195  0.141855  3.652219  24  0.518086  3.404520  40.249258  17.594596  40.249258  17.452741
r367  0.140573  3.652220  24  0.513404  3.373757  18.795261  37.681980  18.935834  37.681980
r243  0.140355  6.045568  24  0.848523  3.368511  35.081449  3.676292  35.081449  3.535937
r750  0.140188  6.045567  24  0.847515  3.364509  22.069466  9.798399  21.998555  9.677468
r253  0.139805  3.652218  24  0.510599  3.355325  13.034905  10.867652  13.108983  10.749086
r295  0.139209  3.652220  24  0.508423  3.341023  32.102396  13.722120  32.014495  13.614172
r646  0.138916  7.790401  24  1.082208  3.333974  26.773208  41.368203  26.885268  41.286106
r498  0.137877  6.045566  24  0.833547  3.309057  37.734122  1.227910  37.871999  1.227910
r286  0.137354  3.652219  24  0.501647  3.296495  1.057502  7.767817  1.057502  7.630463
r427  0.137060  6.045567  24  0.828603  3.289430  28.113068  21.549185  28.250127  21.549185
r729  0.137007  3.652219  24  0.500378  3.288156  12.939487  22.514549  13.044955  22.601997
r612  0.136784  6.045567  24  0.826939  3.282824  19.542303  37.846308  19.405518  37.846308
r333  0.136263  3.652220  24  0.497662  3.270307  14.962110  28.296698  14.909640  28.422453
r449  0.136119  3.652219  24  0.497135  3.266849  42.252888  17.690507  42.389006  17.690507
r252  0.134357  3.652219  24  0.490703  3.224577  10.780870  10.960979  10.875891  11.055968
r621  0.133830  3.652218  24  0.488776  3.211920  25.662129  31.506088  25.795959  31.506088
r792  0.133482  3.652218  24  0.487506  3.203574  23.014062  5.933323  23.147544  5.933323
r670  0.133242  3.652219  24  0.486631  3.197819  39.242705  33.338831  39.109464  33.338236
r148  0.129362  3.652220  24  0.472457  3.104676  10.247177  33.389375  10.136797  33.321918
r198  0.129104  3.652218  24  0.471515  3.098487  17.551467  21.961582  17.551467  21.832479
r446  0.129002  6.045566  24  0.779891  3.096052  35.861406  17.732385  35.732404  17.732385
r44  0.127501  0.027265  24  0.003476  3.060030  18.292172  23.731786  18.419674  23.731786
r187  0.127424  6.045567  24  0.770348  3.058165  14.748468  14.544812  14.748468  14.417388
r109  0.126194  3.652220  24  0.460888  3.028651  38.218493  36.380140  38.184066  36.501547
r807  0.124935  3.652218  24  0.456291  2.998448  29.634620  7.167776  29.632834  7.292699
r482  0.124247  6.045567  24  0.751141  2.981918  41.141519  9.158012  41.156036  9.281408
r80  0.123084  3.652218  24  0.449530  2.954019  4.174798  35.046119  4.051714  35.046119
r145  0.121409  3.652219  24  0.443412  2.913815  32.157375  34.125156  32.157375  34.246565
r794  0.120581  3.652218  24  0.440389  2.893951  15.660947  8.798961  15.744300  8.886094
r212  0.119853  7.261967  24  0.870366  2.876465  38.809317  13.387367  38.713241  13.459020
r58  0.119544  3.652220  24  0.436603  2.869066  30.518049  26.252177  30.637593  26.252177
r266  0.119236  3.652219  24  0.435476  2.861664  16.939006  1.048610  16.939006  0.929373
r476  0.119203  6.045567  24  0.720647  2.860862  13.367886  9.094327  13.248684  9.094327
r455  0.118996  3.652219  24  0.434600  2.855907  4.608432  25.933756  4.509474  25.867670
r130  0.117461  3.652220  24  0.428992  2.819055  16.802001  35.960981  16.882032  35.875004
r586  0.117356  3.652219  24  0.428611  2.816552  27.372375  18.503823  27.372375  18.386467
r202  0.116625  3.652220  24  0.425941  2.799004  9.217587  21.517021  9.100962  21.517021
r228  0.115284  3.652218  24  0.421043  2.766817  40.180459  4.549960  40.180459  4.434676
r536  0.113719  3.652220  24  0.415326  2.729251  25.582768  4.224699  25.696487  4.224699
r755  0.113642  3.652219  24  0.415044  2.727399  42.437355  10.434357  42.327006  10.407203
r458  0.113638  8.045569  24  0.914280  2.727304  14.627313  20.703382  14.740320  20.715334
r731  0.112506  6.045566  24  0.680165  2.700154  17.395713  14.895726  17.508220  14.895726
r735  0.112383  8.045567  24  0.904189  2.697203  36.146287  14.362958  36.148057  14.475328
r713  0.112065  6.045565  24  0.677497  2.689561  13.356172  24.164732  13.342307  24.053528
r795  0.111764  3.652218  24  0.408188  2.682343  15.127107  11.107605  15.048061  11.028592
r304  0.111347  6.045567  24  0.673157  2.672333  4.681752  16.563821  4.793100  16.563821
r94  0.110450  3.652219  24  0.403389  2.650812  26.083627  33.829123  26.083627  33.718672
r554  0.110435  3.652218  24  0.403333  2.650442  21.642781  7.754919  21.753175  7.751889
r320  0.109096  6.045568  24  0.659549  2.618310  3.906748  21.684228  3.804692  21.722783
r83  0.108606  6.045567  24  0.656587  2.606551  11.427485  40.049895  11.507579  40.123245
r575  0.107283  6.045567  24  0.648586  2.574791  1.290914  13.697092  1.290914  13.804374
r131  0.106729  3.652219  24  0.389799  2.561503  10.208503  35.538127  10.208503  35.644856
r356  0.106591  6.045568  24  0.644406  2.558194  14.767030  41.839658  14.767855  41.946247
r426  0.106069  8.045567  24  0.853388  2.545665  23.723513  24.031831  23.723513  23.925762
r129  0.105609  3.652218  24  0.385706  2.534608  21.388779  36.889600  21.483875  36.843665
r504  0.104042  3.652218  24  0.379985  2.497015  19.391943  12.212082  19.287900  12.212082
r324  0.103008  6.045568  24  0.622742  2.472192  17.062176  31.207830  16.959169  31.207830
r741  0.101988  3.652218  24  0.372481  2.447705  23.488045  20.601644  23.590033  20.601644
r585  0.101424  3.652220  24  0.370424  2.434186  29.656082  18.367984  29.554657  18.367984
r52  0.097365  6.045567  24  0.588629  2.336770  19.446151  28.760794  19.419142  28.667249
r24  0.096838  3.652219  24  0.353675  2.324123  30.056785  14.349924  29.959946  14.349924
r369  0.096800  3.652220  24  0.353537  2.323211  6.955744  40.756949  6.858943  40.756949
r552  0.095843  3.652219  24  0.350040  2.300234  25.941062  8.640869  25.845219  8.640869
r623  0.094649  3.652219  24  0.345679  2.271578  14.049204  31.890077  14.139772  31.862582
r279  0.093629  3.652220  24  0.341955  2.247107  31.577546  10.019813  31.570743  9.926431
r456  0.093469  3.652218  24  0.341371  2.243268  6.578061  25.197200  6.547613  25.108829
r533  0.092031  6.045568  24  0.556382  2.208754  33.080785  6.714338  33.002935  6.665255
r298  0.091918  3.652219  24  0.335704  2.206027  23.043177  14.643807  22.979726  14.710311
r665  0.090449  6.045567  24  0.546816  2.170778  29.071298  27.017986  28.981680  27.030219
r82  0.089034  6.045569  24  0.538262  2.136821  8.803961  39.424633  8.714927  39.424633
r348  0.088416  3.652219  24  0.322913  2.121974  29.556708  30.196612  29.468292  30.196612
r166  0.088381  3.652218  24  0.322786  2.121140  8.437897  29.699231  8.383019  29.629952
r578  0.088091  6.045566  24  0.532560  2.114184  12.536485  26.749022  12.624576  26.749022
r210  0.086186  40.165044  24  3.461673  2.068469  38.541991  3.617288  38.455805  3.617288
r443  0.084649  8.045567  24  0.681049  2.031575  44.584319  20.133695  44.584319  20.218344
r542  0.083923  3.652220  24  0.306505  2.014150  6.999802  9.878331  6.925196  9.839900
r169  0.083186  6.045568  24  0.502905  1.996458  11.900308  21.479784  11.900308  21.562970
r223  0.082620  6.045568  24  0.499482  1.982868  21.606571  5.004595  21.606571  4.921975
r465  0.081636  3.652219  24  0.298152  1.959261  44.230398  10.497104  44.312034  10.497104
r186  0.081492  6.045568  24  0.492664  1.955802  11.797834  19.055976  11.797834  18.974484
r322  0.081403  6.045567  24  0.492126  1.953666  9.149016  21.883702  9.230419  21.883702
r397  0.080886  3.652220  24  0.295412  1.941256  42.591429  34.195246  42.547961  34.263459
r287  0.080461  3.652219  24  0.293861  1.931060  4.504084  14.635778  4.557759  14.695719
r281  0.079642  3.652218  24  0.290869  1.911400  23.010086  10.194577  22.931983  10.179003
r572  0.078121  3.652218  24  0.285315  1.874902  12.002268  7.068739  11.924147  7.068739
r235  0.078097  3.652219  24  0.285228  1.874333  12.274784  15.072615  12.281714  14.994826
r78  0.076777  3.652220  24  0.280405  1.842641  17.524339  30.159895  17.524339  30.083118
r615  0.076324  6.045569  24  0.461422  1.831776  29.642281  32.385922  29.585752  32.334639
r43  0.076260  3.652219  24  0.278517  1.830230  25.723296  22.153714  25.723296  22.077454
r484  0.076010  3.652220  24  0.277606  1.824244  38.629206  15.823408  38.612591  15.897580
r361  0.075861  6.045567  24  0.458623  1.820667  34.675349  39.259317  34.675349  39.335178
r541  0.074784  3.652218  24  0.273129  1.794825  7.229345  7.316194  7.158826  7.291297
r249  0.074428  3.652218  24  0.271828  1.786279  18.915076  1.137385  18.989504  1.137385
r797  0.074422  3.652219  24  0.271806  1.786135  8.541243  12.378501  8.488393  12.430898
r69  0.074405  8.045567  24  0.598632  1.785725  16.989919  34.249715  17.064324  34.249715
r490  0.073703  3.652220  24  0.269178  1.768865  7.861317  16.743506  7.861317  16.669803
r618  0.072714  3.652218  24  0.265567  1.745132  34.881465  33.114917  34.808751  33.114917
r708  0.072611  3.652219  24  0.265190  1.742656  19.771241  33.152990  19.698714  33.149507
r620  0.072074  3.652219  24  0.263229  1.729769  28.362662  31.866345  28.290588  31.866345
r773  0.071426  3.652220  24  0.260865  1.714232  38.396493  11.135584  38.467919  11.135584
r371  0.070632  6.045568  24  0.427010  1.695164  9.409260  44.763715  9.401146  44.833879
r192  0.069721  6.045567  24  0.421505  1.673312  41.709358  11.949320  41.709358  11.879599
r48  0.068854  6.045568  24  0.416262  1.652498  4.404630  24.368410  4.425342  24.434075
r473  0.068754  3.652219  24  0.251105  1.650099  6.936512  18.981625  6.936512  18.912871
r538  0.067920  3.652220  24  0.248057  1.630071  17.159292  2.936051  17.121751  2.992653
r23  0.067876  3.652219  24  0.247897  1.629017  34.005682  15.336700  33.937806  15.336700
r317  0.067721  3.652220  24  0.247332  1.625301  9.766617  23.684456  9.834338  23.684456
r63  0.067652  3.652220  24  0.247079  1.623639  2.836982  29.011757  2.769330  29.011757
r597  0.067220  8.045567  24  0.540821  1.613274  24.314373  29.737635  24.351471  29.681579
r752  0.066576  6.045566  24  0.402488  1.597818  33.260179  9.096606  33.260179  9.163182
r98  0.066351  8.045567  24  0.533830  1.592420  6.444789  41.592581  6.406041  41.538720
r305  0.065603  6.045566  24  0.396605  1.574464  7.783866  16.755954  7.783866  16.690352
r778  0.063494  3.652218  24  0.231895  1.523865  14.231644  15.001064  14.231644  14.937570
r201  0.063452  3.652218  24  0.231742  1.522857  7.039134  21.124658  6.988485  21.086435
r363  0.063300  3.652218  24  0.231184  1.519190  39.104536  39.466709  39.104536  39.403409
r184  0.062323  3.652218  24  0.227618  1.495760  8.585084  25.343161  8.596048  25.404513
r684  0.062078  6.045567  24  0.375295  1.489865  41.259506  24.411175  41.259506  24.349097
r452  0.059435  3.652219  24  0.217071  1.426450  24.264675  27.061830  24.264675  27.002395
r115  0.058122  6.045566  24  0.351382  1.394935  6.168679  38.296325  6.168679  38.238203
r622  0.058104  3.652220  24  0.212209  1.394498  15.339841  30.217085  15.325743  30.160717
r759  0.054167  3.652218  24  0.197831  1.300019  21.697781  18.801662  21.716723  18.750914
r111  0.054109  3.652220  24  0.197617  1.298613  27.479795  38.179686  27.533904  38.179686
r66  0.051707  6.045567  24  0.312597  1.240962  9.390809  34.029602  9.390809  34.081309
r728  0.051239  3.652218  24  0.187136  1.229734  7.418913  23.192144  7.467807  23.207467
r444  0.050509  6.045568  24  0.305357  1.212220  28.431053  18.740422  28.431053  18.790931
r351  0.049169  3.652219  24  0.179576  1.180053  12.291888  34.355790  12.252514  34.385240
r716  0.048836  6.045567  24  0.295243  1.172072  25.682729  16.460313  25.633893  16.460313
r234  0.045774  3.652218  24  0.167177  1.098577  14.607206  16.746913  14.575056  16.779495
r505  0.045287  3.652218  24  0.165399  1.086896  17.072463  11.799855  17.073737  11.754586
r384  0.045263  3.652218  24  0.165310  1.086313  20.509516  41.125325  20.509516  41.170588
r112  0.043381  3.652219  24  0.158438  1.041154  20.772696  38.917770  20.816077  38.917770
r209  0.039125  6.045566  24  0.236531  0.938993  38.615203  8.958333  38.615203  8.997458
r160  0.038752  3.652220  24  0.141531  0.930047  41.650255  23.811925  41.611503  23.811925
r197  0.038199  3.652218  24  0.139511  0.916774  21.597609  20.623451  21.559654  20.627766
r602  0.037404  3.652218  24  0.136608  0.897701  28.511862  23.953467  28.547773  23.963932
r204  0.036292  6.045567  24  0.219403  0.870998  13.196468  11.654224  13.196468  11.690516
r413  0.033576  6.045565  24  0.202988  0.805834  41.479422  26.762087  41.477036  26.795579
r71  0.032657  6.045566  24  0.197432  0.783777  31.934211  31.041848  31.966212  31.048365
r230  0.032057  3.652219  24  0.117079  0.769366  36.281922  10.526093  36.313978  10.526093
r438  0.031625  3.652219  24  0.115500  0.758992  4.397640  30.634772  4.369262  30.620815
r343  0.031336  6.045565  24  0.189441  0.752054  32.611502  33.991033  32.642838  33.991033
r758  0.029731  3.652220  24  0.108583  0.713538  23.554875  16.991505  23.554875  17.021236
r492  0.025755  8.045567  24  0.207217  0.618131  10.298132  9.277236  10.272377  9.277236
r754  0.024292  6.045566  24  0.146858  0.583005  43.599355  7.454205  43.599355  7.429913
r185  0.023450  3.652218  24  0.085645  0.562801  11.116687  21.858965  11.116687  21.882415
r68  0.023358  6.045568  24  0.141211  0.560588  16.656232  36.863899  16.651146  36.886696
r813  0.023027  3.652219  24  0.084098  0.552640  5.173706  8.369925  5.150679  8.369925
r103  0.022354  6.045567  24  0.135145  0.536505  26.997497  38.129246  26.975142  38.129246
r399  0.021365  3.652219  24  0.078031  0.512767  36.328308  35.375235  36.348888  35.380973
r576  0.020739  6.045566  24  0.125381  0.497744  2.255827  16.585369  2.276567  16.585369
r196  0.019938  3.652219  24  0.072816  0.478501  36.203704  18.656168  36.223642  18.656168
r522  0.019140  3.652218  24  0.069902  0.459354  14.099806  6.781323  14.099806  6.762183
r467  0.018267  3.652219  24  0.066713  0.438396  40.275529  19.591313  40.275529  19.609579
r93  0.016377  3.652219  24  0.059811  0.393041  31.919717  36.783061  31.936093  36.783061
r502  0.016013  3.652219  24  0.058482  0.384303  36.038104  12.454881  36.038104  12.470894
r188  0.014063  6.045565  24  0.085019  0.337515  22.980297  15.385586  22.980297  15.399649
r143  0.010982  3.652219  24  0.040109  0.263570  42.270531  27.760674  42.270531  27.749692
r718  0.010619  6.045568  24  0.064201  0.254867  38.150847  16.977912  38.150847  16.967293
r146  0.007282  3.652218  24  0.026597  0.174775  21.377846  34.977284  21.370564  34.977284
r457  0.005958  3.652219  24  0.021760  0.142993  15.159456  22.676037  15.165414  22.676037
r700  0.005666  6.045568  24  0.034256  0.135993  33.461320  19.987992  33.461320  19.982326
r88  0.003254  6.045566  24  0.019671  0.078092  32.497669  37.173611  32.497568  37.176863
r299  0.001911  3.652219  24  0.006981  0.045875  17.528397  9.769511  17.528397  9.771422
r360  0.000604  6.045568  24  0.003650  0.014491  31.628418  40.032466  31.628418  40.031862
r509  0.000000  6.045568  24  0.000000  0.000000  7.602405  7.387169  7.602405  7.387169
r450  0.000000  3.652172  24  0.000000  0.000000  36.945200  25.367150  36.945200  25.367150
r251  0.000000  3.652187  24  0.000000  0.000000  17.087500  17.238250  17.087500  17.238250
r428  0.000000  6.045565  24  0.000000  0.000000  30.954875  19.274112  30.954875  19.274112
r772  0.000000  3.652219  24  0.000000  0.000000  41.667600  6.448700  41.667600  6.448700
r236  0.000000  3.652104  24  0.000000  0.000000  31.793150  16.011350  31.793150  16.011350
r448  0.000000  3.652219  24  0.000000  0.000000  43.722800  0.914126  43.722800  0.914126
r25  0.000000  3.652220  24  0.000000  0.000000  27.708659  14.445387  27.708659  14.445387
r496  0.000000  6.045565  24  0.000000  0.000000  27.062871  4.001574  27.062871  4.001574
r501  0.000000  3.652219  24  0.000000  0.000000  37.970499  44.927282  37.970499  44.927282
r791  0.000000  3.652218  24  0.000000  0.000000  27.313736  6.483294  27.313736  6.483294
r436  0.000000  3.652220  24  0.000000  0.000000  23.811175  31.651799  23.811175  31.651799
r733  0.000000  6.045568  24  0.000000  0.000000  22.780933  12.366362  22.780933  12.366362
r182  0.000000  3.652220  24  0.000000  0.000000  6.421016  29.911584  6.421016  29.911584
r193  0.000000  3.652219  24  0.000000  0.000000  43.194559  12.657865  43.194559  12.657865
r487  0.000000  3.652218  24  0.000000  0.000000  19.521625  16.317749  19.521625  16.317749
r46  0.000000  3.652219  24  0.000000  0.000000  2.895324  24.244097  2.895324  24.244097
r796  0.000000  3.652220  24  0.000000  0.000000  8.907650  10.465940  8.907650  10.465940
r261  0.000000  40.164927  24  0.000000  0.000000  43.658950  4.289200  43.658950  4.289200
r353  0.000000  6.045567  24  0.000000  0.000000  3.966066  37.845088  3.966066  37.845088
r790  0.000000  3.652364  24  0.000000  0.000000  24.968100  10.602750  24.968100  10.602750
r777  0.000000  3.652220  24  0.000000  0.000000  16.842869  13.708806  16.842869  13.708806
r174  0.000000  6.045568  24  0.000000  0.000000  37.805978  44.618648  37.805978  44.618648
r412  0.000000  6.045567  24  0.000000  0.000000  38.915949  27.453363  38.915949  27.453363
r489  0.000000  3.652218  24  0.000000  0.000000  12.197562  17.113407  12.197562  17.113407
r676  0.000000  40.165159  24  0.000000  0.000000  3.166900  29.267600  3.166900  29.267600
r705  0.000000  3.652219  24  0.000000  0.000000  38.831350  0.772570  38.831350  0.772570
r139  0.000000  6.045567  24  0.000000  0.000000  33.521316  23.075213  33.521316  23.075213
r570  0.000000  3.652220  24  0.000000  0.000000  25.572557  12.880878  25.572557  12.880878
r303  0.000000  6.045567  24  0.000000  0.000000  2.536976  1.488726  2.536976  1.488726
r137  0.000000  6.045571  24  0.000000  0.000000  43.396350  17.666700  43.396350  17.666700
r312  0.000000  3.652220  24  0.000000  0.000000  31.999130  20.033397  31.999130  20.033397
r316  0.000000  3.652218  24  0.000000  0.000000  17.270915  23.995224  17.270915  23.995224
r688  0.000000  3.652218  24  0.000000  0.000000  39.013656  31.046835  39.013656  31.046835
r685  0.000000  6.045567  24  0.000000  0.000000  44.355694  25.596895  44.355694  25.596895
r359  0.000000  6.045818  24  0.000000  0.000000  13.505800  28.988200  13.505800  28.988200
r601  0.000000  3.652214  24  0.000000  0.000000  27.809650  8.495400  27.809650  8.495400
r640  0.000000  3.652218  24  0.000000  0.000000  0.794986  38.009159  0.794986  38.009159
r70  0.000000  6.045581  24  0.000000  0.000000  3.145600  11.203300  3.145600  11.203300
r113  0.000000  7.261822  24  0.000000  0.000000  14.784650  34.381600  14.784650  34.381600
r669  0.000000  3.652220  24  0.000000  0.000000  44.693980  33.748070  44.693980  33.748070
r325  0.000000  6.045569  24  0.000000  0.000000  21.865572  29.844190  21.865572  29.844190
r213  0.000000  3.652218  24  0.000000  0.000000  36.159037  14.661810  36.159037  14.661810
r664  0.000000  6.045567  24  0.000000  0.000000  29.306161  29.684899  29.306161  29.684899
r624  0.000000  3.652161  24  0.000000  0.000000  25.280800  37.598950  25.280800  37.598950
r639  0.000000  3.652218  24  0.000000  0.000000  16.784483  38.056138  16.784483  38.056138
r564  0.000000  40.165133  24  0.000000  0.000000  42.834400  19.861600  42.834400  19.861600
r641  0.000000  3.652219  24  0.000000  0.000000  45.048826  39.498409  45.048826  39.498409
r648  0.000000  6.045439  24  0.000000  0.000000  29.120350  39.926750  29.120350  39.926750
r649  0.000000  40.165431  24  0.000000  0.000000  31.325150  42.798700  31.325150  42.798700
r736  0.000000  6.045566  24  0.000000  0.000000  44.729620  10.048132  44.729620  10.048132
r766  0.000000  6.045566  24  0.000000  0.000000  17.331305  2.363817  17.331305  2.363817
r61  0.000000  3.652218  24  0.000000  0.000000  17.214601  28.074590  17.214601  28.074590
r173  0.000000  6.045722  24  0.000000  0.000000  28.552000  16.171300  28.552000  16.171300
r282  0.000000  3.652219  24  0.000000  0.000000  17.989117  7.533081  17.989117  7.533081
r725  0.000000  3.652219  24  0.000000  0.000000  19.408391  31.140155  19.408391  31.140155
r751  0.000000  6.045567  24  0.000000  0.000000  25.096008  6.814375  25.096008  6.814375
r400  0.000000  3.652220  24  0.000000  0.000000  29.860512  36.807534  29.860512  36.807534
r740  0.000000  3.652219  24  0.000000  0.000000  34.099917  19.306567  34.099917  19.306567
r65  0.000000  6.045437  24  0.000000  0.000000  9.755750  29.446750  9.755750  29.446750
r159  0.000000  3.652218  24  0.000000  0.000000  44.127098  23.207595  44.127098  23.207595
r503  0.000000  3.652219  24  0.000000  0.000000  21.653678  12.284312  21.653678  12.284312
r156  0.000000  6.045648  24  0.000000  0.000000  15.932050  5.162950  15.932050  5.162950
r171  0.000000  6.045567  24  0.000000  0.000000  23.088648  18.458126  23.088648  18.458126
r403  0.000000  3.652219  24  0.000000  0.000000  10.005031  37.506177  10.005031  37.506177
r724  0.000000  3.652219  24  0.000000  0.000000  22.908084  45.204603  22.908084  45.204603
r67  0.000000  6.045697  24  0.000000  0.000000  42.146500  29.393700  42.146500  29.393700
r152  0.000000  7.790206  24  0.000000  0.000000  8.559900  44.731650  8.559900  44.731650
r226  0.000000  6.045568  24  0.000000  0.000000  40.651098  3.748226  40.651098  3.748226
r28  0.000000  3.652411  24  0.000000  0.000000  13.641200  4.651900  13.641200  4.651900
r379  0.000000  6.045838  24  0.000000  0.000000  1.597600  36.365100  1.597600  36.365100
r711  0.000000  3.652218  24  0.000000  0.000000  9.108621  1.036306  9.108621  1.036306
r726  0.000000  3.652086  24  0.000000  0.000000  5.179700  38.284350  5.179700  38.284350

# average_displacement: 1.269620
