[Iter 0]
r0 93.650215 91.988861 95.661615 93.207461
r1 93.554602 93.323994 95.959102 94.343394
r2 85.411546 81.555620 102.387646 99.718420
r3 81.082880 85.622187 105.155980 98.430387
r4 92.165724 92.934162 93.414824 94.896362
r5 91.717946 93.327284 93.039446 95.181984
r6 93.654270 92.022591 96.043270 93.048491
r7 85.904521 87.551406 107.998221 101.507106
r8 80.735049 83.443407 107.683549 94.885007
r9 78.415094 87.696157 104.380994 99.570657
r10 79.723773 83.836654 106.072873 95.538554
r11 93.485364 92.180815 95.455364 93.425015
r12 82.341453 85.111830 99.051753 103.563530
r13 82.994790 89.840909 102.329490 105.788109
r14 83.878660 88.300100 103.342260 105.048300
r15 84.815066 85.221339 104.122566 102.104939
r16 77.844021 91.582391 104.130221 103.312191
r17 84.861903 83.790157 102.216703 101.556657
r18 77.204909 85.835577 104.825309 96.998777
r19 81.295550 88.483465 102.779450 102.835365
r20 87.796234 92.015556 98.889034 100.190856
r21 86.074430 88.159338 99.181430 99.921538
r22 76.742046 86.897208 106.444946 104.544208
r23 79.309355 82.576196 107.943155 100.882096
r24 92.850591 91.776896 94.693491 93.106896
r25 82.012529 88.317415 108.915729 99.778215
r26 84.964944 87.786432 102.457044 105.413432
r27 79.128217 84.260193 110.309117 101.070693
r28 76.809031 86.588095 111.055631 101.893795
r29 93.045370 93.230737 96.208070 95.602137
r30 92.775065 93.073822 95.990465 94.369622
r31 93.191870 93.240662 94.939770 95.624462
r32 84.905186 77.922349 102.697786 107.382249
r33 81.388304 78.720060 102.268004 103.824260
r34 90.995580 92.687770 94.075580 94.040570
r35 91.419013 92.146344 95.579913 93.948844
r36 91.999011 92.393501 94.087711 93.566901
r37 85.576878 88.098636 105.013978 103.961736
r38 82.219457 90.696346 106.071957 103.623046
r39 81.207468 91.963596 108.372268 103.314096
r40 86.684791 84.761980 104.570291 102.001180
r41 92.089194 92.197552 93.206994 94.390152
r42 82.563214 88.287027 106.417314 101.212827
r43 81.231375 86.430972 107.412575 98.207872
r44 89.339285 88.736761 99.507685 97.655161
r45 87.731399 91.941802 101.994399 98.299902
r46 85.452387 83.441895 105.053687 99.172095
r47 82.296560 81.711917 101.666760 97.629817
r48 86.370022 81.837019 103.428022 99.912619
r49 87.325991 89.357313 99.760191 96.650613
r50 85.730424 89.056755 105.038324 97.714255
r51 87.169005 87.889620 98.727505 102.351420
r52 84.759831 91.258793 99.033731 97.612093
r53 82.837491 83.797524 105.042291 97.683424
r54 84.660046 87.649514 107.661246 101.054614
r55 87.679916 91.834687 101.852216 98.233487
r56 85.591657 87.569746 102.398957 97.515246
r57 80.906397 86.825363 102.902897 99.744063
r58 86.642397 87.055161 98.496097 100.060961
r59 84.283516 81.526199 108.277716 103.371699
r60 82.403635 83.898268 101.097335 100.392268
r61 81.664301 86.328566 109.167501 97.539366
r62 88.057898 88.094597 101.129398 95.032297
r63 87.717218 85.839989 99.410818 99.023889
r64 74.625871 87.011457 109.843671 101.895057
r65 77.688123 80.665699 111.092323 108.910699
r66 91.395299 92.323653 94.562199 93.639353
r67 77.166449 83.187871 107.393449 100.528871
r68 77.218498 84.326489 110.309698 100.166589
r69 73.614443 83.586681 109.509143 98.189581
r70 83.742679 78.994859 100.742979 109.827659
r71 91.639806 92.160817 95.751706 93.984817
r72 90.431733 80.190345 103.331533 104.092545
r73 85.418997 86.125418 107.807397 99.897418
r74 85.822993 89.354243 98.319093 96.611443
r75 86.636766 91.046037 101.628566 97.095137
r76 81.182374 87.116915 106.872474 99.118915
r77 83.079672 87.520880 104.966872 101.608280
r78 79.262198 86.933132 104.374298 99.211432
r79 88.145484 90.430008 96.074984 99.641108
r80 85.348910 91.913321 101.405510 102.323821
r81 88.668428 85.391148 96.978128 105.507048
r82 91.111523 86.866039 97.423423 98.437739
r83 82.663542 88.470345 104.653642 102.491745
r84 88.097200 90.481486 101.224000 96.045586
r85 87.498659 87.229963 98.391459 102.575563
r86 85.469818 81.558058 106.291818 104.276358
r87 79.239737 90.036171 104.009637 105.571371
r88 87.960557 87.065167 100.080657 100.856867
r89 89.500907 91.255300 100.185307 98.091300
r90 88.208326 87.764238 101.020426 97.455538
r91 86.590021 82.177644 97.968521 107.151744
r92 87.335238 85.533150 99.525838 99.245050
r93 87.657997 83.968869 101.586197 104.371069
r94 84.115380 89.607029 102.736080 104.867829
r95 89.917428 89.001642 101.664528 99.571642
r96 82.738013 81.323534 109.317713 101.044034
r97 87.717421 89.446521 100.167221 99.419921
r98 76.631442 89.320031 113.290242 104.436931
r99 82.376833 84.518464 105.457233 108.528764
r100 87.910854 91.321084 101.568854 100.412184
r101 76.607918 82.557477 114.061818 107.748477
r102 82.168527 72.482331 105.356327 113.171931
r103 86.025266 84.310703 107.359166 108.880403
r104 88.650093 85.162706 96.645793 100.691906
r105 87.175581 88.409790 100.040381 98.061490
r106 85.645859 80.303798 108.557059 103.181998
r107 71.497741 81.889367 112.296041 105.015267
r108 83.081746 84.231898 101.177746 101.270698
r109 81.216788 89.389146 108.240888 100.798746
r110 87.995679 90.125569 97.052579 98.190069
r111 87.165691 90.623584 98.565591 97.030584
r112 77.827424 85.562951 107.264524 103.369251
r113 81.617614 85.330121 111.182914 103.059221
r114 84.066293 86.193018 107.073093 99.594818
r115 88.622332 90.898812 98.080132 98.621512
r116 82.173949 90.016657 106.395449 103.474957
r117 80.741195 86.884035 103.849195 100.990835
r118 90.567432 85.942182 97.818832 103.065182
r119 75.085733 90.630389 108.425733 106.352189
r120 88.330088 89.736237 99.164188 96.477837
r121 85.134913 88.194342 106.613013 103.371742
r122 91.312663 85.111558 101.436063 101.623558
r123 89.336589 84.803080 98.655389 102.740680
r124 80.191205 81.493390 111.782605 99.035090
r125 85.245472 87.537522 100.859072 95.490022
r126 88.032882 87.722698 98.508882 99.575198
r127 79.954575 82.965575 106.072075 104.183775
r128 82.286611 90.377439 107.301011 101.737539
r129 86.355681 79.179351 97.020781 105.824051
r130 85.462849 76.729958 102.921449 108.471758
r131 87.414282 85.539454 96.287782 99.532454
r132 78.309104 79.503499 108.400604 110.857899
r133 87.667910 82.738949 97.450710 105.585249
r134 81.953143 81.498245 107.137243 103.502845
r135 83.610326 77.637312 102.439726 107.068312
r136 85.177638 88.910908 102.141838 96.230208
r137 67.940424 84.873870 116.450424 104.323470
r138 73.670461 77.997709 110.647161 103.513809
r139 74.315255 78.212973 112.817355 102.718173
r140 88.510028 86.370110 101.491028 95.935410
r141 91.187627 84.866886 98.377327 102.136986
r142 73.512119 81.493472 116.417019 103.483972
r143 72.037143 85.331339 112.074443 108.896839
r144 93.299184 93.439366 95.039984 94.847266
r145 84.761279 79.923976 98.294979 102.706576
r146 78.935819 87.822449 105.719219 99.334549
r147 79.315565 90.639591 106.192965 102.111391
r148 80.804550 85.789695 103.504750 108.880595
r149 92.278405 93.614261 95.205105 95.037961
r150 92.659708 92.424804 94.132208 94.089304
r151 84.164272 83.286594 104.846372 98.194794
r152 89.626875 89.513693 95.871975 101.209093
r153 90.056452 86.481069 96.503652 97.809969
r154 77.778401 85.251633 108.837201 102.128233
r155 93.392760 92.254723 95.291460 94.449223
r156 78.492898 84.421204 105.266698 95.937404
r157 82.522662 88.020011 103.674562 102.597111
r158 78.244297 90.953630 104.426097 103.404230
r159 80.528226 84.995085 105.615326 97.988985
r160 79.527101 80.365149 103.609701 102.130549
r161 72.113440 84.174145 118.671040 104.439345
r162 83.392389 82.215077 104.300889 107.284577
r163 75.313888 89.117552 110.942488 103.829552
r164 81.541030 79.137514 99.746430 109.577214
r165 81.620152 77.299837 101.324452 105.423937
r166 79.705113 72.669192 104.722713 110.382692
r167 81.248019 70.313456 102.167019 115.415956
r168 92.997175 91.796468 95.017075 95.509468
r169 73.937568 82.531253 110.551568 108.300153
r170 80.243116 77.099765 109.916216 108.896265
r171 78.957654 78.225952 108.342854 110.333952
r172 70.142656 86.005554 115.271856 106.912154
r173 91.604955 92.774216 95.856155 94.538416
r174 90.836507 93.183247 94.916607 95.021447
r175 91.619204 93.149527 95.372304 95.147927
r176 78.434968 80.380233 112.848768 107.796533
r177 76.737168 84.652282 116.045568 108.654782
r178 92.930145 93.438858 96.225945 95.714458
r179 92.646573 93.461680 96.447373 95.434980
r180 93.646196 91.778229 94.751496 93.995729
r181 93.443005 93.633827 95.612305 94.763727
r182 93.335813 93.667010 95.034213 95.110110
r183 93.127337 92.359758 94.646537 93.973158
r184 92.189576 91.656496 94.028276 93.922596
r185 91.839905 91.645444 94.980605 92.972144
r186 92.783328 92.693663 95.087928 93.757163
r187 93.843630 92.102467 94.882530 94.461667
r188 81.297798 87.185874 107.699598 98.864374
r189 81.211278 86.341347 104.013078 99.863647
r190 93.056470 91.929945 94.879870 94.215045
r191 93.606741 91.498946 96.031841 93.217146
r192 92.340673 94.005520 94.314573 95.247220
r193 81.573248 86.832333 106.487648 99.208033
r194 84.058202 86.544487 104.030802 101.982287
r195 86.593101 81.621013 102.869701 100.564413
r196 84.143132 78.159407 100.982132 109.287507
r197 93.054351 92.684267 96.018251 95.214667
r198 92.068559 93.360888 94.445259 95.114088
r199 77.370661 83.713307 112.451461 98.655007
r200 76.950205 85.969717 109.204305 102.220817
r201 81.036976 81.757979 105.795876 102.928879
r202 76.880688 76.162348 108.117088 106.367548
r203 90.577041 93.652476 94.496541 95.565976
r204 93.865811 91.214149 95.762111 95.169149
r205 93.274899 92.690272 95.783599 95.679872
r206 77.170232 79.335488 111.313232 106.969288
r207 74.772465 77.268651 109.310965 104.586051
r208 92.308616 92.304919 94.463716 95.785019
r209 91.769905 93.348946 94.452305 96.144946
r210 93.534912 91.369146 95.757712 94.743346
r211 94.072193 92.644027 96.171593 96.216527
r212 94.231572 90.881954 95.965972 95.206254
r213 93.121922 92.557720 96.068222 95.103320
r214 93.449095 93.302014 95.748195 96.564214
r215 92.678867 94.011930 95.967767 96.292330

[Iter 50]
r0 157.381645 121.036749 159.393045 122.255349
r1 146.620804 110.528455 149.025304 111.547855
r2 115.075060 32.250198 132.051160 50.412998
r3 86.010969 40.275365 110.084069 53.083565
r4 86.919562 60.550631 88.168662 62.512831
r5 79.656993 70.458354 80.978493 72.313054
r6 163.108685 118.648280 165.497685 119.674180
r7 138.041538 103.091485 160.135238 117.047185
r8 113.673045 66.599578 140.621545 78.041178
r9 97.567533 51.379009 123.533433 63.253509
r10 66.375199 46.081651 92.724299 57.783551
r11 73.495081 64.129782 75.465081 65.373982
r12 169.488473 101.735734 186.198773 120.187434
r13 144.694606 96.078469 164.029306 112.025669
r14 128.932631 56.698721 148.396231 73.446921
r15 98.781453 52.688357 118.088953 69.571957
r16 70.539791 33.623815 96.825991 45.353615
r17 54.035264 43.638000 71.390064 61.404500
r18 158.999267 50.475596 186.619667 61.638796
r19 146.576798 59.581573 168.060698 73.933473
r20 137.607393 60.234484 148.700193 68.409784
r21 100.416183 71.400079 113.523183 83.162279
r22 76.617367 79.833780 106.320267 97.480780
r23 57.454043 66.270269 86.087843 84.576169
r24 164.302393 45.609812 166.145293 46.939812
r25 147.767734 26.593239 174.670934 38.054039
r26 135.926685 35.828565 153.418785 53.455565
r27 94.606469 79.823623 125.787369 96.634123
r28 94.558481 90.132678 128.805081 105.438378
r29 112.128129 115.644621 115.290829 118.016021
r30 161.879046 40.515884 165.094446 41.811684
r31 164.353294 19.996216 166.101194 22.380016
r32 163.862298 2.667180 181.654898 32.127080
r33 100.256042 1.717527 121.135742 26.821727
r34 113.242421 112.724275 116.322421 114.077075
r35 111.772377 120.145751 115.933277 121.948251
r36 157.715109 127.151562 159.803809 128.324962
r37 131.947540 118.850662 151.384640 134.713762
r38 106.581091 110.154362 130.433591 123.081062
r39 78.270991 93.000042 105.435791 104.350542
r40 84.541075 75.742200 102.426575 92.981400
r41 78.157568 82.014845 79.275368 84.207445
r42 155.711558 119.097701 179.565658 132.023501
r43 134.524139 119.398477 160.705339 131.175377
r44 122.654460 95.657303 132.822860 104.575703
r45 93.650815 83.816115 107.913815 90.174215
r46 67.002297 56.875819 86.603597 72.606019
r47 57.727060 75.749315 77.097260 91.667215
r48 167.066938 81.707774 184.124938 99.783374
r49 144.511282 86.743580 156.945482 94.036880
r50 121.410829 82.124132 140.718729 90.781632
r51 102.932682 83.429689 114.491182 97.891489
r52 72.855990 79.020751 87.129890 85.374051
r53 52.116554 68.289620 74.321354 82.175520
r54 159.320537 73.752516 182.321737 87.157616
r55 146.161811 74.257274 160.334111 80.656074
r56 129.275049 81.834655 146.082349 91.780155
r57 117.122145 78.958688 139.118645 91.877388
r58 82.886062 88.080136 94.739762 101.085936
r59 83.704240 111.553591 107.698440 133.399091
r60 157.583770 46.901179 176.277470 63.395179
r61 144.329766 32.040210 171.832966 43.251010
r62 128.730896 42.241231 141.802396 49.178931
r63 125.021211 75.774516 136.714811 88.958416
r64 112.176827 104.615023 147.394627 119.498623
r65 118.786621 110.154623 152.190821 138.399623
r66 163.704244 46.824929 166.871144 48.140629
r67 148.221544 7.528692 178.448544 24.869692
r68 124.279931 4.344949 157.371131 20.185049
r69 109.294224 19.475714 145.188924 34.078614
r70 115.289829 119.226920 132.290129 150.059720
r71 123.038190 124.335377 127.150090 126.159377
r72 150.058438 138.757148 162.958238 162.659348
r73 116.475032 138.619578 138.863432 152.391578
r74 97.966749 126.412463 110.462849 133.669663
r75 78.110488 137.888830 93.102288 143.937930
r76 62.810010 160.097408 88.500110 172.099408
r77 63.426674 169.070415 85.313874 183.157815
r78 142.650509 140.259321 167.762609 152.537621
r79 132.599063 129.611685 140.528563 138.822785
r80 103.996894 116.875918 120.053494 127.286418
r81 88.235814 123.845658 96.545514 143.961558
r82 72.111279 139.680244 78.423179 151.251944
r83 59.167168 147.715791 81.157268 161.737191
r84 151.837454 83.845370 164.964254 89.409470
r85 132.813415 76.358194 143.706215 91.703794
r86 110.824458 92.718866 131.646458 115.437166
r87 82.365898 119.178418 107.135798 134.713618
r88 71.958894 110.498423 84.078994 124.290123
r89 62.508399 125.040158 73.192799 131.876158
r90 153.663374 72.873689 166.475474 82.564989
r91 141.928848 58.791545 153.307348 83.765645
r92 113.988855 76.704860 126.179455 90.416760
r93 79.415212 93.984115 93.343412 114.386315
r94 79.071351 108.501259 97.692051 123.762059
r95 78.329319 98.933690 90.076419 109.503690
r96 158.570236 62.857716 185.149936 82.578216
r97 148.627361 56.110104 161.077161 66.083504
r98 121.117057 53.910785 157.775857 69.027685
r99 85.654777 17.548128 108.735177 41.558428
r100 104.805888 114.312776 118.463888 123.403876
r101 145.392303 28.609283 182.846203 53.800283
r102 161.354886 49.516888 184.542686 90.206488
r103 158.164382 39.831542 179.498282 64.401242
r104 131.380353 55.152606 139.376053 70.681806
r105 126.075771 44.809070 138.940571 54.460770
r106 133.522049 117.052142 156.433249 139.930342
r107 146.591700 100.297110 187.390000 123.423010
r108 90.773546 154.193552 108.869546 171.232352
r109 86.447172 140.927185 113.471272 152.336785
r110 57.027956 130.988350 66.084856 139.052850
r111 51.415242 143.832231 62.815142 150.239231
r112 40.674471 169.228055 70.111571 187.034355
r113 63.296529 169.660900 92.861829 187.390000
r114 85.068407 96.957609 108.075207 110.359409
r115 90.498184 109.644715 99.955984 117.367415
r116 51.468735 121.236227 75.690235 134.694527
r117 43.284518 136.488051 66.392518 150.594851
r118 39.992036 144.055404 47.243436 161.178404
r119 52.460142 150.755343 85.800142 166.477143
r120 100.687970 73.379682 111.522070 80.121282
r121 83.116047 63.019775 104.594147 78.197175
r122 67.995036 96.397646 78.118436 112.909646
r123 56.146412 115.310809 65.465212 133.248409
r124 25.362515 117.167591 56.953915 134.709291
r125 50.477021 144.501840 66.090621 152.454340
r126 94.272085 60.174265 104.748085 72.026765
r127 63.284371 40.179627 89.401871 61.397827
r128 58.796062 48.298934 83.810462 59.659034
r129 64.538621 87.623128 75.203721 114.267828
r130 57.117800 108.603419 74.576400 140.345219
r131 44.410113 97.946240 53.283613 111.939240
r132 157.298500 4.214284 187.390000 35.568684
r133 101.295958 53.952587 111.078758 76.798887
r134 114.375834 24.290767 139.559934 46.295367
r135 85.292992 134.679571 104.122392 164.110571
r136 70.255249 129.773002 87.219449 137.092302
r137 25.781483 79.697184 74.291483 99.146784
r138 103.369509 59.361123 140.346209 84.877223
r139 80.490180 40.754122 118.992280 65.259322
r140 112.335319 44.965433 125.316319 54.530733
r141 110.097790 130.414051 117.287490 147.684151
r142 47.965781 118.075534 90.870681 140.066034
r143 27.423581 55.003272 67.460881 78.568772
r144 63.639839 98.322180 65.380639 99.730080
r145 57.422379 88.449128 70.956079 111.231728
r146 32.646499 103.700593 59.429899 115.212693
r147 21.912176 144.827075 48.789576 156.298875
r148 29.718889 135.840979 52.419089 158.931879
r149 39.423403 154.494317 42.350103 155.918017
r150 56.852966 86.609879 58.325466 88.274379
r151 36.300945 76.318277 56.983045 91.226477
r152 37.165229 107.972334 43.410329 119.667734
r153 33.996447 132.117243 40.443647 143.446143
r154 9.889192 158.711076 40.947992 175.587676
r155 35.962828 158.530214 37.861528 160.724714
r156 40.644633 28.772046 67.418433 40.288246
r157 33.901354 57.392499 55.053254 71.969599
r158 17.606443 94.889116 43.788243 107.339716
r159 22.363621 122.981769 47.450721 135.975669
r160 7.571852 128.739314 31.654452 150.504714
r161 16.523474 167.124800 63.081074 187.390000
r162 55.583227 14.555368 76.491727 39.624868
r163 29.554138 25.717892 65.182738 40.429892
r164 36.536272 55.574597 54.741672 86.014297
r165 35.772661 82.960694 55.476961 111.084794
r166 4.546686 105.942006 29.564286 143.655506
r167 3.301563 75.999941 24.220563 121.102441
r168 91.509526 32.940266 93.529426 36.653266
r169 64.527135 18.028430 101.141135 43.797330
r170 97.116706 81.747041 126.789806 113.543541
r171 60.889723 140.676535 90.274923 172.784535
r172 28.154796 34.101622 73.283996 55.008222
r173 46.958995 99.287618 51.210195 101.051818
r174 102.603496 45.335914 106.683596 47.174114
r175 100.283715 42.123721 104.036815 44.122121
r176 97.068044 9.404223 131.481844 36.820523
r177 88.351836 153.083964 127.660236 177.086464
r178 60.342111 107.892636 63.637911 110.168236
r179 51.487987 102.713259 55.288787 104.686559
r180 54.656263 89.792824 55.761563 92.010324
r181 49.521993 95.670314 51.691293 96.800214
r182 32.275849 109.001173 33.974249 110.444273
r183 28.570532 139.257505 30.089732 140.870905
r184 30.549529 143.628665 32.388229 145.894765
r185 31.657972 151.798674 34.798672 153.125374
r186 50.581504 81.909790 52.886104 82.973290
r187 44.366401 85.974254 45.405301 88.333454
r188 10.663381 95.083517 37.065181 106.762017
r189 7.254445 128.794738 30.056245 142.317038
r190 24.255843 143.850569 26.079243 146.135669
r191 30.091296 149.820906 32.516396 151.539106
r192 48.353473 51.115740 50.327373 52.357440
r193 26.788315 55.520050 51.702715 67.895750
r194 4.580204 82.690242 24.552804 98.128042
r195 6.603195 113.213306 22.879795 132.156706
r196 8.077588 110.486485 24.916588 141.614585
r197 28.664546 140.124144 31.628446 142.654544
r198 56.240475 38.933777 58.617175 40.686977
r199 22.702247 42.071745 57.783047 57.013445
r200 8.186761 77.988998 40.440861 94.240098
r201 6.165534 74.298419 30.924434 95.469319
r202 7.982452 129.229615 39.218852 159.434815
r203 28.215577 123.036085 32.135077 124.949585
r204 86.274846 40.256315 88.171146 44.211315
r205 84.016603 43.653859 86.525303 46.643459
r206 59.753035 115.186328 93.896035 142.820128
r207 56.763188 72.547846 91.301688 99.865246
r208 59.770778 98.033710 61.925878 101.513810
r209 52.078050 105.863302 54.760450 108.659302
r210 98.229359 45.454629 100.452159 48.828829
r211 98.422387 46.355997 100.521787 49.928497
r212 96.587146 83.714281 98.321546 88.038581
r213 92.164285 91.675467 95.110585 94.221067
r214 69.874018 100.896713 72.173118 104.158913
r215 56.727953 105.928358 60.016853 108.208758

[Iter 100]
r0 162.928542 127.474186 164.939942 128.692786
r1 160.774498 128.615094 163.178998 129.634494
r2 133.922415 123.911251 150.898515 142.074051
r3 94.899285 71.368720 118.972385 84.176920
r4 100.508207 92.390537 101.757307 94.352737
r5 96.344282 94.181529 97.665782 96.036229
r6 169.558841 118.868093 171.947841 119.893993
r7 164.293350 106.850175 186.387050 120.805875
r8 127.840602 108.748193 154.789102 120.189793
r9 98.363559 79.645308 124.329459 91.519808
r10 84.875316 72.863871 111.224416 84.565771
r11 91.636707 80.756450 93.606707 82.000650
r12 167.426482 84.248475 184.136782 102.700175
r13 165.467664 73.151791 184.802364 89.098991
r14 132.350857 53.292847 151.814457 70.041047
r15 107.405328 39.048605 126.712828 55.932205
r16 89.397083 54.736292 115.683283 66.466092
r17 88.473116 45.724766 105.827916 63.491266
r18 159.161242 42.257556 186.781642 53.420756
r19 160.105911 48.329712 181.589811 62.681612
r20 137.616298 45.707636 148.709098 53.882936
r21 142.304470 45.323454 155.411470 57.085654
r22 150.829883 64.243321 180.532783 81.890321
r23 146.101423 118.593583 174.735223 136.899483
r24 166.062613 31.130857 167.905513 32.460857
r25 143.793367 18.675204 170.696567 30.136004
r26 120.803468 19.034406 138.295568 36.661406
r27 119.205662 49.943300 150.386562 66.753800
r28 151.973650 84.249906 186.220250 99.555606
r29 157.328155 113.126878 160.490855 115.498278
r30 161.949955 24.863194 165.165355 26.158994
r31 156.278727 17.259868 158.026627 19.643668
r32 116.729658 2.075951 134.522258 31.535851
r33 160.505991 18.301807 181.385691 43.406007
r34 158.601659 95.044270 161.681659 96.397070
r35 155.238592 110.531125 159.399492 112.333625
r36 156.810671 134.976837 158.899371 136.150237
r37 153.220798 133.183181 172.657898 149.046281
r38 129.933890 139.530196 153.786390 152.456896
r39 95.290528 142.223346 122.455328 153.573846
r40 100.705782 122.738427 118.591282 139.977627
r41 92.894159 103.359491 94.011959 105.552091
r42 151.157360 120.543319 175.011460 133.469119
r43 148.562450 106.759878 174.743650 118.536778
r44 135.611399 110.243510 145.779799 119.161910
r45 104.162394 111.067242 118.425394 117.425342
r46 78.789478 113.430800 98.390778 129.161000
r47 77.357547 88.799431 96.727747 104.717331
r48 156.958418 85.598123 174.016418 103.673723
r49 150.333727 78.537235 162.767927 85.830535
r50 126.186185 70.481107 145.494085 79.138607
r51 105.682493 88.781946 117.240993 103.243746
r52 94.228467 104.306134 108.502367 110.659434
r53 100.508265 100.099023 122.713065 113.984923
r54 152.968559 61.272008 175.969759 74.677108
r55 143.419747 62.622631 157.592047 69.021431
r56 123.711686 51.986562 140.518986 61.932062
r57 125.130234 84.481857 147.126734 97.400557
r58 122.003191 104.472107 133.856891 117.477907
r59 124.196202 121.310408 148.190402 143.155908
r60 161.531858 21.025947 180.225558 37.519947
r61 133.636239 25.549653 161.139439 36.760453
r62 120.456796 35.156011 133.528296 42.093711
r63 119.497013 61.169516 131.190613 74.353416
r64 130.932787 110.151262 166.150587 125.034862
r65 132.208246 92.621941 165.612446 120.866941
r66 161.210921 20.868200 164.377821 22.183900
r67 145.243500 0.000000 175.470500 17.341000
r68 84.100741 15.044480 117.191941 30.884580
r69 81.049627 55.145933 116.944327 69.748833
r70 142.905440 76.820224 159.905740 107.653024
r71 147.106487 114.260518 151.218387 116.084518
r72 120.625770 131.931539 133.525570 155.833739
r73 115.706513 153.325456 138.094913 167.097456
r74 108.162025 146.388949 120.658125 153.646149
r75 87.509555 147.947825 102.501355 153.996925
r76 77.100810 156.123716 102.790910 168.125716
r77 78.389677 162.271175 100.276877 176.358575
r78 127.052634 102.245648 152.164734 114.523948
r79 126.937524 105.031759 134.867024 114.242859
r80 112.886776 123.848268 128.943376 134.258768
r81 87.765423 117.763808 96.075123 137.879708
r82 81.750182 135.702952 88.062082 147.274652
r83 75.070474 138.063720 97.060574 152.085120
r84 142.251944 83.894483 155.378744 89.458583
r85 133.115338 77.358539 144.008138 92.704139
r86 112.007168 77.107439 132.829168 99.825739
r87 83.259012 93.507948 108.028912 109.043148
r88 72.626333 105.265552 84.746433 119.057252
r89 79.068863 123.240350 89.753263 130.076350
r90 153.578384 59.052269 166.390484 68.743569
r91 136.001267 54.667285 147.379767 79.641385
r92 118.669568 61.018890 130.860168 74.730790
r93 89.428654 85.332137 103.356854 105.734337
r94 101.127883 99.454425 119.748583 114.715225
r95 99.295261 126.832102 111.042361 137.402102
r96 155.880798 35.035642 182.460498 54.756142
r97 139.446175 40.108610 151.895975 50.082010
r98 108.923639 29.660070 145.582439 44.776970
r99 98.747387 70.489750 121.827787 94.500050
r100 111.426064 104.197986 125.084064 113.289086
r101 119.992045 93.584025 157.445945 118.775025
r102 147.494807 0.879044 170.682607 41.568644
r103 143.569987 13.749367 164.903887 38.319067
r104 104.730814 24.050996 112.726514 39.580196
r105 106.626775 72.738664 119.491575 82.390364
r106 116.531563 122.267004 139.442763 145.145204
r107 126.585892 129.026596 167.384192 152.152496
r108 56.788970 149.238750 74.884970 166.277550
r109 45.626089 156.605588 72.650189 168.015188
r110 52.748892 143.998894 61.805792 152.063394
r111 54.566344 147.606803 65.966244 154.013803
r112 41.905658 164.566290 71.342758 182.372590
r113 57.585488 169.444360 87.150788 187.173460
r114 49.877142 86.452113 72.883942 99.853913
r115 58.740401 102.614004 68.198201 110.336704
r116 52.782315 129.891284 77.003815 143.349584
r117 49.468617 118.287960 72.576617 132.394760
r118 57.881205 134.254994 65.132605 151.377994
r119 71.360132 151.438479 104.700132 167.160279
r120 62.903768 65.107800 73.737868 71.849400
r121 54.532160 63.906725 76.010260 79.084125
r122 58.186250 81.903574 68.309650 98.415574
r123 57.435056 101.228322 66.753856 119.165922
r124 44.770331 117.106013 76.361731 134.647713
r125 70.555109 128.238817 86.168709 136.191317
r126 67.630343 37.518297 78.106343 49.370797
r127 51.927864 57.101610 78.045364 78.319810
r128 52.080469 67.046971 77.094869 78.407071
r129 62.830865 84.768080 73.495965 111.412780
r130 74.049342 102.607940 91.507942 134.349740
r131 91.762764 136.619943 100.636264 150.612943
r132 65.430528 11.377219 95.522028 42.731619
r133 108.092705 25.756698 117.875505 48.602998
r134 78.345729 33.469799 103.529829 55.474399
r135 87.610006 72.700994 106.439406 102.131994
r136 82.657785 120.247962 99.621985 127.567262
r137 89.402990 151.549783 137.912990 170.999383
r138 99.355580 2.377968 136.332280 27.894068
r139 107.766543 31.763036 146.268643 56.268236
r140 96.611226 42.049107 109.592226 51.614407
r141 91.353833 92.398075 98.543533 109.668175
r142 58.455373 114.458439 101.360273 136.448939
r143 79.228120 132.282166 119.265420 155.847666
r144 49.902530 117.498343 51.643330 118.906243
r145 38.677083 112.888136 52.210783 135.670736
r146 20.765444 134.652107 47.548844 146.164207
r147 19.779748 144.090131 46.657148 155.561931
r148 35.648872 138.128368 58.349072 161.219268
r149 40.086267 145.712608 43.012967 147.136308
r150 48.266236 100.002151 49.738736 101.666651
r151 34.350659 95.240002 55.032759 110.148202
r152 33.395567 113.795997 39.640667 125.491397
r153 28.108072 124.525802 34.555272 135.854702
r154 4.380348 132.828085 35.439148 149.704685
r155 31.393161 146.064095 33.291861 148.258595
r156 36.018264 47.970380 62.792064 59.486580
r157 32.851978 58.702514 54.003878 73.279614
r158 27.095204 79.358280 53.277004 91.808880
r159 13.849941 107.910043 38.937041 120.903943
r160 17.702769 147.492234 41.785369 169.257634
r161 2.952299 142.130430 49.509899 162.395630
r162 35.459598 20.476404 56.368098 45.545904
r163 19.422100 47.399707 55.050700 62.111707
r164 28.357002 63.242584 46.562402 93.682284
r165 34.196507 93.759089 53.900807 121.883189
r166 61.322167 90.246839 86.339767 127.960339
r167 45.318716 134.292116 66.237716 179.394616
r168 50.309368 32.653284 52.329268 36.366284
r169 27.142059 22.420001 63.756059 48.188901
r170 18.433844 57.636791 48.106944 89.433291
r171 87.449343 88.818532 116.834543 120.926532
r172 52.673975 78.633542 97.803175 99.540142
r173 66.819019 139.061020 71.070219 140.825220
r174 56.584171 37.277795 60.664271 39.115995
r175 58.773130 43.393172 62.526230 45.391572
r176 62.249881 45.582629 96.663681 72.998929
r177 63.063846 163.387500 102.372246 187.390000
r178 73.254879 123.870086 76.550679 126.145686
r179 70.327127 128.262124 74.127927 130.235424
r180 44.387474 110.414206 45.492774 112.631706
r181 39.817442 114.618010 41.986742 115.747910
r182 32.279200 123.002859 33.977600 124.445959
r183 30.251543 133.441925 31.770743 135.055325
r184 32.807711 135.729891 34.646411 137.995991
r185 33.221276 138.590986 36.361976 139.917686
r186 41.648457 98.888009 43.953057 99.951509
r187 35.579715 97.025555 36.618615 99.384755
r188 7.354607 92.565732 33.756407 104.244232
r189 6.001168 126.893182 28.802968 140.415482
r190 23.429871 134.090947 25.253271 136.376047
r191 28.322707 137.737058 30.747807 139.455258
r192 39.245832 62.399435 41.219732 63.641135
r193 11.960330 62.271785 36.874730 74.647485
r194 6.709766 74.491753 26.682366 89.929553
r195 7.338331 102.106867 23.614931 121.050267
r196 10.234428 101.911046 27.073428 133.039146
r197 25.271776 134.464672 28.235676 136.995072
r198 39.630958 49.147438 42.007658 50.900638
r199 5.927433 48.711472 41.008233 63.653172
r200 0.396290 72.164427 32.650390 88.415527
r201 8.043773 92.994657 32.802673 114.165557
r202 19.552156 94.210437 50.788556 124.415637
r203 35.472754 131.779487 39.392254 133.692987
r204 44.167625 43.152056 46.063925 47.107056
r205 36.214498 47.898313 38.723198 50.887913
r206 0.000000 30.806161 34.143000 58.439961
r207 0.000000 98.829012 34.538500 126.146412
r208 52.306697 114.203639 54.461797 117.683739
r209 55.063281 129.238138 57.745681 132.034138
r210 50.543421 41.939317 52.766221 45.313517
r211 49.696806 48.349964 51.796206 51.922464
r212 51.605653 55.931505 53.340053 60.255805
r213 54.436454 122.701503 57.382754 125.247103
r214 60.036324 122.245376 62.335424 125.507576
r215 60.939506 126.468719 64.228406 128.749119

[Iter 150]
r0 170.896649 115.668105 172.908049 116.886705
r1 170.442539 118.178674 172.847039 119.198074
r2 165.461307 120.665661 182.437407 138.828461
r3 127.661668 134.638558 151.734768 147.446758
r4 119.222081 144.018673 120.471181 145.980873
r5 113.860467 156.393071 115.181967 158.247771
r6 173.731962 98.410236 176.120962 99.436136
r7 163.384725 87.479444 185.478425 101.435144
r8 144.502598 91.051119 171.451098 102.492719
r9 130.657888 107.121890 156.623788 118.996390
r10 107.072177 126.042917 133.421277 137.744817
r11 116.420245 155.214564 118.390245 156.458764
r12 170.183803 55.306132 186.894103 73.757832
r13 149.992688 67.794878 169.327388 83.742078
r14 138.035752 75.285854 157.499352 92.034054
r15 119.486958 74.644564 138.794458 91.528164
r16 112.929521 93.675259 139.215721 105.405059
r17 123.978112 150.335951 141.332912 168.102451
r18 155.753754 41.774448 183.374154 52.937648
r19 138.212609 49.328314 159.696509 63.680214
r20 138.972894 56.933494 150.065694 65.108794
r21 129.345122 80.556347 142.452122 92.318547
r22 113.687255 104.532878 143.390155 122.179878
r23 120.663303 144.555323 149.297103 162.861223
r24 145.893984 33.122738 147.736884 34.452738
r25 120.904825 28.862954 147.808025 40.323754
r26 135.712193 39.894238 153.204293 57.521238
r27 140.550649 80.244372 171.731549 97.054872
r28 148.736297 100.064601 182.982897 115.370301
r29 156.335382 123.287841 159.498082 125.659241
r30 141.162028 30.056300 144.377428 31.352100
r31 137.397936 33.690728 139.145836 36.074528
r32 136.228629 36.381204 154.021229 65.841104
r33 164.876380 69.478795 185.756080 94.582995
r34 165.067272 119.205567 168.147272 120.558367
r35 160.356278 123.909695 164.517178 125.712195
r36 168.553171 125.158504 170.641871 126.331904
r37 156.369632 119.965961 175.806732 135.829061
r38 140.777630 128.788027 164.630130 141.714727
r39 124.448589 148.729522 151.613389 160.080022
r40 105.313822 166.372667 123.199322 183.611867
r41 107.926480 167.985196 109.044280 170.177796
r42 161.168737 102.243468 185.022837 115.169268
r43 141.673398 101.799942 167.854598 113.576842
r44 137.507217 108.941184 147.675617 117.859584
r45 119.728389 114.357948 133.991389 120.716048
r46 99.570319 131.505546 119.171619 147.235746
r47 95.331114 158.775321 114.701314 174.693221
r48 164.212101 60.081074 181.270101 78.156674
r49 141.548071 71.165446 153.982271 78.458746
r50 117.348828 76.857495 136.656728 85.514995
r51 108.321856 93.776093 119.880356 108.237893
r52 101.299038 119.150526 115.572938 125.503826
r53 95.970705 145.642423 118.175505 159.528323
r54 152.654387 31.883514 175.655587 45.288614
r55 122.871050 45.647433 137.043350 52.046233
r56 117.361088 56.316604 134.168388 66.262104
r57 117.461195 88.237772 139.457695 101.156472
r58 113.078615 113.464933 124.932315 126.470733
r59 105.717231 133.136175 129.711431 154.981675
r60 139.606949 15.271748 158.300649 31.765748
r61 114.872687 22.899551 142.375887 34.110351
r62 124.846281 56.350490 137.917781 63.288190
r63 141.248715 73.655811 152.942315 86.839711
r64 134.120002 100.120375 169.337802 115.003975
r65 138.382104 106.543589 171.786304 134.788589
r66 141.539108 22.954379 144.706008 24.270079
r67 121.434934 12.518582 151.661934 29.859582
r68 129.443333 46.426066 162.534533 62.266166
r69 151.495300 55.716795 187.390000 70.319695
r70 157.287321 118.360217 174.287621 149.193017
r71 156.994810 131.116031 161.106710 132.940031
r72 148.739923 139.366727 161.639723 163.268927
r73 120.928767 129.391583 143.317167 143.163583
r74 97.553829 130.088834 110.049929 137.346034
r75 84.793540 141.823203 99.785340 147.872303
r76 71.083499 161.236913 96.773599 173.238913
r77 73.606230 172.898310 95.493430 186.985710
r78 99.292814 113.171244 124.404914 125.449544
r79 113.698602 104.002000 121.628102 113.213100
r80 92.881788 108.511007 108.938388 118.921507
r81 90.550321 115.344985 98.860021 135.460885
r82 83.447480 138.731705 89.759380 150.303405
r83 69.962699 152.920490 91.952799 166.941890
r84 111.102074 64.204435 124.228874 69.768535
r85 105.663684 65.379825 116.556484 80.725425
r86 88.216424 67.755084 109.038424 90.473384
r87 84.366725 92.987510 109.136625 108.522710
r88 89.479050 120.029019 101.599150 133.820719
r89 84.070717 146.256880 94.755117 153.092880
r90 114.772739 36.658967 127.584839 46.350267
r91 104.510430 32.327728 115.888930 57.301828
r92 98.769005 56.901427 110.959605 70.613327
r93 94.786353 85.078108 108.714553 105.480308
r94 98.964053 115.460759 117.584753 130.721559
r95 99.585784 141.674802 111.332884 152.244802
r96 131.887721 20.758840 158.467421 40.479340
r97 107.037816 31.068449 119.487616 41.041849
r98 91.454129 56.211215 128.112929 71.328115
r99 101.776606 80.163365 124.857006 104.173665
r100 128.778608 121.028420 142.436608 130.119520
r101 130.977480 132.405620 168.431380 157.596620
r102 133.026312 0.000000 156.214112 40.689600
r103 103.860735 5.783813 125.194635 30.353513
r104 116.558015 48.447115 124.553715 63.976315
r105 121.929204 70.871946 134.794004 80.523646
r106 135.136351 124.522389 158.047551 147.400589
r107 126.282957 162.295030 167.081257 185.420930
r108 58.701404 136.830085 76.797404 153.868885
r109 60.637729 131.446320 87.661829 142.855920
r110 70.545830 130.087041 79.602730 138.151541
r111 62.052620 141.991993 73.452520 148.398993
r112 53.004848 142.254217 82.441948 160.060517
r113 60.131428 169.660900 89.696728 187.390000
r114 65.495552 86.276235 88.502352 99.678035
r115 73.412249 98.291358 82.870049 106.014058
r116 63.514741 105.211009 87.736241 118.669309
r117 58.014583 108.247193 81.122583 122.353993
r118 64.849082 128.663362 72.100482 145.786362
r119 53.965584 157.944763 87.305584 173.666563
r120 80.181585 57.285201 91.015685 64.026801
r121 71.539001 56.168022 93.017101 71.345422
r122 71.746167 68.371633 81.869567 84.883633
r123 67.956100 88.564690 77.274900 106.502290
r124 54.356738 116.962316 85.948138 134.504016
r125 68.667944 143.724851 84.281544 151.677351
r126 87.343095 31.493677 97.819095 43.346177
r127 70.661107 30.145916 96.778607 51.364116
r128 63.128193 64.825727 88.142593 76.185827
r129 70.557397 83.817632 81.222497 110.462332
r130 82.151377 111.295433 99.609977 143.037233
r131 86.864554 138.463949 95.738054 152.456949
r132 106.608117 27.109599 136.699617 58.463999
r133 81.460867 27.285847 91.243667 50.132147
r134 66.839041 47.906077 92.023141 69.910677
r135 73.828114 76.113094 92.657514 105.544094
r136 90.105138 110.142131 107.069338 117.461431
r137 91.496649 125.880004 140.006649 145.329604
r138 53.626147 1.046821 90.602847 26.562921
r139 87.093713 1.619944 125.595813 26.125144
r140 98.589667 49.868377 111.570667 59.433677
r141 109.220368 68.856710 116.410068 86.126810
r142 89.774231 60.398203 132.679131 82.388703
r143 86.743108 157.513216 126.780408 181.078716
r144 57.523519 112.923091 59.264319 114.330991
r145 48.748550 107.342140 62.282250 130.124740
r146 30.748544 126.993122 57.531944 138.505222
r147 28.107618 139.351800 54.985018 150.823600
r148 24.568481 143.482852 47.268681 166.573752
r149 37.947225 153.342112 40.873925 154.765812
r150 59.222831 94.016443 60.695331 95.680943
r151 45.130794 88.007082 65.812894 102.915282
r152 43.377248 108.611195 49.622348 120.306595
r153 41.594183 120.074624 48.041383 131.403524
r154 25.874234 129.432660 56.933034 146.309260
r155 37.968521 149.088008 39.867221 151.282508
r156 48.651356 47.690867 75.425156 59.207067
r157 46.260323 56.083992 67.412223 70.661092
r158 36.757784 71.591023 62.939584 84.041623
r159 32.758724 89.200871 57.845824 102.194771
r160 35.375848 111.390361 59.458448 133.155761
r161 1.319946 144.185003 47.877546 164.450203
r162 50.266436 17.637515 71.174936 42.707015
r163 39.200227 37.908032 74.828827 52.620032
r164 44.748174 56.402108 62.953574 86.841808
r165 47.679006 81.683749 67.383306 109.807849
r166 60.861989 131.612117 85.879589 169.325617
r167 48.947903 133.393610 69.866903 178.496110
r168 63.411592 34.070255 65.431492 37.783255
r169 41.673055 30.065904 78.287055 55.834804
r170 24.680513 36.091861 54.353613 67.888361
r171 56.666410 55.865143 86.051610 87.973143
r172 56.046664 104.518982 101.175864 125.425582
r173 78.156348 131.174399 82.407548 132.938599
r174 66.862584 29.425549 70.942684 31.263749
r175 71.789035 35.507554 75.542135 37.505954
r176 78.691117 40.246224 113.104917 67.662524
r177 100.983849 85.447229 140.292249 109.449729
r178 91.887460 98.165941 95.183260 100.441541
r179 83.067825 129.263337 86.868625 131.236637
r180 53.048362 108.687572 54.153662 110.905072
r181 46.821792 112.749047 48.991092 113.878947
r182 37.723767 122.951719 39.422167 124.394819
r183 34.524304 133.813613 36.043504 135.427013
r184 32.998543 140.257167 34.837243 142.523267
r185 33.991179 143.799368 37.131879 145.126068
r186 52.219664 97.532738 54.524264 98.596238
r187 44.598001 100.096829 45.636901 102.456029
r188 16.147491 108.118838 42.549291 119.797338
r189 16.138715 118.285822 38.940515 131.808122
r190 30.769288 133.161681 32.592688 135.446781
r191 32.289817 139.943052 34.714917 141.661252
r192 51.929287 57.299859 53.903187 58.541559
r193 23.170071 54.080761 48.084471 66.456461
r194 18.654960 68.861037 38.627560 84.298837
r195 17.614290 88.640286 33.890890 107.583686
r196 16.668615 105.991412 33.507615 137.119512
r197 27.882060 135.023137 30.845960 137.553537
r198 52.739077 39.272168 55.115777 41.025368
r199 14.223533 40.881018 49.304333 55.822718
r200 12.052882 63.707600 44.306982 79.958700
r201 20.444455 85.994138 45.203355 107.165038
r202 8.882801 110.460608 40.119201 140.665808
r203 38.930440 133.003317 42.849940 134.916817
r204 57.904766 35.035121 59.801066 38.990121
r205 52.638093 43.418689 55.146793 46.408289
r206 0.000000 50.647668 34.143000 78.281468
r207 31.904044 88.192672 66.442544 115.510072
r208 67.066045 108.053026 69.221145 111.533126
r209 66.300573 126.015545 68.982973 128.811545
r210 62.456206 32.469554 64.679006 35.843754
r211 64.058424 38.181046 66.157824 41.753546
r212 68.412569 60.244525 70.146969 64.568825
r213 72.684450 88.884376 75.630750 91.429976
r214 75.263888 97.291708 77.562988 100.553908
r215 72.440075 123.229536 75.728975 125.509936

[Iter 200]
r0 161.489282 98.106657 163.500682 99.325257
r1 164.263514 105.957880 166.668014 106.977280
r2 164.420259 113.588190 181.396359 131.750990
r3 155.242985 141.568869 179.316085 154.377069
r4 133.891767 158.112591 135.140867 160.074791
r5 128.489151 166.752675 129.810651 168.607375
r6 165.966247 88.916997 168.355247 89.942897
r7 159.877586 90.604778 181.971286 104.560478
r8 156.584521 103.543468 183.533021 114.985068
r9 148.076934 129.818669 174.042834 141.693169
r10 127.360847 156.317061 153.709947 168.018961
r11 131.942861 169.158481 133.912861 170.402681
r12 165.682530 54.402622 182.392830 72.854322
r13 157.536207 67.537866 176.870907 83.485066
r14 132.001985 81.217576 151.465585 97.965776
r15 124.227961 116.438846 143.535461 133.322446
r16 124.679042 141.584064 150.965242 153.313864
r17 132.669553 167.804157 150.024353 185.570657
r18 153.779831 34.655359 181.400231 45.818559
r19 149.751244 43.844662 171.235144 58.196562
r20 137.710991 71.719146 148.803791 79.894446
r21 135.602852 104.947623 148.709852 116.709823
r22 134.469045 138.244555 164.171945 155.891555
r23 134.596232 161.983585 163.230032 180.289485
r24 142.942071 37.180863 144.784971 38.510863
r25 124.569098 42.663555 151.472298 54.124355
r26 127.036593 52.679678 144.528693 70.306678
r27 126.805856 68.739036 157.986756 85.549536
r28 145.083485 131.721007 179.330085 147.026707
r29 151.309080 139.730410 154.471780 142.101810
r30 142.499366 37.181864 145.714766 38.477664
r31 144.779532 43.198225 146.527432 45.582025
r32 153.039392 41.817551 170.831992 71.277451
r33 161.553927 67.197919 182.433627 92.302119
r34 163.080465 121.701993 166.160465 123.054793
r35 157.704617 130.371989 161.865517 132.174489
r36 151.422594 99.051443 153.511294 100.224843
r37 139.017564 105.476227 158.454664 121.339327
r38 138.240139 111.818389 162.092639 124.745089
r39 136.482110 143.120360 163.646910 154.470860
r40 102.308709 148.761156 120.194209 166.000356
r41 112.346221 169.163423 113.464021 171.356023
r42 147.262489 81.352188 171.116589 94.277988
r43 127.117428 90.044646 153.298628 101.821546
r44 127.615428 106.458073 137.783828 115.376473
r45 119.605144 130.787862 133.868144 137.145962
r46 105.783032 142.555149 125.384332 158.285349
r47 104.342782 170.590851 123.712982 186.508751
r48 147.838604 54.423089 164.896604 72.498689
r49 137.340192 66.330369 149.774392 73.623669
r50 119.550279 80.749923 138.858179 89.407423
r51 116.628820 116.979684 128.187320 131.441484
r52 115.679354 139.281575 129.953254 145.634875
r53 110.839467 168.098678 133.044267 181.984578
r54 139.645933 25.956960 162.647133 39.362060
r55 125.492340 47.605114 139.664640 54.003914
r56 116.339653 68.583454 133.146953 78.528954
r57 114.264195 103.090138 136.260695 116.008838
r58 117.980003 138.551784 129.833703 151.557584
r59 108.220772 160.779680 132.214972 182.625180
r60 126.349859 17.095453 145.043559 33.589453
r61 110.773449 35.410180 138.276649 46.620980
r62 120.144660 61.516861 133.216160 68.454561
r63 123.673887 85.022638 135.367487 98.206538
r64 114.221819 138.503219 149.439619 153.386819
r65 124.656450 140.249025 158.060650 168.494025
r66 140.813409 32.139166 143.980309 33.454866
r67 126.939231 31.091780 157.166231 48.432780
r68 126.143860 55.946991 159.235060 71.787091
r69 148.025411 88.113440 183.920111 102.716340
r70 157.039737 104.341904 174.040037 135.174704
r71 157.779179 129.590185 161.891079 131.414185
r72 110.970590 88.410232 123.870390 112.312432
r73 96.728023 97.188816 119.116423 110.960816
r74 92.775275 117.395125 105.271375 124.652325
r75 83.404030 140.277049 98.395830 146.326149
r76 71.668278 150.276060 97.358378 162.278060
r77 70.523442 166.582421 92.410642 180.669821
r78 101.281327 79.704576 126.393427 91.982876
r79 102.515298 89.324583 110.444798 98.535683
r80 92.227172 106.587539 108.283772 116.998039
r81 90.801956 125.777977 99.111656 145.893877
r82 89.602381 145.836019 95.914281 157.407719
r83 81.221906 170.669762 103.212006 184.691162
r84 109.041187 52.797703 122.167987 58.361803
r85 105.108492 50.918462 116.001292 66.264062
r86 89.996329 62.058835 110.818329 84.777135
r87 89.147419 118.973230 113.917319 134.508430
r88 97.789932 135.051113 109.910032 148.842813
r89 95.922724 162.865700 106.607124 169.701700
r90 115.619367 40.046299 128.431467 49.737599
r91 106.344669 36.361110 117.723169 61.335210
r92 102.898846 59.726251 115.089446 73.438151
r93 97.695055 104.227132 111.623255 124.629332
r94 100.216621 130.821110 118.837321 146.081910
r95 104.126416 160.296667 115.873516 170.866667
r96 118.026926 16.089166 144.606626 35.809666
r97 107.068972 34.771937 119.518772 44.745337
r98 96.094302 60.535935 132.753102 75.652835
r99 97.920777 84.089742 121.001177 108.100042
r100 111.174435 124.739723 124.832435 133.830823
r101 123.921588 158.658425 161.375488 183.849425
r102 135.201719 6.379178 158.389519 47.068778
r103 99.588704 9.734355 120.922604 34.304055
r104 109.774845 61.017906 117.770545 76.547106
r105 111.919036 86.140961 124.783836 95.792661
r106 129.201007 97.254064 152.112207 120.132264
r107 142.347200 105.796346 183.145500 128.922246
r108 77.065368 86.765932 95.161368 103.804732
r109 68.241043 97.108312 95.265143 108.517912
r110 74.486616 120.360566 83.543516 128.425066
r111 67.336838 140.716539 78.736738 147.123539
r112 53.407242 147.716856 82.844342 165.523156
r113 45.426832 169.660900 74.992132 187.390000
r114 69.379058 72.375629 92.385858 85.777429
r115 73.633125 87.185869 83.090925 94.908569
r116 63.755530 108.759618 87.977030 122.217918
r117 60.215569 132.131611 83.323569 146.238411
r118 67.755677 141.213353 75.007077 158.336353
r119 68.125331 168.619272 101.465331 184.341072
r120 81.969470 50.070712 92.803570 56.812312
r121 72.032655 51.629693 93.510755 66.807093
r122 68.131346 64.442131 78.254746 80.954131
r123 67.986558 111.501650 77.305358 129.439250
r124 59.138139 122.999179 90.729539 140.540879
r125 79.983817 159.364480 95.597417 167.316980
r126 88.342239 38.265109 98.818239 50.117609
r127 73.670680 32.918922 99.788180 54.137122
r128 59.271567 61.307751 84.285967 72.667851
r129 66.854999 95.890323 77.520099 122.535023
r130 85.464375 121.675459 102.922975 153.417259
r131 91.924466 153.137915 100.797966 167.130915
r132 112.010884 33.039391 142.102384 64.393791
r133 73.879146 28.979844 83.661946 51.826144
r134 67.019000 62.022194 92.203100 84.026794
r135 70.890711 82.314144 89.720111 111.745144
r136 88.343136 116.752068 105.307336 124.071368
r137 77.785933 159.480565 126.295933 178.930165
r138 100.999644 0.000000 137.976344 25.516100
r139 61.090925 3.528778 99.593025 28.033978
r140 87.146611 64.380399 100.127611 73.945699
r141 95.078756 84.993266 102.268456 102.263366
r142 110.467285 85.367948 153.372185 107.358448
r143 101.750990 112.572024 141.788290 136.137524
r144 64.407688 91.480972 66.148488 92.888872
r145 52.690220 86.939112 66.223920 109.721712
r146 40.078226 122.619709 66.861626 134.131809
r147 36.731177 140.979018 63.608577 152.450818
r148 28.311403 151.010493 51.011603 174.101393
r149 45.383265 160.316906 48.309965 161.740606
r150 64.473475 82.938651 65.945975 84.603151
r151 46.152752 80.747799 66.834852 95.655999
r152 50.084865 111.789097 56.329965 123.484497
r153 45.993329 132.460466 52.440529 143.789366
r154 29.293676 134.883119 60.352476 151.759719
r155 42.411888 155.362643 44.310588 157.557143
r156 54.159743 43.462608 80.933543 54.978808
r157 44.764805 50.402110 65.916705 64.979210
r158 38.375024 70.319199 64.556824 82.769799
r159 34.310252 100.867412 59.397352 113.861312
r160 32.755203 118.558549 56.837803 140.323949
r161 6.187821 155.237205 52.745421 175.502405
r162 57.139871 26.330904 78.048371 51.400404
r163 30.741075 34.963695 66.369675 49.675695
r164 43.019176 61.230674 61.224576 91.670374
r165 41.029839 87.774951 60.734139 115.899051
r166 39.415820 124.909971 64.433420 162.623471
r167 75.847388 127.538744 96.766388 172.641244
r168 71.275985 37.153058 73.295885 40.866058
r169 33.789219 28.810935 70.403219 54.579835
r170 60.970331 61.336498 90.643431 93.132998
r171 40.051455 83.047969 69.436655 115.155969
r172 41.696739 103.825073 86.825939 124.731673
r173 79.122231 137.397380 83.373431 139.161580
r174 74.508293 34.095910 78.588393 35.934110
r175 72.487468 36.921834 76.240568 38.920234
r176 68.663169 44.222428 103.076969 71.638728
r177 84.310466 82.012720 123.618866 106.015220
r178 83.921740 106.733913 87.217540 109.009513
r179 82.766418 128.042170 86.567218 130.015470
r180 59.261047 90.474471 60.366347 92.691971
r181 53.146919 95.434793 55.316219 96.564693
r182 46.678710 123.664874 48.377110 125.107974
r183 43.062046 141.144620 44.581246 142.758020
r184 41.386668 149.415662 43.225368 151.681762
r185 42.769765 153.625875 45.910465 154.952575
r186 57.926221 83.354006 60.230821 84.417506
r187 50.305576 88.223281 51.344476 90.582481
r188 24.570097 112.934622 50.971897 124.613122
r189 23.265088 129.188610 46.066888 142.710910
r190 36.541023 142.722635 38.364423 145.007735
r191 39.325659 148.912690 41.750759 150.630890
r192 57.878853 54.156965 59.852753 55.398665
r193 30.314213 55.041792 55.228613 67.417492
r194 22.330249 73.209608 42.302849 88.647408
r195 19.671694 94.410640 35.948294 113.354040
r196 15.900083 114.198540 32.739083 145.326640
r197 34.445506 143.404546 37.409406 145.934946
r198 59.011777 46.079198 61.388477 47.832398
r199 21.466024 46.788481 56.546824 61.730181
r200 10.509143 65.300051 42.763243 81.551151
r201 14.733693 84.065215 39.492593 105.236115
r202 7.805882 112.080750 39.042282 142.285950
r203 56.421013 137.055060 60.340513 138.968560
r204 64.040858 39.445465 65.937158 43.400465
r205 53.842569 44.333748 56.351269 47.323348
r206 3.913716 45.264470 38.056716 72.898270
r207 14.505143 73.926879 49.043643 101.244279
r208 59.504928 114.753621 61.660028 118.233721
r209 70.041392 131.200748 72.723792 133.996748
r210 69.109952 37.571762 71.332752 40.945962
r211 68.909179 41.897906 71.008579 45.470406
r212 71.431029 61.029154 73.165429 65.353454
r213 72.867472 87.623172 75.813772 90.168772
r214 74.231507 106.457825 76.530607 109.720025
r215 75.471714 126.006997 78.760614 128.287397

[Iter 250]
r0 138.130810 92.583825 140.142210 93.802425
r1 140.828190 100.667719 143.232690 101.687119
r2 138.527339 106.660572 155.503439 124.823372
r3 135.036471 131.559000 159.109571 144.367200
r4 139.426769 155.055152 140.675869 157.017352
r5 135.366061 163.816177 136.687561 165.670877
r6 143.951997 85.780913 146.340997 86.806813
r7 140.734954 85.305924 162.828654 99.261624
r8 141.413940 102.543179 168.362440 113.984779
r9 141.257383 124.072519 167.223283 135.947019
r10 135.852961 149.907022 162.202061 161.608922
r11 141.418554 166.918550 143.388554 168.162750
r12 163.708787 51.367171 180.419087 69.818871
r13 154.954679 65.717653 174.289379 81.664853
r14 152.943089 80.016216 172.406689 96.764416
r15 155.997703 114.365671 175.305203 131.249271
r16 148.722336 143.819443 175.008536 155.549243
r17 146.367396 160.665904 163.722196 178.432404
r18 145.755687 24.159225 173.376087 35.322425
r19 147.968210 43.116046 169.452110 57.467946
r20 149.360109 70.185927 160.452909 78.361227
r21 157.958666 108.330263 171.065666 120.092463
r22 153.784514 140.778566 183.487414 158.425566
r23 146.257731 156.318582 174.891531 174.624482
r24 150.558145 31.940018 152.401045 33.270018
r25 142.087734 34.265575 168.990934 45.726375
r26 144.678632 54.232512 162.170732 71.859512
r27 155.186015 95.300248 186.366915 112.110748
r28 153.143400 122.819679 187.390000 138.125379
r29 158.712222 146.337596 161.874922 148.708996
r30 149.145614 33.305392 152.361014 34.601192
r31 152.910629 38.294369 154.658529 40.678169
r32 151.972536 43.832703 169.765136 73.292603
r33 156.572766 74.005854 177.452466 99.110054
r34 159.200378 121.879454 162.280378 123.232254
r35 156.729091 134.336275 160.889991 136.138775
r36 125.107676 92.854961 127.196376 94.028361
r37 115.850403 96.690818 135.287503 112.553918
r38 109.166841 111.494038 133.019341 124.420738
r39 105.998957 129.858995 133.163757 141.209495
r40 106.998999 148.610160 124.884499 165.849360
r41 119.265098 167.045423 120.382898 169.238023
r42 117.205291 74.830250 141.059391 87.756050
r43 115.989612 86.697987 142.170812 98.474887
r44 121.740257 101.225691 131.908657 110.144091
r45 118.454906 128.248977 132.717906 134.607077
r46 116.487729 144.692821 136.089029 160.423021
r47 115.376318 165.547045 134.746518 181.464945
r48 115.405398 48.177030 132.463398 66.252630
r49 121.670888 62.318258 134.105088 69.611558
r50 122.763846 74.046830 142.071746 82.704330
r51 128.625305 117.472712 140.183805 131.934512
r52 127.202380 146.186107 141.476280 152.539407
r53 123.926625 162.837545 146.131425 176.723445
r54 111.312522 27.542591 134.313722 40.947691
r55 122.696847 47.339810 136.869147 53.738610
r56 127.267245 64.958234 144.074545 74.903734
r57 126.363753 101.301882 148.360253 114.220582
r58 132.018033 142.968159 143.871733 155.973959
r59 123.931578 153.309170 147.925778 175.154670
r60 124.892969 19.344232 143.586669 35.838232
r61 120.597180 39.667737 148.100380 50.878537
r62 132.661070 59.402976 145.732570 66.340676
r63 134.599192 88.072413 146.292792 101.256313
r64 126.119320 130.774769 161.337120 145.658369
r65 139.539217 139.970428 172.943417 168.215428
r66 143.048095 28.658337 146.214995 29.974037
r67 134.599903 24.667653 164.826903 42.008653
r68 129.199241 53.307170 162.290441 69.147270
r69 124.679057 79.554751 160.573757 94.157651
r70 135.012390 107.951892 152.012690 138.784692
r71 150.890593 133.406945 155.002493 135.230945
r72 99.062810 79.857572 111.962610 103.759772
r73 86.554264 94.288661 108.942664 108.060661
r74 88.935981 112.661884 101.432081 119.919084
r75 84.300976 135.069335 99.292776 141.118435
r76 75.089073 149.228342 100.779173 161.230342
r77 76.801226 165.824954 98.688426 179.912354
r78 88.737654 74.191340 113.849754 86.469640
r79 93.468705 85.308367 101.398205 94.519467
r80 90.148986 105.214993 106.205586 115.625493
r81 91.197346 124.303817 99.507046 144.419717
r82 91.677922 145.794941 97.989822 157.366641
r83 89.230223 165.967489 111.220323 179.988889
r84 96.399934 46.088844 109.526734 51.652944
r85 96.524614 45.146887 107.417414 60.492487
r86 90.403042 54.051452 111.225042 76.769752
r87 89.701501 116.812525 114.471401 132.347725
r88 97.893251 140.075425 110.013351 153.867125
r89 101.106943 159.371892 111.791343 166.207892
r90 98.541787 34.007171 111.353887 43.698471
r91 100.027313 33.041810 111.405813 58.015910
r92 106.003683 59.916057 118.194283 73.627957
r93 97.974575 96.942919 111.902775 117.345119
r94 103.416577 137.509580 122.037277 152.770380
r95 110.383500 150.989830 122.130600 161.559830
r96 114.839533 21.716391 141.419233 41.436891
r97 113.321281 39.266653 125.771081 49.240053
r98 102.308936 57.181038 138.967736 72.297938
r99 101.895273 80.065441 124.975673 104.075741
r100 109.738716 125.407486 123.396716 134.498586
r101 106.071052 143.434961 143.524952 168.625961
r102 127.499710 2.528259 150.687510 43.217859
r103 108.344483 9.381436 129.678383 33.951136
r104 115.484844 54.005786 123.480544 69.534986
r105 112.655435 80.942865 125.520235 90.594565
r106 109.596136 110.277883 132.507336 133.156083
r107 131.714176 115.466602 172.512476 138.592502
r108 69.218752 79.157606 87.314752 96.196406
r109 62.518555 92.898741 89.542655 104.308341
r110 71.530766 113.703742 80.587666 121.768242
r111 70.076890 139.342779 81.476790 145.749779
r112 59.996704 151.382813 89.433804 169.189113
r113 60.320245 167.784904 89.885545 185.514004
r114 66.634511 62.630757 89.641311 76.032557
r115 72.568129 81.668915 82.025929 89.391615
r116 63.856024 106.836399 88.077524 120.294699
r117 62.813680 130.183801 85.921680 144.290601
r118 72.824377 140.370981 80.075777 157.493981
r119 78.932144 164.390497 112.272144 180.112297
r120 76.141286 44.534894 86.975386 51.276494
r121 68.463437 44.669175 89.941537 59.846575
r122 70.565128 62.425517 80.688528 78.937517
r123 71.532074 117.286671 80.850874 135.224271
r124 64.840425 122.575349 96.431825 140.117049
r125 88.531549 157.728023 104.145149 165.680523
r126 81.875964 30.241550 92.351964 42.094050
r127 69.469865 31.845111 95.587365 53.063311
r128 65.627208 66.766674 90.641608 78.126774
r129 74.769082 92.457791 85.434182 119.102491
r130 88.343019 118.841689 105.801619 150.583489
r131 99.657068 146.816747 108.530568 160.809747
r132 83.176549 3.100909 113.268049 34.455309
r133 83.767736 32.294463 93.550536 55.140763
r134 74.782547 57.441649 99.966647 79.446249
r135 78.473176 83.975557 97.302576 113.406557
r136 94.677727 117.940203 111.641927 125.259503
r137 85.905059 126.995723 134.415059 146.445323
r138 91.705632 1.438581 128.682332 26.954681
r139 52.435740 29.178515 90.937840 53.683715
r140 95.977144 58.784338 108.958144 68.349638
r141 98.814604 76.266410 106.004304 93.536510
r142 92.066481 93.387677 134.971381 115.378177
r143 128.234115 87.571523 168.271415 111.137023
r144 60.289623 85.795441 62.030423 87.203341
r145 51.599574 84.577107 65.133274 107.359707
r146 39.451069 108.161311 66.234469 119.673411
r147 40.966345 143.085820 67.843745 154.557620
r148 39.000438 154.185455 61.700638 177.276355
r149 51.845785 163.212958 54.772485 164.636658
r150 58.885280 75.332472 60.357780 76.996972
r151 42.306118 76.081136 62.988218 90.989336
r152 48.347784 99.674529 54.592884 111.369929
r153 49.696109 131.923534 56.143309 143.252434
r154 33.028747 140.196444 64.087547 157.073044
r155 51.060132 160.251611 52.958832 162.446111
r156 45.010246 39.930886 71.784046 51.447086
r157 42.861157 47.502210 64.013057 62.079310
r158 37.280123 68.499274 63.461923 80.949874
r159 38.209005 119.760719 63.296105 132.754619
r160 39.236138 121.653303 63.318738 143.418703
r161 27.351020 159.002715 73.908620 179.267915
r162 46.178071 20.865335 67.086571 45.934835
r163 30.711663 39.281583 66.340263 53.993583
r164 48.397688 62.530043 66.603088 92.969743
r165 48.029002 93.903759 67.733302 122.027859
r166 51.741757 122.728939 76.759357 160.442439
r167 71.168446 138.008863 92.087446 183.111363
r168 61.471688 33.393477 63.491588 37.106477
r169 35.148612 13.334770 71.762612 39.103670
r170 49.298305 55.874687 78.971405 87.671187
r171 36.944247 82.056418 66.329447 114.164418
r172 68.587478 99.878094 113.716678 120.784694
r173 85.622839 124.103868 89.874039 125.868068
r174 67.202809 38.307174 71.282909 40.145374
r175 67.420048 42.452670 71.173148 44.451070
r176 113.763538 51.636163 148.177338 79.052463
r177 64.061030 77.298977 103.369430 101.301477
r178 85.286317 104.214410 88.582117 106.490010
r179 86.663826 107.563420 90.464626 109.536720
r180 55.646255 84.839944 56.751555 87.057444
r181 51.769830 92.272843 53.939130 93.402743
r182 47.848914 109.329228 49.547314 110.772328
r183 47.702474 142.491152 49.221674 144.104552
r184 47.406471 151.665986 49.245171 153.932086
r185 47.666064 154.536295 50.806764 155.862995
r186 53.304528 77.781906 55.609128 78.845406
r187 48.258472 83.784189 49.297372 86.143389
r188 24.312040 95.618707 50.713840 107.297207
r189 28.081171 132.608995 50.882971 146.131295
r190 42.642556 144.859035 44.465956 147.144135
r191 45.476107 149.878650 47.901207 151.596850
r192 51.927594 57.140254 53.901494 58.381954
r193 30.504471 57.231665 55.418871 69.607365
r194 23.494323 79.785678 43.466923 95.223478
r195 22.147438 112.292466 38.424038 131.235866
r196 20.254743 119.568382 37.093743 150.696482
r197 45.051766 144.150941 48.015666 146.681341
r198 52.437706 50.235559 54.814406 51.988759
r199 24.359200 52.951211 59.440000 67.892911
r200 17.631157 73.655177 49.885257 89.906277
r201 19.009106 97.049102 43.768006 118.220002
r202 13.871585 122.794038 45.107985 152.999238
r203 59.551400 140.389345 63.470900 142.302845
r204 56.795662 45.180254 58.691962 49.135254
r205 47.372680 51.268623 49.881380 54.258223
r206 14.601687 49.655968 48.744687 77.289768
r207 5.085455 88.597662 39.623955 115.915062
r208 71.047353 116.289563 73.202453 119.769663
r209 76.194024 122.976049 78.876424 125.772049
r210 63.791819 44.071385 66.014619 47.445585
r211 64.102742 49.426875 66.202142 52.999375
r212 69.830750 62.786937 71.565150 67.111237
r213 72.901597 80.686228 75.847897 83.231828
r214 77.587713 105.657551 79.886813 108.919751
r215 79.888514 110.843436 83.177414 113.123836

[Iter 300]
r0 138.364936 88.781063 140.376336 89.999663
r1 140.125253 95.681928 142.529753 96.701328
r2 136.087019 100.412768 153.063119 118.575568
r3 133.051149 125.072637 157.124249 137.880837
r4 139.561228 150.769005 140.810328 152.731205
r5 136.081214 160.588956 137.402714 162.443656
r6 144.880772 81.332566 147.269772 82.358466
r7 140.331132 81.579370 162.424832 95.535070
r8 142.296621 101.745957 169.245121 113.187557
r9 142.440935 122.498128 168.406835 134.372628
r10 136.548791 145.892514 162.897891 157.594414
r11 141.397691 162.771786 143.367691 164.015986
r12 164.691500 52.450139 181.401800 70.901839
r13 156.280770 66.828086 175.615470 82.775286
r14 154.872760 83.977905 174.336360 100.726105
r15 155.965963 111.069426 175.273463 127.953026
r16 147.627094 141.330384 173.913294 153.060184
r17 145.999547 157.524051 163.354347 175.290551
r18 147.451026 26.599099 175.071426 37.762299
r19 149.444999 44.301028 170.928899 58.652928
r20 150.994539 69.863676 162.087339 78.038976
r21 158.647152 106.429273 171.754152 118.191473
r22 152.005542 137.870803 181.708442 155.517803
r23 147.060112 154.220234 175.693912 172.526134
r24 150.173679 32.293770 152.016579 33.623770
r25 141.382087 34.241984 168.285287 45.702784
r26 144.192970 54.139867 161.685070 71.766867
r27 152.147278 94.567646 183.328178 111.378146
r28 153.143400 119.685446 187.390000 134.991146
r29 162.623316 132.991220 165.786016 135.362620
r30 147.857253 32.853738 151.072653 34.149538
r31 152.502609 38.880813 154.250509 41.264613
r32 153.093704 42.160992 170.886304 71.620892
r33 158.050713 71.683792 178.930413 96.787992
r34 162.996126 119.085321 166.076126 120.438121
r35 160.725878 125.426858 164.886778 127.229358
r36 121.962376 88.742186 124.051076 89.915586
r37 112.769124 90.026226 132.206224 105.889326
r38 108.602419 108.291953 132.454919 121.218653
r39 105.485224 126.917962 132.650024 138.268462
r40 107.684916 144.981973 125.570416 162.221173
r41 119.961416 164.048576 121.079216 166.241176
r42 112.068979 72.062441 135.923079 84.988241
r43 112.142464 84.507463 138.323664 96.284363
r44 120.688335 102.021685 130.856735 110.940085
r45 118.836342 125.589273 133.099342 131.947373
r46 117.463815 141.048003 137.065115 156.778203
r47 116.549489 162.964456 135.919689 178.882356
r48 116.371503 47.373534 133.429503 65.449134
r49 122.846456 61.552025 135.280656 68.845325
r50 125.069516 75.723162 144.377416 84.380662
r51 127.279822 113.498266 138.838322 127.960066
r52 127.251285 143.378514 141.525185 149.731814
r53 125.170972 160.701697 147.375772 174.587597
r54 114.797410 25.696053 137.798610 39.101153
r55 124.295946 48.774020 138.468246 55.172820
r56 128.848853 65.906896 145.656153 75.852396
r57 124.880386 100.329204 146.876886 113.247904
r58 130.844253 138.590091 142.697953 151.595891
r59 124.635778 148.365440 148.629978 170.210940
r60 125.033267 16.187110 143.726967 32.681110
r61 119.654717 38.715649 147.157917 49.926449
r62 133.885429 60.055711 146.956929 66.993411
r63 135.430179 86.852066 147.123779 100.035966
r64 125.754804 128.678106 160.972604 143.561706
r65 138.788022 123.212868 172.192222 151.457868
r66 141.919574 27.881252 145.086474 29.196952
r67 132.236369 28.761940 162.463369 46.102940
r68 127.994634 52.521703 161.085834 68.361803
r69 126.171597 78.749264 162.066297 93.352164
r70 140.868412 101.088904 157.868712 131.921704
r71 151.407372 124.606237 155.519272 126.430237
r72 92.707954 77.109986 105.607754 101.012186
r73 87.348349 92.383835 109.736749 106.155835
r74 89.732732 110.865338 102.228832 118.122538
r75 84.849672 133.750408 99.841472 139.799508
r76 76.082718 146.104024 101.772818 158.106024
r77 76.740619 162.887282 98.627819 176.974682
r78 85.708407 69.646069 110.820507 81.924369
r79 96.029701 83.090399 103.959201 92.301499
r80 92.002368 103.248226 108.058968 113.658726
r81 91.148649 121.949915 99.458349 142.065815
r82 92.754634 142.909644 99.066534 154.481344
r83 88.784715 163.492167 110.774815 177.513567
r84 94.727873 44.470174 107.854673 50.034274
r85 96.686320 43.564234 107.579120 58.909834
r86 91.965205 50.447544 112.787205 73.165844
r87 91.577724 113.969093 116.347624 129.504293
r88 98.435968 137.664541 110.556068 151.456241
r89 102.872320 157.866361 113.556720 164.702361
r90 98.177914 29.821247 110.990014 39.512547
r91 101.117999 34.045594 112.496499 59.019694
r92 107.680661 59.729336 119.871261 73.441236
r93 102.236523 98.122771 116.164723 118.524971
r94 105.206605 134.944474 123.827305 150.205274
r95 110.912411 151.054343 122.659511 161.624343
r96 100.226676 10.467444 126.806376 30.187944
r97 109.581982 39.969347 122.031782 49.942747
r98 100.111713 59.499426 136.770513 74.616326
r99 103.723623 78.238425 126.804023 102.248725
r100 113.191244 126.978009 126.849244 136.069109
r101 118.063199 144.160724 155.517099 169.351724
r102 132.376619 1.352211 155.564419 42.041811
r103 118.399381 27.865991 139.733281 52.435691
r104 117.147188 55.783151 125.142888 71.312351
r105 113.322463 82.909231 126.187263 92.560931
r106 109.797469 104.908834 132.708669 127.787034
r107 119.940947 103.534560 160.739247 126.660460
r108 67.252082 78.599190 85.348082 95.637990
r109 61.214910 91.870648 88.239010 103.280248
r110 70.647806 109.848130 79.704706 117.912630
r111 67.985889 136.692317 79.385789 143.099317
r112 58.396239 149.861183 87.833339 167.667483
r113 53.887439 168.718694 83.452739 186.447794
r114 63.420423 59.904691 86.427223 73.306491
r115 71.314548 80.787567 80.772348 88.510267
r116 63.967522 103.506875 88.189022 116.965175
r117 62.903560 128.350181 86.011560 142.456981
r118 75.387585 138.383648 82.638985 155.506648
r119 75.639854 163.280930 108.979854 179.002730
r120 74.200074 43.392556 85.034174 50.134156
r121 68.357703 42.837216 89.835803 58.014616
r122 72.078767 62.108458 82.202167 78.620458
r123 74.646922 114.898553 83.965722 132.836153
r124 65.628230 126.655763 97.219630 144.197463
r125 86.608840 154.780850 102.222440 162.733350
r126 78.591674 28.150615 89.067674 40.003115
r127 71.660194 33.266254 97.777694 54.484454
r128 67.308168 66.260225 92.322568 77.620325
r129 76.051512 93.968385 86.716612 120.613085
r130 89.126073 113.858815 106.584673 145.600615
r131 97.089225 148.318205 105.962725 162.311205
r132 70.697407 6.203452 100.788907 37.557852
r133 85.303667 30.780030 95.086467 53.626330
r134 73.181692 53.124412 98.365792 75.129012
r135 77.852612 79.226633 96.682012 108.657633
r136 87.193562 117.275204 104.157762 124.594504
r137 84.784963 139.057653 133.294963 158.507253
r138 96.373729 12.016314 133.350429 37.532414
r139 103.698618 36.878950 142.200718 61.384150
r140 97.516232 61.576225 110.497232 71.141525
r141 95.481849 80.730037 102.671549 98.000137
r142 83.056287 95.848119 125.961187 117.838619
r143 87.965258 162.443490 128.002558 186.008990
r144 58.243139 84.126764 59.983939 85.534664
r145 49.473810 83.272677 63.007510 106.055277
r146 37.136261 107.454476 63.919661 118.966576
r147 38.014156 137.897239 64.891556 149.369039
r148 35.651085 149.958657 58.351285 173.049557
r149 50.280616 161.865285 53.207316 163.288985
r150 56.550471 73.724330 58.022971 75.388830
r151 41.502909 75.958991 62.185009 90.867191
r152 47.604220 98.220077 53.849320 109.915477
r153 50.441696 128.439823 56.888896 139.768723
r154 33.154100 135.081071 64.212900 151.957671
r155 50.785623 158.516473 52.684323 160.710973
r156 43.439112 39.022672 70.212912 50.538872
r157 42.808011 46.558362 63.959911 61.135462
r158 38.484242 67.154982 64.666042 79.605582
r159 42.802491 117.030362 67.889591 130.024262
r160 40.985068 114.792977 65.067668 136.558377
r161 24.326812 162.218981 70.884412 182.484181
r162 47.338564 19.723741 68.247064 44.793241
r163 34.833199 39.044832 70.461799 53.756832
r164 46.877884 61.391072 65.083284 91.830772
r165 48.637864 89.984049 68.342164 118.108149
r166 39.960431 108.688343 64.978031 146.401843
r167 61.934376 142.287500 82.853376 187.390000
r168 62.944175 30.906251 64.964075 34.619251
r169 36.726141 22.772603 73.340141 48.541503
r170 34.831269 46.876107 64.504369 78.672607
r171 48.698698 73.383090 78.083898 105.491090
r172 53.060214 115.850826 98.189414 136.757426
r173 79.351049 137.563342 83.602249 139.327542
r174 70.554600 37.310390 74.634700 39.148590
r175 73.600886 45.093444 77.353986 47.091844
r176 78.328963 41.759431 112.742763 69.175731
r177 75.011605 73.337552 114.320005 97.340052
r178 82.490497 116.858820 85.786297 119.134420
r179 81.549246 131.455666 85.350046 133.428966
r180 53.373063 82.606869 54.478363 84.824369
r181 49.588426 90.130276 51.757726 91.260176
r182 44.979601 106.498644 46.678001 107.941744
r183 44.277555 138.119482 45.796755 139.732882
r184 44.599016 149.367595 46.437716 151.633695
r185 46.244166 155.308561 49.384866 156.635261
r186 51.200742 75.843970 53.505342 76.907470
r187 46.577540 81.993207 47.616440 84.352407
r188 23.503481 93.722845 49.905281 105.401345
r189 27.090409 127.783828 49.892209 141.306128
r190 42.307501 141.781895 44.130901 144.066995
r191 46.125853 151.369071 48.550953 153.087271
r192 50.677554 56.164214 52.651454 57.405914
r193 30.582188 56.887835 55.496588 69.263535
r194 21.599667 77.169647 41.572267 92.607447
r195 23.143243 110.713326 39.419843 129.656726
r196 20.639824 117.725666 37.478824 148.853766
r197 45.188262 146.320247 48.152162 148.850647
r198 51.750417 48.517913 54.127117 50.271113
r199 26.129998 53.421734 61.210798 68.363434
r200 14.828112 73.281880 47.082212 89.532980
r201 18.130621 96.024858 42.889521 117.195758
r202 13.017946 120.509111 44.254346 150.714311
r203 55.996714 141.935444 59.916214 143.848944
r204 58.301950 43.012134 60.198250 46.967134
r205 51.174042 50.155108 53.682742 53.144708
r206 4.996905 54.712956 39.139905 82.346756
r207 6.481075 85.579389 41.019575 112.896789
r208 54.391467 122.375266 56.546567 125.855366
r209 65.085654 130.605740 67.768054 133.401740
r210 65.457799 42.335329 67.680599 45.709529
r211 66.772193 48.561071 68.871593 52.133571
r212 70.285784 63.543903 72.020184 67.868203
r213 71.243393 93.662771 74.189693 96.208371
r214 71.967808 115.776922 74.266908 119.039122
r215 73.098597 125.750304 76.387497 128.030704

[Iter 350]
r0 137.661146 85.548650 139.672546 86.767250
r1 139.453490 93.568470 141.857990 94.587870
r2 136.277006 101.796074 153.253106 119.958874
r3 132.319018 126.195158 156.392118 139.003358
r4 138.953674 148.119931 140.202774 150.082131
r5 135.244306 156.427516 136.565806 158.282216
r6 143.112958 79.227708 145.501958 80.253608
r7 137.611100 80.741570 159.704800 94.697270
r8 141.131617 97.706415 168.080117 109.148015
r9 141.967771 120.024158 167.933671 131.898658
r10 137.123862 144.252519 163.472962 155.954419
r11 141.776510 159.734532 143.746510 160.978732
r12 162.184571 46.257065 178.894871 64.708765
r13 155.941327 64.133091 175.276027 80.080291
r14 153.237569 78.181340 172.701169 94.929540
r15 155.030996 107.753558 174.338496 124.637158
r16 149.953333 138.999133 176.239533 150.728933
r17 146.354662 155.285159 163.709462 173.051659
r18 145.901166 21.755291 173.521566 32.918491
r19 148.677683 41.283224 170.161583 55.635124
r20 149.889500 67.508635 160.982300 75.683935
r21 159.138396 103.033729 172.245396 114.795929
r22 153.126112 136.136138 182.829012 153.783138
r23 146.687253 152.597635 175.321053 170.903535
r24 151.337821 28.697554 153.180721 30.027554
r25 142.071094 29.991398 168.974294 41.452198
r26 144.789176 51.770885 162.281276 69.397885
r27 154.079272 90.112475 185.260172 106.922975
r28 153.143400 116.374968 187.390000 131.680668
r29 161.065146 131.273358 164.227846 133.644758
r30 149.189085 30.570589 152.404485 31.866389
r31 153.521128 35.784915 155.269028 38.168715
r32 156.272304 36.928266 174.064904 66.388166
r33 161.226663 67.517949 182.106363 92.622149
r34 161.272294 114.504959 164.352294 115.857759
r35 157.605832 119.491586 161.766732 121.294086
r36 121.339960 86.258452 123.428660 87.431852
r37 112.192132 89.270610 131.629232 105.133710
r38 108.265042 104.904985 132.117542 117.831685
r39 106.118918 125.404231 133.283718 136.754731
r40 106.994938 140.946940 124.880438 158.186140
r41 119.415421 160.341603 120.533221 162.534203
r42 111.600091 71.132833 135.454191 84.058633
r43 114.453402 82.258085 140.634602 94.034985
r44 121.045401 99.869891 131.213801 108.788291
r45 118.177119 123.803439 132.440119 130.161539
r46 115.868293 138.320403 135.469593 154.050603
r47 115.826952 160.490189 135.197152 176.408089
r48 114.498764 43.269810 131.556764 61.345410
r49 122.347617 57.908090 134.781817 65.201390
r50 123.864289 69.982327 143.172189 78.639827
r51 128.917694 111.577485 140.476194 126.039285
r52 128.186310 142.366262 142.460210 148.719562
r53 125.325807 158.158793 147.530607 172.044693
r54 113.219886 24.193249 136.221086 37.598349
r55 125.982874 46.171229 140.155174 52.570029
r56 128.480344 61.868659 145.287644 71.814159
r57 125.417240 97.687657 147.413740 110.606357
r58 131.633558 138.225772 143.487258 151.231572
r59 124.843873 147.923620 148.838073 169.769120
r60 124.660973 14.929769 143.354673 31.423769
r61 122.013670 37.583092 149.516870 48.793892
r62 133.680768 57.923103 146.752268 64.860803
r63 136.417569 84.324601 148.111169 97.508501
r64 127.868423 126.715922 163.086223 141.599522
r65 144.381458 123.802903 177.785658 152.047903
r66 142.869449 27.016733 146.036349 28.332433
r67 132.740511 24.275755 162.967511 41.616755
r68 129.526353 49.306056 162.617553 65.146156
r69 128.449087 76.374594 164.343787 90.977494
r70 139.267967 98.406083 156.268267 129.238883
r71 150.083550 119.086268 154.195450 120.910268
r72 94.089125 74.664086 106.988925 98.566286
r73 90.519706 91.774571 112.908106 105.546571
r74 89.176777 109.206792 101.672877 116.463992
r75 84.268475 130.373269 99.260275 136.422369
r76 74.532001 144.224830 100.222101 156.226830
r77 74.843440 159.492722 96.730640 173.580122
r78 87.127735 68.742647 112.239835 81.020947
r79 96.687027 80.307709 104.616527 89.518809
r80 88.893038 101.553062 104.949638 111.963562
r81 90.090375 119.226995 98.400075 139.342895
r82 91.532539 140.764046 97.844439 152.335746
r83 87.752615 160.946479 109.742715 174.967879
r84 96.160281 43.584982 109.287081 49.149082
r85 96.758909 43.029126 107.651709 58.374726
r86 89.915525 47.801617 110.737525 70.519917
r87 88.499895 113.398651 113.269795 128.933851
r88 98.049549 135.770154 110.169649 149.561854
r89 101.330442 155.789654 112.014842 162.625654
r90 97.516799 30.586925 110.328899 40.278225
r91 100.172481 33.553390 111.550981 58.527490
r92 107.010047 58.231256 119.200647 71.943156
r93 102.734332 98.716173 116.662532 119.118373
r94 105.028567 134.948633 123.649267 150.209433
r95 111.610665 149.430358 123.357765 160.000358
r96 99.144034 8.209736 125.723734 27.930236
r97 110.046826 38.556901 122.496626 48.530301
r98 98.560499 56.762078 135.219299 71.878978
r99 105.064079 81.545255 128.144479 105.555555
r100 113.599700 128.371132 127.257700 137.462232
r101 117.254387 139.643220 154.708287 164.834220
r102 133.274325 0.821492 156.462125 41.511092
r103 118.431992 23.619614 139.765892 48.189314
r104 116.988988 54.887172 124.984688 70.416372
r105 113.993041 82.477410 126.857841 92.129110
r106 108.354588 105.494711 131.265788 128.372911
r107 122.227083 105.068200 163.025383 128.194100
r108 66.536237 77.432705 84.632237 94.471505
r109 61.103094 89.222605 88.127194 100.632205
r110 69.894529 108.358875 78.951429 116.423375
r111 67.778696 134.878211 79.178596 141.285211
r112 57.862331 143.786083 87.299431 161.592383
r113 49.729527 165.036149 79.294827 182.765249
r114 62.410927 60.930592 85.417727 74.332392
r115 70.611113 79.401699 80.068913 87.124399
r116 61.542579 100.455868 85.764079 113.914168
r117 61.739020 125.575339 84.847020 139.682139
r118 73.412799 135.735111 80.664199 152.858111
r119 74.304795 162.828752 107.644795 178.550552
r120 73.686816 42.647710 84.520916 49.389310
r121 67.335554 41.375211 88.813654 56.552611
r122 69.620102 60.443125 79.743502 76.955125
r123 72.440448 112.072843 81.759248 130.010443
r124 60.816319 121.547104 92.407719 139.088804
r125 85.865178 153.197446 101.478778 161.149946
r126 77.625696 28.265347 88.101696 40.117847
r127 70.437643 32.223424 96.555143 53.441624
r128 67.445790 66.396803 92.460190 77.756903
r129 74.874243 93.034523 85.539343 119.679223
r130 87.809491 117.901865 105.268091 149.643665
r131 96.147316 146.355826 105.020816 160.348826
r132 66.394506 1.306138 96.486006 32.660538
r133 79.658414 31.935305 89.441214 54.781605
r134 72.713960 55.481160 97.898060 77.485760
r135 80.298552 81.790841 99.127952 111.221841
r136 94.805381 124.588491 111.769581 131.907791
r137 80.159726 139.453425 128.669726 158.903025
r138 93.937196 0.366066 130.913896 25.882166
r139 97.471534 32.660915 135.973634 57.166115
r140 97.359959 61.144229 110.340959 70.709529
r141 98.201028 81.748671 105.390728 99.018771
r142 88.357670 108.670173 131.262570 130.660673
r143 82.281172 163.171501 122.318472 186.737001
r144 57.627563 84.873155 59.368363 86.281055
r145 47.605004 82.405622 61.138704 105.188222
r146 35.412366 106.298851 62.195766 117.810951
r147 35.823172 136.453890 62.700572 147.925690
r148 32.544590 149.128015 55.244790 172.218915
r149 48.138723 159.767116 51.065423 161.190816
r150 56.896706 74.274340 58.369206 75.938840
r151 41.996085 75.785628 62.678185 90.693828
r152 46.815575 96.654846 53.060675 108.350246
r153 47.904712 127.119298 54.351912 138.448198
r154 32.928876 135.847633 63.987676 152.724233
r155 47.496236 156.852274 49.394936 159.046774
r156 44.006335 38.153147 70.780135 49.669347
r157 42.486518 44.499926 63.638418 59.077026
r158 38.070051 65.454455 64.251851 77.905055
r159 39.861329 116.004269 64.948429 128.998169
r160 35.338614 115.795382 59.421214 137.560782
r161 17.262747 153.051794 63.820347 173.316994
r162 46.737232 17.752040 67.645732 42.821540
r163 36.099001 39.308000 71.727601 54.020000
r164 47.419114 61.856982 65.624514 92.296682
r165 48.881202 91.503607 68.585502 119.627707
r166 33.921775 110.869860 58.939375 148.583360
r167 60.242844 142.287500 81.161844 187.390000
r168 63.237875 32.684685 65.257775 36.397685
r169 38.978968 23.980174 75.592968 49.749074
r170 45.684677 54.564435 75.357777 86.360935
r171 53.819060 77.657727 83.204260 109.765727
r172 53.566234 116.492813 98.695434 137.399413
r173 78.565072 139.337066 82.816272 141.101266
r174 70.667543 36.512774 74.747643 38.350974
r175 74.164188 43.419780 77.917288 45.418180
r176 76.482061 52.254872 110.895861 79.671172
r177 79.211234 77.280125 118.519634 101.282625
r178 88.031314 120.603585 91.327114 122.879185
r179 84.565829 135.012987 88.366629 136.986287
r180 53.215311 83.354786 54.320611 85.572286
r181 48.600847 90.308619 50.770147 91.438519
r182 43.136782 104.432106 44.835182 105.875206
r183 42.043494 135.640230 43.562694 137.253630
r184 42.498140 146.531120 44.336840 148.797220
r185 45.078876 151.711334 48.219576 153.038034
r186 51.458736 76.387453 53.763336 77.450953
r187 46.386603 81.790907 47.425503 84.150107
r188 20.682150 92.908465 47.083950 104.586965
r189 24.098261 126.805772 46.900061 140.328072
r190 39.662532 140.633102 41.485932 142.918202
r191 43.839840 148.232516 46.264940 149.950716
r192 50.873996 55.287993 52.847896 56.529693
r193 30.356022 55.449425 55.270422 67.825125
r194 20.450820 74.336141 40.423420 89.773941
r195 20.760470 108.308942 37.037070 127.252342
r196 16.092035 116.233997 32.931035 147.362097
r197 41.268835 143.783297 44.232735 146.313697
r198 52.490561 48.116893 54.867261 49.870093
r199 26.220498 52.118818 61.301298 67.060518
r200 16.181553 70.423255 48.435653 86.674355
r201 19.311005 92.250660 44.069905 113.421560
r202 5.134668 116.782202 36.371068 146.987402
r203 53.995579 139.686840 57.915079 141.600340
r204 57.741955 42.887967 59.638255 46.842967
r205 51.797441 49.577783 54.306141 52.567383
r206 11.314490 53.016532 45.457490 80.650332
r207 21.952717 83.421929 56.491217 110.739329
r208 64.756915 124.500113 66.912015 127.980213
r209 68.745277 132.456493 71.427677 135.252493
r210 65.152552 42.834644 67.375352 46.208844
r211 66.028022 48.295750 68.127422 51.868250
r212 68.129543 63.250429 69.863943 67.574729
r213 69.840047 93.381360 72.786347 95.926960
r214 73.527129 118.517052 75.826229 121.779252
r215 74.357053 128.292017 77.645953 130.572417

[Iter 400]
r0 135.234771 84.123817 137.246171 85.342417
r1 137.534786 91.973756 139.939286 92.993156
r2 134.333075 99.257870 151.309175 117.420670
r3 131.009959 122.571837 155.083059 135.380037
r4 136.891191 146.660524 138.140291 148.622724
r5 133.316406 155.691598 134.637906 157.546298
r6 142.152673 75.163307 144.541673 76.189207
r7 138.403610 79.297090 160.497310 93.252790
r8 141.017026 99.739726 167.965526 111.181326
r9 141.482676 119.791924 167.448576 131.666424
r10 135.179204 142.487125 161.528304 154.189025
r11 139.347916 158.829834 141.317916 160.074034
r12 158.470371 36.503901 175.180671 54.955601
r13 155.702104 63.345572 175.036804 79.292772
r14 154.243690 81.188980 173.707290 97.937180
r15 155.797468 108.724680 175.104968 125.608280
r16 147.345230 138.122798 173.631430 149.852598
r17 144.714563 154.698404 162.069363 172.464904
r18 140.467627 19.820377 168.088027 30.983577
r19 140.182928 43.201474 161.666828 57.553374
r20 147.195452 68.378937 158.288252 76.554237
r21 158.602978 104.727087 171.709978 116.489287
r22 153.666933 132.878813 183.369833 150.525813
r23 147.177099 151.142780 175.810899 169.448680
r24 147.750407 27.700112 149.593307 29.030112
r25 140.323399 29.079689 167.226599 40.540489
r26 150.049016 55.088517 167.541116 72.715517
r27 155.820750 91.187401 187.001650 107.997901
r28 152.721234 116.063507 186.967834 131.369207
r29 162.698302 129.550640 165.861002 131.922040
r30 147.309979 30.078478 150.525379 31.374278
r31 152.020035 34.897770 153.767935 37.281570
r32 156.825777 37.736815 174.618377 67.196715
r33 161.421701 68.250980 182.301401 93.355180
r34 161.747923 111.974717 164.827923 113.327517
r35 158.981610 117.709624 163.142510 119.512124
r36 123.051348 84.407465 125.140048 85.580865
r37 112.144628 86.471764 131.581728 102.334864
r38 108.201142 102.719960 132.053642 115.646660
r39 103.356319 125.268697 130.521119 136.619197
r40 105.074548 140.208181 122.960048 157.447381
r41 117.704514 159.642599 118.822314 161.835199
r42 113.734800 63.833940 137.588900 76.759740
r43 112.654822 81.419442 138.836022 93.196342
r44 118.934998 99.651971 129.103398 108.570371
r45 116.955564 123.039788 131.218564 129.397888
r46 115.140985 137.149411 134.742285 152.879611
r47 113.936659 160.287142 133.306859 176.205042
r48 111.246829 37.104055 128.304829 55.179655
r49 120.287355 56.045545 132.721555 63.338845
r50 121.439371 73.117650 140.747271 81.775150
r51 126.371569 111.231752 137.930069 125.693552
r52 126.547240 139.930873 140.821140 146.284173
r53 124.328034 158.313256 146.532834 172.199156
r54 108.114578 20.548495 131.115778 33.953595
r55 122.671703 46.557286 136.844003 52.956086
r56 127.590453 60.855960 144.397753 70.801460
r57 125.165569 100.386126 147.162069 113.304826
r58 129.952025 133.550733 141.805725 146.556533
r59 123.142959 147.385272 147.137159 169.230772
r60 122.640583 12.485403 141.334283 28.979403
r61 121.856455 38.065839 149.359655 49.276639
r62 134.247661 58.298141 147.319161 65.235841
r63 134.814254 84.167777 146.507854 97.351677
r64 124.384150 122.711213 159.601950 137.594813
r65 147.270930 121.297589 180.675130 149.542589
r66 143.118674 25.728836 146.285574 27.044536
r67 132.968632 23.574060 163.195632 40.915060
r68 129.671812 50.265317 162.763012 66.105417
r69 127.833851 73.697243 163.728551 88.300143
r70 138.848850 94.890067 155.849150 125.722867
r71 152.960772 114.293535 157.072672 116.117535
r72 98.244184 74.600499 111.143984 98.502699
r73 84.792064 88.026312 107.180464 101.798312
r74 88.257726 107.139258 100.753826 114.396458
r75 83.122028 129.025030 98.113828 135.074130
r76 73.224173 142.592330 98.914273 154.594330
r77 74.620448 160.023044 96.507648 174.110444
r78 84.872248 66.100458 109.984348 78.378758
r79 92.616914 78.764231 100.546414 87.975331
r80 89.417545 99.847711 105.474145 110.258211
r81 88.306091 117.948128 96.615791 138.064028
r82 89.252615 140.027906 95.564515 151.599606
r83 86.278274 160.503189 108.268374 174.524589
r84 93.165280 39.726054 106.292080 45.290154
r85 93.539093 39.293304 104.431893 54.638904
r86 88.906801 47.625720 109.728801 70.344020
r87 88.823595 113.017709 113.593495 128.552909
r88 96.329555 134.542126 108.449655 148.333826
r89 99.971741 153.713993 110.656141 160.549993
r90 95.643831 27.124919 108.455931 36.816219
r91 98.667111 31.421569 110.045611 56.395669
r92 104.979920 56.465054 117.170520 70.176954
r93 96.842046 97.118175 110.770246 117.520375
r94 102.955069 131.198361 121.575769 146.459161
r95 109.829560 143.774347 121.576660 154.344347
r96 97.922907 8.422526 124.502607 28.143026
r97 108.556147 36.158830 121.005947 46.132230
r98 98.542691 56.130330 135.201491 71.247230
r99 102.863085 75.568772 125.943485 99.579072
r100 111.680664 124.117194 125.338664 133.208294
r101 112.419655 127.927720 149.873555 153.118720
r102 132.021418 0.961646 155.209218 41.651246
r103 117.208110 24.149282 138.542010 48.718982
r104 116.844101 53.088474 124.839801 68.617674
r105 112.254312 79.461162 125.119112 89.112862
r106 109.284156 101.710019 132.195356 124.588219
r107 122.774234 98.191015 163.572534 121.316915
r108 67.484919 72.509987 85.580919 89.548787
r109 61.225231 87.160980 88.249331 98.570580
r110 70.117661 107.411031 79.174561 115.475531
r111 67.426378 133.584600 78.826278 139.991600
r112 59.331695 144.575021 88.768795 162.381321
r113 53.900756 167.522425 83.466056 185.251525
r114 63.338923 56.002857 86.345723 69.404657
r115 70.703683 77.802770 80.161483 85.525470
r116 60.529830 99.876163 84.751330 113.334463
r117 60.298230 124.433251 83.406230 138.540051
r118 71.392756 135.305629 78.644156 152.428629
r119 74.641834 161.337159 107.981834 177.058959
r120 73.074270 38.562970 83.908370 45.304570
r121 65.748634 38.561159 87.226734 53.738559
r122 68.232647 58.659782 78.356047 75.171782
r123 69.686849 111.946232 79.005649 129.883832
r124 57.813835 116.287529 89.405235 133.829229
r125 86.258081 151.064151 101.871681 159.016651
r126 76.421719 25.575408 86.897719 37.427908
r127 68.696296 32.299349 94.813796 53.517549
r128 63.228494 62.696912 88.242894 74.057012
r129 71.607058 91.327982 82.272158 117.972682
r130 87.279699 114.906029 104.738299 146.647829
r131 95.365508 143.616298 104.239008 157.609298
r132 67.573830 5.362922 97.665330 36.717322
r133 82.500606 30.227764 92.283406 53.074064
r134 70.854062 54.399611 96.038162 76.404211
r135 75.938190 80.193476 94.767590 109.624476
r136 92.962483 122.281420 109.926683 129.600720
r137 78.337150 137.106539 126.847150 156.556139
r138 95.719220 6.039617 132.695920 31.555717
r139 95.667521 38.868648 134.169621 63.373848
r140 94.686514 59.986541 107.667514 69.551841
r141 95.374292 78.097434 102.563992 95.367534
r142 89.749753 99.203807 132.654653 121.194307
r143 87.202996 163.312510 127.240296 186.878010
r144 58.356670 81.447239 60.097470 82.855139
r145 48.805448 80.298494 62.339148 103.081094
r146 36.317251 103.361062 63.100651 114.873162
r147 37.558709 136.579900 64.436109 148.051700
r148 36.572503 149.704701 59.272703 172.795601
r149 50.289783 160.437924 53.216483 161.861624
r150 56.487453 70.866838 57.959953 72.531338
r151 40.163029 72.595405 60.845129 87.503605
r152 45.379002 94.086474 51.624102 105.781874
r153 47.292243 126.142367 53.739443 137.471267
r154 29.530731 136.799153 60.589531 153.675753
r155 48.376622 156.643015 50.275322 158.837515
r156 42.075398 34.044168 68.849198 45.560368
r157 40.465076 43.512496 61.616976 58.089596
r158 34.204791 64.435514 60.386591 76.886114
r159 36.376365 113.040447 61.463465 126.034347
r160 32.684834 113.860423 56.767434 135.625823
r161 18.664680 150.925521 65.222280 171.190721
r162 45.496373 17.427837 66.404873 42.497337
r163 34.191478 37.937825 69.820078 52.649825
r164 44.407241 61.987409 62.612641 92.427109
r165 45.460525 88.707796 65.164825 116.831896
r166 38.105474 106.889586 63.123074 144.603086
r167 58.225593 134.125436 79.144593 179.227936
r168 62.348775 33.764371 64.368675 37.477371
r169 35.745946 20.520122 72.359946 46.289022
r170 40.170880 53.058457 69.843980 84.854957
r171 48.949020 80.170529 78.334220 112.278529
r172 54.251049 115.986945 99.380249 136.893545
r173 77.449031 137.786153 81.700231 139.550353
r174 70.880999 37.975476 74.961099 39.813676
r175 73.115168 45.875374 76.868268 47.873774
r176 65.982185 48.438527 100.395985 75.854827
r177 75.388833 73.009780 114.697233 97.012280
r178 84.452781 119.274481 87.748581 121.550081
r179 82.644237 133.980246 86.445037 135.953546
r180 53.631763 80.598203 54.737063 82.815703
r181 49.328731 87.726614 51.498031 88.856514
r182 44.550770 102.659031 46.249170 104.102131
r183 44.262223 135.530025 45.781423 137.143425
r184 44.726106 146.499962 46.564806 148.766062
r185 46.335593 151.763813 49.476293 153.090513
r186 51.333579 73.364197 53.638179 74.427697
r187 45.847635 79.065720 46.886535 81.424920
r188 21.695424 90.677197 48.097224 102.355697
r189 25.028009 127.003461 47.829809 140.525761
r190 40.724744 140.791828 42.548144 143.076928
r191 44.213929 149.032991 46.639029 150.751191
r192 50.126043 53.393871 52.099943 54.635571
r193 29.512522 52.747429 54.426922 65.123129
r194 18.880707 73.388695 38.853307 88.826495
r195 18.576115 106.845841 34.852715 125.789241
r196 17.558752 117.061205 34.397752 148.189305
r197 41.782101 145.565331 44.746001 148.095731
r198 51.371546 47.747268 53.748246 49.500468
r199 24.889907 50.721040 59.970707 65.662740
r200 12.136060 69.913921 44.390160 86.165021
r201 15.852006 93.015469 40.610906 114.186369
r202 5.915823 115.268446 37.152223 145.473646
r203 53.207052 141.414484 57.126552 143.327984
r204 58.104804 43.645138 60.001104 47.600138
r205 51.544279 50.155192 54.052979 53.144792
r206 7.221222 55.354671 41.364222 82.988471
r207 12.821875 80.596662 47.360375 107.914062
r208 64.859718 122.902824 67.014818 126.382924
r209 69.149738 133.851449 71.832138 136.647449
r210 65.419044 43.379876 67.641844 46.754076
r211 65.980043 48.637053 68.079443 52.209553
r212 68.166981 61.350068 69.901381 65.674368
r213 69.944296 90.908862 72.890596 93.454462
r214 73.534766 120.370594 75.833866 123.632794
r215 74.450084 129.821675 77.738984 132.102075

[Iter 450]
r0 131.352065 85.411107 133.363465 86.629707
r1 134.484575 91.918334 136.889075 92.937734
r2 133.091717 98.032155 150.067817 116.194955
r3 130.601556 123.917754 154.674656 136.725954
r4 136.977253 146.763421 138.226353 148.725621
r5 133.514321 154.522799 134.835821 156.377499
r6 135.810346 77.503672 138.199346 78.529572
r7 135.309173 78.394632 157.402873 92.350332
r8 137.915856 95.080371 164.864356 106.521971
r9 138.664886 118.081112 164.630786 129.955612
r10 134.631124 141.621166 160.980224 153.323066
r11 139.222327 157.944103 141.192327 159.188303
r12 134.438019 42.049569 151.148319 60.501269
r13 140.809510 55.820895 160.144210 71.768095
r14 147.930535 73.408144 167.394135 90.156344
r15 152.410121 105.417407 171.717621 122.301007
r16 145.885248 137.136251 172.171448 148.866051
r17 144.126815 154.246358 161.481615 172.012858
r18 137.695352 20.942547 165.315752 32.105747
r19 152.016066 40.233536 173.499966 54.585436
r20 157.731762 64.292675 168.824562 72.467975
r21 158.566119 103.196415 171.673119 114.958615
r22 151.239769 134.665465 180.942669 152.312465
r23 144.574606 150.923876 173.208406 169.229776
r24 150.554395 28.858679 152.397295 30.188679
r25 149.901084 32.230329 176.804284 43.691129
r26 161.372492 52.686867 178.864592 70.313867
r27 156.071968 91.487391 187.252868 108.297891
r28 153.143400 117.790502 187.390000 133.096202
r29 159.467464 135.009659 162.630164 137.381059
r30 150.069448 31.539525 153.284848 32.835325
r31 156.920085 37.347509 158.667985 39.731309
r32 160.035947 39.692209 177.828547 69.152109
r33 160.616683 69.348247 181.496383 94.452447
r34 160.538065 115.115001 163.618065 116.467801
r35 157.041381 122.251196 161.202281 124.053696
r36 120.523439 86.234830 122.612139 87.408230
r37 111.132557 88.361477 130.569657 104.224577
r38 105.573918 103.298716 129.426418 116.225416
r39 102.930623 124.527074 130.095423 135.877574
r40 104.551522 140.404103 122.437022 157.643303
r41 117.331623 158.558239 118.449423 160.750839
r42 110.693866 70.194592 134.547966 83.120392
r43 110.606340 81.591925 136.787540 93.368825
r44 115.628215 99.151429 125.796615 108.069829
r45 114.722588 121.610801 128.985588 127.968901
r46 114.352922 136.373888 133.954222 152.104088
r47 113.701471 159.004405 133.071671 174.922305
r48 109.013262 38.864826 126.071262 56.940426
r49 116.301577 54.218132 128.735777 61.511432
r50 115.688779 67.058670 134.996679 75.716170
r51 124.498263 110.109033 136.056763 124.570833
r52 125.641486 139.785810 139.915386 146.139110
r53 123.165004 157.980499 145.369804 171.866399
r54 106.477288 21.371516 129.478488 34.776616
r55 117.948364 44.168127 132.120664 50.566927
r56 120.362549 59.106274 137.169849 69.051774
r57 124.483239 98.021861 146.479739 110.940561
r58 128.940678 135.432330 140.794378 148.438130
r59 122.224098 147.415284 146.218298 169.260784
r60 124.469802 14.756037 143.163502 31.250037
r61 121.497443 34.900989 149.000643 46.111789
r62 131.842885 59.461047 144.914385 66.398747
r63 134.821514 83.314809 146.515114 96.498709
r64 123.543011 124.347749 158.760811 139.231349
r65 139.227236 131.659065 172.631436 159.904065
r66 143.338236 28.772460 146.505136 30.088160
r67 133.832447 27.160002 164.059447 44.501002
r68 129.940120 51.261107 163.031320 67.101207
r69 126.622687 73.599313 162.517387 88.202213
r70 138.444689 97.709512 155.444989 128.542312
r71 151.458229 120.093179 155.570129 121.917179
r72 93.671597 75.357998 106.571397 99.260198
r73 84.991863 87.637173 107.380263 101.409173
r74 86.860806 107.557491 99.356906 114.814691
r75 82.225660 129.072092 97.217460 135.121192
r76 72.472247 143.164634 98.162347 155.166634
r77 72.956601 159.246401 94.843801 173.333801
r78 83.587560 67.674694 108.699660 79.952994
r79 90.573752 78.874243 98.503252 88.085343
r80 85.918650 100.704342 101.975250 111.114842
r81 87.781924 118.974331 96.091624 139.090231
r82 89.781993 139.745263 96.093893 151.316963
r83 85.279261 159.879503 107.269361 173.900903
r84 92.133406 40.793014 105.260206 46.357114
r85 92.095444 40.598412 102.988244 55.944012
r86 86.021828 48.481082 106.843828 71.199382
r87 86.395544 112.037360 111.165444 127.572560
r88 96.205806 134.964615 108.325906 148.756315
r89 99.788965 155.686188 110.473365 162.522188
r90 95.614190 28.124767 108.426290 37.816067
r91 98.244024 31.248858 109.622524 56.222958
r92 101.998009 56.085533 114.188609 69.797433
r93 95.809177 94.615083 109.737377 115.017283
r94 103.069916 132.304785 121.690616 147.565585
r95 109.708504 149.862198 121.455604 160.432198
r96 100.411984 10.042083 126.991684 29.762583
r97 108.019659 36.459338 120.469459 46.432738
r98 97.270839 56.726700 133.929639 71.843600
r99 100.885564 77.060643 123.965964 101.070943
r100 111.643664 123.654004 125.301664 132.745104
r101 107.344870 143.112268 144.798770 168.303268
r102 130.852710 6.456776 154.040510 47.146376
r103 117.559302 25.669092 138.893202 50.238792
r104 117.046284 53.575592 125.041984 69.104792
r105 113.882587 79.105853 126.747387 88.757553
r106 111.787540 102.756859 134.698740 125.635059
r107 130.522919 105.474799 171.321219 128.600699
r108 63.966142 75.926211 82.062142 92.965011
r109 57.948805 88.057168 84.972905 99.466768
r110 67.260102 107.165774 76.317002 115.230274
r111 66.241344 133.863860 77.641244 140.270860
r112 59.714185 144.733493 89.151285 162.539793
r113 52.693996 165.294597 82.259296 183.023697
r114 60.131314 57.902534 83.138114 71.304334
r115 68.349670 78.264515 77.807470 85.987215
r116 59.506332 101.516876 83.727832 114.975176
r117 59.619327 124.999656 82.727327 139.106456
r118 72.150124 135.075666 79.401524 152.198666
r119 70.201209 160.625592 103.541209 176.347392
r120 71.349615 39.880481 82.183715 46.622081
r121 64.593657 39.371654 86.071757 54.549054
r122 67.636745 60.582206 77.760145 77.094206
r123 69.786347 111.593818 79.105147 129.531418
r124 62.377632 118.621246 93.969032 136.162946
r125 84.766238 152.665031 100.379838 160.617531
r126 75.989805 25.918832 86.465805 37.771332
r127 68.220275 31.042084 94.337775 52.260284
r128 64.551257 65.012420 89.565657 76.372520
r129 73.797764 91.461236 84.462864 118.105936
r130 87.668491 115.885780 105.127091 147.627580
r131 96.346340 146.318553 105.219840 160.311553
r132 66.288687 0.000000 96.380187 31.354400
r133 78.161877 30.215167 87.944677 53.061467
r134 67.718185 52.412847 92.902285 74.417447
r135 75.731854 80.170362 94.561254 109.601362
r136 96.403037 119.003913 113.367237 126.323213
r137 82.498578 132.278866 131.008578 151.728466
r138 94.681496 5.590495 131.658196 31.106595
r139 97.147178 37.928567 135.649278 62.433767
r140 93.233166 56.862391 106.214166 66.427691
r141 95.183162 74.529860 102.372862 91.799960
r142 98.218488 78.956622 141.123388 100.947122
r143 94.865384 105.407478 134.902684 128.972978
r144 55.421074 82.132065 57.161874 83.539965
r145 45.726958 80.422715 59.260658 103.205315
r146 34.715749 104.642251 61.499149 116.154351
r147 36.172680 136.233000 63.050080 147.704800
r148 35.935354 148.635078 58.635554 171.725978
r149 49.665281 160.870815 52.591981 162.294515
r150 54.664552 70.967368 56.137052 72.631868
r151 39.665664 72.820574 60.347764 87.728774
r152 44.846010 96.658652 51.091110 108.354052
r153 47.040867 126.602063 53.488067 137.930963
r154 32.239058 134.546992 63.297858 151.423592
r155 50.572653 157.115804 52.471353 159.310304
r156 41.846997 35.309851 68.620797 46.826051
r157 39.922526 43.331054 61.074426 57.908154
r158 35.280693 63.621339 61.462493 76.071939
r159 37.327997 114.240737 62.415097 127.234637
r160 36.301349 115.261603 60.383949 137.027003
r161 26.842773 152.376831 73.400373 172.642031
r162 46.302511 16.142724 67.211011 41.212224
r163 32.950198 36.246456 68.578798 50.958456
r164 44.153361 60.461398 62.358761 90.901098
r165 44.137053 90.077198 63.841353 118.201298
r166 36.146467 115.695341 61.164067 153.408841
r167 65.988782 135.008323 86.907782 180.110823
r168 61.587769 30.884449 63.607669 34.597449
r169 34.928434 22.453923 71.542434 48.222823
r170 33.547940 46.568389 63.221040 78.364889
r171 47.827167 87.042269 77.212367 119.150269
r172 52.983144 109.258017 98.112344 130.164617
r173 79.720668 130.001636 83.971868 131.765836
r174 69.283162 35.043772 73.363262 36.881972
r175 71.047695 44.324637 74.800795 46.323037
r176 69.360262 40.055204 103.774062 67.471504
r177 69.948905 81.483601 109.257305 105.486101
r178 81.737002 108.566424 85.032802 110.842024
r179 82.389165 117.747551 86.189965 119.720851
r180 50.559527 81.099651 51.664827 83.317151
r181 46.638344 88.127824 48.807644 89.257724
r182 42.330994 103.679488 44.029394 105.122588
r183 42.625168 135.745392 44.144368 137.358792
r184 43.622529 146.477709 45.461229 148.743809
r185 45.345486 151.522829 48.486186 152.849529
r186 49.203280 73.389018 51.507880 74.452518
r187 43.998781 79.447084 45.037681 81.806284
r188 20.924443 91.499155 47.326243 103.177655
r189 24.240785 126.470520 47.042585 139.992820
r190 39.941293 140.736134 41.764693 143.021234
r191 44.821373 148.481622 47.246473 150.199822
r192 49.142585 52.140558 51.116485 53.382258
r193 28.205627 52.678784 53.120027 65.054484
r194 18.349452 73.096369 38.322052 88.534169
r195 18.842028 108.167643 35.118628 127.111043
r196 17.852511 117.009915 34.691511 148.138015
r197 45.420016 144.304963 48.383916 146.835363
r198 51.456880 45.341265 53.833580 47.094465
r199 25.389737 49.133096 60.470537 64.074796
r200 13.498087 68.181333 45.752187 84.432433
r201 15.963766 93.808205 40.722666 114.979105
r202 5.981770 113.410716 37.218170 143.615916
r203 54.043629 140.520091 57.963129 142.433591
r204 57.380886 40.809039 59.277186 44.764039
r205 49.906555 47.698463 52.415255 50.688063
r206 5.561435 51.831410 39.704435 79.465210
r207 10.801386 84.009382 45.339886 111.326782
r208 63.585917 120.135020 65.741017 123.615120
r209 68.048147 127.057877 70.730547 129.853877
r210 64.464197 40.710091 66.686997 44.084291
r211 64.541120 47.041357 66.640520 50.613857
r212 66.702784 59.550195 68.437184 63.874495
r213 68.397002 89.413593 71.343302 91.959193
r214 72.156674 111.989951 74.455774 115.252151
r215 73.417617 119.408637 76.706517 121.689037

[Iter 500]
r0 131.195263 85.948746 133.206663 87.167346
r1 135.089883 92.697144 137.494383 93.716544
r2 133.662527 96.936816 150.638627 115.099616
r3 132.638881 125.304133 156.711981 138.112333
r4 137.015789 146.900740 138.264889 148.862940
r5 133.094931 155.212234 134.416431 157.066934
r6 135.577278 78.853202 137.966278 79.879102
r7 135.002808 79.241562 157.096508 93.197262
r8 138.475490 94.888995 165.423990 106.330595
r9 140.061499 118.988232 166.027399 130.862732
r10 134.944628 141.611862 161.293728 153.313762
r11 138.843861 158.433368 140.813861 159.677568
r12 135.762339 42.861849 152.472639 61.313549
r13 142.297606 58.898385 161.632306 74.845585
r14 149.974580 75.542992 169.438180 92.291192
r15 154.447121 105.577630 173.754621 122.461230
r16 146.482635 137.449568 172.768835 149.179368
r17 143.904067 155.310993 161.258867 173.077493
r18 135.304512 20.585084 162.924912 31.748284
r19 149.342963 39.370661 170.826863 53.722561
r20 157.612467 64.305192 168.705267 72.480492
r21 158.846107 102.726786 171.953107 114.488986
r22 150.456299 134.759647 180.159199 152.406647
r23 143.567011 151.954964 172.200811 170.260864
r24 147.612802 27.957783 149.455702 29.287783
r25 146.601925 29.217179 173.505125 40.677979
r26 159.763104 49.732696 177.255204 67.359696
r27 154.583618 90.564457 185.764518 107.374957
r28 152.256354 118.068022 186.502954 133.373722
r29 156.956356 136.364281 160.119056 138.735681
r30 147.829364 30.451392 151.044764 31.747192
r31 154.859132 35.649233 156.607032 38.033033
r32 158.464886 37.974996 176.257486 67.434896
r33 158.302369 67.057436 179.182069 92.161636
r34 159.568347 115.286758 162.648347 116.639558
r35 155.388776 123.561372 159.549676 125.363872
r36 119.144059 86.697883 121.232759 87.871283
r37 111.169320 89.563926 130.606420 105.427026
r38 106.553030 103.635519 130.405530 116.562219
r39 102.914377 125.193078 130.079177 136.543578
r40 104.447177 139.372521 122.332677 156.611721
r41 117.541045 159.168517 118.658845 161.361117
r42 109.290289 71.734736 133.144389 84.660536
r43 110.775319 81.007310 136.956519 92.784210
r44 117.627604 98.823734 127.796004 107.742134
r45 116.271460 121.878716 130.534460 128.236816
r46 114.954282 136.822273 134.555582 152.552473
r47 113.868647 159.377349 133.238847 175.295249
r48 108.688771 39.860181 125.746771 57.935781
r49 116.436711 55.310461 128.870911 62.603761
r50 117.095539 67.048699 136.403439 75.706199
r51 124.936887 111.689302 136.495387 126.151102
r52 125.829026 140.198510 140.102926 146.551810
r53 123.347461 158.618280 145.552261 172.504180
r54 105.655132 20.843743 128.656332 34.248843
r55 118.689268 43.696083 132.861568 50.094883
r56 122.972337 59.323269 139.779637 69.268769
r57 123.797849 97.890763 145.794349 110.809463
r58 128.376949 134.979177 140.230649 147.984977
r59 121.817381 147.511465 145.811581 169.356965
r60 121.682906 14.157479 140.376606 30.651479
r61 119.001642 35.173965 146.504842 46.384765
r62 131.801681 56.819525 144.873181 63.757225
r63 134.445363 82.911183 146.138963 96.095083
r64 122.816023 125.580665 158.033823 140.464265
r65 135.217470 133.137839 168.621670 161.382839
r66 142.106049 27.575091 145.272949 28.890791
r67 132.151430 26.062234 162.378430 43.403234
r68 129.055786 50.632420 162.146986 66.472520
r69 126.591997 72.314830 162.486697 86.917730
r70 137.325010 97.002058 154.325310 127.834858
r71 151.253630 121.886646 155.365530 123.710646
r72 92.533499 75.457990 105.433299 99.360190
r73 87.151077 88.500166 109.539477 102.272166
r74 86.438127 108.761464 98.934227 116.018664
r75 81.622667 129.212078 96.614467 135.261178
r76 72.411814 143.599708 98.101914 155.601708
r77 73.514245 159.585184 95.401445 173.672584
r78 84.784407 66.093795 109.896507 78.372095
r79 92.202945 78.271140 100.132445 87.482240
r80 86.510639 102.630561 102.567239 113.041061
r81 87.630250 118.775645 95.939950 138.891545
r82 89.457794 139.936186 95.769694 151.507886
r83 86.032144 159.615218 108.022244 173.636618
r84 92.564518 40.705805 105.691318 46.269905
r85 92.299736 39.864268 103.192536 55.209868
r86 86.350245 47.835501 107.172245 70.553801
r87 87.873073 112.884977 112.642973 128.420177
r88 96.045274 135.239334 108.165374 149.031034
r89 99.874794 154.890923 110.559194 161.726923
r90 95.410900 27.588418 108.223000 37.279718
r91 98.923668 30.605310 110.302168 55.579410
r92 102.834171 56.535773 115.024771 70.247673
r93 98.972696 94.938890 112.900896 115.341090
r94 102.897442 131.153931 121.518142 146.414731
r95 108.525668 149.445961 120.272768 160.015961
r96 99.433297 9.150114 126.012997 28.870614
r97 108.095155 36.523630 120.544955 46.497030
r98 97.580061 57.517383 134.238861 72.634283
r99 101.620055 73.870080 124.700455 97.880380
r100 110.623171 124.853643 124.281171 133.944743
r101 105.384683 145.425156 142.838583 170.616156
r102 131.862619 3.053835 155.050419 43.743435
r103 115.860500 24.694972 137.194400 49.264672
r104 115.902712 51.981129 123.898412 67.510329
r105 112.768325 78.933171 125.633125 88.584871
r106 112.585670 102.213904 135.496870 125.092104
r107 134.553442 107.868318 175.351742 130.994218
r108 63.607189 74.387453 81.703189 91.426253
r109 57.546432 89.156225 84.570532 100.565825
r110 67.545172 107.453514 76.602072 115.518014
r111 65.975931 134.283999 77.375831 140.690999
r112 59.124846 141.782467 88.561946 159.588767
r113 54.149968 165.057208 83.715268 182.786308
r114 60.485651 57.736594 83.492451 71.138394
r115 68.642131 76.776622 78.099931 84.499322
r116 59.593705 101.075124 83.815205 114.533424
r117 59.748196 123.945913 82.856196 138.052713
r118 71.807937 134.398762 79.059337 151.521762
r119 73.464481 161.062853 106.804481 176.784653
r120 71.006419 39.548368 81.840519 46.289968
r121 64.585426 38.621261 86.063526 53.798661
r122 67.649764 60.383359 77.773164 76.895359
r123 70.004730 111.632883 79.323530 129.570483
r124 61.339095 119.618940 92.930495 137.160640
r125 85.047160 150.636114 100.660760 158.588614
r126 75.804511 25.237195 86.280511 37.089695
r127 68.448667 30.413368 94.566167 51.631568
r128 64.933008 65.633360 89.947408 76.993460
r129 73.132600 91.320882 83.797700 117.965582
r130 85.749071 115.087837 103.207671 146.829637
r131 95.036759 143.519512 103.910259 157.512512
r132 67.965363 2.050418 98.056863 33.404818
r133 79.398568 28.689154 89.181368 51.535454
r134 68.582603 51.446888 93.766703 73.451488
r135 76.501020 78.319459 95.330420 107.750459
r136 94.642364 115.279826 111.606564 122.599126
r137 81.320155 130.173303 129.830155 149.622903
r138 93.462625 7.005018 130.439325 32.521118
r139 93.933747 35.865306 132.435847 60.370506
r140 93.871855 57.522762 106.852855 67.088062
r141 95.288225 77.869862 102.477925 95.139962
r142 102.288173 80.932733 145.193073 102.923233
r143 102.646055 103.997555 142.683355 127.563055
r144 55.447869 82.332611 57.188669 83.740511
r145 45.205303 80.516351 58.739003 103.298951
r146 34.865623 104.218162 61.649023 115.730262
r147 36.539531 136.640453 63.416931 148.112253
r148 35.436176 149.310857 58.136376 172.401757
r149 50.277770 159.425321 53.204470 160.849021
r150 54.647369 71.177351 56.119869 72.841851
r151 39.811458 72.388539 60.493558 87.296739
r152 45.884326 96.169674 52.129426 107.865074
r153 47.626393 126.280485 54.073593 137.609385
r154 32.220779 135.055043 63.279579 151.931643
r155 49.750420 155.953770 51.649120 158.148270
r156 41.210156 34.745796 67.983956 46.261996
r157 39.752623 42.701579 60.904523 57.278679
r158 35.067821 63.208234 61.249621 75.658834
r159 38.418817 113.690925 63.505917 126.684825
r160 38.277427 116.394364 62.360027 138.159764
r161 22.299251 155.187584 68.856851 175.452784
r162 45.468539 15.669874 66.377039 40.739374
r163 33.104796 35.684166 68.733396 50.396166
r164 44.714709 59.503436 62.920109 89.943136
r165 44.683182 88.266903 64.387482 116.391003
r166 45.135586 122.002310 70.153186 159.715810
r167 70.707129 136.619550 91.626129 181.722050
r168 61.503290 30.319840 63.523190 34.032840
r169 35.402420 22.615980 72.016420 48.384880
r170 33.977948 44.441854 63.651048 76.238354
r171 47.232579 75.191181 76.617779 107.299181
r172 49.395365 101.356910 94.524565 122.263510
r173 80.466510 125.702095 84.717710 127.466295
r174 68.801608 35.405737 72.881708 37.243937
r175 71.190183 43.700877 74.943283 45.699277
r176 68.151899 45.976946 102.565699 73.393246
r177 71.355978 80.507049 110.664378 104.509549
r178 84.124920 105.620011 87.420720 107.895611
r179 83.950717 117.874148 87.751517 119.847448
r180 50.903131 81.512887 52.008431 83.730387
r181 46.688073 88.089118 48.857373 89.219018
r182 42.749303 103.972868 44.447703 105.415968
r183 42.927677 135.646922 44.446877 137.260322
r184 43.998252 145.683315 45.836952 147.949415
r185 46.135453 150.187302 49.276153 151.514002
r186 49.243928 73.969987 51.548528 75.033487
r187 44.148309 79.533079 45.187209 81.892279
r188 19.430544 91.435026 45.832344 103.113526
r189 24.051645 126.442595 46.853445 139.964895
r190 40.200285 139.850934 42.023685 142.136034
r191 45.472986 146.646174 47.898086 148.364374
r192 48.734809 53.173961 50.708709 54.415661
r193 27.820558 52.349086 52.734958 64.724786
r194 17.658715 73.408320 37.631315 88.846120
r195 19.328793 108.368007 35.605393 127.311407
r196 18.796196 114.226344 35.635196 145.354444
r197 45.005005 141.819118 47.968905 144.349518
r198 50.639426 46.786460 53.016126 48.539660
r199 24.290344 49.295431 59.371144 64.237131
r200 12.133499 68.446670 44.387599 84.697770
r201 15.023188 93.125652 39.782088 114.296552
r202 8.534978 115.281420 39.771378 145.486620
r203 56.920888 136.378815 60.840388 138.292315
r204 56.999461 42.090533 58.895761 46.045533
r205 50.140864 47.849971 52.649564 50.839571
r206 1.842189 42.222841 35.985189 69.856641
r207 0.496525 85.205914 35.035025 112.523314
r208 66.480047 113.844013 68.635147 117.324113
r209 71.662067 122.776949 74.344467 125.572949
r210 64.243242 41.685038 66.466042 45.059238
r211 64.647270 47.460466 66.746670 51.032966
r212 67.548968 58.771366 69.283368 63.095666
r213 70.325729 91.493218 73.272029 94.038818
r214 75.094730 108.196109 77.393830 111.458309
r215 76.996423 117.203414 80.285323 119.483814

[Iter 550]
r0 130.890202 85.256607 132.901602 86.475207
r1 134.445265 92.415568 136.849765 93.434968
r2 133.651763 97.740387 150.627863 115.903187
r3 132.596356 124.285306 156.669456 137.093506
r4 137.154555 147.280917 138.403655 149.243117
r5 133.326329 155.646235 134.647829 157.500935
r6 135.403642 77.515318 137.792642 78.541218
r7 134.437809 77.692242 156.531509 91.647942
r8 138.679652 95.229816 165.628152 106.671416
r9 140.349743 118.118729 166.315643 129.993229
r10 134.784999 143.181486 161.134099 154.883386
r11 139.410707 159.294202 141.380707 160.538402
r12 135.754494 44.336044 152.464794 62.787744
r13 141.979349 61.059315 161.314049 77.006515
r14 152.899300 77.114113 172.362900 93.862313
r15 154.963084 105.815071 174.270584 122.698671
r16 147.253150 138.731442 173.539350 150.461242
r17 143.519100 155.808928 160.873900 173.575428
r18 135.728690 21.325565 163.349090 32.488765
r19 148.765677 40.445849 170.249577 54.797749
r20 157.493803 64.770305 168.586603 72.945605
r21 159.394376 102.856058 172.501376 114.618258
r22 151.230910 137.176869 180.933810 154.823869
r23 143.452208 153.012681 172.086008 171.318581
r24 147.615171 27.764101 149.458071 29.094101
r25 146.271173 29.741389 173.174373 41.202189
r26 160.146764 50.016629 177.638864 67.643629
r27 155.263284 90.444040 186.444184 107.254540
r28 153.143400 118.727061 187.390000 134.032761
r29 157.574613 139.935376 160.737313 142.306776
r30 147.491147 30.097825 150.706547 31.393625
r31 154.431097 35.321625 156.178997 37.705425
r32 158.732446 37.303152 176.525046 66.763052
r33 159.304412 67.687486 180.184112 92.791686
r34 160.635538 116.741045 163.715538 118.093845
r35 156.845052 125.926287 161.005952 127.728787
r36 116.844906 85.275827 118.933606 86.449227
r37 108.878051 90.172892 128.315151 106.035992
r38 106.149646 105.278505 130.002146 118.205205
r39 102.787225 124.361944 129.952025 135.712444
r40 104.945753 142.241150 122.831253 159.480350
r41 117.271156 159.610836 118.388956 161.803436
r42 107.227618 69.099563 131.081718 82.025363
r43 107.705187 81.148413 133.886387 92.925313
r44 117.521604 98.814024 127.690004 107.732424
r45 116.582085 121.383046 130.845085 127.741146
r46 114.880112 137.708034 134.481412 153.438234
r47 113.764220 159.952522 133.134420 175.870422
r48 109.926012 40.295051 126.984012 58.370651
r49 117.205046 56.365441 129.639246 63.658741
r50 120.448743 73.776477 139.756643 82.433977
r51 126.264750 112.096685 137.823250 126.558485
r52 125.784369 141.285550 140.058269 147.638850
r53 123.244904 158.286071 145.449704 172.171971
r54 106.146843 21.178716 129.148043 34.583816
r55 120.133208 43.749286 134.305508 50.148086
r56 123.098290 60.963461 139.905590 70.908961
r57 124.219309 98.279302 146.215809 111.198002
r58 128.990201 137.271952 140.843901 150.277752
r59 121.739850 149.069196 145.734050 170.914696
r60 121.556121 13.225123 140.249821 29.719123
r61 118.839801 34.116921 146.343001 45.327721
r62 130.664898 56.865462 143.736398 63.803162
r63 134.930412 83.822508 146.624012 97.006408
r64 123.497666 127.207331 158.715466 142.090931
r65 136.213560 137.747232 169.617760 165.992232
r66 141.904882 26.993339 145.071782 28.309039
r67 132.184271 25.992130 162.411271 43.333130
r68 129.604948 49.599468 162.696148 65.439568
r69 126.282303 73.012348 162.177003 87.615248
r70 138.507721 98.900217 155.508021 129.733017
r71 153.141699 124.697785 157.253599 126.521785
r72 87.467473 73.423689 100.367273 97.325889
r73 85.252853 89.503742 107.641253 103.275742
r74 85.323386 108.649249 97.819486 115.906449
r75 80.396928 130.382920 95.388728 136.432020
r76 71.022641 144.572408 96.712741 156.574408
r77 71.973005 159.924270 93.860205 174.011670
r78 80.948573 67.081592 106.060673 79.359892
r79 91.375165 81.168732 99.304665 90.379832
r80 86.699028 101.766661 102.755628 112.177161
r81 87.713673 119.888795 96.023373 140.004695
r82 89.738066 140.229645 96.049966 151.801345
r83 86.130150 161.034796 108.120250 175.056196
r84 91.296006 40.105588 104.422806 45.669688
r85 91.433039 39.740309 102.325839 55.085909
r86 86.340718 47.252379 107.162718 69.970679
r87 86.800712 114.651143 111.570612 130.186343
r88 95.805993 135.555173 107.926093 149.346873
r89 99.465126 155.534050 110.149526 162.370050
r90 94.725993 27.137026 107.538093 36.828326
r91 97.754362 30.291427 109.132862 55.265527
r92 104.008513 56.114307 116.199113 69.826207
r93 98.215079 96.205386 112.143279 116.607586
r94 101.935252 133.332851 120.555952 148.593651
r95 107.846738 150.707971 119.593838 161.277971
r96 97.225243 7.779214 123.804943 27.499714
r97 107.685796 35.725943 120.135596 45.699343
r98 98.607967 54.794723 135.266767 69.911623
r99 102.281644 77.441256 125.362044 101.451556
r100 109.254054 125.113115 122.912054 134.204215
r101 101.833184 149.904970 139.287084 175.095970
r102 129.854997 3.267226 153.042797 43.956826
r103 116.474550 23.251650 137.808450 47.821350
r104 117.308539 53.556140 125.304239 69.085340
r105 114.542367 79.068960 127.407167 88.720660
r106 110.950378 104.462760 133.861578 127.340960
r107 139.009113 111.501749 179.807413 134.627649
r108 61.092822 74.783773 79.188822 91.822573
r109 55.501092 89.052590 82.525192 100.462190
r110 66.178434 108.547788 75.235334 116.612288
r111 64.995578 135.255318 76.395478 141.662318
r112 56.222982 145.995489 85.660082 163.801789
r113 51.294489 165.593837 80.859789 183.322937
r114 58.607004 56.015019 81.613804 69.416819
r115 67.204576 79.324858 76.662376 87.047558
r116 58.531877 100.460389 82.753377 113.918689
r117 59.103859 125.683929 82.211859 139.790729
r118 70.812603 135.093862 78.064003 152.216862
r119 73.533613 161.324167 106.873613 177.045967
r120 70.810377 39.338508 81.644477 46.080108
r121 63.886486 38.171876 85.364586 53.349276
r122 67.139668 59.309346 77.263068 75.821346
r123 68.842517 112.562352 78.161317 130.499952
r124 59.953567 119.219227 91.544967 136.760927
r125 84.499931 152.517386 100.113531 160.469886
r126 75.400090 24.638081 85.876090 36.490581
r127 67.457114 29.593724 93.574614 50.811924
r128 63.013458 63.875181 88.027858 75.235281
r129 71.686452 90.133489 82.351552 116.778189
r130 85.129331 115.956600 102.587931 147.698400
r131 93.230594 144.645289 102.104094 158.638289
r132 64.902519 0.000000 94.994019 31.354400
r133 77.135950 26.227131 86.918750 49.073431
r134 70.445626 51.585281 95.629726 73.589881
r135 77.185260 79.143907 96.014660 108.574907
r136 91.680490 115.459248 108.644690 122.778548
r137 79.702167 131.983710 128.212167 151.433310
r138 94.457853 3.039846 131.434553 28.555946
r139 94.951625 31.429739 133.453725 55.934939
r140 94.970332 57.868469 107.951332 67.433769
r141 98.356836 73.702056 105.546536 90.972156
r142 93.140795 90.770156 136.045695 112.760656
r143 103.783189 115.440473 143.820489 139.005973
r144 53.284666 81.708216 55.025466 83.116116
r145 43.108495 80.607308 56.642195 103.389908
r146 33.636103 105.756450 60.419503 117.268550
r147 35.109113 138.335648 61.986513 149.807448
r148 33.040454 149.480434 55.740654 172.571334
r149 47.923863 159.121161 50.850563 160.544861
r150 52.737368 70.787372 54.209868 72.451872
r151 36.458265 73.119823 57.140365 88.028023
r152 45.291633 97.017821 51.536733 108.713221
r153 47.015272 127.235296 53.462472 138.564196
r154 30.749039 134.648465 61.807839 151.525065
r155 47.570217 155.341558 49.468917 157.536058
r156 39.884834 34.504746 66.658634 46.020946
r157 38.729662 42.042844 59.881562 56.619944
r158 35.532094 62.988587 61.713894 75.439187
r159 37.393783 115.934481 62.480883 128.928381
r160 34.950663 113.481156 59.033263 135.246556
r161 20.535158 148.501737 67.092758 168.766937
r162 43.471747 14.784689 64.380247 39.854189
r163 32.514089 36.559779 68.142689 51.271779
r164 44.398896 59.137501 62.604296 89.577201
r165 46.182205 88.047049 65.886505 116.171149
r166 38.764018 113.109153 63.781618 150.822653
r167 63.271595 133.342005 84.190595 178.444505
r168 59.908233 29.703604 61.928133 33.416604
r169 32.526983 19.432450 69.140983 45.201350
r170 38.495181 50.456641 68.168281 82.253141
r171 51.299348 73.933786 80.684548 106.041786
r172 59.760226 108.973296 104.889426 129.879896
r173 79.447881 130.074042 83.699081 131.838242
r174 67.923777 34.140001 72.003877 35.978201
r175 70.153349 41.035482 73.906449 43.033882
r176 65.746421 46.734824 100.160221 74.151124
r177 73.901532 66.934894 113.209932 90.937394
r178 87.624770 110.781103 90.920570 113.056703
r179 84.986428 122.147127 88.787228 124.120427
r180 48.800030 80.571043 49.905330 82.788543
r181 44.672860 88.139560 46.842160 89.269460
r182 41.083646 105.380674 42.782046 106.823774
r183 41.178921 135.866198 42.698121 137.479598
r184 41.924844 145.241225 43.763544 147.507325
r185 44.052084 150.046535 47.192784 151.373235
r186 47.188878 73.378185 49.493478 74.441685
r187 42.176339 79.448640 43.215239 81.807840
r188 17.851614 93.419618 44.253414 105.098118
r189 22.201643 126.951952 45.003443 140.474252
r190 38.764348 139.287798 40.587748 141.572898
r191 43.396867 146.578514 45.821967 148.296714
r192 46.756779 52.717488 48.730679 53.959188
r193 25.633296 52.196602 50.547696 64.572302
r194 16.921127 73.358117 36.893727 88.795917
r195 18.264689 108.594574 34.541289 127.537974
r196 16.230621 114.303062 33.069621 145.431162
r197 42.364694 141.969875 45.328594 144.500275
r198 48.749514 45.532774 51.126214 47.285974
r199 22.321428 49.678525 57.402228 64.620225
r200 12.842246 69.149053 45.096346 85.400153
r201 16.549777 92.182755 41.308677 113.353655
r202 6.638366 116.051683 37.874766 146.256883
r203 55.249915 137.132988 59.169415 139.046488
r204 55.242437 40.695753 57.138737 44.650753
r205 48.500896 47.874360 51.009596 50.863960
r206 6.438939 52.647964 40.581939 80.281764
r207 14.467787 81.038650 49.006287 108.356050
r208 66.015539 117.821783 68.170639 121.301883
r209 69.841867 125.859931 72.524267 128.655931
r210 62.600937 40.212728 64.823737 43.586928
r211 63.272999 45.932814 65.372399 49.505314
r212 66.486733 61.815577 68.221133 66.139877
r213 69.557879 87.841901 72.504179 90.387501
r214 73.938997 112.583857 76.238097 115.846057
r215 75.022525 121.014220 78.311425 123.294620

[Iter 600]
r0 130.594482 84.662531 132.605882 85.881131
r1 134.580654 91.752185 136.985154 92.771585
r2 133.336213 97.227818 150.312313 115.390618
r3 131.916414 122.742872 155.989514 135.551072
r4 137.100871 145.982387 138.349971 147.944587
r5 133.467082 155.539247 134.788582 157.393947
r6 135.053593 76.747872 137.442593 77.773772
r7 134.423954 76.921613 156.517654 90.877313
r8 138.574965 96.362430 165.523465 107.804030
r9 139.728608 117.650045 165.694508 129.524545
r10 134.752729 142.335033 161.101829 154.036933
r11 139.228266 158.744210 141.198266 159.988410
r12 135.476488 44.104540 152.186788 62.556240
r13 143.316399 59.770626 162.651099 75.717826
r14 151.331801 78.384471 170.795401 95.132671
r15 154.248683 106.068150 173.556183 122.951750
r16 146.833514 139.302930 173.119714 151.032730
r17 142.918265 155.611032 160.273065 173.377532
r18 136.917102 21.771061 164.537502 32.934261
r19 150.769151 40.915445 172.253051 55.267345
r20 158.079924 67.210317 169.172724 75.385617
r21 158.587648 103.489517 171.694648 115.251717
r22 150.545660 137.811320 180.248560 155.458320
r23 143.119485 153.894095 171.753285 172.199995
r24 148.788932 29.098807 150.631832 30.428807
r25 147.351934 31.584786 174.255134 43.045586
r26 160.891962 52.347038 178.384062 69.974038
r27 154.128537 91.549349 185.309437 108.359849
r28 152.844882 119.793179 187.091482 135.098879
r29 156.848708 143.750222 160.011408 146.121622
r30 148.227521 31.167132 151.442921 32.462932
r31 155.253517 37.435486 157.001417 39.819286
r32 158.685463 39.085493 176.478063 68.545393
r33 158.564918 68.479734 179.444618 93.583934
r34 159.976493 119.569896 163.056493 120.922696
r35 155.635023 128.925613 159.795923 130.728113
r36 116.695684 84.972912 118.784384 86.146312
r37 109.178416 88.322243 128.615516 104.185343
r38 105.362175 103.462679 129.214675 116.389379
r39 102.327395 122.618704 129.492195 133.969204
r40 104.811095 139.853005 122.696595 157.092205
r41 116.715197 159.748599 117.832997 161.941199
r42 105.758082 69.732479 129.612182 82.658279
r43 108.773091 80.159870 134.954291 91.936770
r44 118.360266 98.996360 128.528666 107.914760
r45 116.314052 122.506607 130.577052 128.864707
r46 114.796709 138.550157 134.398009 154.280357
r47 113.276174 159.097719 132.646374 175.015619
r48 108.597766 38.490831 125.655766 56.566431
r49 117.422057 56.380089 129.856257 63.673389
r50 121.253582 72.255661 140.561482 80.913161
r51 125.612086 111.151807 137.170586 125.613607
r52 125.797514 141.528213 140.071414 147.881513
r53 122.668169 158.875593 144.872969 172.761493
r54 106.521399 21.422223 129.522599 34.827323
r55 120.115575 44.608405 134.287875 51.007205
r56 123.552542 60.462541 140.359842 70.408041
r57 124.753341 96.502972 146.749841 109.421672
r58 128.569576 137.703119 140.423276 150.708919
r59 121.474511 150.537533 145.468711 172.383033
r60 123.012363 15.088029 141.706063 31.582029
r61 119.431133 34.920702 146.934333 46.131502
r62 130.256485 58.492030 143.327985 65.429730
r63 134.142064 83.243545 145.835664 96.427445
r64 123.083413 129.431129 158.301213 144.314729
r65 133.157708 142.858445 166.561908 171.103445
r66 141.594753 27.616283 144.761653 28.931983
r67 131.998841 27.723259 162.225841 45.064259
r68 128.033127 50.744113 161.124327 66.584213
r69 126.076872 74.983361 161.971572 89.586261
r70 139.633467 99.233824 156.633767 130.066624
r71 150.999167 127.220856 155.111067 129.044856
r72 86.783749 73.897580 99.683549 97.799780
r73 85.766062 88.909720 108.154462 102.681720
r74 85.640309 108.673462 98.136409 115.930662
r75 80.537779 130.380395 95.529579 136.429495
r76 71.421945 143.824723 97.112045 155.826723
r77 72.954710 160.396032 94.841910 174.483432
r78 81.257186 66.319324 106.369286 78.597624
r79 91.572718 79.077939 99.502218 88.289039
r80 86.520716 100.756817 102.577316 111.167317
r81 86.863249 119.383057 95.172949 139.498957
r82 88.663136 140.268460 94.975036 151.840160
r83 86.104752 159.839308 108.094852 173.860708
r84 90.835194 39.804754 103.961994 45.368854
r85 91.299827 39.900699 102.192627 55.246299
r86 84.223630 47.045252 105.045630 69.763552
r87 87.778552 113.752250 112.548452 129.287450
r88 95.749042 135.215245 107.869142 149.006945
r89 99.763030 154.990710 110.447430 161.826710
r90 93.633033 27.187622 106.445133 36.878922
r91 96.468397 30.821649 107.846897 55.795749
r92 104.698898 55.998813 116.889498 69.710713
r93 99.049299 95.751529 112.977499 116.153729
r94 102.462232 131.550536 121.082932 146.811336
r95 106.870195 148.720864 118.617295 159.290864
r96 98.965785 8.462430 125.545485 28.182930
r97 107.334484 36.118067 119.784284 46.091467
r98 97.014888 55.988116 133.673688 71.105016
r99 100.873081 77.982175 123.953481 101.992475
r100 108.084863 123.256192 121.742863 132.347292
r101 97.480674 144.945053 134.934574 170.136053
r102 130.293500 1.418759 153.481300 42.108359
r103 115.391644 25.128018 136.725544 49.697718
r104 114.838502 53.147640 122.834202 68.676840
r105 113.601191 80.601566 126.465991 90.253266
r106 111.711226 103.809598 134.622426 126.687798
r107 132.580011 111.573549 173.378311 134.699449
r108 62.243083 76.279188 80.339083 93.317988
r109 56.457551 88.246669 83.481651 99.656269
r110 66.390425 107.827014 75.447325 115.891514
r111 64.895071 134.795318 76.294971 141.202318
r112 58.556249 143.550168 87.993349 161.356468
r113 53.922250 167.280863 83.487550 185.009963
r114 58.878659 56.525499 81.885459 69.927299
r115 67.347692 76.733641 76.805492 84.456341
r116 58.326219 101.154724 82.547719 114.613024
r117 59.406621 124.947832 82.514621 139.054632
r118 71.778214 135.234804 79.029614 152.357804
r119 75.679131 161.646353 109.019131 177.368153
r120 70.042222 39.074233 80.876322 45.815833
r121 63.420845 39.149929 84.898945 54.327329
r122 67.355997 60.018907 77.479397 76.530907
r123 69.776328 111.629420 79.095128 129.567020
r124 60.694107 119.921944 92.285507 137.463644
r125 85.495867 150.915349 101.109467 158.867849
r126 74.230839 24.236391 84.706839 36.088891
r127 67.210745 30.350618 93.328245 51.568818
r128 62.929723 65.131598 87.944123 76.491698
r129 71.738690 92.451537 82.403790 119.096237
r130 86.302387 115.153774 103.760987 146.895574
r131 95.242959 142.740218 104.116459 156.733218
r132 65.641772 2.327789 95.733272 33.682189
r133 78.897804 26.916744 88.680604 49.763044
r134 68.578151 51.532348 93.762251 73.536948
r135 75.055100 78.914239 93.884500 108.345239
r136 93.556401 112.765265 110.520601 120.084565
r137 87.767898 119.531918 136.277898 138.981518
r138 92.371255 4.685673 129.347955 30.201773
r139 94.744945 33.504796 133.247045 58.009996
r140 93.002855 57.023998 105.983855 66.589298
r141 94.925966 76.703818 102.115666 93.973918
r142 96.158616 84.281021 139.063516 106.271521
r143 127.812619 85.328327 167.849919 108.893827
r144 53.951523 82.392264 55.692323 83.800164
r145 43.862770 81.604795 57.396470 104.387395
r146 33.401778 105.223284 60.185178 116.735384
r147 35.487537 137.210431 62.364937 148.682231
r148 34.745548 150.574997 57.445748 173.665897
r149 50.590018 161.002828 53.516718 162.426528
r150 53.386575 70.889090 54.859075 72.553590
r151 37.943050 71.998316 58.625150 86.906516
r152 44.189888 96.489711 50.434988 108.185111
r153 47.146694 126.834763 53.593894 138.163663
r154 31.795105 135.846740 62.853905 152.723340
r155 50.970338 157.240559 52.869038 159.435059
r156 40.418472 32.362339 67.192272 43.878539
r157 38.612671 41.292439 59.764571 55.869539
r158 34.439296 63.413921 60.621096 75.864521
r159 38.455063 114.473001 63.542163 127.466901
r160 38.201297 116.215879 62.283897 137.981279
r161 27.761402 152.640060 74.319002 172.905260
r162 44.105075 13.704489 65.013575 38.773989
r163 31.819976 35.100441 67.448576 49.812441
r164 43.289614 59.046874 61.495014 89.486574
r165 44.505832 88.457949 64.210132 116.582049
r166 42.320284 118.343631 67.337884 156.057131
r167 68.132942 127.788884 89.051942 172.891384
r168 59.709864 29.173301 61.729764 32.886301
r169 32.040823 17.912159 68.654823 43.681059
r170 36.645801 46.875251 66.318901 78.671751
r171 43.065866 70.416934 72.451066 102.524934
r172 51.639435 106.063015 96.768635 126.969615
r173 79.764557 119.141909 84.015757 120.906109
r174 68.287322 34.634996 72.367422 36.473196
r175 70.753799 42.716267 74.506899 44.714667
r176 66.138220 46.253105 100.552020 73.669405
r177 69.395572 75.448127 108.703972 99.450627
r178 84.592643 103.332677 87.888443 105.608277
r179 84.212677 104.951176 88.013477 106.924476
r180 49.663237 80.996558 50.768537 83.214058
r181 45.443403 88.263341 47.612703 89.393241
r182 41.366509 103.789883 43.064909 105.232983
r183 41.853931 136.422886 43.373131 138.036286
r184 43.534039 146.712800 45.372739 148.978900
r185 46.500058 151.296696 49.640758 152.623396
r186 48.135722 73.462772 50.440322 74.526272
r187 43.157398 79.235096 44.196298 81.594296
r188 19.180178 91.086187 45.581978 102.764687
r189 23.402047 126.527065 46.203847 140.049365
r190 40.364730 140.572327 42.188130 142.857427
r191 46.636099 147.376453 49.061199 149.094653
r192 47.952164 51.229847 49.926064 52.471547
r193 27.299261 51.236965 52.213661 63.612665
r194 17.397711 72.237851 37.370311 87.675651
r195 18.747807 108.382919 35.024407 127.326319
r196 18.634217 115.104801 35.473217 146.232901
r197 47.417227 141.602405 50.381127 144.132805
r198 49.702011 44.717780 52.078711 46.470980
r199 23.922748 48.190769 59.003548 63.132469
r200 11.963739 67.767200 44.217839 84.018300
r201 15.361919 93.731705 40.120819 114.902605
r202 10.210174 115.210526 41.446574 145.415726
r203 58.816068 135.552216 62.735568 137.465716
r204 55.613493 40.603604 57.509793 44.558604
r205 48.284294 47.599879 50.792994 50.589479
r206 5.163156 49.428978 39.306156 77.062778
r207 8.216405 83.637782 42.754905 110.955182
r208 64.965211 110.633680 67.120311 114.113780
r209 70.676202 116.271563 73.358602 119.067563
r210 63.117197 40.535446 65.339997 43.909646
r211 63.614643 46.931870 65.714043 50.504370
r212 66.210789 59.236838 67.945189 63.561138
r213 69.305725 87.854223 72.252025 90.399823
r214 74.019295 102.380872 76.318395 105.643072
r215 76.276107 107.295397 79.565007 109.575797

[Iter 650]
r0 130.949040 85.039090 132.960440 86.257690
r1 134.510319 92.070308 136.914819 93.089708
r2 133.468399 97.862321 150.444499 116.025121
r3 131.973928 123.426074 156.047028 136.234274
r4 137.022032 146.602822 138.271132 148.565022
r5 133.426608 155.713256 134.748108 157.567956
r6 135.188090 77.515093 137.577090 78.540993
r7 134.021658 77.869307 156.115358 91.825007
r8 138.069114 96.458081 165.017614 107.899681
r9 139.537396 118.292179 165.503296 130.166679
r10 135.230669 142.215713 161.579769 153.917613
r11 139.375510 159.208023 141.345510 160.452223
r12 134.525254 40.851960 151.235554 59.303660
r13 141.038493 60.196349 160.373193 76.143549
r14 150.896853 76.012900 170.360453 92.761100
r15 154.413695 105.751109 173.721195 122.634709
r16 147.058506 139.182666 173.344706 150.912466
r17 143.990914 156.095609 161.345714 173.862109
r18 137.258150 20.177828 164.878550 31.341028
r19 149.627640 40.436028 171.111540 54.787928
r20 157.404883 64.806867 168.497683 72.982167
r21 158.670494 102.940071 171.777494 114.702271
r22 151.150723 135.930052 180.853623 153.577052
r23 144.341537 153.149699 172.975337 171.455599
r24 149.088649 27.433554 150.931549 28.763554
r25 148.363284 29.616102 175.266484 41.076902
r26 159.441689 51.018348 176.933789 68.645348
r27 153.847920 91.658220 185.028820 108.468720
r28 152.580035 117.346447 186.826635 132.652147
r29 158.626231 141.647118 161.788931 144.018518
r30 148.759504 29.650926 151.974904 30.946726
r31 155.712046 35.821192 157.459946 38.204992
r32 158.218071 38.559415 176.010671 68.019315
r33 158.775027 67.863794 179.654727 92.967994
r34 161.478061 117.553270 164.558061 118.906070
r35 157.512609 127.695711 161.673509 129.498211
r36 117.500672 84.944897 119.589372 86.118297
r37 108.941517 88.384431 128.378617 104.247531
r38 105.529982 104.570706 129.382482 117.497406
r39 102.264237 124.540910 129.429037 135.891410
r40 104.484674 141.682759 122.370174 158.921959
r41 117.360030 159.975634 118.477830 162.168234
r42 107.442232 70.406210 131.296332 83.332010
r43 108.707347 78.834580 134.888547 90.611480
r44 116.977460 98.891989 127.145860 107.810389
r45 115.369995 123.678780 129.632995 130.036880
r46 114.988012 137.900623 134.589312 153.630823
r47 113.808412 160.290735 133.178612 176.208635
r48 109.292449 38.702354 126.350449 56.777954
r49 116.385149 53.734467 128.819349 61.027767
r50 117.918403 67.972076 137.226303 76.629576
r51 123.874536 111.627425 135.433036 126.089225
r52 126.227276 142.007941 140.501176 148.361241
r53 123.294105 159.112393 145.498905 172.998293
r54 105.731658 20.338979 128.732858 33.744079
r55 119.472465 43.639595 133.644765 50.038395
r56 123.105837 59.925080 139.913137 69.870580
r57 122.887030 96.484495 144.883530 109.403195
r58 128.918136 137.364492 140.771836 150.370292
r59 122.094739 150.036472 146.088939 171.881972
r60 122.882672 12.554830 141.576372 29.048830
r61 118.961019 32.950871 146.464219 44.161671
r62 132.044761 57.069856 145.116261 64.007556
r63 134.674555 82.786086 146.368155 95.969986
r64 123.935405 127.765084 159.153205 142.648684
r65 134.354668 142.644262 167.758868 170.889262
r66 142.543469 26.572370 145.710369 27.888070
r67 131.964921 26.433331 162.191921 43.774331
r68 128.760187 50.505501 161.851387 66.345601
r69 126.269426 73.319513 162.164126 87.922413
r70 139.032148 98.793730 156.032448 129.626530
r71 150.826580 128.022586 154.938480 129.846586
r72 88.845382 72.690353 101.745182 96.592553
r73 85.402202 89.072271 107.790602 102.844271
r74 86.314741 108.236383 98.810841 115.493583
r75 81.294375 130.712319 96.286175 136.761419
r76 71.884334 144.206391 97.574434 156.208391
r77 72.638268 160.530684 94.525468 174.618084
r78 81.748090 65.517968 106.860190 77.796268
r79 91.306514 78.736795 99.236014 87.947895
r80 86.484655 100.557178 102.541255 110.967678
r81 87.078899 120.259221 95.388599 140.375121
r82 89.352807 140.609750 95.664707 152.181450
r83 86.283309 160.581595 108.273409 174.602995
r84 91.319054 38.234432 104.445854 43.798532
r85 91.834468 38.895029 102.727268 54.240629
r86 84.792319 45.113430 105.614319 67.831730
r87 87.135764 113.921485 111.905664 129.456685
r88 95.375673 135.285765 107.495773 149.077465
r89 99.892629 155.427228 110.577029 162.263228
r90 94.782650 25.572658 107.594750 35.263958
r91 97.515000 30.452707 108.893500 55.426807
r92 103.187114 56.213656 115.377714 69.925556
r93 99.813978 94.954116 113.742178 115.356316
r94 103.175669 132.666962 121.796369 147.927762
r95 108.328266 149.373856 120.075366 159.943856
r96 99.906596 8.216052 126.486296 27.936552
r97 107.356855 36.468259 119.806655 46.441659
r98 97.324424 57.380444 133.983224 72.497344
r99 102.759456 76.167753 125.839856 100.178053
r100 110.578212 125.865238 124.236212 134.956338
r101 100.013981 139.462734 137.467881 164.653734
r102 132.332100 2.231807 155.519900 42.921407
r103 115.658152 25.577874 136.992052 50.147574
r104 115.273163 52.218288 123.268863 67.747488
r105 113.367246 79.098916 126.232046 88.750616
r106 112.127161 104.992645 135.038361 127.870845
r107 133.187182 119.474287 173.985482 142.600187
r108 62.884410 76.080106 80.980410 93.118906
r109 56.679023 88.216274 83.703123 99.625874
r110 66.968469 107.452402 76.025369 115.516902
r111 66.001716 134.968138 77.401616 141.375138
r112 59.317145 143.137975 88.754245 160.944275
r113 54.279244 167.537488 83.844544 185.266588
r114 58.811550 56.727966 81.818350 70.129766
r115 67.713800 76.946582 77.171600 84.669282
r116 58.746324 100.552022 82.967824 114.010322
r117 59.554858 125.140183 82.662858 139.246983
r118 72.298635 134.905125 79.550035 152.028125
r119 73.902074 161.697089 107.242074 177.418889
r120 70.439812 38.141503 81.273912 44.883103
r121 63.479508 38.616853 84.957608 53.794253
r122 67.659514 59.504101 77.782914 76.016101
r123 69.534941 111.614438 78.853741 129.552038
r124 60.998982 119.612690 92.590382 137.154390
r125 85.386743 151.359151 101.000343 159.311651
r126 75.194632 23.325016 85.670632 35.177516
r127 67.839496 30.137858 93.956996 51.356058
r128 63.057749 64.691651 88.072149 76.051751
r129 72.019642 91.143764 82.684742 117.788464
r130 86.872806 113.889844 104.331406 145.631644
r131 95.901974 143.165631 104.775474 157.158631
r132 65.578853 1.326029 95.670353 32.680429
r133 78.322002 28.217875 88.104802 51.064175
r134 68.907392 51.040924 94.091492 73.045524
r135 77.236751 79.186567 96.066151 108.617567
r136 97.145587 115.914105 114.109787 123.233405
r137 91.484721 115.938390 139.994721 135.387990
r138 93.247049 3.367972 130.223749 28.884072
r139 95.046830 35.295918 133.548930 59.801118
r140 93.736635 57.094599 106.717635 66.659899
r141 94.914433 76.486502 102.104133 93.756602
r142 95.909950 84.156155 138.814850 106.146655
r143 130.141923 88.654313 170.179223 112.219813
r144 54.692230 82.102973 56.433030 83.510873
r145 44.530869 80.312750 58.064569 103.095350
r146 34.558994 105.847892 61.342394 117.359992
r147 36.312069 137.740192 63.189469 149.211992
r148 35.941236 150.346312 58.641436 173.437212
r149 51.149362 161.026244 54.076062 162.449944
r150 53.671480 70.903364 55.143980 72.567864
r151 37.614210 72.501680 58.296310 87.409880
r152 45.181915 96.553014 51.427015 108.248414
r153 47.322695 127.620640 53.769895 138.949540
r154 32.655867 135.682703 63.714667 152.559303
r155 51.750585 156.687301 53.649285 158.881801
r156 40.456553 32.914518 67.230353 44.430718
r157 38.821188 41.592320 59.973088 56.169420
r158 34.947806 63.472556 61.129606 75.923156
r159 38.107785 114.867794 63.194885 127.861694
r160 37.538798 115.812619 61.621398 137.578019
r161 25.812427 152.254923 72.370027 172.520123
r162 44.845082 13.197779 65.753582 38.267279
r163 33.036607 34.880625 68.665207 49.592625
r164 43.693262 58.882111 61.898662 89.321811
r165 43.439252 88.467659 63.143552 116.591759
r166 39.089172 113.996988 64.106772 151.710488
r167 67.205286 132.513993 88.124286 177.616493
r168 60.400908 29.544120 62.420808 33.257120
r169 32.727129 18.212414 69.341129 43.981314
r170 36.276814 47.148745 65.949914 78.945245
r171 41.098263 75.563388 70.483463 107.671388
r172 59.677494 111.629707 104.806694 132.536307
r173 81.265218 121.363542 85.516418 123.127742
r174 68.402619 34.430782 72.482719 36.268982
r175 70.525872 42.276606 74.278972 44.275006
r176 66.991815 45.761885 101.405615 73.178185
r177 65.923859 76.203147 105.232259 100.205647
r178 84.308634 102.150786 87.604434 104.426386
r179 84.235941 108.248612 88.036741 110.221912
r180 50.185757 80.865094 51.291057 83.082594
r181 46.105727 87.939212 48.275027 89.069112
r182 42.363425 104.916672 44.061825 106.359772
r183 42.611840 136.832526 44.131040 138.445926
r184 43.946678 146.735759 45.785378 149.001859
r185 46.672624 151.485504 49.813324 152.812204
r186 48.443218 73.449081 50.747818 74.512581
r187 43.448347 79.462357 44.487247 81.821557
r188 20.148180 92.550684 46.549980 104.229184
r189 23.887639 127.364843 46.689439 140.887143
r190 40.641783 140.681842 42.465183 142.966942
r191 47.119139 147.763849 49.544239 149.482049
r192 48.068873 51.413471 50.042773 52.655171
r193 27.967856 51.524529 52.882256 63.900229
r194 17.496477 72.897039 37.469077 88.334839
r195 18.725289 108.848591 35.001889 127.791991
r196 18.510602 114.350630 35.349602 145.478730
r197 47.875007 142.527038 50.838907 145.057438
r198 49.985299 44.794248 52.361999 46.547448
r199 24.376638 47.756566 59.457438 62.698266
r200 12.225121 67.939238 44.479221 84.190338
r201 15.314316 92.570860 40.073216 113.741760
r202 8.338172 114.164651 39.574572 144.369851
r203 58.282750 135.751520 62.202250 137.665020
r204 55.918690 40.516507 57.814990 44.471507
r205 49.138491 47.261740 51.647191 50.251340
r206 3.313906 49.887661 37.456906 77.521461
r207 5.803935 82.902316 40.342435 110.219716
r208 67.536087 112.924122 69.691187 116.404222
r209 71.720637 117.327572 74.403037 120.123572
r210 63.552060 40.445616 65.774860 43.819816
r211 64.241812 46.075442 66.341212 49.647942
r212 67.249334 59.132923 68.983734 63.457223
r213 70.415415 90.491204 73.361715 93.036804
r214 74.760960 103.423018 77.060060 106.685218
r215 76.430225 109.095742 79.719125 111.376142

[Iter 700]
r0 130.922010 85.379283 132.933410 86.597883
r1 134.855264 92.627915 137.259764 93.647315
r2 133.216986 99.703753 150.193086 117.866553
r3 131.845243 124.668381 155.918343 137.476581
r4 137.071080 147.246995 138.320180 149.209195
r5 133.235839 155.859342 134.557339 157.714042
r6 135.306378 77.883254 137.695378 78.909154
r7 134.476291 78.313886 156.569991 92.269586
r8 138.385192 96.256533 165.333692 107.698133
r9 140.424571 118.774362 166.390471 130.648862
r10 134.741837 143.338968 161.090937 155.040868
r11 139.206143 159.492693 141.176143 160.736893
r12 135.150651 42.247448 151.860951 60.699148
r13 141.921355 59.417226 161.256055 75.364426
r14 149.859453 76.352606 169.323053 93.100806
r15 154.322708 105.758106 173.630208 122.641706
r16 146.846277 138.823822 173.132477 150.553622
r17 143.849277 156.255001 161.204077 174.021501
r18 135.831254 20.714333 163.451654 31.877533
r19 149.313092 39.471626 170.796992 53.823526
r20 156.695440 64.691289 167.788240 72.866589
r21 157.978697 103.263066 171.085697 115.025266
r22 150.549212 136.962404 180.252112 154.609404
r23 143.831649 153.560335 172.465449 171.866235
r24 148.083692 27.289527 149.926592 28.619527
r25 146.851988 29.358322 173.755188 40.819122
r26 159.222387 49.865992 176.714487 67.492992
r27 153.421741 91.723312 184.602641 108.533812
r28 151.909748 118.499552 186.156348 133.805252
r29 157.812008 142.812481 160.974708 145.183881
r30 147.784819 29.613737 151.000219 30.909537
r31 154.701723 35.592222 156.449623 37.976022
r32 158.156701 38.044991 175.949301 67.504891
r33 158.123102 68.175767 179.002802 93.279967
r34 159.755085 118.905295 162.835085 120.258095
r35 155.802170 130.147043 159.963070 131.949543
r36 119.084350 85.785974 121.173050 86.959374
r37 110.363451 88.544281 129.800551 104.407381
r38 105.247702 104.300389 129.100202 117.227089
r39 102.817391 124.387336 129.982191 135.737836
r40 104.627739 141.430512 122.513239 158.669712
r41 117.258912 159.845023 118.376712 162.037623
r42 109.389154 69.349271 133.243254 82.275071
r43 110.545003 80.634492 136.726203 92.411392
r44 116.939771 99.625105 127.108171 108.543505
r45 116.180800 122.991831 130.443800 129.349931
r46 115.035712 138.388033 134.637012 154.118233
r47 113.338641 160.329763 132.708841 176.247663
r48 108.517705 40.007644 125.575705 58.083244
r49 116.377413 53.823266 128.811613 61.116566
r50 118.293410 69.421098 137.601310 78.078598
r51 124.326556 111.816490 135.885056 126.278290
r52 126.018368 141.901665 140.292268 148.254965
r53 122.866673 158.363263 145.071473 172.249163
r54 105.590558 21.461909 128.591758 34.867009
r55 119.110630 43.302575 133.282930 49.701375
r56 122.864194 59.220001 139.671494 69.165501
r57 122.582788 95.918764 144.579288 108.837464
r58 128.612127 138.176597 140.465827 151.182397
r59 121.868534 150.267228 145.862734 172.112728
r60 121.697011 12.925802 140.390711 29.419802
r61 118.738610 33.276231 146.241810 44.487031
r62 130.847922 56.222262 143.919422 63.159962
r63 134.411754 83.211211 146.105354 96.395111
r64 123.371883 128.718919 158.589683 143.602519
r65 136.486566 140.308146 169.890766 168.553146
r66 141.687382 26.024867 144.854282 27.340567
r67 131.846780 26.154172 162.073780 43.495172
r68 128.273438 49.854820 161.364638 65.694920
r69 126.430601 73.227154 162.325301 87.830054
r70 137.387975 99.450473 154.388275 130.283273
r71 151.528468 128.460065 155.640368 130.284065
r72 91.590647 75.068294 104.490447 98.970494
r73 84.797665 89.950194 107.186065 103.722194
r74 85.429390 108.580777 97.925490 115.837977
r75 80.986488 130.042594 95.978288 136.091694
r76 71.606585 143.736122 97.296685 155.738122
r77 72.232978 160.038871 94.120178 174.126271
r78 82.737229 66.846709 107.849329 79.125009
r79 90.482202 78.845996 98.411702 88.057096
r80 85.698520 101.979654 101.755120 112.390154
r81 86.710874 119.883758 95.020574 139.999658
r82 88.849418 140.419136 95.161318 151.990836
r83 85.981944 160.254148 107.972044 174.275548
r84 92.028233 38.703601 105.155033 44.267701
r85 91.912471 39.383728 102.805271 54.729328
r86 85.159959 47.436314 105.981959 70.154614
r87 88.083429 113.460727 112.853329 128.995927
r88 96.070201 135.125654 108.190301 148.917354
r89 99.730447 155.306391 110.414847 162.142391
r90 95.057574 26.022412 107.869674 35.713712
r91 96.969588 30.183154 108.348088 55.157254
r92 102.512744 56.620084 114.703344 70.331984
r93 99.204655 94.984161 113.132855 115.386361
r94 102.469407 133.079327 121.090107 148.340127
r95 107.859637 150.129163 119.606737 160.699163
r96 99.409667 7.654353 125.989367 27.374853
r97 107.444655 35.877855 119.894455 45.851255
r98 97.268798 55.880221 133.927598 70.997121
r99 102.725557 77.623545 125.805957 101.633845
r100 109.398756 126.051951 123.056756 135.143051
r101 100.858374 147.801175 138.312274 172.992175
r102 130.952107 1.316156 154.139907 42.005756
r103 115.407716 24.791304 136.741616 49.361004
r104 114.731279 51.535638 122.726979 67.064838
r105 111.823294 78.566943 124.688094 88.218643
r106 109.832306 104.984733 132.743506 127.862933
r107 133.848458 112.678655 174.646758 135.804555
r108 64.558065 74.249016 82.654065 91.287816
r109 57.156266 87.937223 84.180366 99.346823
r110 66.977570 107.761456 76.034470 115.825956
r111 65.351432 134.793372 76.751332 141.200372
r112 57.927723 144.094929 87.364823 161.901229
r113 52.323184 164.703215 81.888484 182.432315
r114 59.467404 55.061361 82.474204 68.463161
r115 67.559642 76.993076 77.017442 84.715776
r116 58.552224 99.633433 82.773724 113.091733
r117 59.023064 124.506622 82.131064 138.613422
r118 71.242172 134.987737 78.493572 152.110737
r119 72.992638 160.962990 106.332638 176.684790
r120 70.859826 37.600576 81.693926 44.342176
r121 64.338666 37.424412 85.816766 52.601812
r122 67.974638 59.345182 78.098038 75.857182
r123 69.824448 111.746474 79.143248 129.684074
r124 60.341723 118.243390 91.933123 135.785090
r125 84.958329 152.258605 100.571929 160.211105
r126 75.432566 23.128220 85.908566 34.980720
r127 67.823425 29.395288 93.940925 50.613488
r128 63.692185 65.128639 88.706585 76.488739
r129 72.252859 89.892246 82.917959 116.536946
r130 85.613358 114.675936 103.071958 146.417736
r131 94.675653 143.120641 103.549153 157.113641
r132 65.175662 0.370210 95.267162 31.724610
r133 78.939393 26.973152 88.722193 49.819452
r134 69.162008 50.375232 94.346108 72.379832
r135 77.222112 78.831052 96.051512 108.262052
r136 94.044177 115.343913 111.008377 122.663213
r137 85.840251 123.319199 134.350251 142.768799
r138 94.355374 4.867361 131.332074 30.383461
r139 97.801961 32.993886 136.304061 57.499086
r140 93.829941 55.693986 106.810941 65.259286
r141 95.052532 74.954479 102.242232 92.224579
r142 90.930173 95.131751 133.835073 117.122251
r143 125.051189 87.616643 165.088489 111.182143
r144 54.957278 81.047736 56.698078 82.455636
r145 44.307492 79.973578 57.841192 102.756178
r146 34.462778 105.310635 61.246178 116.822735
r147 35.702246 136.856926 62.579646 148.328726
r148 34.145455 149.387610 56.845655 172.478510
r149 49.486087 159.435628 52.412787 160.859328
r150 54.258820 70.312274 55.731320 71.976774
r151 39.887470 72.392725 60.569570 87.300925
r152 46.256881 96.463913 52.501981 108.159313
r153 47.366243 126.286814 53.813443 137.615714
r154 31.511820 135.360555 62.570620 152.237155
r155 50.125215 155.691529 52.023915 157.886029
r156 40.878518 32.447683 67.652318 43.963883
r157 39.632497 40.687801 60.784397 55.264901
r158 35.511464 62.406276 61.693264 74.856876
r159 38.245374 114.576912 63.332474 127.570812
r160 37.294765 113.966405 61.377365 135.731805
r161 24.968331 150.931254 71.525931 171.196454
r162 45.086835 12.962459 65.995335 38.031959
r163 32.406033 34.285378 68.034633 48.997378
r164 44.188604 58.581182 62.394004 89.020882
r165 44.881036 87.585080 64.585336 115.709180
r166 37.108048 114.349211 62.125648 152.062711
r167 67.042245 126.881441 87.961245 171.983941
r168 60.482918 28.424726 62.502818 32.137726
r169 33.814782 19.580228 70.428782 45.349128
r170 36.996192 47.379089 66.669292 79.175589
r171 45.726382 76.723636 75.111582 108.831636
r172 58.667341 108.009098 103.796541 128.915698
r173 79.479340 123.433100 83.730540 125.197300
r174 68.422955 32.853071 72.503055 34.691271
r175 71.049935 41.145587 74.803035 43.143987
r176 68.504667 43.398991 102.918467 70.815291
r177 73.818496 69.489954 113.126896 93.492454
r178 84.657073 105.432770 87.952873 107.708370
r179 84.210452 109.115547 88.011252 111.088847
r180 50.461306 80.450402 51.566606 82.667902
r181 46.289240 87.769111 48.458540 88.899011
r182 42.166724 104.061664 43.865124 105.504764
r183 42.092911 135.626518 43.612111 137.239918
r184 42.869529 145.156302 44.708229 147.422402
r185 45.231175 149.965198 48.371875 151.291898
r186 48.952179 73.279213 51.256779 74.342713
r187 44.151231 79.240993 45.190131 81.600193
r188 20.018546 91.406000 46.420346 103.084500
r189 23.865740 126.047744 46.667540 139.570044
r190 39.919870 139.121651 41.743270 141.406751
r191 45.400352 146.478830 47.825452 148.197030
r192 48.591040 51.125126 50.564940 52.366826
r193 28.294974 51.605297 53.209374 63.980997
r194 18.062731 71.447247 38.035331 86.885047
r195 19.007931 107.820754 35.284531 126.764154
r196 18.881971 112.568990 35.720971 143.697090
r197 46.063804 141.082974 49.027704 143.613374
r198 50.449523 44.199683 52.826223 45.952883
r199 24.915099 47.228670 59.995899 62.170370
r200 13.222125 67.150660 45.476225 83.401760
r201 16.145788 91.064948 40.904688 112.235848
r202 7.792854 112.249275 39.029254 142.454475
r203 57.728208 135.149844 61.647708 137.063344
r204 56.470010 39.548156 58.366310 43.503156
r205 49.380409 46.464910 51.889109 49.454510
r206 4.600002 49.343705 38.743002 76.977505
r207 10.874821 81.438769 45.413321 108.756169
r208 66.979862 113.929379 69.134962 117.409479
r209 71.854038 120.365065 74.536438 123.161065
r210 63.715031 39.020125 65.937831 42.394325
r211 64.613526 44.995163 66.712926 48.567663
r212 67.921715 58.521630 69.656115 62.845930
r213 71.200578 88.294024 74.146878 90.839624
r214 75.369989 106.257108 77.669089 109.519308
r215 76.873485 111.646125 80.162385 113.926525

[Iter 750]
r0 130.026268 85.737675 132.037668 86.956275
r1 133.857335 92.204475 136.261835 93.223875
r2 133.048066 97.980929 150.024166 116.143729
r3 131.825702 124.198976 155.898802 137.007176
r4 136.685469 147.423137 137.934569 149.385337
r5 132.890237 155.870206 134.211737 157.724906
r6 134.778050 78.175981 137.167050 79.201881
r7 134.655805 78.103778 156.749505 92.059478
r8 138.515842 96.820913 165.464342 108.262513
r9 139.440990 119.237903 165.406890 131.112403
r10 134.647666 143.461242 160.996766 155.163142
r11 138.932925 159.696147 140.902925 160.940347
r12 133.808285 40.924370 150.518585 59.376070
r13 140.905398 59.047723 160.240098 74.994923
r14 150.380875 76.040026 169.844475 92.788226
r15 154.641616 106.210367 173.949116 123.093967
r16 146.828859 139.111703 173.115059 150.841503
r17 143.581689 156.579215 160.936489 174.345715
r18 135.894358 20.669385 163.514758 31.832585
r19 149.374277 40.269190 170.858177 54.621090
r20 156.716190 64.292293 167.808990 72.467593
r21 158.301440 102.706207 171.408440 114.468407
r22 150.778288 136.869230 180.481188 154.516230
r23 143.636338 153.625731 172.270138 171.931631
r24 148.043945 27.406194 149.886845 28.736194
r25 147.777878 29.674226 174.681078 41.135026
r26 159.330295 50.127049 176.822395 67.754049
r27 152.795423 91.582919 183.976323 108.393419
r28 151.551986 118.366607 185.798586 133.672307
r29 157.073832 143.352195 160.236532 145.723595
r30 147.682744 29.874142 150.898144 31.169942
r31 154.857690 35.615122 156.605590 37.998922
r32 158.226124 38.069581 176.018724 67.529481
r33 158.514733 67.707717 179.394433 92.811917
r34 159.933149 118.232147 163.013149 119.584947
r35 155.633150 129.415644 159.794050 131.218144
r36 118.031331 86.319342 120.120031 87.492742
r37 110.548255 88.717758 129.985355 104.580858
r38 105.670581 104.424162 129.523081 117.350862
r39 102.287029 125.138036 129.451829 136.488536
r40 103.847437 142.015391 121.732937 159.254591
r41 116.612463 159.841334 117.730263 162.033934
r42 108.012330 71.184944 131.866430 84.110744
r43 109.646353 79.837018 135.827553 91.613918
r44 116.199349 99.429216 126.367749 108.347616
r45 114.976546 123.634102 129.239546 129.992202
r46 114.825841 138.746921 134.427141 154.477121
r47 113.327874 160.393599 132.698074 176.311499
r48 107.526372 37.951180 124.584372 56.026780
r49 115.482059 54.212350 127.916259 61.505650
r50 117.362798 66.567979 136.670698 75.225479
r51 123.968379 112.270275 135.526879 126.732075
r52 125.753534 142.055831 140.027434 148.409131
r53 123.215413 159.138124 145.420213 173.024024
r54 105.354509 19.618873 128.355709 33.023973
r55 117.969981 43.124859 132.142281 49.523659
r56 120.603251 58.357438 137.410551 68.302938
r57 122.514232 96.172067 144.510732 109.090767
r58 127.939832 137.881389 139.793532 150.887189
r59 121.668624 149.931467 145.662824 171.776967
r60 121.877787 12.665279 140.571487 29.159279
r61 118.798021 33.141985 146.301221 44.352785
r62 130.987335 56.204723 144.058835 63.142423
r63 134.077953 83.603775 145.771553 96.787675
r64 122.674608 128.409098 157.892408 143.292698
r65 136.936683 142.170044 170.340883 170.415044
r66 141.988624 26.256118 145.155524 27.571818
r67 131.779517 26.312040 162.006517 43.653040
r68 128.445048 50.212107 161.536248 66.052207
r69 125.992689 73.247496 161.887389 87.850396
r70 137.281224 99.365246 154.281524 130.198046
r71 149.278603 127.666641 153.390503 129.490641
r72 90.158630 76.069868 103.058430 99.972068
r73 84.979526 88.573123 107.367926 102.345123
r74 84.884353 108.630951 97.380453 115.888151
r75 80.231994 130.005723 95.223794 136.054823
r76 70.800205 144.152885 96.490305 156.154885
r77 71.584671 159.668475 93.471871 173.755875
r78 82.087909 67.104582 107.200009 79.382882
r79 90.650872 78.415178 98.580372 87.626278
r80 85.373612 102.183743 101.430212 112.594243
r81 86.177933 120.133018 94.487633 140.248918
r82 88.833549 140.490932 95.145449 152.062632
r83 85.717198 160.878942 107.707298 174.900342
r84 91.132289 38.474340 104.259089 44.038440
r85 91.064272 38.660335 101.957072 54.005935
r86 84.892462 47.344440 105.714462 70.062740
r87 87.270517 112.705111 112.040417 128.240311
r88 95.172981 135.277413 107.293081 149.069113
r89 98.537057 155.381416 109.221457 162.217416
r90 94.308098 25.230042 107.120198 34.921342
r91 97.121062 29.641001 108.499562 54.615101
r92 102.492755 55.922453 114.683355 69.634353
r93 98.246488 95.319968 112.174688 115.722168
r94 101.185421 133.334125 119.806121 148.594925
r95 106.529375 149.991770 118.276475 160.561770
r96 99.143397 7.368840 125.723097 27.089340
r97 107.132985 35.400433 119.582785 45.373833
r98 96.979638 55.959829 133.638438 71.076729
r99 102.041609 76.806293 125.122009 100.816593
r100 108.828732 126.131603 122.486732 135.222703
r101 97.556739 145.697917 135.010639 170.888917
r102 131.515515 1.597805 154.703315 42.287405
r103 115.189677 24.580277 136.523577 49.149977
r104 114.918006 52.287551 122.913706 67.816751
r105 112.029111 78.004698 124.893911 87.656398
r106 110.517893 105.961952 133.429093 128.840152
r107 131.969130 113.151772 172.767430 136.277672
r108 62.377378 75.634270 80.473378 92.673070
r109 56.751164 87.940860 83.775264 99.350460
r110 66.474751 108.127636 75.531651 116.192136
r111 64.900896 134.894445 76.300796 141.301445
r112 58.325325 142.515308 87.762425 160.321608
r113 52.179315 165.715069 81.744615 183.444169
r114 58.272748 55.891083 81.279548 69.292883
r115 67.516183 76.986296 76.973983 84.708996
r116 58.353992 99.975868 82.575492 113.434168
r117 58.488188 125.163285 81.596188 139.270085
r118 70.771462 134.801244 78.022862 151.924244
r119 73.490122 161.576857 106.830122 177.298657
r120 70.371267 37.840772 81.205367 44.582372
r121 63.832940 38.155899 85.311040 53.333299
r122 67.790108 60.003610 77.913508 76.515610
r123 69.214453 111.272618 78.533253 129.210218
r124 58.887088 118.496798 90.478488 136.038498
r125 84.429680 151.862935 100.043280 159.815435
r126 75.016537 23.075053 85.492537 34.927553
r127 67.345403 29.311871 93.462903 50.530071
r128 62.852041 65.616947 87.866441 76.977047
r129 70.859896 89.970512 81.524996 116.615212
r130 84.449974 113.455902 101.908574 145.197702
r131 93.968624 142.873528 102.842124 156.866528
r132 66.987679 0.801791 97.079179 32.156191
r133 77.026426 27.294876 86.809226 50.141176
r134 68.354097 50.034623 93.538197 72.039223
r135 76.450130 78.566416 95.279530 107.997416
r136 95.056734 116.567241 112.020934 123.886541
r137 85.608689 123.899698 134.118689 143.349298
r138 94.676553 4.822382 131.653253 30.338482
r139 96.337039 33.933972 134.839139 58.439172
r140 92.829145 57.029694 105.810145 66.594994
r141 95.225967 75.734845 102.415667 93.004945
r142 90.666623 94.087302 133.571523 116.077802
r143 127.254386 86.757139 167.291686 110.322639
r144 54.302501 82.176636 56.043301 83.584536
r145 43.742567 81.971617 57.276267 104.754217
r146 32.510063 105.726346 59.293463 117.238446
r147 34.710636 136.792842 61.588036 148.264642
r148 33.781890 149.257725 56.482090 172.348625
r149 49.639597 159.646857 52.566297 161.070557
r150 53.544466 70.896989 55.016966 72.561489
r151 37.404870 72.696805 58.086970 87.605005
r152 43.665100 96.334524 49.910200 108.029924
r153 46.774756 127.016691 53.221956 138.345591
r154 31.127389 135.610440 62.186189 152.487040
r155 49.756215 156.236571 51.654915 158.431071
r156 40.519665 32.796695 67.293465 44.312895
r157 38.688497 41.244041 59.840397 55.821141
r158 35.086509 63.753894 61.268309 76.204494
r159 37.938536 114.912760 63.025636 127.906660
r160 36.494060 115.118945 60.576660 136.884345
r161 23.925261 150.686548 70.482861 170.951748
r162 44.649412 13.094396 65.557912 38.163896
r163 32.027954 34.221726 67.656554 48.933726
r164 43.532048 58.437291 61.737448 88.876991
r165 43.960240 87.500330 63.664540 115.624430
r166 37.722471 115.302464 62.740071 153.015964
r167 68.056185 128.246923 88.975185 173.349423
r168 60.141595 27.888170 62.161495 31.601170
r169 33.532925 16.738333 70.146925 42.507233
r170 37.970747 43.158401 67.643847 74.954901
r171 43.845157 75.375351 73.230357 107.483351
r172 55.899708 109.268551 101.028908 130.175151
r173 79.050962 122.499024 83.302162 124.263224
r174 68.338166 33.497927 72.418266 35.336127
r175 70.869900 41.869727 74.623000 43.868127
r176 67.776770 43.664950 102.190570 71.081250
r177 72.998601 71.693032 112.307001 95.695532
r178 85.151087 105.591844 88.446887 107.867444
r179 83.973209 108.622480 87.774009 110.595780
r180 49.938958 81.133052 51.044258 83.350552
r181 45.605964 88.563431 47.775264 89.693331
r182 40.983064 103.869264 42.681464 105.312364
r183 41.309122 136.020630 42.828322 137.634030
r184 42.642164 145.513328 44.480864 147.779428
r185 45.712261 150.048019 48.852961 151.374719
r186 48.401796 73.537442 50.706396 74.600942
r187 43.103357 79.508738 44.142257 81.867938
r188 17.989741 90.841487 44.391541 102.519987
r189 22.951860 126.373396 45.753660 139.895696
r190 39.371376 139.574848 41.194776 141.859948
r191 45.562518 146.271188 47.987618 147.989388
r192 48.305347 51.281604 50.279247 52.523304
r193 27.915798 51.470418 52.830198 63.846118
r194 17.126935 71.675372 37.099535 87.113172
r195 18.781716 108.075587 35.058316 127.018987
r196 17.877088 113.253593 34.716088 144.381693
r197 46.039643 140.890582 49.003543 143.420982
r198 50.202962 44.247711 52.579662 46.000911
r199 24.343129 47.344249 59.423929 62.285949
r200 12.092651 66.839759 44.346751 83.090859
r201 15.815530 91.349346 40.574430 112.520246
r202 9.287490 111.928963 40.523890 142.134163
r203 57.590707 135.064017 61.510207 136.977517
r204 55.971358 39.753954 57.867658 43.708954
r205 48.815396 46.753987 51.324096 49.743587
r206 6.749768 50.514259 40.892768 78.148059
r207 11.162075 80.363224 45.700575 107.680624
r208 66.937322 113.505907 69.092422 116.986007
r209 71.008424 119.204628 73.690824 122.000628
r210 63.599834 39.447573 65.822634 42.821773
r211 64.307995 45.840831 66.407395 49.413331
r212 67.498139 57.799774 69.232539 62.124074
r213 70.537366 88.879066 73.483666 91.424666
r214 75.226462 105.639113 77.525562 108.901313
r215 76.604724 111.233663 79.893624 113.514063

[Iter 800]
r0 131.390274 86.275730 133.401674 87.494330
r1 134.755305 93.320921 137.159805 94.340321
r2 133.173260 100.421072 150.149360 118.583872
r3 131.956519 125.961282 156.029619 138.769482
r4 136.565623 148.580810 137.814723 150.543010
r5 132.486030 157.357118 133.807530 159.211818
r6 135.573931 78.716290 137.962931 79.742190
r7 135.069070 78.682298 157.162770 92.637998
r8 138.279867 96.405273 165.228367 107.846873
r9 138.841496 119.954380 164.807396 131.828880
r10 134.023856 145.549622 160.372956 157.251522
r11 138.376912 161.394986 140.346912 162.639186
r12 134.426166 39.127174 151.136466 57.578874
r13 140.840576 57.128703 160.175276 73.075903
r14 147.249583 73.400788 166.713183 90.148988
r15 153.377766 105.884927 172.685266 122.768527
r16 146.018938 140.494114 172.305138 152.223914
r17 142.648656 158.285542 160.003456 176.052042
r18 136.680170 18.248235 164.300570 29.411435
r19 149.806133 38.243808 171.290033 52.595708
r20 155.723182 62.487559 166.815982 70.662859
r21 158.033385 102.582966 171.140385 114.345166
r22 150.403387 137.931020 180.106287 155.578020
r23 142.902373 155.669408 171.536173 173.975308
r24 148.843643 26.366115 150.686543 27.696115
r25 148.490555 28.504755 175.393755 39.965555
r26 160.569958 49.826216 178.062058 67.453216
r27 153.656210 91.385400 184.837110 108.195900
r28 151.652735 118.783123 185.899335 134.088823
r29 156.186772 143.827701 159.349472 146.199101
r30 148.217696 29.562064 151.433096 30.857864
r31 155.507107 35.236878 157.255007 37.620678
r32 158.965568 37.557978 176.758168 67.017878
r33 159.004768 67.114272 179.884468 92.218472
r34 160.206035 118.628417 163.286035 119.981217
r35 155.241458 130.055792 159.402358 131.858292
r36 119.890367 86.229236 121.979067 87.402636
r37 110.745963 88.674287 130.183063 104.537387
r38 105.391818 106.138313 129.244318 119.065013
r39 102.537203 125.333964 129.702003 136.684464
r40 102.678185 142.631650 120.563685 159.870850
r41 115.365809 160.887336 116.483609 163.079936
r42 110.558355 70.144097 134.412455 83.069897
r43 109.549341 80.713579 135.730541 92.490479
r44 115.420993 99.576854 125.589393 108.495254
r45 114.636375 124.290826 128.899375 130.648926
r46 114.699690 139.588555 134.300990 155.318755
r47 111.422008 161.553236 130.792208 177.471136
r48 107.844018 37.330434 124.902018 55.406034
r49 115.925354 53.212015 128.359554 60.505315
r50 116.519374 67.246471 135.827274 75.903971
r51 123.087482 112.750828 134.645982 127.212628
r52 124.161057 142.231066 138.434957 148.584366
r53 121.132168 160.685435 143.336968 174.571335
r54 105.489654 18.447787 128.490854 31.852887
r55 117.711140 42.264090 131.883440 48.662890
r56 120.612210 57.536884 137.419510 67.482384
r57 123.539569 95.149951 145.536069 108.068651
r58 127.546891 138.267648 139.400591 151.273448
r59 120.640575 152.249686 144.634775 174.095186
r60 122.712783 12.136741 141.406483 28.630741
r61 119.038894 31.804295 146.542094 43.015095
r62 131.686675 57.115189 144.758175 64.052889
r63 134.572837 83.131353 146.266437 96.315253
r64 122.540132 129.858924 157.757932 144.742524
r65 131.263150 144.476705 164.667350 172.721705
r66 142.306798 26.040715 145.473698 27.356415
r67 132.181428 26.036782 162.408428 43.377782
r68 128.690901 50.018762 161.782101 65.858862
r69 126.834192 72.808632 162.728892 87.411532
r70 137.737840 100.138453 154.738140 130.971253
r71 150.221207 129.412304 154.333107 131.236304
r72 90.807542 75.638228 103.707342 99.540428
r73 86.117411 89.851471 108.505811 103.623471
r74 85.758930 108.832966 98.255030 116.090166
r75 80.265965 130.785559 95.257765 136.834659
r76 70.365731 144.520485 96.055831 156.522485
r77 71.079182 160.515571 92.966382 174.602971
r78 82.553889 67.095597 107.665989 79.373897
r79 91.537503 78.946430 99.467003 88.157530
r80 85.954000 102.495646 102.010600 112.906146
r81 85.544693 120.169922 93.854393 140.285822
r82 87.690068 140.703606 94.001968 152.275306
r83 85.138258 161.425738 107.128358 175.447138
r84 91.237301 38.119631 104.364101 43.683731
r85 91.383550 38.721729 102.276350 54.067329
r86 85.406805 47.102617 106.228805 69.820917
r87 86.916933 113.209779 111.686833 128.744979
r88 95.397115 135.269707 107.517215 149.061407
r89 97.604984 155.402110 108.289384 162.238110
r90 94.353107 24.844774 107.165207 34.536074
r91 96.784100 29.703547 108.162600 54.677647
r92 102.333887 55.902490 114.524487 69.614390
r93 99.140874 94.254164 113.069074 114.656364
r94 101.785636 132.824566 120.406336 148.085366
r95 105.353456 149.172013 117.100556 159.742013
r96 99.274348 7.325467 125.854048 27.045967
r97 107.197054 35.463884 119.646854 45.437284
r98 96.907834 56.579598 133.566634 71.696498
r99 101.837815 76.266556 124.918215 100.276856
r100 109.078756 126.023950 122.736756 135.115050
r101 96.025331 140.564966 133.479231 165.755966
r102 131.965367 1.906010 155.153167 42.595610
r103 115.099883 24.143466 136.433783 48.713166
r104 114.786241 51.369856 122.781941 66.899056
r105 112.671530 77.722425 125.536330 87.374125
r106 113.321480 105.539187 136.232680 128.417387
r107 136.076526 117.372769 176.874826 140.498669
r108 63.979430 75.079116 82.075430 92.117916
r109 57.385247 88.819087 84.409347 100.228687
r110 66.889815 108.067529 75.946715 116.132029
r111 64.692919 135.363375 76.092819 141.770375
r112 58.457441 143.422090 87.894541 161.228390
r113 51.769069 166.677868 81.334369 184.406968
r114 59.122085 55.259511 82.128885 68.661311
r115 67.920646 77.083058 77.378446 84.805758
r116 58.676165 100.575096 82.897665 114.033396
r117 58.328942 125.183305 81.436942 139.290105
r118 71.399599 134.731025 78.650999 151.854025
r119 74.241705 161.893099 107.581705 177.614899
r120 70.410714 37.813474 81.244814 44.555074
r121 63.527628 37.535239 85.005728 52.712639
r122 67.254854 59.352833 77.378254 75.864833
r123 68.912696 111.834569 78.231496 129.772169
r124 59.352465 117.662358 90.943865 135.204058
r125 84.026243 150.069788 99.639843 158.022288
r126 75.027883 22.764562 85.503883 34.617062
r127 67.277986 28.657074 93.395486 49.875274
r128 62.779428 65.504336 87.793828 76.864436
r129 70.891171 90.247535 81.556271 116.892235
r130 85.423989 111.466820 102.882589 143.208620
r131 93.596994 141.084730 102.470494 155.077730
r132 66.131252 1.858354 96.222752 33.212754
r133 77.486348 26.991766 87.269148 49.838066
r134 67.876721 49.371821 93.060821 71.376421
r135 76.368634 78.296356 95.198034 107.727356
r136 97.221029 114.990699 114.185229 122.309999
r137 91.755841 113.721337 140.265841 133.170937
r138 94.619104 6.437046 131.595804 31.953146
r139 95.362978 34.382424 133.865078 58.887624
r140 92.163478 56.711335 105.144478 66.276635
r141 93.962719 75.806615 101.152419 93.076715
r142 98.026966 84.297481 140.931866 106.287981
r143 133.569490 89.378621 173.606790 112.944121
r144 54.933351 82.080729 56.674151 83.488629
r145 44.935426 81.399772 58.469126 104.182372
r146 33.231094 105.717468 60.014494 117.229568
r147 35.157212 137.675017 62.034612 149.146817
r148 33.712307 149.825486 56.412507 172.916386
r149 49.955575 159.257016 52.882275 160.680716
r150 53.832651 70.989898 55.305151 72.654398
r151 38.161847 72.365609 58.843947 87.273809
r152 44.139187 96.345692 50.384287 108.041092
r153 46.929276 127.321669 53.376476 138.650569
r154 30.534904 135.542368 61.593704 152.418968
r155 50.026934 155.841151 51.925634 158.035651
r156 40.332323 32.107204 67.106123 43.623404
r157 38.372010 40.866139 59.523910 55.443239
r158 34.964576 63.048423 61.146376 75.499023
r159 37.862244 115.037838 62.949344 128.031738
r160 36.807708 114.687795 60.890308 136.453195
r161 25.902514 151.715312 72.460114 171.980512
r162 44.407654 12.164390 65.316154 37.233890
r163 31.371443 33.711869 67.000043 48.423869
r164 43.381823 58.585059 61.587223 89.024759
r165 43.883176 87.137028 63.587476 115.261128
r166 41.167361 115.102746 66.184961 152.816246
r167 70.113244 128.438377 91.032244 173.540877
r168 59.792800 27.586083 61.812700 31.299083
r169 32.404577 15.845305 69.018577 41.614205
r170 37.168981 44.278439 66.842081 76.074939
r171 37.639141 74.305875 67.024341 106.413875
r172 60.017956 106.157206 105.147156 127.063806
r173 80.976069 119.935952 85.227269 121.700152
r174 68.120211 33.645566 72.200311 35.483766
r175 70.523252 42.169582 74.276352 44.167982
r176 66.080854 45.843661 100.494654 73.259961
r177 66.187843 73.515430 105.496243 97.517930
r178 84.441912 102.395945 87.737712 104.671545
r179 84.376155 107.876330 88.176955 109.849630
r180 50.363885 81.126742 51.469185 83.344242
r181 46.306158 88.248241 48.475458 89.378141
r182 41.984559 104.013610 43.682959 105.456710
r183 42.276977 136.189786 43.796177 137.803186
r184 43.531664 145.297257 45.370364 147.563357
r185 46.358966 149.877556 49.499666 151.204256
r186 48.668701 73.604627 50.973301 74.668127
r187 43.573425 79.417247 44.612325 81.776447
r188 18.910157 91.188005 45.311957 102.866505
r189 23.639552 126.668408 46.441352 140.190708
r190 40.066947 139.222664 41.890347 141.507764
r191 46.115058 145.872750 48.540158 147.590950
r192 48.335316 51.313515 50.309216 52.555215
r193 28.030774 51.674410 52.945174 64.050110
r194 17.068856 72.575230 37.041456 88.013030
r195 18.523374 107.823442 34.799974 126.766842
r196 18.173339 112.237397 35.012339 143.365497
r197 46.548944 140.397350 49.512844 142.927750
r198 50.069816 44.304429 52.446516 46.057629
r199 24.154767 47.237366 59.235567 62.179066
r200 11.712258 67.226796 43.966358 83.477896
r201 15.475287 90.543654 40.234187 111.714554
r202 10.018331 112.238085 41.254731 142.443285
r203 58.843968 134.077406 62.763468 135.990906
r204 55.887773 39.930229 57.784073 43.885229
r205 48.531992 46.891565 51.040692 49.881165
r206 4.516948 48.373553 38.659948 76.007353
r207 6.308473 81.645499 40.846973 108.962899
r208 68.197906 112.694017 70.353006 116.174117
r209 72.552103 117.987320 75.234503 120.783320
r210 63.459359 39.721208 65.682159 43.095408
r211 64.280096 45.812749 66.379496 49.385249
r212 67.826179 58.663354 69.560579 62.987654
r213 71.276024 89.755198 74.222324 92.300798
r214 75.874579 104.264326 78.173679 107.526526
r215 77.229556 109.912138 80.518456 112.192538

[Iter 850]
r0 131.494574 84.770338 133.505974 85.988938
r1 134.761198 91.368414 137.165698 92.387814
r2 132.667503 98.198483 149.643603 116.361283
r3 131.217839 124.152598 155.290939 136.960798
r4 136.707148 148.108993 137.956248 150.071193
r5 132.714318 157.111431 134.035818 158.966131
r6 135.637634 77.042536 138.026634 78.068436
r7 134.777106 76.271179 156.870806 90.226879
r8 138.228334 95.412825 165.176834 106.854425
r9 138.075407 118.164647 164.041307 130.039147
r10 134.067757 143.840910 160.416857 155.542810
r11 138.454353 160.917589 140.424353 162.161789
r12 134.780652 38.098178 151.490952 56.549878
r13 141.013899 55.147492 160.348599 71.094692
r14 148.656599 73.197590 168.120199 89.945790
r15 153.206030 105.463424 172.513530 122.347024
r16 146.344494 139.072010 172.630694 150.801810
r17 143.032997 157.390474 160.387797 175.156974
r18 137.569571 17.929092 165.189971 29.092292
r19 152.553052 37.931090 174.036952 52.282990
r20 157.797178 62.275352 168.889978 70.450652
r21 158.664618 102.752772 171.771618 114.514972
r22 150.755373 137.236815 180.458273 154.883815
r23 143.715447 154.634123 172.349247 172.940023
r24 150.058176 25.803078 151.901076 27.133078
r25 150.907095 28.660246 177.810295 40.121046
r26 161.353747 50.375387 178.845847 68.002387
r27 154.141457 91.145903 185.322357 107.956403
r28 152.259562 117.203506 186.506162 132.509206
r29 157.695779 142.870936 160.858479 145.242336
r30 149.583334 28.648580 152.798734 29.944380
r31 157.033844 34.877709 158.781744 37.261509
r32 159.938433 37.448792 177.731033 66.908692
r33 159.508012 67.248642 180.387712 92.352842
r34 160.708105 117.702128 163.788105 119.054928
r35 156.430337 128.905803 160.591237 130.708303
r36 119.096631 85.785041 121.185331 86.958441
r37 110.156855 87.103657 129.593955 102.966757
r38 104.879726 104.322918 128.732226 117.249618
r39 101.638103 124.111594 128.802903 135.462094
r40 102.877030 142.017623 120.762530 159.256823
r41 115.799418 160.861075 116.917218 163.053675
r42 109.650009 69.643486 133.504109 82.569286
r43 110.079356 78.563707 136.260556 90.340607
r44 115.128807 97.440413 125.297207 106.358813
r45 114.453695 122.648707 128.716695 129.006807
r46 114.821532 139.064096 134.422832 154.794296
r47 112.171900 160.848789 131.542100 176.766689
r48 107.668891 34.802447 124.726891 52.878047
r49 115.649420 51.256640 128.083620 58.549940
r50 114.268153 63.069747 133.576053 71.727247
r51 123.090896 111.528384 134.649396 125.990184
r52 125.256805 142.079415 139.530705 148.432715
r53 122.455536 159.160888 144.660336 173.046788
r54 106.207751 18.127194 129.208951 31.532294
r55 117.428450 41.636576 131.600750 48.035376
r56 120.554447 56.814270 137.361747 66.759770
r57 121.968784 94.392606 143.965284 107.311306
r58 128.365205 138.071561 140.218905 151.077361
r59 121.536254 150.543015 145.530454 172.388515
r60 124.695369 11.578325 143.389069 28.072325
r61 121.829596 32.187615 149.332796 43.398415
r62 133.182277 58.178393 146.253777 65.116093
r63 134.723618 82.543106 146.417218 95.727006
r64 123.805620 130.126363 159.023420 145.009963
r65 135.183503 142.764065 168.587703 171.009065
r66 143.126151 25.725057 146.293051 27.040757
r67 133.039378 26.221550 163.266378 43.562550
r68 128.596157 49.591767 161.687357 65.431867
r69 126.427495 72.686147 162.322195 87.289047
r70 139.272784 97.818969 156.273084 128.651769
r71 150.952814 127.936449 155.064714 129.760449
r72 93.366049 74.866265 106.265849 98.768465
r73 83.874657 88.564177 106.263057 102.336177
r74 84.705138 109.402604 97.201238 116.659804
r75 79.770544 131.483203 94.762344 137.532303
r76 70.321081 144.746250 96.011181 156.748250
r77 70.542718 161.067459 92.429918 175.154859
r78 82.450548 66.900042 107.562648 79.178342
r79 88.407951 78.590584 96.337451 87.801684
r80 85.711085 101.144642 101.767685 111.555142
r81 85.375527 120.375134 93.685227 140.491034
r82 87.904077 140.601051 94.215977 152.172751
r83 85.314756 161.230401 107.304856 175.251801
r84 91.070802 37.457313 104.197602 43.021413
r85 91.061523 37.137473 101.954323 52.483073
r86 84.325509 46.247894 105.147509 68.966194
r87 86.624005 113.304863 111.393905 128.840063
r88 95.384243 135.379182 107.504343 149.170882
r89 98.195979 155.295652 108.880379 162.131652
r90 94.262740 24.124764 107.074840 33.816064
r91 96.487870 28.668971 107.866370 53.643071
r92 101.872475 53.739378 114.063075 67.451278
r93 97.569417 93.919519 111.497617 114.321719
r94 102.177213 133.301982 120.797913 148.562782
r95 107.130151 148.870283 118.877251 159.440283
r96 100.058366 6.128548 126.638066 25.849048
r97 107.266468 35.157131 119.716268 45.130531
r98 96.445578 54.563817 133.104378 69.680717
r99 102.264585 76.752066 125.344985 100.762366
r100 109.234182 126.171802 122.892182 135.262902
r101 96.885801 144.287712 134.339701 169.478712
r102 130.640857 3.035678 153.828657 43.725278
r103 115.776778 24.808001 137.110678 49.377701
r104 114.805522 51.020997 122.801222 66.550197
r105 113.022382 77.198580 125.887182 86.850280
r106 111.919814 104.859193 134.831014 127.737393
r107 135.560730 113.893194 176.359030 137.019094
r108 62.477573 73.611426 80.573573 90.650226
r109 56.365679 88.401200 83.389779 99.810800
r110 66.518429 108.710300 75.575329 116.774800
r111 64.509732 135.626852 75.909632 142.033852
r112 58.407921 144.419370 87.845021 162.225670
r113 52.549980 167.130183 82.115280 184.859283
r114 58.380037 54.033210 81.386837 67.435010
r115 67.109786 76.462687 76.567586 84.185387
r116 57.427144 100.449378 81.648644 113.907678
r117 57.831132 125.410450 80.939132 139.517250
r118 70.532996 135.001776 77.784396 152.124776
r119 73.861021 161.503685 107.201021 177.225485
r120 70.182468 36.624767 81.016568 43.366367
r121 63.033034 36.594770 84.511134 51.772170
r122 66.308145 59.383955 76.431545 75.895955
r123 68.484685 111.635626 77.803485 129.573226
r124 59.097218 118.319527 90.688618 135.861227
r125 84.822198 150.076749 100.435798 158.029249
r126 74.665948 21.772077 85.141948 33.624577
r127 67.441910 27.956191 93.559410 49.174391
r128 62.702424 65.477884 87.716824 76.837984
r129 71.009875 90.247196 81.674975 116.891896
r130 85.997907 112.004267 103.456507 143.746067
r131 93.667976 141.307868 102.541476 155.300868
r132 65.011882 0.730994 95.103382 32.085394
r133 77.329494 26.875673 87.112294 49.721973
r134 67.327200 48.485336 92.511300 70.489936
r135 75.521875 76.930644 94.351275 106.361644
r136 97.463113 115.765140 114.427313 123.084440
r137 89.948638 117.999959 138.458638 137.449559
r138 94.652500 6.850728 131.629200 32.366828
r139 95.225581 34.365290 133.727681 58.870490
r140 92.246074 55.418095 105.227074 64.983395
r141 94.893677 73.984984 102.083377 91.255084
r142 96.426329 90.855585 139.331229 112.846085
r143 134.072695 89.914154 174.109995 113.479654
r144 53.729175 81.247162 55.469975 82.655062
r145 43.960629 81.861242 57.494329 104.643842
r146 31.969454 105.750084 58.752854 117.262184
r147 34.512307 137.698104 61.389707 149.169904
r148 34.013529 151.084252 56.713729 174.175152
r149 49.424564 160.842002 52.351264 162.265702
r150 52.909022 70.020203 54.381522 71.684703
r151 37.285866 72.726622 57.967966 87.634822
r152 43.548946 96.037554 49.794046 107.732954
r153 46.519970 127.541048 52.967170 138.869948
r154 30.598754 136.077280 61.657554 152.953880
r155 49.570172 156.346574 51.468872 158.541074
r156 39.641697 31.974860 66.415497 43.491060
r157 37.685748 40.538931 58.837648 55.116031
r158 34.470412 62.850933 60.652212 75.301533
r159 37.757604 115.242287 62.844704 128.236187
r160 37.045907 114.106042 61.128507 135.871442
r161 24.974331 151.000046 71.531931 171.265246
r162 44.158943 11.499240 65.067443 36.568740
r163 30.873949 33.307675 66.502549 48.019675
r164 43.070944 58.343217 61.276344 88.782917
r165 43.587950 87.282726 63.292250 115.406826
r166 41.499185 113.291227 66.516785 151.004727
r167 70.087548 129.535950 91.006548 174.638450
r168 59.454867 26.947817 61.474767 30.660817
r169 31.359275 16.009301 67.973275 41.778201
r170 34.012642 45.498043 63.685742 77.294543
r171 39.049656 74.419024 68.434856 106.527024
r172 58.659354 104.125897 103.788554 125.032497
r173 80.937770 120.645648 85.188970 122.409848
r174 67.762078 32.613697 71.842178 34.451897
r175 69.657604 42.277453 73.410704 44.275853
r176 67.254739 42.842946 101.668539 70.259246
r177 70.106519 71.685247 109.414919 95.687747
r178 85.171350 103.146303 88.467150 105.421903
r179 84.505846 106.838217 88.306646 108.811517
r180 49.164076 80.457390 50.269376 82.674890
r181 44.864360 88.361621 47.033660 89.491521
r182 40.210346 104.164234 41.908746 105.607334
r183 40.726231 136.724829 42.245431 138.338229
r184 42.291197 146.418960 44.129897 148.685060
r185 45.132870 150.856146 48.273570 152.182846
r186 47.731358 73.039111 50.035958 74.102611
r187 42.577343 79.282223 43.616243 81.641423
r188 16.973184 90.918050 43.374984 102.596550
r189 22.140908 127.113920 44.942708 140.636220
r190 39.018260 140.230873 40.841660 142.515973
r191 45.006470 146.746362 47.431570 148.464562
r192 47.668455 51.288083 49.642355 52.529783
r193 27.154387 51.573279 52.068787 63.948979
r194 15.671893 72.254642 35.644493 87.692442
r195 17.587792 108.409605 33.864392 127.353005
r196 17.480904 112.959252 34.319904 144.087352
r197 45.690518 140.604336 48.654418 143.134736
r198 49.865349 44.230921 52.242049 45.984121
r199 23.830250 47.514762 58.911050 62.456462
r200 10.891525 67.371907 43.145625 83.623007
r201 14.603667 91.329315 39.362567 112.500215
r202 10.419727 112.010657 41.656127 142.215857
r203 58.442265 134.064052 62.361765 135.977552
r204 55.725022 39.608960 57.621322 43.563960
r205 47.704209 46.745140 50.212909 49.734740
r206 2.005248 49.302010 36.148248 76.935810
r207 4.086298 81.714147 38.624798 109.031547
r208 67.754079 111.280152 69.909179 114.760252
r209 71.712020 117.549512 74.394420 120.345512
r210 63.397578 39.289502 65.620378 42.663702
r211 63.816906 45.773434 65.916306 49.345934
r212 67.095243 59.074140 68.829643 63.398440
r213 70.280827 88.638687 73.227127 91.184287
r214 74.892421 103.097870 77.191521 106.360070
r215 76.398266 108.648661 79.687166 110.929061

[Iter 900]
r0 130.345925 84.585998 132.357325 85.804598
r1 134.429733 91.509588 136.834233 92.528988
r2 132.866478 97.756830 149.842578 115.919630
r3 131.852422 125.629704 155.925522 138.437904
r4 136.880562 148.870636 138.129662 150.832836
r5 133.106960 158.085482 134.428460 159.940182
r6 134.366054 76.714772 136.755054 77.740672
r7 134.672795 75.887304 156.766495 89.843004
r8 138.432868 95.366455 165.381368 106.808055
r9 138.244898 118.709957 164.210798 130.584457
r10 134.288004 144.607491 160.637104 156.309391
r11 138.912261 161.400896 140.882261 162.645096
r12 132.150305 38.970829 148.860605 57.422529
r13 141.107317 53.377809 160.442017 69.325009
r14 148.918004 73.875070 168.381604 90.623270
r15 154.226779 105.566402 173.534279 122.450002
r16 146.896600 140.023173 173.182800 151.752973
r17 143.513593 158.085379 160.868393 175.851879
r18 137.865703 18.167082 165.486103 29.330282
r19 152.626518 38.573055 174.110418 52.924955
r20 158.291445 63.652401 169.384245 71.827701
r21 159.574580 102.994192 172.681580 114.756392
r22 151.798116 138.396560 181.501016 156.043560
r23 144.275511 155.301571 172.909311 173.607471
r24 150.516915 26.344339 152.359815 27.674339
r25 152.277331 29.950304 179.180531 41.411104
r26 161.885389 52.277807 179.377489 69.904807
r27 155.050126 91.485025 186.231026 108.295525
r28 153.143400 118.185111 187.390000 133.490811
r29 158.141850 143.142371 161.304550 145.513771
r30 150.209434 29.298967 153.424834 30.594767
r31 157.797635 35.925468 159.545535 38.309268
r32 160.575154 37.734669 178.367754 67.194569
r33 160.829030 67.680671 181.708730 92.784871
r34 161.376118 118.399484 164.456118 119.752284
r35 157.111357 129.273903 161.272257 131.076403
r36 118.477514 84.933453 120.566214 86.106853
r37 110.575392 87.802140 130.012492 103.665240
r38 105.268270 103.952870 129.120770 116.879570
r39 101.808956 125.009355 128.973756 136.359855
r40 102.916349 142.376240 120.801849 159.615440
r41 115.700921 161.334384 116.818721 163.526984
r42 109.014759 69.277132 132.868859 82.202932
r43 110.208520 78.841095 136.389720 90.617995
r44 115.608061 98.472751 125.776461 107.391151
r45 114.694237 123.381456 128.957237 129.739556
r46 114.609363 139.206022 134.210663 154.936222
r47 112.409595 161.164383 131.779795 177.082283
r48 106.821703 32.738735 123.879703 50.814335
r49 114.825416 51.098506 127.259616 58.391806
r50 114.390331 62.442067 133.698231 71.099567
r51 123.460183 112.014547 135.018683 126.476347
r52 125.573262 142.379347 139.847162 148.732647
r53 122.990059 160.317195 145.194859 174.203095
r54 105.640870 18.621490 128.642070 32.026590
r55 117.210314 41.698025 131.382614 48.096825
r56 120.371305 56.176897 137.178605 66.122397
r57 123.838927 95.130026 145.835427 108.048726
r58 128.734711 138.835786 140.588411 151.841586
r59 122.259362 151.479187 146.253562 173.324687
r60 125.440738 11.798001 144.134438 28.292001
r61 124.477783 31.862924 151.980983 43.073724
r62 135.097508 60.644581 148.169008 67.582281
r63 135.085112 83.363374 146.778712 96.547274
r64 124.286173 130.664743 159.503973 145.548343
r65 135.522644 143.271776 168.926844 171.516776
r66 144.671538 25.731414 147.838438 27.047114
r67 133.785155 26.591827 164.012155 43.932827
r68 129.450876 50.743927 162.542076 66.584027
r69 127.336129 72.963977 163.230829 87.566877
r70 138.683432 99.134284 155.683732 129.967084
r71 152.114723 127.564832 156.226623 129.388832
r72 91.932129 73.230096 104.831929 97.132296
r73 84.263522 88.599074 106.651922 102.371074
r74 85.237770 108.925880 97.733870 116.183080
r75 79.633663 131.352191 94.625463 137.401291
r76 69.984686 145.190192 95.674786 157.192192
r77 70.137046 161.135789 92.024246 175.223189
r78 82.046902 66.121608 107.159002 78.399908
r79 88.551986 78.243322 96.481486 87.454422
r80 85.359719 100.588752 101.416319 110.999252
r81 85.435470 120.155673 93.745170 140.271573
r82 87.572185 140.838444 93.884085 152.410144
r83 85.190049 161.650951 107.180149 175.672351
r84 90.579175 35.520731 103.705975 41.084831
r85 90.428477 36.811415 101.321277 52.157015
r86 84.526013 44.900560 105.348013 67.618860
r87 86.862980 113.322036 111.632880 128.857236
r88 95.188796 135.577016 107.308896 149.368716
r89 97.762783 155.703460 108.447183 162.539460
r90 94.082722 23.775598 106.894822 33.466898
r91 96.714894 28.706962 108.093394 53.681062
r92 102.555680 53.174492 114.746280 66.886392
r93 98.072305 94.779516 112.000505 115.181716
r94 102.692052 133.811781 121.312752 149.072581
r95 107.391569 149.408044 119.138669 159.978044
r96 100.856994 6.572402 127.436694 26.292902
r97 107.210383 34.776451 119.660183 44.749851
r98 96.787740 55.545381 133.446540 70.662281
r99 102.671632 77.660341 125.752032 101.670641
r100 109.268499 125.758806 122.926499 134.849906
r101 96.977601 140.170744 134.431501 165.361744
r102 133.739613 1.368148 156.927413 42.057748
r103 116.361397 24.242319 137.695297 48.812019
r104 115.208662 51.585265 123.204362 67.114465
r105 112.803492 77.997973 125.668292 87.649673
r106 113.602838 105.525121 136.514038 128.403321
r107 137.365910 113.123779 178.164210 136.249679
r108 62.686664 73.671698 80.782664 90.710498
r109 56.255458 88.308456 83.279558 99.718056
r110 66.500219 108.800926 75.557119 116.865426
r111 64.617977 136.052376 76.017877 142.459376
r112 58.498259 144.018914 87.935359 161.825214
r113 52.110704 166.713988 81.676004 184.443088
r114 58.400425 53.777965 81.407225 67.179765
r115 66.697924 76.683523 76.155724 84.406223
r116 57.944797 100.010262 82.166297 113.468562
r117 57.994681 125.540376 81.102681 139.647176
r118 71.017502 135.007312 78.268902 152.130312
r119 73.750572 162.216119 107.090572 177.937919
r120 69.468382 36.266112 80.302482 43.007712
r121 62.972481 37.007483 84.450581 52.184883
r122 66.792268 59.555185 76.915668 76.067185
r123 68.737157 111.870408 78.055957 129.808008
r124 59.728015 118.864289 91.319415 136.405989
r125 84.941166 152.046703 100.554766 159.999203
r126 74.605006 21.703986 85.081006 33.556486
r127 67.237359 28.333209 93.354859 49.551409
r128 62.554219 66.092374 87.568619 77.452474
r129 70.524837 90.466597 81.189937 117.111297
r130 86.326645 113.493717 103.785245 145.235517
r131 93.805985 141.901634 102.679485 155.894634
r132 66.982756 1.001625 97.074256 32.356025
r133 77.745495 26.590952 87.528295 49.437252
r134 67.244711 49.585386 92.428811 71.589986
r135 75.908024 78.702390 94.737424 108.133390
r136 98.498149 115.515320 115.462349 122.834620
r137 91.109809 113.500367 139.619809 132.949967
r138 96.047399 6.135854 133.024099 31.651954
r139 96.301331 33.912043 134.803431 58.417243
r140 91.888488 56.774738 104.869488 66.340038
r141 94.016482 75.323258 101.206182 92.593358
r142 98.336896 89.318756 141.241796 111.309256
r143 135.730147 87.827068 175.767447 111.392568
r144 53.507149 81.185929 55.247949 82.593829
r145 43.127617 81.804967 56.661317 104.587567
r146 32.461847 106.315966 59.245247 117.828066
r147 34.580548 137.967405 61.457948 149.439205
r148 33.714922 151.224266 56.415122 174.315166
r149 49.262508 161.008380 52.189208 162.432080
r150 52.742869 69.912456 54.215369 71.576956
r151 37.281942 72.290931 57.964042 87.199131
r152 43.767859 96.426275 50.012959 108.121675
r153 46.375308 128.045494 52.822508 139.374394
r154 30.700212 136.595721 61.759012 153.472321
r155 49.788606 157.415454 51.687306 159.609954
r156 39.311832 31.203508 66.085632 42.719708
r157 37.901254 40.454863 59.053154 55.031963
r158 34.620624 62.696748 60.802424 75.147348
r159 37.252438 115.695201 62.339538 128.689101
r160 37.102473 115.102064 61.185073 136.867464
r161 26.461166 151.721633 73.018766 171.986833
r162 43.738092 11.725755 64.646592 36.795255
r163 31.316664 33.611282 66.945264 48.323282
r164 42.444924 58.583372 60.650324 89.023072
r165 42.118632 87.773583 61.822932 115.897683
r166 40.810239 112.847534 65.827839 150.561034
r167 71.020141 129.813624 91.939141 174.916124
r168 59.566728 27.569891 61.586628 31.282891
r169 31.448331 19.263401 68.062331 45.032301
r170 36.697802 46.991898 66.370902 78.788398
r171 36.888326 76.156820 66.273526 108.264820
r172 58.568158 106.664536 103.697358 127.571136
r173 80.836496 119.137627 85.087696 120.901827
r174 68.225481 33.142850 72.305581 34.981050
r175 70.433257 41.978558 74.186357 43.976958
r176 64.364983 44.421933 98.778783 71.838233
r177 66.444741 71.111517 105.753141 95.114017
r178 83.814851 101.909787 87.110651 104.185387
r179 83.916135 106.234647 87.716935 108.207947
r180 48.935024 80.409423 50.040324 82.626923
r181 44.629900 88.503990 46.799200 89.633890
r182 40.561042 104.750691 42.259442 106.193791
r183 40.819727 137.265318 42.338927 138.878718
r184 42.099007 146.646609 43.937707 148.912709
r185 45.349290 151.052747 48.489990 152.379447
r186 47.284770 73.060535 49.589370 74.124035
r187 42.272941 79.257468 43.311841 81.616668
r188 17.169297 91.345241 43.571097 103.023741
r189 21.668898 127.577055 44.470698 141.099355
r190 38.845483 140.483328 40.668883 142.768428
r191 45.397877 146.972566 47.822977 148.690766
r192 46.983327 51.172291 48.957227 52.413991
r193 26.305323 51.038840 51.219723 63.414540
r194 15.661637 71.784261 35.634237 87.222061
r195 17.465067 108.586768 33.741667 127.530168
r196 17.716228 113.756864 34.555228 144.884964
r197 46.480026 141.117005 49.443926 143.647405
r198 49.397972 44.097597 51.774672 45.850797
r199 23.219561 47.476680 58.300361 62.418380
r200 10.246976 67.132556 42.501076 83.383656
r201 13.477627 91.676081 38.236527 112.846981
r202 8.564424 113.481290 39.800824 143.686490
r203 58.870322 134.994725 62.789822 136.908225
r204 55.728615 39.326513 57.624915 43.281513
r205 47.982272 46.294429 50.490972 49.284029
r206 2.347764 50.077855 36.490764 77.711655
r207 3.775029 82.078616 38.313529 109.396016
r208 67.539730 111.632174 69.694830 115.112274
r209 72.238640 116.913930 74.921040 119.709930
r210 63.808076 39.014610 66.030876 42.388810
r211 64.500786 45.084227 66.600186 48.656727
r212 67.575614 58.476194 69.310014 62.800494
r213 70.337446 89.958734 73.283746 92.504334
r214 74.533309 103.534536 76.832409 106.796736
r215 76.590352 108.807119 79.879252 111.087519

[Iter 950]
r0 130.368195 84.130240 132.379595 85.348840
r1 134.597047 91.038589 137.001547 92.057989
r2 133.336521 97.899461 150.312621 116.062261
r3 131.693870 123.854037 155.766970 136.662237
r4 136.867108 147.656374 138.116208 149.618574
r5 132.753955 156.144568 134.075455 157.999268
r6 134.389566 76.238697 136.778566 77.264597
r7 134.715993 76.053515 156.809693 90.009215
r8 137.962266 95.072911 164.910766 106.514511
r9 139.650922 117.988987 165.616822 129.863487
r10 134.806194 143.358440 161.155294 155.060340
r11 138.823066 160.223722 140.793066 161.467922
r12 132.069439 37.448873 148.779739 55.900573
r13 140.917923 53.744631 160.252623 69.691831
r14 149.966016 74.007612 169.429616 90.755812
r15 155.147728 104.697113 174.455228 121.580713
r16 146.970455 138.618320 173.256655 150.348120
r17 143.526945 157.380812 160.881745 175.147312
r18 137.462856 18.165779 165.083256 29.328979
r19 152.483790 38.665518 173.967690 53.017418
r20 158.254373 62.886004 169.347173 71.061304
r21 159.742140 102.507786 172.849140 114.269986
r22 151.338318 137.910607 181.041218 155.557607
r23 143.859688 155.186721 172.493488 173.492621
r24 150.519913 25.719250 152.362813 27.049250
r25 152.446482 29.644707 179.349682 41.105507
r26 162.442490 51.772662 179.934590 69.399662
r27 155.119787 90.947999 186.300687 107.758499
r28 152.897881 118.294003 187.144481 133.599703
r29 157.063613 143.891673 160.226313 146.263073
r30 150.169552 28.890658 153.384952 30.186458
r31 158.041819 35.344465 159.789719 37.728265
r32 161.273231 37.263047 179.065831 66.722947
r33 161.086588 66.138228 181.966288 91.242428
r34 161.513441 118.755682 164.593441 120.108482
r35 156.320038 130.558720 160.480938 132.361220
r36 118.598856 84.506427 120.687556 85.679827
r37 110.757463 87.092822 130.194563 102.955922
r38 105.041651 104.231766 128.894151 117.158466
r39 101.966204 124.619632 129.131004 135.970132
r40 102.628443 141.568805 120.513943 158.808005
r41 115.819309 160.065471 116.937109 162.258071
r42 109.281934 68.240092 133.136034 81.165892
r43 109.153829 79.003730 135.335029 90.780630
r44 115.382864 97.917218 125.551264 106.835618
r45 115.031436 123.197264 129.294436 129.555364
r46 115.143048 139.038855 134.744348 154.769055
r47 112.338349 160.808257 131.708549 176.726157
r48 106.363725 31.941180 123.421725 50.016780
r49 114.446023 50.347854 126.880223 57.641154
r50 114.423583 61.717591 133.731483 70.375091
r51 123.463783 111.188241 135.022283 125.650041
r52 126.169594 142.549094 140.443494 148.902394
r53 123.297025 159.511448 145.501825 173.397348
r54 105.903860 17.994389 128.905060 31.399489
r55 117.186337 41.675592 131.358637 48.074392
r56 120.471294 55.548983 137.278594 65.494483
r57 122.872672 94.495269 144.869172 107.413969
r58 128.445274 138.923988 140.298974 151.929788
r59 121.762716 152.043099 145.756916 173.888599
r60 125.246772 10.111622 143.940472 26.605622
r61 123.912696 31.451445 151.415896 42.662245
r62 135.423036 59.692881 148.494536 66.630581
r63 134.993464 82.858016 146.687064 96.041916
r64 122.315377 130.378599 157.533177 145.262199
r65 132.895861 143.214585 166.300061 171.459585
r66 144.282731 25.390919 147.449631 26.706619
r67 133.830030 26.148551 164.057030 43.489551
r68 129.768259 49.962326 162.859459 65.802426
r69 127.350917 72.477968 163.245617 87.080868
r70 139.600476 98.741247 156.600776 129.574047
r71 151.338903 129.872010 155.450803 131.696010
r72 91.880022 72.872801 104.779822 96.775001
r73 84.521824 88.448762 106.910224 102.220762
r74 84.450987 108.458264 96.947087 115.715464
r75 79.139092 131.039569 94.130892 137.088669
r76 69.473042 144.346463 95.163142 156.348463
r77 69.857880 159.943415 91.745080 174.030815
r78 81.647560 65.060248 106.759660 77.338548
r79 88.468739 77.554512 96.398239 86.765612
r80 85.232800 100.716998 101.289400 111.127498
r81 85.072619 120.060693 93.382319 140.176593
r82 87.697826 140.480299 94.009726 152.051999
r83 85.384916 161.327728 107.375016 175.349128
r84 90.413730 35.143830 103.540530 40.707930
r85 90.667966 35.555048 101.560766 50.900648
r86 84.223948 44.679220 105.045948 67.397520
r87 86.804556 113.394344 111.574456 128.929544
r88 94.997504 135.361778 107.117604 149.153478
r89 97.572455 155.341369 108.256855 162.177369
r90 94.201793 23.053117 107.013893 32.744417
r91 97.127538 28.276643 108.506038 53.250743
r92 102.601055 52.923137 114.791655 66.635037
r93 99.463746 94.168158 113.391946 114.570358
r94 102.231633 133.799705 120.852333 149.060505
r95 106.247508 149.323122 117.994608 159.893122
r96 100.725152 6.350901 127.304852 26.071401
r97 108.003850 34.876811 120.453650 44.850211
r98 97.112164 55.949824 133.770964 71.066724
r99 102.653366 75.419176 125.733766 99.429476
r100 108.802713 125.954085 122.460713 135.045185
r101 97.130576 139.879860 134.584476 165.070860
r102 132.543854 2.235898 155.731654 42.925498
r103 116.021432 24.137747 137.355332 48.707447
r104 115.254697 51.776958 123.250397 67.306158
r105 113.648957 76.332469 126.513757 85.984169
r106 113.186490 105.984686 136.097690 128.862886
r107 135.978654 117.790633 176.776954 140.916533
r108 63.627510 73.240830 81.723510 90.279630
r109 56.720822 87.703139 83.744922 99.112739
r110 66.522834 107.864016 75.579734 115.928516
r111 64.507594 135.487063 75.907494 141.894063
r112 58.324624 143.494523 87.761724 161.300823
r113 51.898555 165.604879 81.463855 183.333979
r114 58.412294 52.662348 81.419094 66.064148
r115 66.437994 75.855413 75.895794 83.578113
r116 56.841375 99.432893 81.062875 112.891193
r117 57.025252 124.813118 80.133252 138.919918
r118 70.440127 134.762222 77.691527 151.885222
r119 74.362035 161.859564 107.702035 177.581364
r120 70.001064 34.480184 80.835164 41.221784
r121 62.988049 35.409698 84.466149 50.587098
r122 65.885294 58.367246 76.008694 74.879246
r123 67.971615 111.349114 77.290415 129.286714
r124 58.955648 117.518325 90.547048 135.060025
r125 84.635393 150.502586 100.248993 158.455086
r126 74.851126 20.635467 85.327126 32.487967
r127 67.617413 27.564443 93.734913 48.782643
r128 62.417654 65.542008 87.432054 76.902108
r129 69.736498 89.851446 80.401598 116.496146
r130 86.169200 110.810722 103.627800 142.552522
r131 93.052227 141.088714 101.925727 155.081714
r132 66.299584 0.000000 96.391084 31.354400
r133 76.931861 27.135257 86.714661 49.981557
r134 68.191686 48.437403 93.375786 70.442003
r135 76.296357 78.072983 95.125757 107.503983
r136 98.242196 115.540928 115.206396 122.860228
r137 91.811496 116.892372 140.321496 136.341972
r138 95.052693 4.384031 132.029393 29.900131
r139 99.415979 31.987275 137.918079 56.492475
r140 92.577634 57.051110 105.558634 66.616410
r141 93.833206 74.692750 101.022906 91.962850
r142 98.893367 86.850592 141.798267 108.841092
r143 135.311962 89.206739 175.349262 112.772239
r144 53.843061 80.114941 55.583861 81.522841
r145 43.363003 79.948567 56.896703 102.731167
r146 31.736652 105.086848 58.520052 116.598948
r147 34.081492 137.479084 60.958892 148.950884
r148 32.905740 150.554798 55.605940 173.645698
r149 48.774390 159.661651 51.701090 161.085351
r150 52.939341 68.384416 54.411841 70.048916
r151 37.170017 70.347431 57.852117 85.255631
r152 43.308510 94.363505 49.553610 106.058905
r153 45.659094 127.060588 52.106294 138.389488
r154 29.887569 135.871165 60.946369 152.747765
r155 49.314480 155.991743 51.213180 158.186243
r156 39.474758 29.187256 66.248558 40.703456
r157 37.678322 38.092188 58.830222 52.669288
r158 33.854501 60.010082 60.036301 72.460682
r159 36.790952 114.440603 61.878052 127.434503
r160 36.466212 113.522303 60.548812 135.287703
r161 26.728591 148.736439 73.286191 169.001639
r162 44.091908 9.925524 65.000408 34.995024
r163 31.497463 32.267363 67.126063 46.979363
r164 43.478744 57.439130 61.684144 87.878830
r165 43.000758 86.473482 62.705058 114.597582
r166 37.526711 112.451918 62.544311 150.165418
r167 72.429186 132.087404 93.348186 177.189904
r168 59.316734 26.580496 61.336634 30.293496
r169 32.504942 15.387195 69.118942 41.156095
r170 36.957271 44.560811 66.630371 76.357311
r171 39.010775 76.059516 68.395975 108.167516
r172 59.889326 105.832042 105.018526 126.738642
r173 81.658359 120.604819 85.909559 122.369019
r174 68.247972 32.438025 72.328072 34.276225
r175 70.810730 41.280741 74.563830 43.279141
r176 67.982210 43.971805 102.396010 71.388105
r177 66.485604 73.472262 105.794004 97.474762
r178 83.518067 101.954512 86.813867 104.230112
r179 83.825044 108.025289 87.625844 109.998589
r180 49.429913 79.192429 50.535213 81.409929
r181 44.995921 86.719767 47.165221 87.849667
r182 40.315428 103.588602 42.013828 105.031702
r183 40.567402 136.228996 42.086602 137.842396
r184 41.871954 145.410341 43.710654 147.676441
r185 44.690510 149.941420 47.831210 151.268120
r186 47.794474 71.451915 50.099074 72.515415
r187 42.526029 77.464852 43.564929 79.824052
r188 16.947607 90.586468 43.349407 102.264968
r189 21.336325 126.352388 44.138125 139.874688
r190 38.436166 139.287597 40.259566 141.572697
r191 44.609938 145.916476 47.035038 147.634676
r192 47.551236 49.624497 49.525136 50.866197
r193 26.759526 49.050747 51.673926 61.426447
r194 15.719624 70.856314 35.692224 86.294114
r195 16.763415 107.180032 33.040015 126.123432
r196 16.748032 111.842540 33.587032 142.970640
r197 45.713505 140.576035 48.677405 143.106435
r198 49.696992 43.292637 52.073692 45.045837
r199 23.321681 46.272433 58.402481 61.214133
r200 11.336757 65.938916 43.590857 82.190016
r201 13.897768 89.610591 38.656668 110.781491
r202 5.892733 110.882671 37.129133 141.087871
r203 57.915560 134.043954 61.835060 135.957454
r204 55.420926 38.688761 57.317226 42.643761
r205 47.430515 45.588474 49.939215 48.578074
r206 2.055751 48.686631 36.198751 76.320431
r207 5.224742 79.012631 39.763242 106.330031
r208 67.586676 111.997079 69.741776 115.477179
r209 71.946483 117.952842 74.628883 120.748842
r210 63.556314 38.451990 65.779114 41.826190
r211 64.337003 44.825816 66.436403 48.398316
r212 67.453014 58.499974 69.187414 62.824274
r213 70.411202 89.220629 73.357502 91.766229
r214 74.546374 104.495395 76.845474 107.757595
r215 76.342957 109.927307 79.631857 112.207707

[Iter 1000]
r0 131.023616 84.499113 133.035016 85.717713
r1 134.901543 91.477707 137.306043 92.497107
r2 133.483547 98.225449 150.459647 116.388249
r3 131.952679 124.993289 156.025779 137.801489
r4 136.713908 147.991978 137.963008 149.954178
r5 132.790807 157.190168 134.112307 159.044868
r6 134.697219 76.461175 137.086219 77.487075
r7 135.016229 76.000382 157.109929 89.956082
r8 138.007739 94.832436 164.956239 106.274036
r9 138.090163 118.293724 164.056063 130.168224
r10 134.566179 144.308550 160.915279 156.010450
r11 138.634300 160.796387 140.604300 162.040587
r12 132.184796 37.465096 148.895096 55.916796
r13 140.743339 53.221844 160.078039 69.169044
r14 148.460376 72.821501 167.923976 89.569701
r15 154.577910 105.340811 173.885410 122.224411
r16 147.116874 139.360675 173.403074 151.090475
r17 143.461788 157.979844 160.816588 175.746344
r18 137.791442 18.160654 165.411842 29.323854
r19 152.525017 38.405784 174.008917 52.757684
r20 158.167077 61.831885 169.259877 70.007185
r21 159.538680 103.052844 172.645680 114.815044
r22 151.608235 137.815171 181.311135 155.462171
r23 143.742235 155.587122 172.376035 173.893022
r24 150.776571 25.805507 152.619471 27.135507
r25 152.448563 29.578757 179.351763 41.039557
r26 162.174295 51.794778 179.666395 69.421778
r27 154.779758 91.509068 185.960658 108.319568
r28 152.816861 118.067181 187.063461 133.372881
r29 157.313407 143.912011 160.476107 146.283411
r30 150.494806 28.883887 153.710206 30.179687
r31 158.039994 35.534454 159.787894 37.918254
r32 160.667872 37.819884 178.460472 67.279784
r33 160.780377 67.116778 181.660077 92.220978
r34 161.443119 118.572409 164.523119 119.925209
r35 156.420473 130.018210 160.581373 131.820710
r36 119.091767 84.804602 121.180467 85.978002
r37 111.088277 86.896448 130.525377 102.759548
r38 105.338711 103.752947 129.191211 116.679647
r39 101.922762 124.299823 129.087562 135.650323
r40 102.806290 141.839457 120.691790 159.078657
r41 115.676876 160.713180 116.794676 162.905780
r42 109.418219 68.367873 133.272319 81.293673
r43 110.156853 78.408986 136.338053 90.185886
r44 115.664983 97.203921 125.833383 106.122321
r45 114.588055 123.083092 128.851055 129.441192
r46 114.899587 138.852401 134.500887 154.582601
r47 111.969453 160.942813 131.339653 176.860713
r48 105.919624 31.733627 122.977624 49.809227
r49 114.286364 50.026830 126.720564 57.320130
r50 113.939433 61.472234 133.247333 70.129734
r51 123.072927 111.753935 134.631427 126.215735
r52 125.812047 142.267504 140.085947 148.620804
r53 122.969548 160.241467 145.174348 174.127367
r54 105.776933 18.003087 128.778133 31.408187
r55 116.300014 41.183596 130.472314 47.582396
r56 120.335586 55.443932 137.142886 65.389432
r57 123.180916 94.470520 145.177416 107.389220
r58 128.272224 139.027331 140.125924 152.033131
r59 121.510586 152.269544 145.504786 174.115044
r60 125.347565 10.548910 144.041265 27.042910
r61 123.809671 31.601740 151.312871 42.812540
r62 135.055145 60.469593 148.126645 67.407293
r63 135.350145 82.754642 147.043745 95.938542
r64 123.508418 130.149937 158.726218 145.033537
r65 133.217655 145.575126 166.621855 173.820126
r66 144.153137 25.625536 147.320037 26.941236
r67 133.749211 26.266364 163.976211 43.607364
r68 129.717472 50.387799 162.808672 66.227899
r69 127.288545 72.554682 163.183245 87.157582
r70 139.242700 99.470058 156.243000 130.302858
r71 150.616992 128.867771 154.728892 130.691771
r72 92.372856 73.841268 105.272656 97.743468
r73 84.204195 88.608343 106.592595 102.380343
r74 84.290040 108.821102 96.786140 116.078302
r75 79.303008 130.966809 94.294808 137.015909
r76 69.602004 144.485304 95.292104 156.487304
r77 69.717951 160.425366 91.605151 174.512766
r78 81.412972 66.584242 106.525072 78.862542
r79 88.200886 78.302726 96.130386 87.513826
r80 85.217183 101.124191 101.273783 111.534691
r81 85.320093 120.035176 93.629793 140.151076
r82 87.527151 140.636273 93.839051 152.207973
r83 84.960743 161.227072 106.950843 175.248472
r84 90.476553 34.983185 103.603353 40.547285
r85 90.524283 35.983705 101.417083 51.329305
r86 84.159866 45.070808 104.981866 67.789108
r87 87.098786 112.905531 111.868686 128.440731
r88 95.006522 135.408427 107.126622 149.200127
r89 97.429107 155.361629 108.113507 162.197629
r90 94.535476 22.848870 107.347576 32.540170
r91 97.094680 28.040080 108.473180 53.014180
r92 101.960247 53.065493 114.150847 66.777393
r93 98.222507 94.344108 112.150707 114.746308
r94 101.972919 134.334538 120.593619 149.595338
r95 105.715155 149.420241 117.462255 159.990241
r96 101.890830 6.397138 128.470530 26.117638
r97 107.459287 34.875714 119.909087 44.849114
r98 96.821395 56.340963 133.480195 71.457863
r99 102.457092 76.744130 125.537492 100.754430
r100 109.085934 126.505062 122.743934 135.596162
r101 97.804726 137.724779 135.258626 162.915779
r102 133.311378 2.782993 156.499178 43.472593
r103 115.617417 24.507748 136.951317 49.077448
r104 114.805080 51.275548 122.800780 66.804748
r105 113.369169 77.053860 126.233969 86.705560
r106 113.086277 106.186377 135.997477 129.064577
r107 135.753868 119.464234 176.552168 142.590134
r108 62.312779 73.318352 80.408779 90.357152
r109 56.702409 87.933220 83.726509 99.342820
r110 66.342163 108.273966 75.399063 116.338466
r111 64.564600 135.479702 75.964500 141.886702
r112 58.470238 143.358413 87.907338 161.164713
r113 51.652071 165.564038 81.217371 183.293138
r114 58.743742 53.379654 81.750542 66.781454
r115 66.933821 76.417755 76.391621 84.140455
r116 56.910914 99.513942 81.132414 112.972242
r117 57.440915 124.883314 80.548915 138.990114
r118 70.722522 134.840583 77.973922 151.963583
r119 73.575872 161.431381 106.915872 177.153181
r120 70.440118 34.857374 81.274218 41.598974
r121 63.001023 35.599179 84.479123 50.776579
r122 65.971682 58.501041 76.095082 75.013041
r123 68.548394 111.586919 77.867194 129.524519
r124 59.335324 117.461585 90.926724 135.003285
r125 84.422174 150.607756 100.035774 158.560256
r126 75.360992 20.505954 85.836992 32.358454
r127 67.565181 27.155665 93.682681 48.373865
r128 62.495697 65.355089 87.510097 76.715189
r129 70.506103 89.882382 81.171203 116.527082
r130 86.132200 110.724588 103.590800 142.466388
r131 92.827605 141.418406 101.701105 155.411406
r132 66.960799 0.000000 97.052299 31.354400
r133 77.565275 25.775193 87.348075 48.621493
r134 67.825887 48.119783 93.009987 70.124383
r135 76.377073 77.029290 95.206473 106.460290
r136 99.267731 115.521891 116.231931 122.841191
r137 91.745612 115.461248 140.255612 134.910848
r138 95.163713 4.709431 132.140413 30.225531
r139 96.830044 32.799594 135.332144 57.304794
r140 92.281749 55.453006 105.262749 65.018306
r141 94.649924 73.874628 101.839624 91.144728
r142 98.337139 85.118978 141.242039 107.109478
r143 134.368989 86.977182 174.406289 110.542682
r144 53.677669 80.236111 55.418469 81.644011
r145 42.843591 80.093428 56.377291 102.876028
r146 31.655509 104.950544 58.438909 116.462644
r147 34.091609 137.325530 60.969009 148.797330
r148 32.897603 150.634439 55.597803 173.725339
r149 48.367686 160.231476 51.294386 161.655176
r150 52.990630 68.462382 54.463130 70.126882
r151 37.315234 70.443244 57.997334 85.351444
r152 43.221655 93.941308 49.466755 105.636708
r153 46.116511 126.771423 52.563711 138.100323
r154 30.336767 135.921142 61.395567 152.797742
r155 49.394229 156.539683 51.292929 158.734183
r156 39.835247 29.289021 66.609047 40.805221
r157 38.149296 38.314502 59.301196 52.891602
r158 33.644716 60.660707 59.826516 73.111307
r159 37.090929 114.623975 62.178029 127.617875
r160 36.658824 113.618677 60.741424 135.384077
r161 24.985038 147.758688 71.542638 168.023888
r162 44.480736 9.889767 65.389236 34.959267
r163 31.652043 32.100149 67.280643 46.812149
r164 43.154760 57.358542 61.360160 87.798242
r165 42.731578 86.407022 62.435878 114.531122
r166 40.519432 112.350765 65.537032 150.064265
r167 71.127712 131.206925 92.046712 176.309425
r168 59.785090 25.760599 61.804990 29.473599
r169 32.891950 16.139757 69.505950 41.908657
r170 35.936100 44.469841 65.609200 76.266341
r171 38.870616 74.734085 68.255816 106.842085
r172 60.068657 107.334097 105.197857 128.240697
r173 81.603398 120.543351 85.854598 122.307551
r174 68.360896 32.116375 72.440996 33.954575
r175 70.652774 41.040544 74.405874 43.038944
r176 66.287619 43.022487 100.701419 70.438787
r177 65.881109 73.878622 105.189509 97.881122
r178 84.470630 101.910605 87.766430 104.186205
r179 84.494331 108.311229 88.295131 110.284529
r180 49.072120 79.219841 50.177420 81.437341
r181 44.664877 86.647936 46.834177 87.777836
r182 40.035153 103.578627 41.733553 105.021727
r183 40.292636 136.176225 41.811836 137.789625
r184 41.585000 145.710139 43.423700 147.976239
r185 44.081851 150.363295 47.222551 151.689995
r186 47.588700 71.500165 49.893300 72.563665
r187 42.599499 77.558024 43.638399 79.917224
r188 16.666052 90.463393 43.067852 102.141893
r189 21.478235 126.492970 44.280035 140.015270
r190 38.424411 139.518372 40.247811 141.803472
r191 44.365124 146.452453 46.790224 148.170653
r192 47.663306 49.188393 49.637206 50.430093
r193 27.496567 49.029439 52.410967 61.405139
r194 15.599402 70.471416 35.572002 85.909216
r195 17.328386 107.413519 33.604986 126.356919
r196 17.757156 112.150940 34.596156 143.279040
r197 45.563147 140.883277 48.527047 143.413677
r198 49.942609 42.652882 52.319309 44.406082
r199 23.906040 45.872134 58.986840 60.813834
r200 11.162654 65.619593 43.416754 81.870693
r201 14.545887 90.443817 39.304787 111.614717
r202 7.522943 111.209322 38.759343 141.414522
r203 58.019979 134.315730 61.939479 136.229230
r204 55.767568 38.287953 57.663868 42.242953
r205 48.150402 44.880084 50.659102 47.869684
r206 2.483447 48.613963 36.626447 76.247763
r207 4.477254 79.572332 39.015754 106.889732
r208 67.589780 111.827181 69.744880 115.307281
r209 71.952688 117.564459 74.635088 120.360459
r210 63.529436 38.256392 65.752236 41.630592
r211 64.393663 44.248071 66.493063 47.820571
r212 67.719264 56.609194 69.453664 60.933494
r213 70.723403 88.602997 73.669703 91.148597
r214 75.009907 104.508114 77.309007 107.770314
r215 76.549081 110.455479 79.837981 112.735879

[Iter 1050]
r0 131.228734 84.761767 133.240134 85.980367
r1 135.087484 91.549721 137.491984 92.569121
r2 133.788073 98.826814 150.764173 116.989614
r3 131.899062 124.685895 155.972162 137.494095
r4 136.972466 148.342044 138.221566 150.304244
r5 133.049572 157.526854 134.371072 159.381554
r6 134.864255 76.422907 137.253255 77.448807
r7 135.095313 76.038451 157.189013 89.994151
r8 138.095081 95.211541 165.043581 106.653141
r9 139.234574 118.552418 165.200474 130.426918
r10 134.814195 144.289964 161.163295 155.991864
r11 138.929482 161.123501 140.899482 162.367701
r12 132.031868 37.580426 148.742168 56.032126
r13 141.013770 53.065230 160.348470 69.012430
r14 149.214109 72.945794 168.677709 89.693994
r15 155.042288 104.935209 174.349788 121.818809
r16 146.986561 139.250734 173.272761 150.980534
r17 143.541429 157.985134 160.896229 175.751634
r18 137.781637 17.343607 165.402037 28.506807
r19 153.049731 38.377370 174.533631 52.729270
r20 158.248999 61.929306 169.341799 70.104606
r21 159.881174 102.710522 172.988174 114.472722
r22 151.243046 137.459982 180.945946 155.106982
r23 144.224310 155.202679 172.858110 173.508579
r24 150.876940 25.613579 152.719840 26.943579
r25 152.503757 29.349249 179.406957 40.810049
r26 162.367992 51.798793 179.860092 69.425793
r27 154.995026 91.132367 186.175926 107.942867
r28 152.843314 118.041644 187.089914 133.347344
r29 157.537852 143.297621 160.700552 145.669021
r30 150.609133 28.730279 153.824533 30.026079
r31 158.331989 35.396584 160.079889 37.780384
r32 161.191579 36.729529 178.984179 66.189429
r33 161.442644 66.415311 182.322344 91.519511
r34 161.790785 118.157447 164.870785 119.510247
r35 156.870267 129.107765 161.031167 130.910265
r36 119.517739 84.912588 121.606439 86.085988
r37 110.958634 87.571826 130.395734 103.434926
r38 105.039607 104.847085 128.892107 117.773785
r39 101.540550 124.641080 128.705350 135.991580
r40 102.729433 142.102732 120.614933 159.341932
r41 115.650194 161.173698 116.767994 163.366298
r42 109.612189 68.728050 133.466289 81.653850
r43 111.091286 78.719454 137.272486 90.496354
r44 115.858456 98.618353 126.026856 107.536753
r45 115.072037 123.977700 129.335037 130.335800
r46 114.849146 138.953381 134.450446 154.683581
r47 112.222123 160.990823 131.592323 176.908723
r48 105.839845 32.227769 122.897845 50.303369
r49 114.438725 50.406977 126.872925 57.700277
r50 114.364433 61.935742 133.672333 70.593242
r51 123.292453 111.808073 134.850953 126.269873
r52 125.955839 142.821439 140.229739 149.174739
r53 123.316609 159.694260 145.521409 173.580160
r54 105.543028 18.125579 128.544228 31.530679
r55 116.183741 41.148358 130.356041 47.547158
r56 120.237917 55.436275 137.045217 65.381775
r57 122.417049 93.827956 144.413549 106.746656
r58 128.509967 138.347953 140.363667 151.353753
r59 121.707528 151.406170 145.701728 173.251670
r60 125.282457 10.734079 143.976157 27.228079
r61 124.221781 31.869936 151.724981 43.080736
r62 135.231373 60.565081 148.302873 67.502781
r63 134.964993 82.736214 146.658593 95.920114
r64 122.872443 129.534436 158.090243 144.418036
r65 133.776247 140.527153 167.180447 168.772153
r66 144.326324 25.351206 147.493224 26.666906
r67 133.723902 26.298154 163.950902 43.639154
r68 129.437983 50.059998 162.529183 65.900098
r69 127.725143 71.906001 163.619843 86.508901
r70 139.438051 98.102777 156.438351 128.935577
r71 151.188778 127.109323 155.300678 128.933323
r72 93.951214 73.841559 106.851014 97.743759
r73 83.302679 87.957725 105.691079 101.729725
r74 83.985564 108.408204 96.481664 115.665404
r75 79.113151 131.381997 94.104951 137.431097
r76 69.570967 144.785108 95.261067 156.787108
r77 69.758820 161.101926 91.646020 175.189326
r78 80.568521 66.107219 105.680621 78.385519
r79 87.844121 77.742605 95.773621 86.953705
r80 84.962547 100.848087 101.019147 111.258587
r81 85.164789 120.165927 93.474489 140.281827
r82 87.408341 140.681486 93.720241 152.253186
r83 85.045382 161.356982 107.035482 175.378382
r84 89.858282 35.043922 102.985082 40.608022
r85 89.995029 35.326610 100.887829 50.672210
r86 84.233627 44.872670 105.055627 67.590970
r87 86.597366 112.875775 111.367266 128.410975
r88 94.939151 135.402274 107.059251 149.193974
r89 97.524260 155.208451 108.208660 162.044451
r90 93.961648 22.730893 106.773748 32.422193
r91 96.705267 28.102789 108.083767 53.076889
r92 102.298714 53.465715 114.489314 67.177615
r93 98.284475 94.259487 112.212675 114.661687
r94 102.246928 133.233047 120.867628 148.493847
r95 106.802523 148.515283 118.549623 159.085283
r96 101.563675 6.529598 128.143375 26.250098
r97 107.137390 35.268560 119.587190 45.241960
r98 96.352205 56.432201 133.011005 71.549101
r99 101.787504 76.536960 124.867904 100.547260
r100 108.904773 125.881399 122.562773 134.972499
r101 97.032027 138.669277 134.485927 163.860277
r102 133.770100 0.561389 156.957900 41.250989
r103 115.271474 24.836146 136.605374 49.405846
r104 115.073774 50.794074 123.069474 66.323274
r105 114.329891 76.669103 127.194691 86.320803
r106 113.599829 105.666108 136.511029 128.544308
r107 135.997899 114.087039 176.796199 137.212939
r108 63.792594 73.879468 81.888594 90.918268
r109 56.634374 88.005902 83.658474 99.415502
r110 66.106985 108.276795 75.163885 116.341295
r111 64.396602 135.960027 75.796502 142.367027
r112 58.482735 144.280015 87.919835 162.086315
r113 51.998104 166.203081 81.563404 183.932181
r114 58.447792 52.337456 81.454592 65.739256
r115 65.491737 74.282625 74.949537 82.005325
r116 57.320130 99.503195 81.541630 112.961495
r117 57.189772 125.010562 80.297772 139.117362
r118 70.738399 135.095677 77.989799 152.218677
r119 73.692003 161.651031 107.032003 177.372831
r120 69.916882 34.461605 80.750982 41.203205
r121 62.843884 34.982542 84.321984 50.159942
r122 65.542730 57.512733 75.666130 74.024733
r123 67.963501 111.637602 77.282301 129.575202
r124 59.347721 117.532838 90.939121 135.074538
r125 84.393295 150.510172 100.006895 158.462672
r126 74.484798 20.308494 84.960798 32.160994
r127 67.340902 27.485731 93.458402 48.703931
r128 61.727833 65.859166 86.742233 77.219266
r129 69.295062 90.707917 79.960162 117.352617
r130 86.481282 110.939580 103.939882 142.681380
r131 93.260045 141.375747 102.133545 155.368747
r132 66.589049 0.519328 96.680549 31.873728
r133 77.679695 26.635671 87.462495 49.481971
r134 66.904405 48.774111 92.088505 70.778711
r135 75.364928 78.315560 94.194328 107.746560
r136 99.139425 115.002120 116.103625 122.321420
r137 91.839986 114.857754 140.349986 134.307354
r138 95.196251 5.305808 132.172951 30.821908
r139 96.998958 34.619609 135.501058 59.124809
r140 92.140375 55.507145 105.121375 65.072445
r141 93.178654 74.468634 100.368354 91.738734
r142 98.315566 86.097316 141.220466 108.087816
r143 136.920175 87.666700 176.957475 111.232200
r144 53.657418 80.246010 55.398218 81.653910
r145 43.146708 79.634279 56.680408 102.416879
r146 31.555164 104.993095 58.338564 116.505195
r147 34.057901 137.239159 60.935301 148.710959
r148 32.868168 151.859991 55.568368 174.950891
r149 48.688757 161.187668 51.615457 162.611368
r150 52.919262 68.420325 54.391762 70.084825
r151 37.860071 70.301425 58.542171 85.209625
r152 43.513610 94.066089 49.758710 105.761489
r153 45.887857 127.201083 52.335057 138.529983
r154 29.741880 136.873686 60.800680 153.750286
r155 49.580703 156.691811 51.479403 158.886311
r156 39.380833 29.006993 66.154633 40.523193
r157 37.515138 38.084944 58.667038 52.662044
r158 33.228046 60.262619 59.409846 72.713219
r159 36.525231 114.588344 61.612331 127.582244
r160 36.335125 113.984130 60.417725 135.749530
r161 26.249993 151.582180 72.807593 171.847380
r162 43.943637 9.818407 64.852137 34.887907
r163 31.118984 32.290743 66.747584 47.002743
r164 42.135939 58.250601 60.341339 88.690301
r165 41.553337 87.225321 61.257637 115.349421
r166 40.050013 111.965308 65.067613 149.678808
r167 71.689230 130.266317 92.608230 175.368817
r168 59.431624 27.220817 61.451524 30.933817
r169 30.427471 16.506713 67.041471 42.275613
r170 34.801152 45.878739 64.474252 77.675239
r171 35.175185 75.749946 64.560385 107.857946
r172 59.706130 105.285198 104.835330 126.191798
r173 81.634402 118.879039 85.885602 120.643239
r174 67.909479 32.679786 71.989579 34.517986
r175 70.226343 41.681709 73.979443 43.680109
r176 66.622253 43.704419 101.036053 71.120719
r177 65.645604 69.569429 104.954004 93.571929
r178 83.327833 100.505881 86.623633 102.781481
r179 83.944112 105.824777 87.744912 107.798077
r180 49.188843 79.237185 50.294143 81.454685
r181 44.594949 86.655851 46.764249 87.785751
r182 39.923926 103.789245 41.622326 105.232345
r183 40.159783 136.364946 41.678983 137.978346
r184 41.593150 146.252542 43.431850 148.518642
r185 44.347635 150.693756 47.488335 152.020456
r186 47.641093 71.499899 49.945693 72.563399
r187 42.447435 77.539864 43.486335 79.899064
r188 17.204701 90.790647 43.606501 102.469147
r189 21.250176 126.473253 44.051976 139.995553
r190 38.330756 140.226423 40.154156 142.511523
r191 44.435368 146.610909 46.860468 148.329109
r192 47.578615 48.991387 49.552515 50.233087
r193 27.444409 49.088030 52.358809 61.463730
r194 15.500993 71.382839 35.473593 86.820639
r195 16.400749 107.670584 32.677349 126.613984
r196 17.050637 113.321305 33.889637 144.449405
r197 45.793439 140.730681 48.757339 143.261081
r198 49.775695 42.640521 52.152395 44.393721
r199 23.834005 46.371981 58.914805 61.313681
r200 9.650963 66.873952 41.905063 83.125052
r201 12.914083 91.336022 37.672983 112.506922
r202 6.383322 113.735503 37.619722 143.940703
r203 58.729642 134.839012 62.649142 136.752512
r204 55.959066 38.307049 57.855366 42.262049
r205 48.288896 45.683284 50.797596 48.672884
r206 1.353355 49.424000 35.496355 77.057800
r207 0.544046 83.620492 35.082546 110.937892
r208 67.608372 110.125154 69.763472 113.605254
r209 72.538316 116.056026 75.220716 118.852026
r210 63.426521 38.252421 65.649321 41.626621
r211 64.101721 44.531003 66.201121 48.103503
r212 67.362655 58.433038 69.097055 62.757338
r213 70.269771 88.989732 73.216071 91.535332
r214 74.321323 102.270351 76.620423 105.532551
r215 76.500930 108.135321 79.789830 110.415721

[Iter 1100]
r0 130.257231 84.107340 132.268631 85.325940
r1 134.141575 91.242767 136.546075 92.262167
r2 132.314144 98.283356 149.290244 116.446156
r3 131.764774 125.142422 155.837874 137.950622
r4 136.969432 148.405919 138.218532 150.368119
r5 132.978479 157.101594 134.299979 158.956294
r6 134.130821 76.352905 136.519821 77.378805
r7 134.128982 75.941252 156.222682 89.896952
r8 137.217867 94.608384 164.166367 106.049984
r9 138.259673 117.726939 164.225573 129.601439
r10 134.867615 144.610158 161.216715 156.312058
r11 138.833811 160.972454 140.803811 162.216654
r12 131.791698 36.923430 148.501998 55.375130
r13 140.918115 52.931662 160.252815 68.878862
r14 149.108521 73.000229 168.572121 89.748429
r15 154.287670 104.238179 173.595170 121.121779
r16 147.129085 138.889274 173.415285 150.619074
r17 143.730182 158.070412 161.084982 175.836912
r18 137.886401 17.856578 165.506801 29.019778
r19 152.846044 38.479867 174.329944 52.831767
r20 158.204590 62.057739 169.297390 70.233039
r21 159.237161 103.182532 172.344161 114.944732
r22 151.578677 137.720873 181.281577 155.367873
r23 144.088616 155.726281 172.722416 174.032181
r24 151.058141 25.480719 152.901041 26.810719
r25 152.798915 29.442899 179.702115 40.903699
r26 162.727884 52.084623 180.219984 69.711623
r27 154.749916 91.752476 185.930816 108.562976
r28 152.952620 118.173977 187.199220 133.479677
r29 157.082074 144.502392 160.244774 146.873792
r30 150.679516 28.554731 153.894916 29.850531
r31 158.391436 35.455621 160.139336 37.839421
r32 161.216917 37.433861 179.009517 66.893761
r33 161.252305 67.116566 182.132005 92.220766
r34 161.374253 118.945773 164.454253 120.298573
r35 156.391608 130.736923 160.552508 132.539423
r36 117.662394 84.403878 119.751094 85.577278
r37 109.233861 87.247746 128.670961 103.110846
r38 104.633691 104.084828 128.486191 117.011528
r39 101.433406 124.427167 128.598206 135.777667
r40 102.254058 142.317278 120.139558 159.556478
r41 115.473364 160.782392 116.591164 162.974992
r42 108.121981 68.274502 131.976081 81.200302
r43 110.126730 78.295234 136.307930 90.072134
r44 115.649778 97.090730 125.818178 106.009130
r45 114.572662 124.253027 128.835662 130.611127
r46 114.706365 139.427982 134.307665 155.158182
r47 111.956661 161.437498 131.326861 177.355398
r48 106.065549 30.872110 123.123549 48.947710
r49 114.360390 49.936226 126.794590 57.229526
r50 114.338414 61.582122 133.646314 70.239622
r51 123.127049 111.564082 134.685549 126.025882
r52 125.871095 142.864511 140.144995 149.217811
r53 123.166528 160.464981 145.371328 174.350881
r54 105.690049 17.257439 128.691249 30.662539
r55 115.902844 41.239447 130.075144 47.638247
r56 120.725318 55.558673 137.532618 65.504173
r57 122.675657 94.791162 144.672157 107.709862
r58 128.380649 139.689300 140.234349 152.695100
r59 121.605926 152.661003 145.600126 174.506503
r60 125.543975 9.983169 144.237675 26.477169
r61 123.852775 31.298712 151.355975 42.509512
r62 134.992704 61.179920 148.064204 68.117620
r63 135.059057 83.107385 146.752657 96.291285
r64 122.794087 130.704723 158.011887 145.588323
r65 133.937135 145.601314 167.341335 173.846314
r66 144.322269 24.778304 147.489169 26.094004
r67 133.981567 26.296351 164.208567 43.637351
r68 129.413380 50.103393 162.504580 65.943493
r69 128.261607 72.806677 164.156307 87.409577
r70 138.451434 99.986747 155.451734 130.819547
r71 151.389500 129.828519 155.501400 131.652519
r72 91.022656 73.153608 103.922456 97.055808
r73 82.434988 87.731032 104.823388 101.503032
r74 83.699605 108.671290 96.195705 115.928490
r75 78.803882 131.291500 93.795682 137.340600
r76 68.462682 144.853956 94.152782 156.855956
r77 68.726530 160.550209 90.613730 174.637609
r78 80.124982 64.347936 105.237082 76.626236
r79 87.954929 76.277017 95.884429 85.488117
r80 84.581821 100.817504 100.638421 111.228004
r81 85.168643 120.224644 93.478343 140.340544
r82 87.141673 140.627506 93.453573 152.199206
r83 84.838257 161.323503 106.828357 175.344903
r84 89.667084 33.277493 102.793884 38.841593
r85 90.244472 34.547331 101.137272 49.892931
r86 84.043766 43.827099 104.865766 66.545399
r87 86.663552 112.893476 111.433452 128.428676
r88 94.404741 135.709454 106.524841 149.501154
r89 96.840696 155.443422 107.525096 162.279422
r90 93.860108 21.900409 106.672208 31.591709
r91 96.829671 27.812155 108.208171 52.786255
r92 102.839260 53.099973 115.029860 66.811873
r93 98.708520 94.340105 112.636720 114.742305
r94 101.442309 135.136029 120.063009 150.396829
r95 105.061999 151.089416 116.809099 161.659416
r96 102.148891 5.628688 128.728591 25.349188
r97 107.473514 35.018459 119.923314 44.991859
r98 96.825874 55.276426 133.484674 70.393326
r99 102.695920 77.301839 125.776320 101.312139
r100 109.097536 128.941724 122.755536 138.032824
r101 96.220663 146.308253 133.674563 171.499253
r102 134.773641 0.659812 157.961441 41.349412
r103 115.809763 24.766333 137.143663 49.336033
r104 114.700532 50.617369 122.696232 66.146569
r105 112.623947 76.332734 125.488747 85.984434
r106 112.097184 106.072354 135.008384 128.950554
r107 138.540590 115.378504 179.338890 138.504404
r108 62.972203 73.654258 81.068203 90.693058
r109 55.630840 87.827819 82.654940 99.237419
r110 65.156444 108.148793 74.213344 116.213293
r111 63.624309 135.867556 75.024209 142.274556
r112 56.266726 143.064794 85.703826 160.871094
r113 50.008909 164.980767 79.574209 182.709867
r114 57.864558 50.962117 80.871358 64.363917
r115 65.340436 74.163103 74.798236 81.885803
r116 56.977641 99.168679 81.199141 112.626979
r117 57.040236 124.807829 80.148236 138.914629
r118 70.255413 134.475987 77.506813 151.598987
r119 73.595673 161.499663 106.935673 177.221463
r120 69.479935 33.765281 80.314035 40.506881
r121 62.610207 34.549315 84.088307 49.726715
r122 65.951475 57.743925 76.074875 74.255925
r123 67.961492 111.538718 77.280292 129.476318
r124 58.458236 118.181513 90.049636 135.723213
r125 83.182997 150.381672 98.796597 158.334172
r126 74.600253 19.531900 85.076253 31.384400
r127 67.387732 26.286107 93.505232 47.504307
r128 62.530716 65.582431 87.545116 76.942531
r129 69.514716 89.914826 80.179816 116.559526
r130 85.766135 110.836485 103.224735 142.578285
r131 91.198616 140.987428 100.072116 154.980428
r132 66.186176 0.115075 96.277676 31.469475
r133 76.008881 25.457430 85.791681 48.303730
r134 67.885492 47.495088 93.069592 69.499688
r135 76.881456 77.253985 95.710856 106.684985
r136 99.604427 118.030165 116.568627 125.349465
r137 90.964277 120.143299 139.474277 139.592899
r138 95.916081 3.534167 132.892781 29.050267
r139 98.703371 33.431804 137.205471 57.937004
r140 92.320792 54.847392 105.301792 64.412692
r141 94.924935 73.888042 102.114635 91.158142
r142 97.784212 91.933141 140.689112 113.923641
r143 136.234595 91.601251 176.271895 115.166751
r144 52.889944 79.953917 54.630744 81.361817
r145 41.861483 79.879768 55.395183 102.662368
r146 31.312336 104.938023 58.095736 116.450123
r147 33.269860 137.157465 60.147260 148.629265
r148 30.935127 150.047724 53.635327 173.138624
r149 47.345829 158.964584 50.272529 160.388284
r150 52.495659 67.835251 53.968159 69.499751
r151 37.455601 70.025590 58.137701 84.933790
r152 43.508064 94.082662 49.753164 105.778062
r153 45.422927 126.969731 51.870127 138.298631
r154 29.286028 134.735184 60.344828 151.611784
r155 47.931080 155.442928 49.829780 157.637428
r156 38.851474 28.304415 65.625274 39.820615
r157 37.491299 37.637703 58.643199 52.214803
r158 33.435654 60.121727 59.617454 72.572327
r159 36.049762 114.658824 61.136862 127.652724
r160 34.748468 112.811664 58.831068 134.577064
r161 22.472356 151.831760 69.029956 172.096960
r162 43.519127 9.601972 64.427627 34.671472
r163 31.279908 31.976509 66.908508 46.688509
r164 43.419341 56.913822 61.624741 87.353522
r165 42.285980 85.971698 61.990280 114.095798
r166 36.748103 111.684875 61.765703 149.398375
r167 67.511457 129.207440 88.430457 174.309940
r168 58.964857 25.528934 60.984757 29.241934
r169 31.207839 13.170729 67.821839 38.939629
r170 37.565660 41.326368 67.238760 73.122868
r171 40.054101 74.373426 69.439301 106.481426
r172 60.546503 106.372413 105.675703 127.279013
r173 80.778848 121.070554 85.030048 122.834754
r174 67.229438 32.299000 71.309538 34.137200
r175 69.713495 40.712276 73.466595 42.710676
r176 67.086384 42.468998 101.500184 69.885298
r177 68.053510 73.145120 107.361910 97.147620
r178 85.263262 103.544170 88.559062 105.819770
r179 84.151460 107.610865 87.952260 109.584165
r180 48.466500 79.098337 49.571800 81.315837
r181 43.904636 86.583488 46.073936 87.713388
r182 39.391159 103.795785 41.089559 105.238885
r183 39.445199 135.807704 40.964399 137.421104
r184 40.394440 144.799903 42.233140 147.066003
r185 43.478418 149.420855 46.619118 150.747555
r186 47.024191 71.026816 49.328791 72.090316
r187 41.939706 77.242610 42.978606 79.601810
r188 15.912278 90.754880 42.314078 102.433380
r189 20.341371 126.389199 43.143171 139.911499
r190 37.324459 138.537325 39.147859 140.822425
r191 43.583634 144.967146 46.008734 146.685346
r192 46.812851 48.582260 48.786751 49.823960
r193 25.953401 48.975586 50.867801 61.351286
r194 14.897081 70.303161 34.869681 85.740961
r195 15.800925 106.867439 32.077525 125.810839
r196 14.956832 111.120703 31.795832 142.248803
r197 44.175679 139.181011 47.139579 141.711411
r198 48.729893 41.880092 51.106593 43.633292
r199 22.284954 45.954031 57.365754 60.895731
r200 10.796872 65.740177 43.050972 81.991277
r201 13.417823 89.205801 38.176723 110.376701
r202 6.256995 109.824246 37.493395 140.029446
r203 56.991448 132.723540 60.910948 134.637040
r204 54.688903 37.606775 56.585203 41.561775
r205 47.266134 44.483317 49.774834 47.472917
r206 3.515134 47.387873 37.658134 75.021673
r207 6.415042 79.702717 40.953542 107.020117
r208 67.653341 112.500363 69.808441 115.980463
r209 70.793882 117.894881 73.476282 120.690881
r210 62.234534 37.590822 64.457334 40.965022
r211 63.059362 43.959776 65.158762 47.532276
r212 66.788571 57.739735 68.522971 62.064035
r213 70.431155 88.389751 73.377455 90.935351
r214 75.018635 104.393994 77.317735 107.656194
r215 76.332461 109.345361 79.621361 111.625761

[Iter 1150]
r0 128.989371 83.975471 131.000771 85.194071
r1 132.980265 91.453657 135.384765 92.473057
r2 132.424023 98.198497 149.400123 116.361297
r3 131.962172 125.863231 156.035272 138.671431
r4 136.686699 148.759833 137.935799 150.722033
r5 132.569714 157.468269 133.891214 159.322969
r6 132.874397 76.394817 135.263397 77.420717
r7 132.073437 75.853090 154.167137 89.808790
r8 135.638762 94.170669 162.587262 105.612269
r9 137.854633 117.810203 163.820533 129.684703
r10 134.648345 145.259769 160.997445 156.961669
r11 138.436195 161.254445 140.406195 162.498645
r12 132.015954 37.673719 148.726254 56.125419
r13 140.420088 53.332598 159.754788 69.279798
r14 148.477330 73.844398 167.940930 90.592598
r15 153.716275 103.969130 173.023775 120.852730
r16 146.867377 138.933300 173.153577 150.663100
r17 143.849477 158.572590 161.204277 176.339090
r18 138.185257 17.607369 165.805657 28.770569
r19 152.937072 39.574716 174.420972 53.926616
r20 158.016450 64.424146 169.109250 72.599446
r21 158.492667 102.789304 171.599667 114.551504
r22 152.003062 137.810689 181.705962 155.457689
r23 144.553388 156.305880 173.187188 174.611780
r24 151.163518 25.636902 153.006418 26.966902
r25 152.757859 29.972683 179.661059 41.433483
r26 162.356714 52.753442 179.848814 70.380442
r27 154.389290 91.694561 185.570190 108.505061
r28 152.714108 117.971140 186.960708 133.276840
r29 157.451543 145.082547 160.614243 147.453947
r30 150.805100 28.750486 154.020500 30.046286
r31 158.394139 35.509648 160.142039 37.893448
r32 161.303524 37.552300 179.096124 67.012200
r33 160.994481 67.033622 181.874181 92.137822
r34 161.228969 119.405669 164.308969 120.758469
r35 156.216114 131.790009 160.377014 133.592509
r36 115.816800 84.279447 117.905500 85.452847
r37 108.169374 87.855589 127.606474 103.718689
r38 104.224040 104.876311 128.076540 117.803011
r39 101.170287 126.274105 128.335087 137.624605
r40 101.960965 142.670383 119.846465 159.909583
r41 115.073397 161.181175 116.191197 163.373775
r42 105.939549 68.677328 129.793649 81.603128
r43 108.806675 78.727558 134.987875 90.504458
r44 115.618206 97.182164 125.786606 106.100564
r45 114.814362 124.605240 129.077362 130.963340
r46 114.766603 139.820420 134.367903 155.550620
r47 111.564817 161.850180 130.935017 177.768080
r48 106.179321 31.417132 123.237321 49.492732
r49 114.264296 50.475884 126.698496 57.769184
r50 114.327817 61.937613 133.635717 70.595113
r51 123.267500 111.441905 134.826000 125.903705
r52 125.866017 143.022552 140.139917 149.375852
r53 123.334409 161.440710 145.539209 175.326610
r54 105.799068 17.241245 128.800268 30.646345
r55 116.198448 42.463849 130.370748 48.862649
r56 120.909752 56.448036 137.717052 66.393536
r57 122.798305 94.836065 144.794805 107.754765
r58 128.274872 140.661967 140.128572 153.667767
r59 121.937596 153.976902 145.931796 175.822402
r60 125.718922 9.536774 144.412622 26.030774
r61 123.914803 31.611131 151.418003 42.821931
r62 135.178539 61.782785 148.250039 68.720485
r63 134.886704 83.369135 146.580304 96.553035
r64 122.980344 131.823424 158.198144 146.707024
r65 134.237876 148.464181 167.642076 176.709181
r66 144.285397 25.514726 147.452297 26.830426
r67 134.180659 26.197882 164.407659 43.538882
r68 129.441466 50.160097 162.532666 66.000197
r69 127.485615 72.817974 163.380315 87.420874
r70 137.463782 100.709250 154.464082 131.542050
r71 150.537034 131.698824 154.648934 133.522824
r72 88.320645 72.417331 101.220445 96.319531
r73 82.941388 88.275694 105.329788 102.047694
r74 83.300620 108.121388 95.796720 115.378588
r75 78.050646 131.548789 93.042446 137.597889
r76 67.998759 145.079738 93.688859 157.081738
r77 68.524759 160.914551 90.411959 175.001951
r78 79.498898 63.683279 104.610998 75.961579
r79 88.339752 76.118911 96.269252 85.330011
r80 84.623807 101.330492 100.680407 111.740992
r81 84.082124 120.195110 92.391824 140.311010
r82 86.474970 140.860831 92.786870 152.432531
r83 84.088876 161.831528 106.078976 175.852928
r84 89.383389 32.390229 102.510189 37.954329
r85 90.270161 33.960872 101.162961 49.306472
r86 83.830072 42.425567 104.652072 65.143867
r87 85.949387 113.868629 110.719287 129.403829
r88 93.974076 136.770479 106.094176 150.562179
r89 96.704089 156.013167 107.388489 162.849167
r90 93.798457 21.775021 106.610557 31.466321
r91 96.859599 27.782553 108.238099 52.756653
r92 102.208636 53.296594 114.399236 67.008494
r93 97.847103 94.246322 111.775303 114.648522
r94 101.136326 135.700142 119.757026 150.960942
r95 104.881362 151.784723 116.628462 162.354723
r96 102.141083 5.969016 128.720783 25.689516
r97 107.323135 34.819845 119.772935 44.793245
r98 96.509192 55.624431 133.167992 70.741331
r99 102.917025 77.906348 125.997425 101.916648
r100 108.582297 128.988909 122.240297 138.080009
r101 94.407833 152.795625 131.861733 177.986625
r102 133.444771 1.433504 156.632571 42.123104
r103 115.594208 24.439981 136.928108 49.009681
r104 114.603396 50.899390 122.599096 66.428590
r105 111.394935 75.797799 124.259735 85.449499
r106 111.490675 106.743358 134.401875 129.621558
r107 137.434726 116.690934 178.233026 139.816834
r108 62.397452 73.069975 80.493452 90.108775
r109 55.080957 87.828285 82.105057 99.237885
r110 64.622588 108.329132 73.679488 116.393632
r111 62.697254 136.125031 74.097154 142.532031
r112 56.028091 143.833001 85.465191 161.639301
r113 49.270024 165.797507 78.835324 183.526607
r114 57.798578 50.959624 80.805378 64.361424
r115 65.871704 73.868675 75.329504 81.591375
r116 57.273071 99.264985 81.494571 112.723285
r117 55.901817 125.216695 79.009817 139.323495
r118 69.516130 134.943953 76.767530 152.066953
r119 73.274680 162.377725 106.614680 178.099525
r120 69.258727 33.036515 80.092827 39.778115
r121 62.085958 34.246531 83.564058 49.423931
r122 65.601264 57.274521 75.724664 73.786521
r123 67.555749 111.616876 76.874549 129.554476
r124 57.536921 117.545229 89.128321 135.086929
r125 82.680060 150.046710 98.293660 157.999210
r126 74.431275 19.363560 84.907275 31.216060
r127 67.213070 26.586945 93.330570 47.805145
r128 62.271650 66.114594 87.286050 77.474694
r129 69.397687 90.023248 80.062787 116.667948
r130 84.943196 111.735789 102.401796 143.477589
r131 91.612337 143.051622 100.485837 157.044622
r132 66.529930 0.148563 96.621430 31.502963
r133 78.121764 26.526464 87.904564 49.372764
r134 67.457916 47.892020 92.642016 69.896620
r135 76.685320 77.504712 95.514720 106.935712
r136 97.126030 117.949144 114.090230 125.268444
r137 87.419915 121.303562 135.929915 140.753162
r138 95.383355 4.983428 132.360055 30.499528
r139 95.757127 32.868663 134.259227 57.373863
r140 92.262575 54.959099 105.243575 64.524399
r141 94.390223 73.428775 101.579923 90.698875
r142 96.751819 88.573716 139.656719 110.564216
r143 134.065151 90.298646 174.102451 113.864146
r144 52.826351 79.910019 54.567151 81.317919
r145 41.095905 79.782272 54.629605 102.564872
r146 30.730352 105.225644 57.513752 116.737744
r147 32.439151 137.020626 59.316551 148.492426
r148 30.075803 151.726429 52.776003 174.817329
r149 46.383126 159.937734 49.309826 161.361434
r150 52.348674 67.837420 53.821174 69.501920
r151 37.213156 69.975179 57.895256 84.883379
r152 43.183243 93.998919 49.428343 105.694319
r153 44.689854 127.060149 51.137054 138.389049
r154 27.454690 135.646340 58.513490 152.522940
r155 46.947889 155.509018 48.846589 157.703518
r156 38.852133 27.735679 65.625933 39.251879
r157 37.303739 37.576178 58.455639 52.153278
r158 32.968053 60.251962 59.149853 72.702562
r159 35.894395 114.469928 60.981495 127.463828
r160 34.481859 113.064417 58.564459 134.829817
r161 22.845348 149.976826 69.402948 170.242026
r162 43.790670 9.212596 64.699170 34.282096
r163 31.323348 31.998833 66.951948 46.710833
r164 42.988474 57.522884 61.193874 87.962584
r165 42.318937 85.823186 62.023237 113.947286
r166 38.644199 113.126025 63.661799 150.839525
r167 68.696726 129.401989 89.615726 174.504489
r168 59.302677 25.946755 61.322577 29.659755
r169 30.972770 15.296896 67.586770 41.065796
r170 37.020456 42.633349 66.693556 74.429849
r171 37.359330 75.436560 66.744530 107.544560
r172 60.705368 105.092199 105.834568 125.998799
r173 80.426923 121.796182 84.678123 123.560382
r174 67.853188 32.025239 71.933288 33.863439
r175 70.130690 40.803293 73.883790 42.801693
r176 66.921651 45.975345 101.335451 73.391645
r177 65.996939 72.607977 105.305339 96.610477
r178 83.938791 104.161692 87.234591 106.437292
r179 84.027349 108.449857 87.828149 110.423157
r180 48.377746 79.195471 49.483046 81.412971
r181 43.578600 86.765808 45.747900 87.895708
r182 38.925810 103.792430 40.624210 105.235530
r183 38.711508 135.539861 40.230708 137.153261
r184 39.612573 144.120313 41.451273 146.386413
r185 42.331701 148.369369 45.472401 149.696069
r186 47.021767 71.079056 49.326367 72.142556
r187 41.611887 77.277457 42.650787 79.636657
r188 14.953978 90.663503 41.355778 102.342003
r189 19.573638 126.082042 42.375438 139.604342
r190 36.402792 138.695663 38.226192 140.980763
r191 42.336381 144.717945 44.761481 146.436145
r192 47.025342 48.530111 48.999242 49.771811
r193 26.214396 48.339281 51.128796 60.714981
r194 14.679846 70.503470 34.652446 85.941270
r195 15.602587 107.137663 31.879187 126.081063
r196 15.339817 111.730251 32.178817 142.858351
r197 43.169509 139.548344 46.133409 142.078744
r198 49.437263 42.176122 51.813963 43.929322
r199 22.860178 45.982364 57.940978 60.924064
r200 9.764565 65.796793 42.018665 82.047893
r201 12.833274 89.813808 37.592174 110.984708
r202 5.054854 109.624014 36.291254 139.829214
r203 56.360962 133.778630 60.280462 135.692130
r204 55.609279 37.950330 57.505579 41.905330
r205 47.362342 44.967510 49.871042 47.957110
r206 2.065041 47.557204 36.208041 75.191004
r207 5.308658 80.476092 39.847158 107.793492
r208 67.591870 112.286513 69.746970 115.766613
r209 71.561440 118.142982 74.243840 120.938982
r210 63.438940 37.915180 65.661740 41.289380
r211 64.009379 43.946900 66.108779 47.519400
r212 67.315487 56.487877 69.049887 60.812177
r213 70.496525 88.313745 73.442825 90.859345
r214 74.861425 104.873675 77.160525 108.135875
r215 76.358270 110.267081 79.647170 112.547481

[Iter 1200]
r0 129.006042 83.925515 131.017442 85.144115
r1 132.796082 91.341899 135.200582 92.361299
r2 131.668153 98.548393 148.644253 116.711193
r3 129.427159 125.720303 153.500259 138.528503
r4 135.872549 149.208212 137.121649 151.170412
r5 132.185471 157.793657 133.506971 159.648357
r6 132.885262 76.297456 135.274262 77.323356
r7 131.942244 75.794382 154.035944 89.750082
r8 134.976844 94.068585 161.925344 105.510185
r9 137.848984 118.845411 163.814884 130.719911
r10 134.282751 144.774407 160.631851 156.476307
r11 138.365611 161.360288 140.335611 162.604488
r12 131.655595 37.428328 148.365895 55.880028
r13 140.119498 52.593629 159.454198 68.540829
r14 147.905667 73.554882 167.369267 90.303082
r15 152.966950 105.111818 172.274450 121.995418
r16 146.440802 139.053502 172.727002 150.783302
r17 143.434231 158.319938 160.789031 176.086438
r18 137.974725 17.657984 165.595125 28.821184
r19 152.751454 39.135927 174.235354 53.487827
r20 157.930145 63.756524 169.022945 71.931824
r21 158.663031 103.920148 171.770031 115.682348
r22 151.305186 138.309216 181.008086 155.956216
r23 143.956811 156.405261 172.590611 174.711161
r24 151.176303 25.805455 153.019203 27.135455
r25 152.424981 29.891426 179.328181 41.352226
r26 162.148452 52.842515 179.640552 70.469515
r27 154.232755 92.168423 185.413655 108.978923
r28 152.728230 119.202242 186.974830 134.507942
r29 156.926572 146.662315 160.089272 149.033715
r30 150.915932 28.924344 154.131332 30.220144
r31 158.375458 35.625298 160.123358 38.009098
r32 161.020025 37.874309 178.812625 67.334209
r33 160.357630 67.815936 181.237330 92.920136
r34 160.919823 120.148798 163.999823 121.501598
r35 155.943289 132.835693 160.104189 134.638193
r36 115.864971 84.307314 117.953671 85.480714
r37 108.045195 88.022334 127.482295 103.885434
r38 102.842285 104.827733 126.694785 117.754433
r39 99.689527 126.008848 126.854327 137.359348
r40 101.242187 142.881685 119.127687 160.120885
r41 114.590038 161.425463 115.707838 163.618063
r42 105.899457 68.266080 129.753557 81.191880
r43 108.728630 78.963686 134.909830 90.740586
r44 115.325031 97.441719 125.493431 106.360119
r45 114.293878 124.469397 128.556878 130.827497
r46 114.468929 139.774346 134.070229 155.504546
r47 111.458618 161.315582 130.828818 177.233482
r48 105.475700 31.299013 122.533700 49.374613
r49 113.733992 50.208553 126.168192 57.501853
r50 114.459861 61.733469 133.767761 70.390969
r51 122.839760 111.498086 134.398260 125.959886
r52 125.505747 143.802741 139.779647 150.156041
r53 123.073434 161.155572 145.278234 175.041472
r54 105.764927 17.342513 128.766127 30.747613
r55 115.354248 41.647622 129.526548 48.046422
r56 120.647914 55.790694 137.455214 65.736194
r57 122.298804 95.065517 144.295304 107.984217
r58 128.030394 140.961635 139.884094 153.967435
r59 121.422326 153.826530 145.416526 175.672030
r60 125.679175 9.966430 144.372875 26.460430
r61 123.692738 31.795144 151.195938 43.005944
r62 134.810507 61.702159 147.882007 68.639859
r63 134.937183 83.437863 146.630783 96.621763
r64 122.296953 131.905283 157.514753 146.788883
r65 132.965133 146.770570 166.369333 175.015570
r66 144.455209 25.679216 147.622109 26.994916
r67 133.918574 26.382247 164.145574 43.723247
r68 129.534690 50.237716 162.625890 66.077816
r69 127.115431 72.903148 163.010131 87.506048
r70 137.212642 100.168325 154.212942 131.001125
r71 149.681032 132.093786 153.792932 133.917786
r72 88.710665 72.908442 101.610465 96.810642
r73 82.044157 88.794173 104.432557 102.566173
r74 82.188623 108.663430 94.684723 115.920630
r75 77.603768 131.608265 92.595568 137.657365
r76 67.735176 145.406872 93.425276 157.408872
r77 67.990115 161.025164 89.877315 175.112564
r78 79.104280 63.770865 104.216380 76.049165
r79 86.590915 76.473608 94.520415 85.684708
r80 83.335310 101.512557 99.391910 111.923057
r81 83.345230 120.300979 91.654930 140.416879
r82 85.442663 141.369171 91.754563 152.940871
r83 83.460272 162.519309 105.450372 176.540709
r84 89.045444 32.454290 102.172244 38.018390
r85 89.407122 34.292381 100.299922 49.637981
r86 83.198217 42.714917 104.020217 65.433217
r87 85.863726 114.002942 110.633626 129.538142
r88 93.375759 137.780459 105.495859 151.572159
r89 96.592460 157.703350 107.276860 164.539350
r90 93.609138 21.552745 106.421238 31.244045
r91 96.649393 27.576778 108.027893 52.550878
r92 102.180222 53.021586 114.370822 66.733486
r93 97.840030 95.046868 111.768230 115.449068
r94 100.699440 136.748358 119.320140 152.009158
r95 104.467535 152.310067 116.214635 162.880067
r96 102.161118 6.004343 128.740818 25.724843
r97 107.084186 34.821292 119.533986 44.794692
r98 96.374342 56.045361 133.033142 71.162261
r99 102.512943 78.346332 125.593343 102.356632
r100 108.529066 129.373433 122.187066 138.464533
r101 95.487951 147.781574 132.941851 172.972574
r102 133.451724 2.215815 156.639524 42.905415
r103 115.414315 24.773713 136.748215 49.343413
r104 114.590351 50.580442 122.586051 66.109642
r105 111.377073 75.938528 124.241873 85.590228
r106 112.252787 107.100504 135.163987 129.978704
r107 134.108564 120.212261 174.906864 143.338161
r108 61.397338 72.907618 79.493338 89.946418
r109 53.949340 87.546313 80.973440 98.955913
r110 63.902859 108.377698 72.959759 116.442198
r111 62.177656 136.343285 73.577556 142.750285
r112 55.548215 143.044537 84.985315 160.850837
r113 48.501082 165.571760 78.066382 183.300860
r114 56.686009 50.501372 79.692809 63.903172
r115 64.673370 73.813729 74.131170 81.536429
r116 56.594645 98.887074 80.816145 112.345374
r117 55.676920 125.474431 78.784920 139.581231
r118 68.836807 134.783829 76.088207 151.906829
r119 72.521180 163.221620 105.861180 178.943420
r120 68.568394 32.950191 79.402494 39.691791
r121 61.745312 33.983541 83.223412 49.160941
r122 65.763398 56.988021 75.886798 73.500021
r123 67.316118 111.378979 76.634918 129.316579
r124 57.401017 117.323469 88.992417 134.865169
r125 82.422258 152.092710 98.035858 160.045210
r126 74.139542 18.941633 84.615542 30.794133
r127 67.072865 25.999068 93.190365 47.217268
r128 62.376726 65.606763 87.391126 76.966863
r129 69.720250 90.021883 80.385350 116.666583
r130 84.804638 112.522607 102.263238 144.264407
r131 90.938912 143.034477 99.812412 157.027477
r132 66.077306 0.496451 96.168806 31.850851
r133 77.765787 26.034917 87.548587 48.881217
r134 67.437719 47.475158 92.621819 69.479758
r135 76.748457 77.162658 95.577857 106.593658
r136 97.282417 118.344697 114.246617 125.663997
r137 89.253930 125.224763 137.763930 144.674363
r138 95.403723 4.523982 132.380423 30.040082
r139 95.980834 32.394277 134.482934 56.899477
r140 92.150746 54.166173 105.131746 63.731473
r141 95.072673 73.379790 102.262373 90.649890
r142 96.344867 91.432954 139.249767 113.423454
r143 134.207961 91.484491 174.245261 115.049991
r144 51.423481 79.771381 53.164281 81.179281
r145 39.691480 79.531213 53.225180 102.313813
r146 29.934817 105.664605 56.718217 117.176705
r147 31.806606 137.459358 58.684006 148.931158
r148 29.288283 151.197386 51.988483 174.288286
r149 45.414305 160.159805 48.341005 161.583505
r150 51.364968 67.518425 52.837468 69.182925
r151 36.722994 69.665558 57.405094 84.573758
r152 43.154072 94.399869 49.399172 106.095269
r153 44.249820 127.367492 50.697020 138.696392
r154 27.654724 135.215602 58.713524 152.092202
r155 46.238199 156.286828 48.136899 158.481328
r156 38.228601 26.918273 65.002401 38.434473
r157 37.088067 36.446554 58.239967 51.023654
r158 32.934063 58.983036 59.115863 71.433636
r159 35.886116 115.012503 60.973216 128.006403
r160 34.303987 113.345400 58.386587 135.110800
r161 22.587999 150.628458 69.145599 170.893658
r162 43.415795 8.173606 64.324295 33.243106
r163 31.216620 30.829854 66.845220 45.541854
r164 43.006112 56.347330 61.211512 86.787030
r165 42.546303 85.307187 62.250603 113.431287
r166 38.636120 111.374697 63.653720 149.088197
r167 66.745135 130.271687 87.664135 175.374187
r168 58.995969 24.960237 61.015869 28.673237
r169 30.891769 14.953829 67.505769 40.722729
r170 35.400082 41.459965 65.073182 73.256465
r171 39.975315 74.981369 69.360515 107.089369
r172 59.353200 105.094711 104.482400 126.001311
r173 80.502957 122.583017 84.754157 124.347217
r174 67.469452 31.158306 71.549552 32.996506
r175 69.933119 40.215112 73.686219 42.213512
r176 66.361140 42.417175 100.774940 69.833475
r177 69.250870 74.060259 108.559270 98.062759
r178 84.792784 104.681430 88.088584 106.957030
r179 83.890457 109.210791 87.691257 111.184091
r180 47.019850 78.877888 48.125150 81.095388
r181 42.151928 86.484146 44.321228 87.614046
r182 37.701273 103.880225 39.399673 105.323325
r183 37.718724 135.984594 39.237924 137.597994
r184 38.664846 144.954383 40.503546 147.220483
r185 41.273818 149.358465 44.414518 150.685165
r186 45.921094 70.641215 48.225694 71.704715
r187 40.585763 76.800280 41.624663 79.159480
r188 14.375595 90.733561 40.777395 102.412061
r189 19.241082 126.464482 42.042882 139.986782
r190 35.799075 139.113193 37.622475 141.398293
r191 41.448396 145.693781 43.873496 147.411981
r192 46.030178 47.786543 48.004078 49.028243
r193 24.982771 47.472571 49.897171 59.848271
r194 15.025749 68.760143 34.998349 84.197943
r195 15.813674 107.786169 32.090274 126.729569
r196 15.403342 111.407550 32.242342 142.535650
r197 42.342366 140.537037 45.306266 143.067437
r198 48.563810 41.324253 50.940510 43.077453
r199 21.881313 44.784663 56.962113 59.726363
r200 10.173762 64.661163 42.427862 80.912263
r201 13.278817 89.329389 38.037717 110.500289
r202 6.131942 110.416603 37.368342 140.621803
r203 55.784825 134.189465 59.704325 136.102965
r204 54.783170 36.954430 56.679470 40.909430
r205 46.663229 43.977224 49.171929 46.966824
r206 2.554395 46.893995 36.697395 74.527795
r207 6.305216 79.744064 40.843716 107.061464
r208 67.665832 112.414317 69.820932 115.894417
r209 70.947810 119.413581 73.630210 122.209581
r210 62.842983 37.050825 65.065783 40.425025
r211 63.771839 43.390392 65.871239 46.962892
r212 67.306935 56.846596 69.041335 61.170896
r213 70.506105 87.323753 73.452405 89.869353
r214 74.930725 105.203254 77.229825 108.465454
r215 76.307779 111.336605 79.596679 113.617005

[Iter 1250]
r0 128.696392 84.213037 130.707792 85.431637
r1 132.603686 91.466508 135.008186 92.485908
r2 131.693239 98.688598 148.669339 116.851398
r3 129.629392 126.216643 153.702492 139.024843
r4 135.805639 149.209105 137.054739 151.171305
r5 132.034560 157.653994 133.356060 159.508694
r6 132.699379 76.273600 135.088379 77.299500
r7 131.941143 75.576809 154.034843 89.532509
r8 135.183103 94.143074 162.131603 105.584674
r9 137.827349 118.368508 163.793249 130.243008
r10 134.763311 145.024886 161.112411 156.726786
r11 138.368963 161.437734 140.338963 162.681934
r12 131.701706 37.306871 148.412006 55.758571
r13 140.318621 53.133289 159.653321 69.080489
r14 148.620422 74.460660 168.084022 91.208860
r15 153.540878 105.307073 172.848378 122.190673
r16 146.536810 138.865337 172.823010 150.595137
r17 143.687075 158.547691 161.041875 176.314191
r18 137.932077 17.739020 165.552477 28.902220
r19 152.984628 39.532701 174.468528 53.884601
r20 158.299209 64.543362 169.392009 72.718662
r21 159.377456 104.786793 172.484456 116.548993
r22 152.088182 138.715655 181.791082 156.362655
r23 144.330064 156.695399 172.963864 175.001299
r24 151.308213 25.735947 153.151113 27.065947
r25 152.682560 30.106296 179.585760 41.567096
r26 162.206373 53.161487 179.698473 70.788487
r27 154.002175 92.738688 185.183075 109.549188
r28 152.815597 119.080091 187.062197 134.385791
r29 157.353797 147.012407 160.516497 149.383807
r30 151.084328 28.818478 154.299728 30.114278
r31 158.517095 35.639762 160.264995 38.023562
r32 161.046307 38.436323 178.838907 67.896223
r33 160.373594 68.092545 181.253294 93.196745
r34 161.093705 120.235438 164.173705 121.588238
r35 155.984643 133.152407 160.145543 134.954907
r36 115.274803 84.511134 117.363503 85.684534
r37 106.721546 88.575780 126.158646 104.438880
r38 102.744779 104.895471 126.597279 117.822171
r39 99.867674 127.200260 127.032474 138.550760
r40 100.895034 142.941526 118.780534 160.180726
r41 114.376129 161.444437 115.493929 163.637037
r42 105.979162 68.282416 129.833262 81.208216
r43 109.058583 79.098546 135.239783 90.875446
r44 116.830882 97.023240 126.999282 105.941640
r45 114.628941 124.842437 128.891941 131.200537
r46 114.272182 139.986232 133.873482 155.716432
r47 111.410956 161.962953 130.781156 177.880853
r48 105.734887 31.176310 122.792887 49.251910
r49 113.692085 50.168829 126.126285 57.462129
r50 114.324900 61.566265 133.632800 70.223765
r51 122.801467 111.455548 134.359967 125.917348
r52 125.409217 143.961786 139.683117 150.315086
r53 123.217346 161.526398 145.422146 175.412298
r54 105.809789 17.008098 128.810989 30.413198
r55 115.066513 41.505125 129.238813 47.903925
r56 120.640601 55.893573 137.447901 65.839073
r57 121.814524 96.112040 143.811024 109.030740
r58 127.956910 141.033986 139.810610 154.039786
r59 121.893378 154.782151 145.887578 176.627651
r60 125.663895 9.431231 144.357595 25.925231
r61 124.038587 31.705156 151.541787 42.915956
r62 135.099739 61.680143 148.171239 68.617843
r63 134.815054 84.001364 146.508654 97.185264
r64 122.686044 132.722524 157.903844 147.606124
r65 133.650603 151.120007 167.054803 179.365007
r66 144.755823 25.327449 147.922723 26.643149
r67 134.218091 26.424487 164.445091 43.765487
r68 129.049124 50.143589 162.140324 65.983689
r69 126.816062 73.271151 162.710762 87.874051
r70 137.369992 100.701640 154.370292 131.534440
r71 149.926707 133.037885 154.038607 134.861885
r72 88.210982 73.163381 101.110782 97.065581
r73 81.902789 88.802473 104.291189 102.574473
r74 82.165227 108.842391 94.661327 116.099591
r75 77.551262 131.709628 92.543062 137.758728
r76 67.466262 145.387821 93.156362 157.389821
r77 67.573495 161.061015 89.460695 175.148415
r78 79.346127 63.914263 104.458227 76.192563
r79 86.584543 76.332507 94.514043 85.543607
r80 82.919265 101.786902 98.975865 112.197402
r81 82.943367 120.302543 91.253067 140.418443
r82 85.177260 141.565059 91.489160 153.136759
r83 83.294565 162.748384 105.284665 176.769784
r84 89.289547 32.398400 102.416347 37.962500
r85 90.037059 34.278990 100.929859 49.624590
r86 82.990216 42.567049 103.812216 65.285349
r87 86.080743 113.997089 110.850643 129.532289
r88 93.483802 137.771905 105.603902 151.563605
r89 96.118870 157.667193 106.803270 164.503193
r90 93.762262 21.174934 106.574362 30.866234
r91 96.800096 27.647072 108.178596 52.621172
r92 102.548639 53.138506 114.739239 66.850406
r93 97.676923 95.794755 111.605123 116.196955
r94 100.439475 137.074691 119.060175 152.335491
r95 104.003306 153.578850 115.750406 164.148850
r96 102.372715 5.578830 128.952415 25.299330
r97 107.449563 34.336653 119.899363 44.310053
r98 96.638906 55.924476 133.297706 71.041376
r99 102.811043 78.224223 125.891443 102.234523
r100 108.505876 130.673792 122.163876 139.764892
r101 95.383727 153.813230 132.837627 179.004230
r102 133.917631 1.911077 157.105431 42.600677
r103 115.577780 24.987260 136.911680 49.556960
r104 114.423348 50.222982 122.419048 65.752182
r105 111.285158 75.944650 124.149958 85.596350
r106 111.249969 107.763680 134.161169 130.641880
r107 133.087646 123.310694 173.885946 146.436594
r108 61.149434 73.243965 79.245434 90.282765
r109 54.193124 87.824760 81.217224 99.234360
r110 63.427982 108.196655 72.484882 116.261155
r111 61.686584 136.542860 73.086484 142.949860
r112 55.400848 143.428676 84.837948 161.234976
r113 48.502571 165.209522 78.067871 182.938622
r114 56.597511 50.525067 79.604311 63.926867
r115 64.799830 73.935448 74.257630 81.658148
r116 56.301386 98.977281 80.522886 112.435581
r117 55.406890 125.549498 78.514890 139.656298
r118 68.565813 134.817558 75.817213 151.940558
r119 72.275422 162.794790 105.615422 178.516590
r120 68.685280 32.624004 79.519380 39.365604
r121 61.866909 34.074667 83.345009 49.252067
r122 66.007463 56.963941 76.130863 73.475941
r123 67.181069 111.516661 76.499869 129.454261
r124 56.365656 117.682161 87.957056 135.223861
r125 82.201368 151.459964 97.814968 159.412464
r126 74.485782 18.327787 84.961782 30.180287
r127 67.431078 25.534475 93.548578 46.752675
r128 62.634177 65.464905 87.648577 76.825005
r129 69.654794 90.293897 80.319894 116.938597
r130 84.809337 112.059406 102.267937 143.801206
r131 90.534122 143.112732 99.407622 157.105732
r132 66.894243 0.000000 96.985743 31.354400
r133 77.628897 25.733954 87.411697 48.580254
r134 67.385747 47.008684 92.569847 69.013284
r135 76.686211 76.588042 95.515611 106.019042
r136 96.871225 119.845116 113.835425 127.164416
r137 87.441027 125.973885 135.951027 145.423485
r138 96.657117 4.057306 133.633817 29.573406
r139 96.386573 32.134249 134.888673 56.639449
r140 92.309412 54.115540 105.290412 63.680840
r141 95.008899 73.740277 102.198599 91.010377
r142 96.287588 95.118461 139.192488 117.108961
r143 133.472226 90.896320 173.509526 114.461820
r144 51.314283 79.708954 53.055083 81.116854
r145 38.867635 79.211705 52.401335 101.994305
r146 28.933757 105.386806 55.717157 116.898906
r147 31.320490 137.220186 58.197890 148.691986
r148 29.141795 151.257169 51.841995 174.348069
r149 45.074928 159.716041 48.001628 161.139741
r150 51.552402 67.373087 53.024902 69.037587
r151 37.084463 69.508593 57.766563 84.416793
r152 43.269065 94.079179 49.514165 105.774579
r153 44.141088 127.058208 50.588288 138.387108
r154 27.116610 135.530226 58.175410 152.406826
r155 45.520422 155.614626 47.419122 157.809126
r156 38.379098 26.407861 65.152898 37.924061
r157 37.139858 36.053508 58.291758 50.630608
r158 32.506771 58.601610 58.688571 71.052210
r159 35.915010 114.751245 61.002110 127.745145
r160 33.784630 112.331912 57.867230 134.097312
r161 20.248027 148.797787 66.805627 169.062987
r162 43.457226 7.147339 64.365726 32.216839
r163 31.482255 30.133314 67.110855 44.845314
r164 43.265320 55.950390 61.470720 86.390090
r165 42.703403 85.192767 62.407703 113.316867
r166 37.979325 108.940781 62.996925 146.654281
r167 66.549048 131.601527 87.468048 176.704027
r168 59.105342 24.227185 61.125242 27.940185
r169 31.829771 15.141187 68.443771 40.910087
r170 35.670806 39.888193 65.343906 71.684693
r171 41.250702 76.259067 70.635902 108.367067
r172 57.001205 104.887314 102.130405 125.793914
r173 80.302295 123.357327 84.553495 125.121527
r174 67.639385 30.846806 71.719485 32.685006
r175 70.274940 39.719999 74.028040 41.718399
r176 68.648512 40.811427 103.062312 68.227727
r177 71.990554 74.462207 111.298954 98.464707
r178 85.496429 106.103204 88.792229 108.378804
r179 84.675922 110.191258 88.476722 112.164558
r180 47.021809 78.653356 48.127109 80.870856
r181 41.997484 86.307390 44.166784 87.437290
r182 37.378778 103.702684 39.077178 105.145784
r183 37.510878 135.587701 39.030078 137.201101
r184 38.451302 144.074002 40.290002 146.340102
r185 41.117599 148.350392 44.258299 149.677092
r186 46.049916 70.446373 48.354516 71.509873
r187 40.798451 76.537370 41.837351 78.896570
r188 14.259105 90.438878 40.660905 102.117378
r189 18.943767 126.188304 41.745567 139.710604
r190 35.555499 138.509177 37.378899 140.794277
r191 41.099717 144.518675 43.524817 146.236875
r192 46.258254 47.056334 48.232154 48.298034
r193 25.297094 47.077231 50.211494 59.452931
r194 14.385893 67.946423 34.358493 83.384223
r195 15.469455 107.725792 31.746055 126.669192
r196 14.659696 111.047362 31.498696 142.175462
r197 41.436888 139.047691 44.400788 141.578091
r198 48.782881 40.966578 51.159581 42.719778
r199 22.381327 44.112653 57.462127 59.054353
r200 10.692879 64.612858 42.946979 80.863958
r201 13.741594 88.891778 38.500494 110.062678
r202 5.232487 109.698005 36.468887 139.903205
r203 55.476924 132.911100 59.396424 134.824600
r204 54.901061 36.746459 56.797361 40.701459
r205 47.088234 43.806696 49.596934 46.796296
r206 4.655587 47.446917 38.798587 75.080717
r207 7.559025 79.447909 42.097525 106.765309
r208 67.503238 113.233255 69.658338 116.713355
r209 70.879397 119.627649 73.561797 122.423649
r210 62.830580 36.734982 65.053380 40.109182
r211 63.719401 43.004423 65.818801 46.576923
r212 67.540275 56.887369 69.274675 61.211669
r213 70.974962 87.742511 73.921262 90.288111
r214 75.728440 105.690477 78.027540 108.952677
r215 76.687707 111.498914 79.976607 113.779314

[Iter 1300]
r0 128.406134 84.207951 130.417534 85.426551
r1 132.512429 91.602458 134.916929 92.621858
r2 131.822908 98.855559 148.799008 117.018359
r3 129.006448 126.466250 153.079548 139.274450
r4 135.345744 149.213333 136.594844 151.175533
r5 131.682955 157.861096 133.004455 159.715796
r6 132.313757 76.313051 134.702757 77.338951
r7 132.210079 75.871499 154.303779 89.827199
r8 135.201885 94.171132 162.150385 105.612732
r9 137.736470 119.751193 163.702370 131.625693
r10 134.407457 144.771124 160.756557 156.473024
r11 138.070407 161.696865 140.040407 162.941065
r12 130.841577 37.353332 147.551877 55.805032
r13 140.526022 53.070351 159.860722 69.017551
r14 148.640524 74.190562 168.104124 90.938762
r15 153.114722 105.912821 172.422222 122.796421
r16 146.681536 140.577598 172.967736 152.307398
r17 142.945607 159.500332 160.300407 177.266832
r18 137.779106 17.685590 165.399506 28.848790
r19 152.619689 39.675115 174.103589 54.027015
r20 157.856730 64.425066 168.949530 72.600366
r21 158.616144 105.055199 171.723144 116.817399
r22 151.412983 140.671011 181.115883 158.318011
r23 143.676192 158.423414 172.309992 176.729314
r24 151.132360 25.787437 152.975260 27.117437
r25 152.521510 30.159060 179.424710 41.619860
r26 162.528915 53.414222 180.021015 71.041222
r27 154.050623 93.133426 185.231523 109.943926
r28 152.772555 119.851097 187.019155 135.156797
r29 157.069704 147.718641 160.232404 150.090041
r30 151.121301 28.919529 154.336701 30.215329
r31 158.491844 35.733551 160.239744 38.117351
r32 161.180159 38.695823 178.972759 68.155723
r33 160.408160 68.469032 181.287860 93.573232
r34 160.918405 121.206112 163.998405 122.558912
r35 155.812527 134.572772 159.973427 136.375272
r36 115.073758 84.589933 117.162458 85.763333
r37 107.132446 88.691658 126.569546 104.554758
r38 102.741374 105.167571 126.593874 118.094271
r39 99.726391 126.757259 126.891191 138.107759
r40 99.955106 142.996895 117.840606 160.236095
r41 113.674546 161.443675 114.792346 163.636275
r42 105.811408 68.679069 129.665508 81.604869
r43 108.893179 78.813931 135.074379 90.590831
r44 116.343456 96.984101 126.511856 105.902501
r45 114.274551 125.013179 128.537551 131.371279
r46 113.885173 140.326366 133.486473 156.056566
r47 110.852243 162.218764 130.222443 178.136664
r48 105.500335 30.593672 122.558335 48.669272
r49 113.268501 50.140011 125.702701 57.433311
r50 114.302586 61.823674 133.610486 70.481174
r51 122.575599 111.484125 134.134099 125.945925
r52 124.395630 145.442722 138.669530 151.796022
r53 122.774324 161.844953 144.979124 175.730853
r54 105.780902 17.269991 128.782102 30.675091
r55 114.570360 41.676226 128.742660 48.075026
r56 120.402631 55.931975 137.209931 65.877475
r57 121.751801 96.685256 143.748301 109.603956
r58 127.430411 142.572871 139.284111 155.578671
r59 121.020301 155.195960 145.014501 177.041460
r60 125.764655 10.112225 144.458355 26.606225
r61 124.259390 31.675970 151.762590 42.886770
r62 135.018184 61.952769 148.089684 68.890469
r63 134.889656 85.175987 146.583256 98.359887
r64 123.067909 133.456193 158.285709 148.339793
r65 132.542769 147.440449 165.946969 175.685449
r66 145.595983 25.541028 148.762883 26.856728
r67 134.458757 26.743218 164.685757 44.084218
r68 129.169656 50.684651 162.260856 66.524751
r69 126.650812 73.508581 162.545512 88.111481
r70 137.160165 101.814223 154.160465 132.647023
r71 149.202607 133.899384 153.314507 135.723384
r72 88.874716 73.405175 101.774516 97.307375
r73 81.905775 88.586223 104.294175 102.358223
r74 82.051863 108.586553 94.547963 115.843753
r75 77.517517 131.698373 92.509317 137.747473
r76 66.990774 145.531964 92.680874 157.533964
r77 66.957323 160.799551 88.844523 174.886951
r78 79.196160 64.241760 104.308260 76.520060
r79 85.537125 76.110379 93.466625 85.321479
r80 82.596618 101.606510 98.653218 112.017010
r81 82.706652 120.310113 91.016352 140.426013
r82 84.644591 141.656726 90.956491 153.228426
r83 82.821816 163.107334 104.811916 177.128734
r84 89.028170 32.317158 102.154970 37.881258
r85 89.349445 34.246418 100.242245 49.592018
r86 82.637485 42.886198 103.459485 65.604498
r87 85.860914 113.957180 110.630814 129.492380
r88 93.077455 137.855466 105.197555 151.647166
r89 95.667039 158.228119 106.351439 165.064119
r90 93.839868 21.267928 106.651968 30.959228
r91 96.891941 27.666530 108.270441 52.640630
r92 102.327215 52.958173 114.517815 66.670073
r93 97.514410 96.072068 111.442610 116.474268
r94 100.374934 137.715985 118.995634 152.976785
r95 104.163046 153.672099 115.910146 164.242099
r96 102.675404 6.154359 129.255104 25.874859
r97 107.303219 35.043335 119.753019 45.016735
r98 96.492799 56.806033 133.151599 71.922933
r99 103.014608 79.086538 126.095008 103.096838
r100 108.524290 131.909740 122.182290 141.000840
r101 95.769568 148.879077 133.223468 174.070077
r102 135.399743 1.535504 158.587543 42.225104
r103 115.658547 25.595292 136.992447 50.164992
r104 114.431274 50.959914 122.426974 66.489114
r105 110.982554 76.213323 123.847354 85.865023
r106 111.422598 108.654067 134.333798 131.532267
r107 130.148908 120.950252 170.947208 144.076152
r108 61.091290 73.383670 79.187290 90.422470
r109 54.251014 87.602880 81.275114 99.012480
r110 63.518138 108.354483 72.575038 116.418983
r111 61.639879 136.518331 73.039779 142.925331
r112 55.364309 142.039697 84.801409 159.845997
r113 47.675306 165.048859 77.240606 182.777959
r114 56.455214 50.884744 79.462014 64.286544
r115 64.499554 73.492536 73.957354 81.215236
r116 55.801829 98.941781 80.023329 112.400081
r117 55.196617 125.472712 78.304617 139.579512
r118 68.520709 134.722437 75.772109 151.845437
r119 71.924329 163.781110 105.264329 179.502910
r120 68.663349 32.302762 79.497449 39.044362
r121 61.691204 33.707247 83.169304 48.884647
r122 65.413842 56.459442 75.537242 72.971442
r123 66.848967 111.450776 76.167767 129.388376
r124 56.310752 118.095937 87.902152 135.637637
r125 82.241029 152.308005 97.854629 160.260505
r126 74.783268 18.364293 85.259268 30.216793
r127 67.474513 25.830679 93.592013 47.048879
r128 62.243835 65.752741 87.258235 77.112841
r129 69.050802 90.136794 79.715902 116.781494
r130 84.443105 112.879578 101.901705 144.621378
r131 90.217411 143.115904 99.090911 157.108904
r132 67.991442 0.099740 98.082942 31.454140
r133 78.248124 26.389491 88.030924 49.235791
r134 67.531597 47.406444 92.715697 69.411044
r135 76.855532 77.177882 95.684932 106.608882
r136 96.957857 120.160972 113.922057 127.480272
r137 87.327640 127.777342 135.837640 147.226942
r138 97.133318 3.994642 134.110018 29.510742
r139 97.953806 33.138984 136.455906 57.644184
r140 92.367910 54.355717 105.348910 63.921017
r141 95.036911 73.698549 102.226611 90.968649
r142 96.553274 94.706227 139.458174 116.696727
r143 134.756054 93.032169 174.793354 116.597669
r144 51.327981 79.604489 53.068781 81.012389
r145 38.903649 79.282275 52.437349 102.064875
r146 29.008551 105.584055 55.791951 117.096155
r147 31.149033 137.240210 58.026433 148.712010
r148 28.456434 151.293313 51.156634 174.384213
r149 44.812597 159.629112 47.739297 161.052812
r150 51.400328 67.361702 52.872828 69.026202
r151 36.963065 69.404427 57.645165 84.312627
r152 43.152151 93.937512 49.397251 105.632912
r153 44.072882 127.263448 50.520082 138.592348
r154 27.496995 134.984994 58.555795 151.861594
r155 45.385157 155.729453 47.283857 157.923953
r156 38.228784 26.321960 65.002584 37.838160
r157 36.815157 35.804967 57.967057 50.382067
r158 32.191161 58.450123 58.372961 70.900723
r159 35.554287 114.739227 60.641387 127.733127
r160 33.685250 113.073730 57.767850 134.839130
r161 20.928176 150.695773 67.485776 170.960973
r162 43.678109 7.264270 64.586609 32.333770
r163 31.521052 30.244795 67.149652 44.956795
r164 43.045310 56.160901 61.250710 86.600601
r165 42.214032 85.102748 61.918332 113.226848
r166 37.605150 110.643809 62.622750 148.357309
r167 65.563686 130.576902 86.482686 175.679402
r168 59.491830 24.732116 61.511730 28.445116
r169 32.325252 13.040791 68.939252 38.809691
r170 36.542607 40.832950 66.215707 72.629450
r171 40.580601 76.115947 69.965801 108.223947
r172 58.533188 104.145374 103.662388 125.051974
r173 79.477398 123.490371 83.728598 125.254571
r174 68.065204 31.322551 72.145304 33.160751
r175 70.694896 40.333853 74.447996 42.332253
r176 68.596858 41.507638 103.010658 68.923938
r177 70.642339 73.988023 109.950739 97.990523
r178 84.887589 105.952558 88.183389 108.228158
r179 84.095735 110.705506 87.896535 112.678806
r180 47.015528 78.652271 48.120828 80.869771
r181 42.004274 86.309495 44.173574 87.439395
r182 37.304611 103.699962 39.003011 105.143062
r183 37.307569 135.619930 38.826769 137.233330
r184 38.185152 143.999538 40.023852 146.265638
r185 40.981241 148.266408 44.121941 149.593108
r186 46.023217 70.537914 48.327817 71.601414
r187 40.686436 76.561603 41.725336 78.920803
r188 14.242039 90.438389 40.643839 102.116889
r189 18.725459 126.098974 41.527259 139.621274
r190 35.396415 138.528482 37.219815 140.813582
r191 41.031655 144.617677 43.456755 146.335877
r192 46.334747 47.155962 48.308647 48.397662
r193 25.324330 46.976833 50.238730 59.352533
r194 14.446007 67.982302 34.418607 83.420102
r195 15.056028 107.590750 31.332628 126.534150
r196 14.685130 111.148529 31.524130 142.276629
r197 41.154618 139.605241 44.118518 142.135641
r198 49.199155 41.163739 51.575855 42.916939
r199 22.524347 44.314952 57.605147 59.256652
r200 10.065011 64.504233 42.319111 80.755333
r201 13.067076 89.094952 37.825976 110.265852
r202 5.747825 110.586728 36.984225 140.791928
r203 54.838388 133.762557 58.757888 135.676057
r204 55.837186 37.063806 57.733486 41.018806
r205 47.819844 44.214320 50.328544 47.203920
r206 2.840861 46.604259 36.983861 74.238059
r207 6.182309 80.511021 40.720809 107.828421
r208 67.501342 113.015789 69.656442 116.495889
r209 70.739288 120.369999 73.421688 123.165999
r210 63.776532 37.371006 65.999332 40.745206
r211 64.612498 43.451441 66.711898 47.023941
r212 68.200467 57.370239 69.934867 61.694539
r213 71.151167 87.998486 74.097467 90.544086
r214 75.299459 106.632324 77.598559 109.894524
r215 76.399907 112.643608 79.688807 114.924008

[Iter 1350]
r0 128.659453 84.322582 130.670853 85.541182
r1 132.498249 91.738128 134.902749 92.757528
r2 131.866956 99.337935 148.843056 117.500735
r3 129.143262 127.668617 153.216362 140.476817
r4 135.191147 150.355787 136.440247 152.317987
r5 131.555334 159.193512 132.876834 161.048212
r6 132.714448 76.370009 135.103448 77.395909
r7 131.905606 75.744013 153.999306 89.699713
r8 135.317015 93.999773 162.265515 105.441373
r9 137.890938 119.991190 163.856838 131.865690
r10 134.368400 146.918225 160.717500 158.620125
r11 137.830148 163.294648 139.800148 164.538848
r12 131.609942 37.163283 148.320242 55.614983
r13 140.695821 52.881655 160.030521 68.828855
r14 148.697770 74.195528 168.161370 90.943728
r15 153.170924 105.916497 172.478424 122.800097
r16 145.677405 140.748721 171.963605 152.478521
r17 142.767536 160.937846 160.122336 178.704346
r18 138.874641 17.553802 166.495041 28.717002
r19 153.820599 39.641792 175.304499 53.993692
r20 158.216342 64.549470 169.309142 72.724770
r21 158.755482 105.355905 171.862482 117.118105
r22 151.537650 140.886086 181.240550 158.533086
r23 143.685410 159.022961 172.319210 177.328861
r24 152.118028 25.835394 153.960928 27.165394
r25 153.528535 29.916885 180.431735 41.377685
r26 162.859630 53.548136 180.351730 71.175136
r27 154.287011 93.348456 185.467911 110.158956
r28 153.068784 120.081104 187.315384 135.386804
r29 157.194431 148.322192 160.357131 150.693592
r30 151.965329 28.754859 155.180729 30.050659
r31 159.223738 35.680406 160.971638 38.064206
r32 161.693111 38.469691 179.485711 67.929591
r33 160.778995 68.277735 181.658695 93.381935
r34 161.092999 121.448891 164.172999 122.801691
r35 155.830032 134.884020 159.990932 136.686520
r36 114.884430 84.532700 116.973130 85.706100
r37 106.449673 88.810296 125.886773 104.673396
r38 102.988802 105.587308 126.841302 118.514008
r39 99.616767 127.281883 126.781567 138.632383
r40 99.773300 143.317570 117.658800 160.556770
r41 113.214484 162.413508 114.332284 164.606108
r42 105.683508 68.567055 129.537608 81.492855
r43 109.100640 78.864822 135.281840 90.641722
r44 117.062045 96.906515 127.230445 105.824915
r45 114.613400 125.353037 128.876400 131.711137
r46 114.065307 141.212278 133.666607 156.942478
r47 109.942763 163.287721 129.312963 179.205621
r48 105.766983 30.592208 122.824983 48.667808
r49 113.533859 49.890955 125.968059 57.184255
r50 114.324590 61.536371 133.632490 70.193871
r51 122.907914 111.699706 134.466414 126.161506
r52 124.147190 145.671501 138.421090 152.024801
r53 121.864901 162.936871 144.069701 176.822771
r54 106.185288 17.015589 129.186488 30.420689
r55 114.704222 41.362966 128.876522 47.761766
r56 120.764713 55.855603 137.572013 65.801103
r57 122.127446 96.119393 144.123946 109.038093
r58 127.171836 143.236561 139.025536 156.242361
r59 120.773665 155.926370 144.767865 177.771870
r60 126.295639 9.592455 144.989339 26.086455
r61 124.601219 31.426677 152.104419 42.637477
r62 135.398971 62.510052 148.470471 69.447752
r63 135.065903 84.846812 146.759503 98.030712
r64 123.264114 133.646056 158.481914 148.529656
r65 135.034275 150.537479 168.438475 178.782479
r66 145.853037 25.145148 149.019937 26.460848
r67 135.060254 26.441582 165.287254 43.782582
r68 129.384225 50.429396 162.475425 66.269496
r69 126.714852 73.195230 162.609552 87.798130
r70 137.499972 102.328110 154.500272 133.160910
r71 149.008980 133.711205 153.120880 135.535205
r72 88.374053 72.982734 101.273853 96.884934
r73 82.161607 89.088922 104.550007 102.860922
r74 82.029543 108.381700 94.525643 115.638900
r75 77.427599 132.058961 92.419399 138.108061
r76 66.785630 145.871603 92.475730 157.873603
r77 66.794080 161.320290 88.681280 175.407690
r78 78.869932 63.807842 103.982032 76.086142
r79 85.419630 76.373243 93.349130 85.584343
r80 82.466941 102.201795 98.523541 112.612295
r81 82.632468 120.424254 90.942168 140.540154
r82 84.625640 142.307659 90.937540 153.879359
r83 82.857336 163.587833 104.847436 177.609233
r84 89.239474 32.253934 102.366274 37.818034
r85 89.573304 33.932914 100.466104 49.278514
r86 82.370527 41.933286 103.192527 64.651586
r87 86.181274 114.483174 110.951174 130.018374
r88 93.111800 138.122189 105.231900 151.913889
r89 95.484391 158.357565 106.168791 165.193565
r90 93.940851 21.289417 106.752951 30.980717
r91 96.927872 27.212757 108.306372 52.186857
r92 102.354376 52.887769 114.544976 66.599669
r93 97.359229 96.249158 111.287429 116.651358
r94 100.300985 138.400867 118.921685 153.661667
r95 103.990875 154.294124 115.737975 164.864124
r96 102.578297 5.376037 129.157997 25.096537
r97 107.281156 34.359513 119.730956 44.332913
r98 96.659512 56.500091 133.318312 71.616991
r99 103.118158 78.999886 126.198558 103.010186
r100 108.237142 132.033692 121.895142 141.124792
r101 93.336010 153.667828 130.789910 178.858828
r102 135.804284 1.077596 158.992084 41.767196
r103 116.018994 24.638774 137.352894 49.208474
r104 114.565029 50.720881 122.560729 66.250081
r105 110.986345 75.864502 123.851145 85.516202
r106 111.073331 109.557712 133.984531 132.435912
r107 134.178870 121.878478 174.977170 145.004378
r108 60.606041 73.411932 78.702041 90.450732
r109 54.256904 87.930470 81.281004 99.340070
r110 63.681006 108.439476 72.737906 116.503976
r111 61.616971 137.229379 73.016871 143.636379
r112 54.923276 143.794348 84.360376 161.600648
r113 47.590492 165.675530 77.155792 183.404630
r114 55.984331 50.695987 78.991131 64.097787
r115 64.536379 73.764866 73.994179 81.487566
r116 55.384728 99.188878 79.606228 112.647178
r117 55.127226 125.790540 78.235226 139.897340
r118 68.244482 134.821079 75.495882 151.944079
r119 71.817248 163.784148 105.157248 179.505948
r120 68.551909 32.389866 79.386009 39.131466
r121 61.428730 33.733599 82.906830 48.910999
r122 65.502984 56.976720 75.626384 73.488720
r123 66.760039 111.899173 76.078839 129.836773
r124 55.953750 118.632319 87.545150 136.174019
r125 81.753893 152.415610 97.367493 160.368110
r126 74.687534 18.296750 85.163534 30.149250
r127 67.372697 25.646022 93.490197 46.864222
r128 62.396390 66.541467 87.410790 77.901567
r129 68.605333 89.878389 79.270433 116.523089
r130 84.608237 112.844990 102.066837 144.586790
r131 90.078644 143.767491 98.952144 157.760491
r132 67.410407 0.095879 97.501907 31.450279
r133 78.640686 26.212465 88.423486 49.058765
r134 67.171547 47.396169 92.355647 69.400769
r135 76.651603 77.532353 95.481003 106.963353
r136 96.818672 120.172409 113.782872 127.491709
r137 85.312009 125.603944 133.822009 145.053544
r138 97.052434 4.196456 134.029134 29.712556
r139 97.769759 32.945711 136.271859 57.450911
r140 91.880199 54.449958 104.861199 64.015258
r141 94.962684 73.441889 102.152384 90.711989
r142 95.933245 93.911425 138.838145 115.901925
r143 136.041675 90.536854 176.078975 114.102354
r144 50.942797 79.683441 52.683597 81.091341
r145 38.922651 79.466418 52.456351 102.249018
r146 28.810159 105.436802 55.593559 116.948902
r147 31.001849 137.715286 57.879249 149.187086
r148 28.115042 151.868009 50.815242 174.958909
r149 44.331875 160.106409 47.258575 161.530109
r150 50.990140 67.370197 52.462640 69.034697
r151 36.224058 69.304128 56.906158 84.212328
r152 42.548938 94.048135 48.794038 105.743535
r153 43.961295 127.543537 50.408495 138.872437
r154 27.250660 135.887512 58.309460 152.764112
r155 44.734428 155.848854 46.633128 158.043354
r156 37.993025 25.774561 64.766825 37.290761
r157 36.788691 35.654160 57.940591 50.231260
r158 32.393015 58.195095 58.574815 70.645695
r159 35.440806 115.328618 60.527906 128.322518
r160 32.791973 112.612392 56.874573 134.377792
r161 19.112279 150.759031 65.669879 171.024231
r162 43.426702 6.936183 64.335202 32.005683
r163 31.384510 30.192970 67.013110 44.904970
r164 42.925790 56.094134 61.131190 86.533834
r165 41.889958 85.333812 61.594258 113.457912
r166 36.417517 109.121399 61.435117 146.834899
r167 64.899654 130.459289 85.818654 175.561789
r168 59.378792 24.997519 61.398692 28.710519
r169 31.702582 16.440445 68.316582 42.209345
r170 37.435763 41.554469 67.108863 73.350969
r171 41.958506 75.818829 71.343706 107.926829
r172 57.574552 103.433696 102.703752 124.340296
r173 80.024265 123.668104 84.275465 125.432304
r174 67.989558 31.148826 72.069658 32.987026
r175 70.485234 40.135870 74.238334 42.134270
r176 67.770916 43.660098 102.184716 71.076398
r177 70.758969 74.603273 110.067369 98.605773
r178 85.416290 105.917377 88.712090 108.192977
r179 84.585211 110.579785 88.386011 112.553085
r180 46.519490 78.687669 47.624790 80.905169
r181 41.607992 86.433736 43.777292 87.563636
r182 36.866853 103.789488 38.565253 105.232588
r183 36.897128 135.810918 38.416328 137.424318
r184 37.782122 144.280485 39.620822 146.546585
r185 40.590118 148.610825 43.730818 149.937525
r186 45.403022 70.499549 47.707622 71.563049
r187 39.941573 76.672263 40.980473 79.031463
r188 13.642951 90.509510 40.044751 102.188010
r189 18.303527 126.416119 41.105327 139.938419
r190 35.027053 138.853295 36.850453 141.138395
r191 40.461924 144.924718 42.887024 146.642918
r192 45.801922 47.151681 47.775822 48.393381
r193 24.260132 46.832238 49.174532 59.207938
r194 13.939674 67.904359 33.912274 83.342159
r195 14.539675 107.849705 30.816275 126.793105
r196 13.365684 111.486663 30.204684 142.614763
r197 40.432217 139.771729 43.396117 142.302129
r198 48.588450 41.118256 50.965150 42.871456
r199 21.193426 44.273446 56.274226 59.215146
r200 9.763098 64.616823 42.017198 80.867923
r201 12.546279 89.194597 37.305179 110.365497
r202 4.717759 109.385611 35.954159 139.590811
r203 54.979388 134.199513 58.898888 136.113013
r204 55.435638 36.883778 57.331938 40.838778
r205 47.179931 44.102237 49.688631 47.091837
r206 2.659331 48.261058 36.802331 75.894858
r207 6.252177 79.940040 40.790677 107.257440
r208 67.758842 113.417168 69.913942 116.897268
r209 70.739549 120.140865 73.421949 122.936865
r210 63.526299 36.917991 65.749099 40.292191
r211 64.482035 43.205757 66.581435 46.778257
r212 68.257627 57.387657 69.992027 61.711957
r213 71.464944 88.054370 74.411244 90.599970
r214 75.460328 105.860422 77.759428 109.122622
r215 76.523462 111.720158 79.812362 114.000558

[Iter 1400]
r0 128.724249 84.845750 130.735649 86.064350
r1 132.548632 92.417283 134.953132 93.436683
r2 131.654178 99.460505 148.630278 117.623305
r3 130.261260 127.862176 154.334360 140.670376
r4 135.975961 151.154123 137.225061 153.116323
r5 131.994552 159.617199 133.316052 161.471899
r6 132.735355 76.492746 135.124355 77.518646
r7 131.899218 75.374895 153.992918 89.330595
r8 135.158495 94.173803 162.106995 105.615403
r9 138.000023 119.219247 163.965923 131.093747
r10 134.830792 148.069143 161.179892 159.771043
r11 138.212163 163.767894 140.182163 165.012094
r12 131.665422 37.505595 148.375722 55.957295
r13 140.711705 52.884834 160.046405 68.832034
r14 149.170112 74.957573 168.633712 91.705773
r15 153.712599 105.562604 173.020099 122.446204
r16 146.292563 140.624036 172.578763 152.353836
r17 143.791748 161.083786 161.146548 178.850286
r18 139.204604 17.552608 166.825004 28.715808
r19 153.741236 39.775094 175.225136 54.126994
r20 158.287391 64.497370 169.380191 72.672670
r21 159.882655 105.397586 172.989655 117.159786
r22 151.698424 141.098966 181.401324 158.745966
r23 143.897105 159.205467 172.530905 177.511367
r24 152.183688 25.746423 154.026588 27.076423
r25 153.633143 30.068313 180.536343 41.529113
r26 163.290156 54.024299 180.782256 71.651299
r27 154.887802 92.957888 186.068702 109.768388
r28 153.013934 120.413852 187.260534 135.719552
r29 157.336023 148.163023 160.498723 150.534423
r30 151.965659 28.779156 155.181059 30.074956
r31 159.521265 35.713756 161.269165 38.097556
r32 162.010837 38.380102 179.803437 67.840002
r33 161.534716 68.036413 182.414416 93.140613
r34 161.274954 121.042214 164.354954 122.395014
r35 155.852235 134.866023 160.013135 136.668523
r36 114.612628 85.157352 116.701328 86.330752
r37 106.138901 90.431349 125.576001 106.294449
r38 102.845887 106.827352 126.698387 119.754052
r39 99.629026 128.211854 126.793826 139.562354
r40 99.843826 144.607035 117.729326 161.846235
r41 113.014425 162.837257 114.132225 165.029857
r42 105.452589 69.463628 129.306689 82.389428
r43 108.696288 79.218215 134.877488 90.995115
r44 117.348172 96.748166 127.516572 105.666566
r45 114.574130 126.191892 128.837130 132.549992
r46 114.200618 142.127666 133.801918 157.857866
r47 109.973368 163.866702 129.343568 179.784602
r48 105.986057 30.513117 123.044057 48.588717
r49 113.339656 50.041223 125.773856 57.334523
r50 114.097783 61.558710 133.405683 70.216210
r51 122.738179 113.063547 134.296679 127.525347
r52 124.830836 145.577547 139.104736 151.930847
r53 122.283943 163.124719 144.488743 177.010619
r54 106.276102 16.744758 129.277302 30.149858
r55 114.620253 41.528724 128.792553 47.927524
r56 120.591099 55.988594 137.398399 65.934094
r57 121.536554 95.474061 143.533054 108.392761
r58 127.643318 143.117449 139.497018 156.123249
r59 120.994008 155.828862 144.988208 177.674362
r60 126.368209 9.575410 145.061909 26.069410
r61 124.616096 31.529343 152.119296 42.740143
r62 135.230087 62.718350 148.301587 69.656050
r63 135.064857 84.353214 146.758457 97.537114
r64 123.727471 133.429012 158.945271 148.312612
r65 133.036792 149.846925 166.440992 178.091925
r66 145.365804 25.326142 148.532704 26.641842
r67 134.888737 26.434573 165.115737 43.775573
r68 129.731956 50.474598 162.823156 66.314698
r69 127.408221 73.061182 163.302921 87.664082
r70 137.897660 101.471880 154.897960 132.304680
r71 148.955278 134.021364 153.067178 135.845364
r72 87.939102 72.755607 100.838902 96.657807
r73 82.211038 89.881185 104.599438 103.653185
r74 81.148245 109.458211 93.644345 116.715411
r75 76.305563 133.003052 91.297363 139.052152
r76 65.958287 146.268124 91.648387 158.270124
r77 66.193198 161.656495 88.080398 175.743895
r78 79.298014 63.726771 104.410114 76.005071
r79 85.587795 76.330582 93.517295 85.541682
r80 81.938660 102.478046 97.995260 112.888546
r81 82.371876 121.365366 90.681576 141.481266
r82 84.918296 143.164818 91.230196 154.736518
r83 82.512075 163.986817 104.502175 178.008217
r84 88.875693 31.781304 102.002493 37.345404
r85 89.322228 33.184130 100.215028 48.529730
r86 82.270251 42.299779 103.092251 65.018079
r87 85.718146 115.065091 110.488046 130.600291
r88 93.065364 138.402304 105.185464 152.194004
r89 94.894127 158.499939 105.578527 165.335939
r90 93.491161 20.386198 106.303261 30.077498
r91 96.724936 26.909520 108.103436 51.883620
r92 102.415655 53.068256 114.606255 66.780156
r93 96.522175 96.063361 110.450375 116.465561
r94 100.280458 139.747892 118.901158 155.008692
r95 103.970912 154.339454 115.718012 164.909454
r96 102.597174 5.522431 129.176874 25.242931
r97 106.696015 34.280316 119.145815 44.253716
r98 96.138594 55.589207 132.797394 70.706107
r99 102.684658 79.445629 125.765058 103.455929
r100 108.288329 132.611102 121.946329 141.702202
r101 95.504585 150.310746 132.958485 175.501746
r102 135.083822 1.155324 158.271622 41.844924
r103 115.729779 24.120628 137.063679 48.690328
r104 114.530947 50.104892 122.526647 65.634092
r105 111.226388 76.445824 124.091188 86.097524
r106 111.491983 109.725165 134.403183 132.603365
r107 131.385477 120.359352 172.183777 143.485252
r108 60.473302 73.308722 78.569302 90.347522
r109 54.177088 87.754730 81.201188 99.164330
r110 62.537162 108.694129 71.594062 116.758629
r111 60.972196 137.729801 72.372096 144.136801
r112 53.824578 143.984444 83.261678 161.790744
r113 47.052692 166.021858 76.617992 183.750958
r114 55.785282 50.922852 78.792082 64.324652
r115 62.956390 73.341054 72.414190 81.063754
r116 54.665319 99.356699 78.886819 112.814999
r117 54.385874 125.734775 77.493874 139.841575
r118 68.054733 135.396005 75.306133 152.519005
r119 72.167359 164.277577 105.507359 179.999377
r120 68.038659 31.716113 78.872759 38.457713
r121 60.823001 33.619000 82.301101 48.796400
r122 65.030237 57.433077 75.153637 73.945077
r123 66.443350 112.307613 75.762150 130.245213
r124 55.272356 118.376961 86.863756 135.918661
r125 81.985992 152.618545 97.599592 160.571045
r126 74.147533 17.598392 84.623533 29.450892
r127 67.116337 25.440961 93.233837 46.659161
r128 61.763746 66.836966 86.778146 78.197066
r129 68.118567 90.689954 78.783667 117.334654
r130 83.512853 113.562390 100.971453 145.304190
r131 89.567586 144.046356 98.441086 158.039356
r132 66.810352 0.039826 96.901852 31.394226
r133 78.284444 26.021640 88.067244 48.867940
r134 66.856866 47.553410 92.040966 69.558010
r135 75.718038 77.932128 94.547438 107.363128
r136 96.934705 120.696748 113.898905 128.016048
r137 85.920269 125.344547 134.430269 144.794147
r138 96.586235 4.578930 133.562935 30.095030
r139 97.699766 32.543855 136.201866 57.049055
r140 91.610170 54.292779 104.591170 63.858079
r141 94.557475 73.227447 101.747175 90.497547
r142 99.894063 95.543435 142.798963 117.533935
r143 136.449383 91.867473 176.486683 115.432973
r144 50.728277 79.427851 52.469077 80.835751
r145 38.875493 79.577142 52.409193 102.359742
r146 27.861394 105.745311 54.644794 117.257411
r147 30.226317 137.695433 57.103717 149.167233
r148 27.064090 153.012940 49.764290 176.103840
r149 43.840363 161.219542 46.767063 162.643242
r150 50.426804 67.227460 51.899304 68.891960
r151 35.049684 69.511185 55.731784 84.419385
r152 40.784963 94.317807 47.030063 106.013207
r153 43.005993 127.729818 49.453193 139.058718
r154 26.822169 136.374396 57.880969 153.250996
r155 44.343479 157.174952 46.242179 159.369452
r156 37.475332 25.451387 64.249132 36.967587
r157 36.178841 35.423413 57.330741 50.000513
r158 32.131771 58.733718 58.313571 71.184318
r159 34.508559 115.648112 59.595659 128.642012
r160 32.523916 113.592430 56.606516 135.357830
r161 19.908654 150.346303 66.466254 170.611503
r162 43.304835 6.498380 64.213335 31.567880
r163 31.410426 30.133081 67.039026 44.845081
r164 42.362907 56.237084 60.568307 86.676784
r165 40.912170 85.491341 60.616470 113.615441
r166 36.338123 110.968984 61.355723 148.682484
r167 65.832716 131.212379 86.751716 176.314879
r168 58.904764 24.766501 60.924664 28.479501
r169 31.096987 15.399027 67.710987 41.167927
r170 36.098551 43.448705 65.771651 75.245205
r171 38.962282 75.783971 68.347482 107.891971
r172 60.250859 109.009404 105.380059 129.916004
r173 80.776659 123.929441 85.027859 125.693641
r174 67.662271 30.672869 71.742371 32.511069
r175 70.091746 40.172389 73.844846 42.170789
r176 66.259460 43.967501 100.673260 71.383801
r177 69.178351 73.228769 108.486751 97.231269
r178 85.235129 105.222449 88.530929 107.498049
r179 84.922328 110.209307 88.723128 112.182607
r180 46.221499 78.307636 47.326799 80.525136
r181 41.389261 86.435133 43.558561 87.565033
r182 36.193554 103.764156 37.891954 105.207256
r183 36.101052 136.045771 37.620252 137.659171
r184 37.075631 145.101122 38.914331 147.367222
r185 40.142818 149.490862 43.283518 150.817562
r186 44.980824 70.369820 47.285424 71.433320
r187 39.667310 76.633329 40.706210 78.992529
r188 12.221794 90.203525 38.623594 101.882025
r189 16.970018 126.407267 39.771818 139.929567
r190 34.276171 139.546479 36.099571 141.831579
r191 39.959764 145.777673 42.384864 147.495873
r192 45.425391 47.067601 47.399291 48.309301
r193 24.053272 46.924459 48.967672 59.300159
r194 12.597654 67.997544 32.570254 83.435344
r195 13.524854 107.395796 29.801454 126.339196
r196 13.142424 111.841196 29.981424 142.969296
r197 40.200344 140.437328 43.164244 142.967728
r198 48.205424 41.089789 50.582124 42.842989
r199 20.666664 44.481714 55.747464 59.423414
r200 8.829042 64.912084 41.083142 81.163184
r201 11.302698 89.628838 36.061598 110.799738
r202 4.134214 110.459933 35.370614 140.665133
r203 55.209650 134.605184 59.129150 136.518684
r204 54.908053 36.818927 56.804353 40.773927
r205 46.983758 44.248170 49.492458 47.237770
r206 1.805842 48.993531 35.948842 76.627331
r207 4.381746 79.913036 38.920246 107.230436
r208 67.785644 113.190679 69.940744 116.670779
r209 70.998630 120.233946 73.681030 123.029946
r210 63.168313 36.915800 65.391113 40.290000
r211 64.281307 43.407598 66.380707 46.980098
r212 68.218210 57.438434 69.952610 61.762734
r213 71.366458 88.119593 74.312758 90.665193
r214 75.207131 105.732015 77.506231 108.994215
r215 76.295488 111.824521 79.584388 114.104921

[Iter 1450]
r0 128.621036 85.326542 130.632436 86.545142
r1 132.334061 92.912903 134.738561 93.932303
r2 131.311918 99.841250 148.288018 118.004050
r3 130.950087 127.897817 155.023187 140.706017
r4 136.299464 151.383926 137.548564 153.346126
r5 132.199202 159.876677 133.520702 161.731377
r6 132.714959 77.435054 135.103959 78.460954
r7 131.955170 76.324141 154.048870 90.279841
r8 134.914033 95.390947 161.862533 106.832547
r9 137.734847 118.832825 163.700747 130.707325
r10 134.745829 147.795252 161.094929 159.497152
r11 138.392558 163.879994 140.362558 165.124194
r12 131.745002 38.327071 148.455302 56.778771
r13 140.423032 53.766985 159.757732 69.714185
r14 149.251152 76.291075 168.714752 93.039275
r15 153.961742 105.682708 173.269242 122.566308
r16 146.148768 140.641475 172.434968 152.371275
r17 143.716061 161.058073 161.070861 178.824573
r18 138.373871 18.175139 165.994271 29.338339
r19 153.544450 40.829835 175.028350 55.181735
r20 158.087488 65.390769 169.180288 73.566069
r21 159.238243 105.562234 172.345243 117.324434
r22 151.852346 140.839339 181.555246 158.486339
r23 144.193826 159.205328 172.827626 177.511228
r24 151.504080 26.422251 153.346980 27.752251
r25 153.061068 30.787934 179.964268 42.248734
r26 162.683531 55.368573 180.175631 72.995573
r27 154.089155 93.319784 185.270055 110.130284
r28 152.846643 120.064271 187.093243 135.369971
r29 157.582927 148.507887 160.745627 150.879287
r30 151.254900 29.543106 154.470300 30.838906
r31 158.775892 36.388545 160.523792 38.772345
r32 161.611911 38.847324 179.404511 68.307224
r33 160.940336 68.462004 181.820036 93.566204
r34 161.251081 121.667660 164.331081 123.020460
r35 156.310668 134.897491 160.471568 136.699991
r36 114.763048 85.503281 116.851748 86.676681
r37 106.163304 90.972900 125.600404 106.836000
r38 102.580354 106.732587 126.432854 119.659287
r39 99.680298 128.585149 126.845098 139.935649
r40 100.063634 144.813935 117.949134 162.053135
r41 113.569813 163.196121 114.687613 165.388721
r42 105.200923 69.990320 129.055023 82.916120
r43 108.502407 79.451695 134.683607 91.228595
r44 117.376582 97.044389 127.544982 105.962789
r45 114.464198 126.314552 128.727198 132.672652
r46 114.306300 142.149732 133.907600 157.879932
r47 110.492918 163.934780 129.863118 179.852680
r48 105.761118 31.675684 122.819118 49.751284
r49 113.318318 51.008362 125.752518 58.301662
r50 113.181774 61.483276 132.489674 70.140776
r51 122.401421 114.243048 133.959921 128.704848
r52 124.886368 145.701869 139.160268 152.055169
r53 122.796680 163.330507 145.001480 177.216407
r54 105.953177 17.847015 128.954377 31.252115
r55 115.080970 42.415829 129.253270 48.814629
r56 120.929939 56.989126 137.737239 66.934626
r57 121.804090 96.235287 143.800590 109.153987
r58 127.482535 143.454787 139.336235 156.460587
r59 121.329420 156.289097 145.323620 178.134597
r60 125.941817 10.410423 144.635517 26.904423
r61 124.726788 31.996045 152.229988 43.206845
r62 135.026766 64.237597 148.098266 71.175297
r63 134.885611 85.404156 146.579211 98.588056
r64 123.207455 134.086328 158.425255 148.969928
r65 134.399046 148.933920 167.803246 177.178920
r66 145.166055 25.856159 148.332955 27.171859
r67 134.539373 27.083640 164.766373 44.424640
r68 129.369761 51.096173 162.460961 66.936273
r69 126.794072 73.484507 162.688772 88.087407
r70 137.395499 102.765512 154.395799 133.598312
r71 149.292058 133.683269 153.403958 135.507269
r72 87.966608 73.098005 100.866408 97.000205
r73 82.213140 90.272339 104.601540 104.044339
r74 81.269546 109.743267 93.765646 117.000467
r75 76.308642 133.833345 91.300442 139.882445
r76 66.130475 146.648531 91.820575 158.650531
r77 66.324883 162.134430 88.212083 176.221830
r78 78.927180 64.223583 104.039280 76.501883
r79 85.580396 76.311628 93.509896 85.522728
r80 82.027401 103.069492 98.084001 113.479992
r81 82.393400 121.640957 90.703100 141.756857
r82 85.111313 143.467021 91.423213 155.038721
r83 82.811662 164.126270 104.801762 178.147670
r84 88.779629 32.375717 101.906429 37.939817
r85 89.162352 33.964873 100.055152 49.310473
r86 82.214295 42.431233 103.036295 65.149533
r87 85.278070 115.832072 110.047970 131.367272
r88 93.127885 138.537362 105.247985 152.329062
r89 95.031161 158.419063 105.715561 165.255063
r90 93.342220 21.344286 106.154320 31.035586
r91 96.588648 27.516372 107.967148 52.490472
r92 102.064355 53.590973 114.254955 67.302873
r93 97.096218 96.527903 111.024418 116.930103
r94 100.681498 138.587169 119.302198 153.847969
r95 104.163893 154.722680 115.910993 165.292680
r96 102.674300 6.297845 129.254000 26.018345
r97 106.757128 35.011039 119.206928 44.984439
r98 95.899114 56.860435 132.557914 71.977335
r99 102.784660 79.603528 125.865060 103.613828
r100 108.608607 132.259071 122.266607 141.350171
r101 94.982950 152.406215 132.436850 177.597215
r102 135.722474 1.162218 158.910274 41.851818
r103 115.449991 25.384069 136.783891 49.953769
r104 114.368384 50.767323 122.364084 66.296523
r105 110.776098 76.271713 123.640898 85.923413
r106 111.487961 109.711532 134.399161 132.589732
r107 131.567510 119.602850 172.365810 142.728750
r108 60.706860 73.278843 78.802860 90.317643
r109 54.292838 87.829296 81.316938 99.238896
r110 62.908893 108.559618 71.965793 116.624118
r111 61.212820 137.762109 72.612720 144.169109
r112 54.215339 144.753952 83.652439 162.560252
r113 47.254267 166.722531 76.819567 184.451631
r114 55.841035 50.822940 78.847835 64.224740
r115 62.976939 73.684875 72.434739 81.407575
r116 54.843681 99.440348 79.065181 112.898648
r117 54.579692 125.813397 77.687692 139.920197
r118 68.447206 135.575352 75.698606 152.698352
r119 72.420327 164.420792 105.760327 180.142592
r120 68.023657 32.432189 78.857757 39.173789
r121 60.631141 34.053034 82.109241 49.230434
r122 64.823210 57.622772 74.946610 74.134772
r123 66.650332 112.671716 75.969132 130.609316
r124 55.971150 119.250728 87.562550 136.792428
r125 82.186392 152.548548 97.799992 160.501048
r126 73.916001 18.135433 84.392001 29.987933
r127 66.924203 25.811783 93.041703 47.029983
r128 61.850898 66.888620 86.865298 78.248720
r129 68.588977 91.235963 79.254077 117.880663
r130 84.258501 113.671899 101.717101 145.413699
r131 89.751054 144.092616 98.624554 158.085616
r132 67.082402 0.102568 97.173902 31.456968
r133 77.776500 25.253102 87.559300 48.099402
r134 66.892011 47.874983 92.076111 69.879583
r135 76.524345 78.294348 95.353745 107.725348
r136 97.080406 121.045626 114.044606 128.364926
r137 86.253927 127.537150 134.763927 146.986750
r138 96.914075 4.256335 133.890775 29.772435
r139 98.938448 32.754914 137.440548 57.260114
r140 92.182500 54.006766 105.163500 63.572066
r141 94.817280 73.746749 102.006980 91.016849
r142 97.452095 95.873356 140.356995 117.863856
r143 136.335392 93.465413 176.372692 117.030913
r144 50.762367 79.671646 52.503167 81.079546
r145 39.371419 79.489675 52.905119 102.272275
r146 28.400994 105.573736 55.184394 117.085836
r147 30.475394 137.774183 57.352794 149.245983
r148 27.319463 153.034292 50.019663 176.125192
r149 43.976994 161.232826 46.903694 162.656526
r150 50.332844 67.388303 51.805344 69.052803
r151 34.935125 69.706666 55.617225 84.614866
r152 41.015446 93.945240 47.260546 105.640640
r153 43.198471 127.810890 49.645671 139.139790
r154 27.040743 136.458482 58.099543 153.335082
r155 44.723518 157.103723 46.622218 159.298223
r156 37.310919 26.086409 64.084719 37.602609
r157 36.049276 35.945974 57.201176 50.523074
r158 32.233330 58.878634 58.415130 71.329234
r159 34.939314 115.532919 60.026414 128.526819
r160 33.003019 113.438823 57.085619 135.204223
r161 20.205259 151.840769 66.762859 172.105969
r162 42.940433 6.961787 63.848933 32.031287
r163 31.221598 30.340440 66.850198 45.052440
r164 42.404447 56.391531 60.609847 86.831231
r165 41.433511 85.600027 61.137811 113.724127
r166 36.954934 110.483152 61.972534 148.196652
r167 65.538785 131.672208 86.457785 176.774708
r168 58.455428 24.835421 60.475328 28.548421
r169 30.535114 15.269164 67.149114 41.038064
r170 35.638173 43.434208 65.311273 75.230708
r171 39.928723 75.459897 69.313923 107.567897
r172 60.467992 105.610656 105.597192 126.517256
r173 80.261589 123.774288 84.512789 125.538488
r174 66.825328 30.983631 70.905428 32.821831
r175 69.328784 39.773581 73.081884 41.771981
r176 66.012290 43.795154 100.426090 71.211454
r177 69.309445 72.836676 108.617845 96.839176
r178 84.907958 105.847463 88.203758 108.123063
r179 84.224326 110.101772 88.025126 112.075072
r180 46.214257 78.706517 47.319557 80.924017
r181 41.406125 86.516507 43.575425 87.646407
r182 36.420387 103.800098 38.118787 105.243198
r183 36.375438 136.505145 37.894638 138.118545
r184 37.232306 146.154844 39.071006 148.420944
r185 40.150542 150.555599 43.291242 151.882299
r186 44.894681 70.472141 47.199281 71.535641
r187 39.508468 76.731777 40.547368 79.090977
r188 12.576096 90.506795 38.977896 102.185295
r189 17.338123 126.464431 40.139923 139.986731
r190 34.521885 140.170579 36.345285 142.455679
r191 40.045438 146.604394 42.470538 148.322594
r192 45.143737 47.128316 47.117637 48.370016
r193 24.047258 47.130756 48.961658 59.506456
r194 12.686519 68.107683 32.659119 83.545483
r195 13.952785 107.797450 30.229385 126.740850
r196 13.483624 112.169632 30.322624 143.297732
r197 40.556434 140.707733 43.520334 143.238133
r198 47.714978 41.099755 50.091678 42.852955
r199 20.460000 44.570669 55.540800 59.512369
r200 9.044583 64.754778 41.298683 81.005878
r201 11.899469 89.831967 36.658369 111.002867
r202 3.885707 110.312498 35.122107 140.517698
r203 55.457365 134.959289 59.376865 136.872789
r204 54.044855 36.714424 55.941155 40.669424
r205 46.391889 43.885528 48.900589 46.875128
r206 0.968661 48.442270 35.111661 76.076070
r207 3.410219 80.320132 37.948719 107.637532
r208 67.598127 113.053257 69.753227 116.533357
r209 70.988420 120.241832 73.670820 123.037832
r210 62.046912 36.637937 64.269712 40.012137
r211 63.176614 42.808832 65.276014 46.381332
r212 67.484497 57.129670 69.218897 61.453970
r213 70.884603 88.277359 73.830903 90.822959
r214 75.095917 106.093251 77.395017 109.355451
r215 76.286625 111.838605 79.575525 114.119005

[Iter 1500]
r0 128.695152 85.597673 130.706552 86.816273
r1 132.428427 93.099874 134.832927 94.119274
r2 132.086802 99.855957 149.062902 118.018757
r3 131.810579 128.181764 155.883679 140.989964
r4 136.810619 151.825613 138.059719 153.787813
r5 132.728675 160.214402 134.050175 162.069102
r6 132.832910 77.010571 135.221910 78.036471
r7 132.529831 75.831671 154.623531 89.787371
r8 135.251998 94.816659 162.200498 106.258259
r9 138.174045 118.534893 164.139945 130.409393
r10 135.293627 148.760281 161.642727 160.462181
r11 138.702294 164.121256 140.672294 165.365456
r12 131.917262 37.908594 148.627562 56.360294
r13 140.634541 52.814303 159.969241 68.761503
r14 149.954935 75.753633 169.418535 92.501833
r15 154.909721 105.520209 174.217221 122.403809
r16 147.018809 140.487707 173.305009 152.217507
r17 144.845454 161.267543 162.200254 179.034043
r18 139.407630 17.486249 167.028030 28.649449
r19 154.311144 40.108754 175.795044 54.460654
r20 158.409966 64.653336 169.502766 72.828636
r21 159.664465 105.641034 172.771465 117.403234
r22 152.921820 141.113510 182.624720 158.760510
r23 145.086277 160.026743 173.720077 178.332643
r24 152.422621 25.910884 154.265521 27.240884
r25 154.339950 30.106221 181.243150 41.567021
r26 163.577264 54.734779 181.069364 72.361779
r27 154.452671 93.365502 185.633571 110.176002
r28 152.763278 120.215503 187.009878 135.521203
r29 157.659474 149.016750 160.822174 151.388150
r30 152.120816 29.007343 155.336216 30.303143
r31 159.522060 35.894320 161.269960 38.278120
r32 162.118966 38.486104 179.911566 67.946004
r33 161.586390 68.057969 182.466090 93.162169
r34 161.370761 122.001619 164.450761 123.354419
r35 156.378683 135.685993 160.539583 137.488493
r36 114.802170 85.538763 116.890870 86.712163
r37 105.905255 90.933981 125.342355 106.797081
r38 102.188457 106.293416 126.040957 119.220116
r39 99.673297 129.077104 126.838097 140.427604
r40 100.082881 146.151066 117.968381 163.390266
r41 113.782083 163.633250 114.899883 165.825850
r42 105.358335 69.489402 129.212435 82.415202
r43 109.321838 80.166922 135.503038 91.943822
r44 118.359053 97.420256 128.527453 106.338656
r45 114.772245 126.784947 129.035245 133.143047
r46 114.573048 142.631976 134.174348 158.362176
r47 110.630163 164.324162 130.000363 180.242062
r48 106.039980 30.846396 123.097980 48.921996
r49 113.343510 49.948231 125.777710 57.241531
r50 114.112057 61.581356 133.419957 70.238856
r51 123.385058 114.966048 134.943558 129.427848
r52 125.945724 145.853489 140.219624 152.206789
r53 123.543193 164.082330 145.747993 177.968230
r54 106.295585 17.101804 129.296785 30.506904
r55 114.542701 41.026863 128.715001 47.425663
r56 120.750654 56.038977 137.557954 65.984477
r57 122.099195 95.969575 144.095695 108.888275
r58 127.767525 144.151305 139.621225 157.157105
r59 121.952736 157.743729 145.946936 179.589229
r60 126.474311 9.469925 145.168011 25.963925
r61 125.528549 31.358330 153.031749 42.569130
r62 135.297350 64.139144 148.368850 71.076844
r63 134.955094 85.369240 146.648694 98.553140
r64 123.483412 134.913819 158.701212 149.797419
r65 132.724982 148.224600 166.129182 176.469600
r66 146.120545 25.188738 149.287445 26.504438
r67 135.246904 26.422650 165.473904 43.763650
r68 129.559850 50.589142 162.651050 66.429242
r69 126.990843 73.319045 162.885543 87.921945
r70 137.549172 103.572046 154.549472 134.404846
r71 148.978628 135.043125 153.090528 136.867125
r72 87.878272 72.856428 100.778072 96.758628
r73 82.265683 90.811583 104.654083 104.583583
r74 81.142431 110.190332 93.638531 117.447532
r75 76.127241 134.542879 91.119041 140.591979
r76 65.582239 147.252178 91.272339 159.254178
r77 65.721230 162.778594 87.608430 176.865994
r78 79.008289 64.002443 104.120389 76.280743
r79 85.176335 76.380862 93.105835 85.591962
r80 81.510186 102.968022 97.566786 113.378522
r81 82.138456 121.965842 90.448156 142.081742
r82 84.875046 143.733316 91.186946 155.305016
r83 82.560383 164.884863 104.550483 178.906263
r84 88.832567 31.761342 101.959367 37.325442
r85 89.010628 32.684882 99.903428 48.030482
r86 81.908440 41.610991 102.730440 64.329291
r87 85.066303 116.464047 109.836203 131.999247
r88 92.851333 139.314554 104.971433 153.106254
r89 94.485470 158.858409 105.169870 165.694409
r90 93.553007 20.756973 106.365107 30.448273
r91 96.699117 26.984218 108.077617 51.958318
r92 101.998772 53.018050 114.189372 66.729950
r93 96.735972 96.801682 110.664172 117.203882
r94 100.837149 139.879633 119.457849 155.140433
r95 103.649349 155.002194 115.396449 165.572194
r96 102.956659 5.830040 129.536359 25.550540
r97 106.559646 34.813646 119.009446 44.787046
r98 95.944159 56.984836 132.602959 72.101736
r99 102.819757 79.664800 125.900157 103.675100
r100 108.375817 133.340815 122.033817 142.431915
r101 94.718000 152.000083 132.171900 177.191083
r102 137.405543 1.752624 160.593343 42.442224
r103 115.759349 24.433085 137.093249 49.002785
r104 114.453118 50.065473 122.448818 65.594673
r105 110.314548 75.864100 123.179348 85.515800
r106 110.869634 110.645478 133.780834 133.523678
r107 131.464641 121.265876 172.262941 144.391776
r108 60.367166 73.009084 78.463166 90.047884
r109 53.743892 87.657856 80.767992 99.067456
r110 62.136731 108.553241 71.193631 116.617741
r111 60.374387 137.897957 71.774287 144.304957
r112 53.226949 144.778438 82.664049 162.584738
r113 46.806489 166.786392 76.371789 184.515492
r114 55.653687 50.608937 78.660487 64.010737
r115 62.074500 73.086265 71.532300 80.808965
r116 53.687717 99.873585 77.909217 113.331885
r117 53.877460 126.163681 76.985460 140.270481
r118 68.437884 135.670346 75.689284 152.793346
r119 72.046050 164.433335 105.386050 180.155135
r120 67.958839 31.985828 78.792939 38.727428
r121 60.306503 33.557840 81.784603 48.735240
r122 64.979744 57.466530 75.103144 73.978530
r123 66.494351 112.950935 75.813151 130.888535
r124 55.637032 119.378892 87.228432 136.920592
r125 81.762451 152.840603 97.376051 160.793103
r126 74.251578 17.549472 84.727578 29.401972
r127 67.093828 25.510170 93.211328 46.728370
r128 62.243663 67.766317 87.258063 79.126417
r129 68.136845 91.668318 78.801945 118.313018
r130 84.746118 114.126287 102.204718 145.868087
r131 88.779678 144.264366 97.653178 158.257366
r132 66.738076 0.000000 96.829576 31.354400
r133 76.979534 26.106827 86.762334 48.953127
r134 66.573210 47.560934 91.757310 69.565534
r135 76.478203 78.388631 95.307603 107.819631
r136 97.416188 121.503389 114.380388 128.822689
r137 85.844526 127.983975 134.354526 147.433575
r138 98.243865 3.401967 135.220565 28.918067
r139 98.896884 32.565959 137.398984 57.071159
r140 92.026690 54.167866 105.007690 63.733166
r141 94.823263 73.453985 102.012963 90.724085
r142 97.955383 96.420737 140.860283 118.411237
r143 137.313979 95.012173 177.351279 118.577673
r144 50.552418 79.826401 52.293218 81.234301
r145 38.865109 79.822638 52.398809 102.605238
r146 27.302425 105.697905 54.085825 117.210005
r147 29.635401 138.061469 56.512801 149.533269
r148 26.370147 153.963077 49.070347 177.053977
r149 43.080488 161.438591 46.007188 162.862291
r150 50.110913 67.333010 51.583413 68.997510
r151 34.854220 69.591051 55.536320 84.499251
r152 40.441562 94.101293 46.686662 105.796693
r153 42.598544 128.041832 49.045744 139.370732
r154 25.850574 137.132799 56.909374 154.009399
r155 43.756305 157.168418 45.655005 159.362918
r156 36.976329 25.172234 63.750129 36.688434
r157 35.663724 35.544473 56.815624 50.121573
r158 32.031302 58.510321 58.213102 70.960921
r159 34.499836 115.838220 59.586936 128.832120
r160 32.254890 112.904066 56.337490 134.669466
r161 18.766506 150.793831 65.324106 171.059031
r162 43.054566 6.335247 63.963066 31.404747
r163 31.194771 30.286189 66.823371 44.998189
r164 42.764905 56.250353 60.970305 86.690053
r165 41.333441 85.640578 61.037741 113.764678
r166 36.029854 111.652469 61.047454 149.365969
r167 65.516890 130.401530 86.435890 175.504030
r168 58.700195 23.902922 60.720095 27.615922
r169 29.983953 12.347144 66.597953 38.116044
r170 36.853997 41.270738 66.527097 73.067238
r171 39.352595 75.222309 68.737795 107.330309
r172 60.677286 107.352729 105.806486 128.259329
r173 79.803126 124.067306 84.054326 125.831506
r174 67.316394 31.060442 71.396494 32.898642
r175 69.814031 40.346366 73.567131 42.344766
r176 66.975149 45.084001 101.388949 72.500301
r177 68.127538 73.800380 107.435938 97.802880
r178 85.090215 105.829855 88.386015 108.105455
r179 84.039066 110.389850 87.839866 112.363150
r180 45.855404 78.818610 46.960704 81.036110
r181 40.948143 86.554426 43.117443 87.684326
r182 35.689351 103.795728 37.387751 105.238828
r183 35.442309 136.419879 36.961509 138.033279
r184 36.191473 146.214208 38.030173 148.480308
r185 38.991945 150.484978 42.132645 151.811678
r186 44.572030 70.522926 46.876630 71.586426
r187 38.956051 76.698370 39.994951 79.057570
r188 11.470178 90.159774 37.871978 101.838274
r189 16.158814 126.612343 38.960614 140.134643
r190 33.491347 140.292620 35.314747 142.577720
r191 38.949847 146.540057 41.374947 148.258257
r192 44.917320 47.068894 46.891220 48.310594
r193 23.105946 46.902071 48.020346 59.277771
r194 12.135823 68.159452 32.108423 83.597252
r195 12.971770 107.532606 29.248370 126.476006
r196 12.028589 112.064787 28.867589 143.192887
r197 39.321990 140.734934 42.285890 143.265334
r198 47.730809 41.150795 50.107509 42.903995
r199 19.344077 44.856964 54.424877 59.798664
r200 8.753781 64.848625 41.007881 81.099725
r201 11.285199 89.925908 36.044099 111.096808
r202 3.507942 110.808547 34.744342 141.013747
r203 55.054597 134.896115 58.974097 136.809615
r204 54.319282 36.918924 56.215582 40.873924
r205 46.165841 43.852848 48.674541 46.842448
r206 2.648073 47.938590 36.791073 75.572390
r207 4.602325 79.971533 39.140825 107.288933
r208 67.612023 113.664032 69.767123 117.144132
r209 70.497890 120.439961 73.180290 123.235961
r210 62.736979 36.968773 64.959779 40.342973
r211 63.701332 43.477216 65.800732 47.049716
r212 67.675145 57.886756 69.409545 62.211056
r213 70.992087 88.628149 73.938387 91.173749
r214 75.199616 106.018014 77.498716 109.280214
r215 76.274442 111.870800 79.563342 114.151200

[Iter 1550]
r0 128.903832 86.269913 130.915232 87.488513
r1 132.544083 93.614926 134.948583 94.634326
r2 131.264063 100.101610 148.240163 118.264410
r3 131.631762 128.401520 155.704862 141.209720
r4 136.826827 152.365989 138.075927 154.328189
r5 132.841975 160.815915 134.163475 162.670615
r6 132.841730 77.684833 135.230730 78.710733
r7 132.170057 76.267318 154.263757 90.223018
r8 134.876945 95.176993 161.825445 106.618593
r9 137.884319 118.811006 163.850219 130.685506
r10 134.965941 148.524474 161.315041 160.226374
r11 138.877586 164.438356 140.847586 165.682556
r12 131.750547 38.259903 148.460847 56.711603
r13 140.210054 53.474287 159.544754 69.421487
r14 149.669542 75.982254 169.133142 92.730454
r15 154.309199 105.766581 173.616699 122.650181
r16 146.675634 140.548658 172.961834 152.278458
r17 145.048733 161.319756 162.403533 179.086256
r18 138.946415 17.955076 166.566815 29.118276
r19 153.848448 40.544400 175.332348 54.896300
r20 158.226539 64.811087 169.319339 72.986387
r21 159.150859 105.694923 172.257859 117.457123
r22 152.600981 140.810862 182.303881 158.457862
r23 145.264747 159.734877 173.898547 178.040777
r24 152.378790 26.098604 154.221690 27.428604
r25 153.968466 30.454767 180.871666 41.915567
r26 163.106244 54.978587 180.598344 72.605587
r27 154.212561 93.598228 185.393461 110.408728
r28 153.026214 119.765504 187.272814 135.071204
r29 157.761783 149.327532 160.924483 151.698932
r30 152.170966 29.037437 155.386366 30.333237
r31 159.558111 35.992260 161.306011 38.376060
r32 161.976587 38.720793 179.769187 68.180693
r33 161.093991 68.235810 181.973691 93.340010
r34 161.232024 122.150227 164.312024 123.503027
r35 156.270755 135.672557 160.431655 137.475057
r36 114.777434 86.201935 116.866134 87.375335
r37 106.140144 92.243032 125.577244 108.106132
r38 102.707346 107.018715 126.559846 119.945415
r39 99.613245 129.840681 126.778045 141.191181
r40 100.154131 145.717308 118.039631 162.956508
r41 113.832774 164.056721 114.950574 166.249321
r42 105.472866 69.948866 129.326966 82.874666
r43 108.661257 79.285204 134.842457 91.062104
r44 117.410800 96.851590 127.579200 105.769990
r45 114.952775 127.635294 129.215775 133.993394
r46 114.505735 142.256174 134.107035 157.986374
r47 110.763826 164.369279 130.134026 180.287179
r48 105.455011 31.455693 122.513011 49.531293
r49 113.197004 51.010181 125.631204 58.303481
r50 112.671323 61.445233 131.979223 70.102733
r51 122.524606 114.341231 134.083106 128.803031
r52 125.776500 146.093723 140.050400 152.447023
r53 123.619460 164.266756 145.824260 178.152656
r54 106.101075 17.404028 129.102275 30.809128
r55 114.533989 41.707172 128.706289 48.105972
r56 120.658270 57.099606 137.465570 67.045106
r57 121.767699 96.408584 143.764199 109.327284
r58 127.849788 144.239813 139.703488 157.245613
r59 122.124261 157.695944 146.118461 179.541444
r60 126.232946 9.752465 144.926646 26.246465
r61 125.253045 31.841643 152.756245 43.052443
r62 135.163198 64.375653 148.234698 71.313353
r63 134.828947 85.695732 146.522547 98.879632
r64 122.989180 134.767132 158.206980 149.650732
r65 133.583676 152.628139 166.987876 180.873139
r66 146.052213 25.306686 149.219113 26.622386
r67 135.159282 26.711459 165.386282 44.052459
r68 129.357510 50.746069 162.448710 66.586169
r69 126.551913 73.406784 162.446613 88.009684
r70 137.520275 103.499676 154.520575 134.332476
r71 149.453285 134.780713 153.565185 136.604713
r72 88.332465 73.518725 101.232265 97.420925
r73 82.294111 91.593476 104.682511 105.365476
r74 81.024324 111.347846 93.520424 118.605046
r75 76.257439 134.290276 91.249239 140.339376
r76 65.969910 147.609058 91.660010 159.611058
r77 65.720109 163.014337 87.607309 177.101737
r78 78.854576 65.519683 103.966676 77.797983
r79 84.588458 78.448914 92.517958 87.660014
r80 81.294059 103.632115 97.350659 114.042615
r81 82.047256 122.954824 90.356956 143.070724
r82 84.823300 143.686429 91.135200 155.258129
r83 82.571968 165.191358 104.562068 179.212758
r84 88.717050 32.205248 101.843850 37.769348
r85 89.137820 33.187625 100.030620 48.533225
r86 82.284357 42.951825 103.106357 65.670125
r87 85.128008 116.291430 109.897908 131.826630
r88 93.297729 139.931041 105.417829 153.722741
r89 94.520061 159.828455 105.204461 166.664455
r90 93.487173 21.045116 106.299273 30.736416
r91 96.686472 27.516119 108.064972 52.490219
r92 101.954137 53.441881 114.144737 67.153781
r93 96.984223 96.969657 110.912423 117.371857
r94 100.590343 140.048946 119.211043 155.309746
r95 103.365454 155.726942 115.112554 166.296942
r96 102.901075 5.998835 129.480775 25.719335
r97 106.715569 35.188043 119.165369 45.161443
r98 95.834730 57.682478 132.493530 72.799378
r99 102.965746 79.386701 126.046146 103.397001
r100 108.529109 134.079517 122.187109 143.170617
r101 95.652600 153.789497 133.106500 178.980497
r102 136.251312 1.175613 159.439112 41.865213
r103 115.536925 25.383707 136.870825 49.953407
r104 114.292777 50.183861 122.288477 65.713061
r105 110.186580 75.798402 123.051380 85.450102
r106 110.750063 110.558975 133.661263 133.437175
r107 131.814196 120.809621 172.612496 143.935521
r108 60.338669 73.645813 78.434669 90.684613
r109 53.830874 88.121183 80.854974 99.530783
r110 61.718556 108.959264 70.775456 117.023764
r111 60.103166 137.858479 71.503066 144.265479
r112 53.188177 144.401123 82.625277 162.207423
r113 46.414208 166.669510 75.979508 184.398610
r114 55.607603 50.833855 78.614403 64.235655
r115 61.808105 73.742995 71.265905 81.465695
r116 54.690289 99.752223 78.911789 113.210523
r117 53.845917 126.091869 76.953917 140.198669
r118 68.134756 135.841173 75.386156 152.964173
r119 71.482378 164.600621 104.822378 180.322421
r120 68.032442 32.357963 78.866542 39.099563
r121 60.811542 33.692900 82.289642 48.870300
r122 64.884684 57.511355 75.008084 74.023355
r123 66.586665 113.242109 75.905465 131.179709
r124 55.711680 119.396125 87.303080 136.937825
r125 81.287767 152.925083 96.901367 160.877583
r126 74.151283 17.778749 84.627283 29.631249
r127 67.179620 25.720123 93.297120 46.938323
r128 62.139628 67.696526 87.154028 79.056626
r129 68.174053 91.745858 78.839153 118.390558
r130 84.903982 114.008807 102.362582 145.750607
r131 88.749493 144.410970 97.622993 158.403970
r132 66.423409 0.000000 96.514909 31.354400
r133 77.546087 25.120931 87.328887 47.967231
r134 66.548492 47.779875 91.732592 69.784475
r135 76.544676 78.544231 95.374076 107.975231
r136 97.340217 122.279511 114.304417 129.598811
r137 86.270592 129.886303 134.780592 149.335903
r138 97.543538 2.945201 134.520238 28.461301
r139 98.444399 33.063333 136.946499 57.568533
r140 92.154924 54.052156 105.135924 63.617456
r141 94.662576 73.867789 101.852276 91.137889
r142 97.388882 96.404041 140.293782 118.394541
r143 137.497627 91.647519 177.534927 115.213019
r144 50.255437 80.015626 51.996237 81.423526
r145 38.921475 79.822328 52.455175 102.604928
r146 27.208760 105.929202 53.992160 117.441302
r147 29.233418 137.840457 56.110818 149.312257
r148 26.361032 153.584969 49.061232 176.675869
r149 42.507559 161.339155 45.434259 162.762855
r150 49.949405 67.477521 51.421905 69.142021
r151 34.691986 69.577731 55.374086 84.485931
r152 40.474415 93.980258 46.719515 105.675658
r153 42.199783 127.797257 48.646983 139.126157
r154 25.975275 136.490365 57.034075 153.366965
r155 43.422521 156.967500 45.321221 159.162000
r156 36.943457 25.924920 63.717257 37.441120
r157 36.191580 36.054542 57.343480 50.631642
r158 32.065464 58.731877 58.247264 71.182477
r159 34.140546 115.823748 59.227646 128.817648
r160 32.294204 113.045645 56.376804 134.811045
r161 17.675663 150.192264 64.233263 170.457464
r162 42.771209 6.695746 63.679709 31.765246
r163 31.286809 30.695218 66.915409 45.407218
r164 42.421884 56.495100 60.627284 86.934800
r165 40.783532 85.837673 60.487832 113.961773
r166 36.347311 110.788891 61.364911 148.502391
r167 64.536505 133.367156 85.455505 178.469656
r168 58.473556 24.339409 60.493456 28.052409
r169 31.051626 14.937248 67.665626 40.706148
r170 37.432810 42.518247 67.105910 74.314747
r171 40.491881 75.713597 69.877081 107.821597
r172 57.579263 106.801429 102.708463 127.708029
r173 79.542770 124.020150 83.793970 125.784350
r174 66.798866 30.787834 70.878966 32.626034
r175 69.466553 39.890245 73.219653 41.888645
r176 65.989567 43.733491 100.403367 71.149791
r177 68.897178 72.889220 108.205578 96.891720
r178 84.459067 106.708571 87.754867 108.984171
r179 83.657020 110.678480 87.457820 112.651780
r180 45.541317 79.068473 46.646617 81.285973
r181 40.606477 86.821785 42.775777 87.951685
r182 35.331692 103.735289 37.030092 105.178389
r183 35.020612 136.303893 36.539812 137.917293
r184 35.801483 146.083966 37.640183 148.350066
r185 38.360761 150.509436 41.501461 151.836136
r186 44.298039 70.677969 46.602639 71.741469
r187 38.629366 76.842492 39.668266 79.201692
r188 11.417980 89.963838 37.819780 101.642338
r189 15.940448 126.277204 38.742248 139.799504
r190 33.146236 140.138525 34.969636 142.423625
r191 38.369708 146.501688 40.794808 148.219888
r192 44.556430 47.141726 46.530330 48.383426
r193 22.670153 46.953634 47.584553 59.329334
r194 12.152312 67.896423 32.124912 83.334223
r195 12.908684 107.360588 29.185284 126.303988
r196 12.241697 112.044782 29.080697 143.172882
r197 38.907662 140.835573 41.871562 143.365973
r198 47.146857 41.147330 49.523557 42.900530
r199 18.561124 44.950379 53.641924 59.892079
r200 8.709748 64.821640 40.963848 81.072740
r201 11.154031 90.123391 35.912931 111.294291
r202 1.320388 110.435331 32.556788 140.640531
r203 54.144900 134.766754 58.064400 136.680254
r204 53.682842 36.839654 55.579142 40.794654
r205 45.806058 44.055784 48.314758 47.045384
r206 1.291566 48.798814 35.434566 76.432614
r207 4.648801 80.093998 39.187301 107.411398
r208 67.364661 114.053938 69.519761 117.534038
r209 70.384093 120.219402 73.066493 123.015402
r210 62.141115 36.713300 64.363915 40.087500
r211 63.324736 43.075421 65.424136 46.647921
r212 67.540450 58.227815 69.274850 62.552115
r213 70.876643 89.183866 73.822943 91.729466
r214 74.756889 106.676176 77.055989 109.938376
r215 76.014076 111.810105 79.302976 114.090505

[Iter 1600]
r0 129.008397 86.302000 131.019797 87.520600
r1 132.847527 93.737181 135.252027 94.756581
r2 131.573552 100.534886 148.549652 118.697686
r3 130.877775 128.822971 154.950875 141.631171
r4 137.189436 152.987044 138.438536 154.949244
r5 132.991798 160.964468 134.313298 162.819168
r6 133.219814 77.415347 135.608814 78.441247
r7 132.677065 76.255867 154.770765 90.211567
r8 134.999622 95.129331 161.948122 106.570931
r9 137.520417 119.186996 163.486317 131.061496
r10 134.879876 148.775911 161.228976 160.477811
r11 139.153482 164.880049 141.123482 166.124249
r12 131.811060 38.442802 148.521360 56.894502
r13 140.335251 53.821727 159.669951 69.768927
r14 150.131632 76.167391 169.595232 92.915591
r15 154.135313 106.129296 173.442813 123.012896
r16 146.776448 140.659789 173.062648 152.389589
r17 145.933856 161.318655 163.288656 179.085155
r18 139.406777 17.948957 167.027177 29.112157
r19 153.853529 40.629484 175.337429 54.981384
r20 158.564953 64.694204 169.657753 72.869504
r21 159.196286 105.683774 172.303286 117.445974
r22 152.673615 140.829078 182.376515 158.476078
r23 145.472375 159.460814 174.106175 177.766714
r24 152.440936 25.968886 154.283836 27.298886
r25 154.449432 30.604847 181.352632 42.065647
r26 163.102024 54.972228 180.594124 72.599228
r27 153.911993 93.453486 185.092893 110.263986
r28 153.143400 119.600856 187.390000 134.906556
r29 157.894307 149.131556 161.057007 151.502956
r30 152.287495 29.069380 155.502895 30.365180
r31 159.956090 35.792263 161.703990 38.176063
r32 161.942618 38.733592 179.735218 68.193492
r33 161.082877 68.245830 181.962577 93.350030
r34 161.663166 122.163897 164.743166 123.516697
r35 156.602316 136.196276 160.763216 137.998776
r36 114.838009 86.186289 116.926709 87.359689
r37 106.286117 91.105530 125.723217 106.968630
r38 102.401982 107.500293 126.254482 120.426993
r39 99.660467 129.398832 126.825267 140.749332
r40 100.075731 146.173959 117.961231 163.413159
r41 113.611733 164.397343 114.729533 166.589943
r42 105.535561 70.115348 129.389661 83.041148
r43 110.020687 79.410708 136.201887 91.187608
r44 118.080409 97.091664 128.248809 106.010064
r45 114.862927 127.701388 129.125927 134.059488
r46 114.292247 142.871040 133.893547 158.601240
r47 110.394706 165.237210 129.764906 181.155110
r48 105.545928 31.599092 122.603928 49.674692
r49 113.435880 50.640968 125.870080 57.934268
r50 112.927522 61.209600 132.235422 69.867100
r51 121.835176 114.087182 133.393676 128.548982
r52 125.759114 146.629705 140.033014 152.983005
r53 123.666059 164.129345 145.870859 178.015245
r54 106.789093 17.612457 129.790293 31.017557
r55 114.929152 41.248386 129.101452 47.647186
r56 120.217790 56.793951 137.025090 66.739451
r57 121.627328 96.838943 143.623828 109.757643
r58 127.972992 144.442995 139.826692 157.448795
r59 122.411296 157.471970 146.405496 179.317470
r60 126.756966 9.871690 145.450666 26.365690
r61 125.399177 32.014440 152.902377 43.225240
r62 134.970704 64.134699 148.042204 71.072399
r63 134.938022 86.001387 146.631622 99.185287
r64 123.032746 135.308220 158.250546 150.191820
r65 132.849402 148.385086 166.253602 176.630086
r66 146.395754 25.462309 149.562654 26.778009
r67 134.997240 26.637739 165.224240 43.978739
r68 129.070665 50.568976 162.161865 66.409076
r69 126.651830 73.563651 162.546530 88.166551
r70 137.032697 103.348855 154.032997 134.181655
r71 149.276338 135.382566 153.388238 137.206566
r72 89.680765 73.775995 102.580565 97.678195
r73 81.944701 91.345244 104.333101 105.117244
r74 81.100553 111.317115 93.596653 118.574315
r75 76.198784 134.703096 91.190584 140.752196
r76 66.022727 147.647806 91.712827 159.649806
r77 65.545279 162.943893 87.432479 177.031293
r78 77.740106 66.582483 102.852206 78.860783
r79 83.463529 78.504471 91.393029 87.715571
r80 81.386608 103.569886 97.443208 113.980386
r81 82.214625 123.039842 90.524325 143.155742
r82 84.664826 144.216672 90.976726 155.788372
r83 82.354624 165.591508 104.344724 179.612908
r84 88.532339 32.545987 101.659139 38.110087
r85 88.754602 32.907622 99.647402 48.253222
r86 82.167863 43.588943 102.989863 66.307243
r87 85.486768 116.486053 110.256668 132.021253
r88 93.260696 140.203245 105.380796 153.994945
r89 94.281240 160.226856 104.965640 167.062856
r90 93.514970 20.359772 106.327070 30.051072
r91 96.456522 27.501092 107.835022 52.475192
r92 101.730310 53.293090 113.920910 67.004990
r93 97.172124 96.910425 111.100324 117.312625
r94 100.346881 139.855189 118.967581 155.115989
r95 103.518054 155.302085 115.265154 165.872085
r96 102.940197 5.809236 129.519897 25.529736
r97 106.682610 34.859637 119.132410 44.833037
r98 95.906262 57.521681 132.565062 72.638581
r99 103.286160 79.788289 126.366560 103.798589
r100 108.530094 134.239985 122.188094 143.331085
r101 95.382939 152.501151 132.836839 177.692151
r102 135.244545 0.977356 158.432345 41.666956
r103 115.435522 25.491518 136.769422 50.061218
r104 114.271240 49.957954 122.266940 65.487154
r105 110.590782 75.721758 123.455582 85.373458
r106 111.018248 110.340804 133.929448 133.219004
r107 132.459352 123.822673 173.257652 146.948573
r108 60.727073 73.420693 78.823073 90.459493
r109 53.928623 88.113816 80.952723 99.523416
r110 61.810530 108.876477 70.867430 116.940977
r111 59.750910 138.050734 71.150810 144.457734
r112 52.921483 143.952599 82.358583 161.758899
r113 46.338679 165.736051 75.903979 183.465151
r114 55.785134 50.763241 78.791934 64.165041
r115 61.236248 73.485108 70.694048 81.207808
r116 54.633189 99.917983 78.854689 113.376283
r117 53.807217 126.242049 76.915217 140.348849
r118 68.143144 136.150558 75.394544 153.273558
r119 71.735984 164.819662 105.075984 180.541462
r120 67.950626 31.769128 78.784726 38.510728
r121 60.991669 33.259411 82.469769 48.436811
r122 64.688695 56.661481 74.812095 73.173481
r123 66.649568 113.483265 75.968368 131.420865
r124 55.883535 119.433941 87.474935 136.975641
r125 81.457689 153.359488 97.071289 161.311988
r126 73.676952 17.448322 84.152952 29.300822
r127 67.141654 25.745129 93.259154 46.963329
r128 61.689426 67.361441 86.703826 78.721541
r129 68.278512 91.775709 78.943612 118.420409
r130 84.837748 114.298643 102.296348 146.040443
r131 88.385601 144.556943 97.259101 158.549943
r132 67.017617 0.000000 97.109117 31.354400
r133 77.922241 26.414745 87.705041 49.261045
r134 66.631757 47.849475 91.815857 69.854075
r135 76.690311 78.735675 95.519711 108.166675
r136 97.427964 122.012591 114.392164 129.331891
r137 87.932669 130.409745 136.442669 149.859345
r138 96.416680 2.982614 133.393380 28.498714
r139 96.966846 32.366403 135.468946 56.871603
r140 92.073148 53.771070 105.054148 63.336370
r141 95.068407 74.153873 102.258107 91.423973
r142 97.084299 95.766496 139.989199 117.756996
r143 136.616373 94.560819 176.653673 118.126319
r144 50.218664 79.829390 51.959464 81.237290
r145 39.127944 79.623474 52.661644 102.406074
r146 27.246349 105.687074 54.029749 117.199174
r147 28.768704 137.865243 55.646104 149.337043
r148 25.888381 153.375870 48.588581 176.466770
r149 42.455914 161.786560 45.382614 163.210260
r150 49.949965 67.335816 51.422465 69.000316
r151 34.814515 69.381379 55.496615 84.289579
r152 40.421989 94.064418 46.667089 105.759818
r153 41.855148 127.866619 48.302348 139.195519
r154 25.713130 136.483718 56.771930 153.360318
r155 43.413676 156.970957 45.312376 159.165457
r156 36.877871 25.784468 63.651671 37.300668
r157 35.908593 35.827785 57.060493 50.404885
r158 32.018059 58.323950 58.199859 70.774550
r159 34.071671 115.710370 59.158771 128.704270
r160 32.331651 113.251812 56.414251 135.017212
r161 17.957786 152.464886 64.515386 172.730086
r162 42.622481 6.853918 63.530981 31.923418
r163 31.188354 30.847790 66.816954 45.559790
r164 42.197270 56.186730 60.402670 86.626430
r165 40.209235 85.920314 59.913535 114.044414
r166 35.432605 111.854738 60.450205 149.568238
r167 64.566427 130.460714 85.485427 175.563214
r168 58.293119 24.888102 60.313019 28.601102
r169 31.031163 14.200544 67.645163 39.969444
r170 36.511322 41.983979 66.184422 73.780479
r171 39.800759 75.420312 69.185959 107.528312
r172 60.417179 106.842673 105.546379 127.749273
r173 79.709181 124.025648 83.960381 125.789848
r174 66.640593 30.996260 70.720693 32.834460
r175 69.421867 40.195503 73.174967 42.193903
r176 67.294966 44.153763 101.708766 71.570063
r177 70.293379 75.237774 109.601779 99.240274
r178 85.003953 107.134957 88.299753 109.410557
r179 84.500590 111.009958 88.301390 112.983258
r180 45.505708 78.895687 46.611008 81.113187
r181 40.410214 86.683199 42.579514 87.813099
r182 34.987994 103.676539 36.686394 105.119639
r183 34.834250 136.562561 36.353450 138.175961
r184 35.642411 146.226828 37.481111 148.492928
r185 38.407225 150.480434 41.547925 151.807134
r186 44.188936 70.593591 46.493536 71.657091
r187 38.304757 76.619034 39.343657 78.978234
r188 11.789157 89.956642 38.190957 101.635142
r189 15.938247 126.354751 38.740047 139.877051
r190 33.059694 140.380851 34.883094 142.665951
r191 38.633398 146.546593 41.058498 148.264793
r192 44.393992 47.037682 46.367892 48.279382
r193 22.382704 46.987895 47.297104 59.363595
r194 12.152535 68.164524 32.125135 83.602324
r195 12.876656 107.599979 29.153256 126.543379
r196 12.028363 112.107259 28.867363 143.235359
r197 39.217324 140.574152 42.181224 143.104552
r198 47.074847 41.136599 49.451547 42.889799
r199 17.643658 44.770908 52.724458 59.712608
r200 8.575466 64.658992 40.829566 80.910092
r201 10.651262 90.221647 35.410162 111.392547
r202 1.816744 110.507748 33.053144 140.712948
r203 54.312426 134.671351 58.231926 136.584851
r204 53.599247 36.695511 55.495547 40.650511
r205 45.066729 44.135095 47.575429 47.124695
r206 2.648882 47.990467 36.791882 75.624267
r207 3.992125 80.746037 38.530625 108.063437
r208 67.618105 113.825035 69.773205 117.305135
r209 70.430522 120.353703 73.112922 123.149703
r210 61.954753 36.935396 64.177553 40.309596
r211 63.190851 43.331243 65.290251 46.903743
r212 67.451862 58.560842 69.186262 62.885142
r213 70.825123 89.148510 73.771423 91.694110
r214 74.902985 106.161315 77.202085 109.423515
r215 76.253293 111.738448 79.542193 114.018848

[Iter 1650]
r0 129.119985 86.764818 131.131385 87.983418
r1 133.407354 93.879636 135.811854 94.899036
r2 132.422357 100.531291 149.398457 118.694091
r3 131.549612 128.823950 155.622712 141.632150
r4 137.226745 152.860092 138.475845 154.822292
r5 133.159486 161.131547 134.480986 162.986247
r6 133.414524 77.826857 135.803524 78.852757
r7 133.995971 76.205663 156.089671 90.161363
r8 136.696792 95.759594 163.645292 107.201194
r9 137.777663 118.824518 163.743563 130.699018
r10 135.209771 149.081892 161.558871 160.783792
r11 139.194442 164.856347 141.164442 166.100547
r12 131.848388 38.310424 148.558688 56.762124
r13 140.547718 53.592655 159.882418 69.539855
r14 151.065414 76.513300 170.529014 93.261500
r15 155.343954 106.246382 174.651454 123.129982
r16 147.193202 140.683012 173.479402 152.412812
r17 145.980957 161.516716 163.335757 179.283216
r18 139.437540 17.825595 167.057940 28.988795
r19 154.283290 40.552432 175.767190 54.904332
r20 158.692962 64.599017 169.785762 72.774317
r21 159.943460 106.009367 173.050460 117.771567
r22 153.190801 140.820227 182.893701 158.467227
r23 145.608336 159.792337 174.242136 178.098237
r24 152.465993 26.024601 154.308893 27.354601
r25 154.536575 30.307471 181.439775 41.768271
r26 163.512143 54.996069 181.004243 72.623069
r27 154.266757 93.414419 185.447657 110.224919
r28 153.143400 119.859955 187.390000 135.165655
r29 158.309959 149.460358 161.472659 151.831758
r30 152.043567 29.105867 155.258967 30.401667
r31 159.623719 35.888794 161.371619 38.272594
r32 162.158372 38.510590 179.950972 67.970490
r33 161.295779 68.240480 182.175479 93.344680
r34 161.513703 122.186167 164.593703 123.538967
r35 156.951122 135.687839 161.112022 137.490339
r36 115.908209 87.147304 117.996909 88.320704
r37 108.267673 91.207738 127.704773 107.070838
r38 102.349912 108.558334 126.202412 121.485034
r39 99.732331 129.552978 126.897131 140.903478
r40 100.024998 146.735629 117.910498 163.974829
r41 113.743658 164.462515 114.861458 166.655115
r42 105.969974 70.634088 129.824074 83.559888
r43 111.386040 79.500250 137.567240 91.277150
r44 117.181455 96.929463 127.349855 105.847863
r45 115.012131 127.915721 129.275131 134.273821
r46 114.583521 143.150232 134.184821 158.880432
r47 110.566746 165.468602 129.936946 181.386502
r48 105.628186 31.408366 122.686186 49.483966
r49 113.603082 50.428619 126.037282 57.721919
r50 112.545462 61.143808 131.853362 69.801308
r51 122.308932 114.666340 133.867432 129.128140
r52 126.034906 146.576315 140.308806 152.929615
r53 123.674808 164.175414 145.879608 178.061314
r54 106.363527 17.453132 129.364727 30.858232
r55 114.724166 41.149617 128.896466 47.548417
r56 120.787904 56.970563 137.595204 66.916063
r57 121.831360 96.711906 143.827860 109.630606
r58 128.094462 144.926373 139.948162 157.932173
r59 122.394913 158.032011 146.389113 179.877511
r60 126.414665 9.838463 145.108365 26.332463
r61 125.430317 31.842987 152.933517 43.053787
r62 135.147072 64.395623 148.218572 71.333323
r63 134.900276 85.867047 146.593876 99.050947
r64 123.213393 135.594995 158.431193 150.478595
r65 133.617325 149.671343 167.021525 177.916343
r66 145.696902 25.496447 148.863802 26.812147
r67 135.034363 26.652807 165.261363 43.993807
r68 129.208223 50.600287 162.299423 66.440387
r69 126.683285 73.372145 162.577985 87.975045
r70 137.118642 103.352467 154.118942 134.185267
r71 149.913168 134.813688 154.025068 136.637688
r72 91.462911 75.403957 104.362711 99.306157
r73 82.707392 91.407913 105.095792 105.179913
r74 81.128616 111.543327 93.624716 118.800527
r75 76.317459 134.763448 91.309259 140.812548
r76 65.876035 148.042879 91.566135 160.044879
r77 65.651932 163.282391 87.539132 177.369791
r78 78.500767 66.741567 103.612867 79.019867
r79 84.413725 78.441527 92.343225 87.652627
r80 81.084898 103.846128 97.141498 114.256628
r81 82.162982 123.206733 90.472682 143.322633
r82 84.428287 144.042738 90.740187 155.614438
r83 82.423819 165.906060 104.413919 179.927460
r84 88.764295 32.449528 101.891095 38.013628
r85 88.942026 33.147328 99.834826 48.492928
r86 81.883056 44.154099 102.705056 66.872399
r87 85.733158 116.685222 110.503058 132.220422
r88 93.021197 140.405077 105.141297 154.196777
r89 94.427969 160.089221 105.112369 166.925221
r90 93.412623 20.838060 106.224723 30.529360
r91 96.248994 27.563838 107.627494 52.537938
r92 101.842909 53.162195 114.033509 66.874095
r93 96.942736 96.899607 110.870936 117.301807
r94 100.923987 140.639545 119.544687 155.900345
r95 104.009227 155.262988 115.756327 165.832988
r96 102.890450 5.919339 129.470150 25.639839
r97 106.219269 35.129747 118.669069 45.103147
r98 95.595978 57.528601 132.254778 72.645501
r99 103.118614 80.076034 126.199014 104.086334
r100 108.613038 134.394216 122.271038 143.485316
r101 96.227396 150.175751 133.681296 175.366751
r102 135.997552 1.342094 159.185352 42.031694
r103 115.335687 25.634409 136.669587 50.204109
r104 114.265095 49.919813 122.260795 65.449013
r105 109.887974 75.638227 122.752774 85.289927
r106 111.335924 110.487218 134.247124 133.365418
r107 132.083809 122.604824 172.882109 145.730724
r108 61.614279 73.319572 79.710279 90.358372
r109 54.707540 88.037774 81.731640 99.447374
r110 61.706131 109.116590 70.763031 117.181090
r111 59.979946 138.087815 71.379846 144.494815
r112 53.155816 144.596056 82.592916 162.402356
r113 46.632314 166.527184 76.197614 184.256284
r114 55.749419 50.787103 78.756219 64.188903
r115 60.798140 73.578211 70.255940 81.300911
r116 54.373211 99.969146 78.594711 113.427446
r117 53.849397 126.304226 76.957397 140.411026
r118 68.566373 136.127643 75.817773 153.250643
r119 72.172879 165.003671 105.512879 180.725471
r120 68.026904 32.492601 78.861004 39.234201
r121 61.037203 33.411531 82.515303 48.588931
r122 64.739997 57.310906 74.863397 73.822906
r123 66.570701 113.342496 75.889501 131.280096
r124 55.652916 119.717938 87.244316 137.259638
r125 82.087113 153.540042 97.700713 161.492542
r126 73.679372 17.453201 84.155372 29.305701
r127 66.734082 25.697201 92.851582 46.915401
r128 62.111621 68.142304 87.126021 79.502404
r129 67.913803 92.173876 78.578903 118.818576
r130 84.727372 114.613506 102.185972 146.355306
r131 88.708053 144.514202 97.581553 158.507202
r132 66.774266 0.000000 96.865766 31.354400
r133 77.495386 25.282574 87.278186 48.128874
r134 66.258627 47.968404 91.442727 69.973004
r135 76.466207 79.019419 95.295607 108.450419
r136 97.636641 122.299213 114.600841 129.618513
r137 87.446779 130.019840 135.956779 149.469440
r138 96.598964 3.355014 133.575664 28.871114
r139 99.275034 32.769703 137.777134 57.274903
r140 91.799308 53.705830 104.780308 63.271130
r141 94.489817 73.996943 101.679517 91.267043
r142 98.924938 96.539815 141.829838 118.530315
r143 135.878045 91.261849 175.915345 114.827349
r144 50.517974 80.126912 52.258774 81.534812
r145 39.681039 80.388452 53.214739 103.171052
r146 26.940438 105.648370 53.723838 117.160470
r147 29.020892 138.061062 55.898292 149.532862
r148 26.057723 154.321912 48.757923 177.412812
r149 42.708197 162.059518 45.634897 163.483218
r150 49.984155 67.498227 51.456655 69.162727
r151 34.804285 69.838156 55.486385 84.746356
r152 40.349292 93.922691 46.594392 105.618091
r153 42.105297 128.088134 48.552497 139.417034
r154 25.910017 137.346082 56.968817 154.222682
r155 43.696681 157.888127 45.595381 160.082627
r156 36.758690 25.875909 63.532490 37.392109
r157 35.953096 36.141772 57.104996 50.718872
r158 32.075847 58.675077 58.257647 71.125677
r159 34.305469 115.771411 59.392569 128.765311
r160 32.309986 113.542966 56.392586 135.308366
r161 18.712187 152.639197 65.269787 172.904397
r162 42.506662 6.379668 63.415162 31.449168
r163 30.863933 30.690582 66.492533 45.402582
r164 42.196171 56.541254 60.401571 86.980954
r165 40.580339 86.015809 60.284639 114.139909
r166 36.086301 111.728732 61.103901 149.442232
r167 65.665828 131.385934 86.584828 176.488434
r168 57.962065 24.020514 59.981965 27.733514
r169 30.259520 15.099914 66.873520 40.868814
r170 34.808187 43.134541 64.481287 74.931041
r171 38.724106 75.722391 68.109306 107.830391
r172 59.831429 105.746489 104.960629 126.653089
r173 79.376447 124.364951 83.627647 126.129151
r174 66.330910 30.801013 70.411010 32.639213
r175 69.237918 39.918195 72.991018 41.916595
r176 67.330320 44.569002 101.744120 71.985302
r177 69.994094 74.746552 109.302494 98.749052
r178 84.429021 106.428845 87.724821 108.704445
r179 83.850193 110.207848 87.650993 112.181148
r180 45.536517 79.125917 46.641817 81.343417
r181 40.654386 86.935375 42.823686 88.065275
r182 35.133196 103.725634 36.831596 105.168734
r183 35.008084 136.458279 36.527284 138.071679
r184 35.855711 146.502497 37.694411 148.768597
r185 38.519579 150.694419 41.660279 152.021119
r186 44.137708 70.691885 46.442308 71.755385
r187 38.395248 76.968027 39.434148 79.327227
r188 11.367790 89.769232 37.769590 101.447732
r189 15.831385 126.432880 38.633185 139.955180
r190 33.156093 140.667285 34.979493 142.952385
r191 38.719033 146.765068 41.144133 148.483268
r192 44.356322 47.216993 46.330222 48.458693
r193 22.148556 47.215200 47.062956 59.590900
r194 12.122737 68.489332 32.095337 83.927132
r195 12.914477 107.627075 29.191077 126.570475
r196 12.413826 112.322312 29.252826 143.450412
r197 39.504473 140.695953 42.468373 143.226353
r198 47.033133 41.135774 49.409833 42.888974
r199 17.871390 45.048377 52.952190 59.990077
r200 8.513050 65.180863 40.767150 81.431963
r201 11.083637 90.288790 35.842537 111.459690
r202 2.281329 110.678698 33.517729 140.883898
r203 55.641216 135.065274 59.560716 136.978774
r204 53.464210 36.746693 55.360510 40.701693
r205 45.188518 43.999846 47.697218 46.989446
r206 0.000000 49.272118 34.143000 76.905918
r207 2.601231 80.211350 37.139731 107.528750
r208 67.639624 114.052099 69.794724 117.532199
r209 70.485214 120.438652 73.167614 123.234652
r210 61.756439 36.807080 63.979239 40.181280
r211 62.908095 42.955563 65.007495 46.528063
r212 67.250684 57.554080 68.985084 61.878380
r213 70.509878 89.288405 73.456178 91.834005
r214 74.598443 106.359203 76.897543 109.621403
r215 75.952529 111.708338 79.241429 113.988738

[Iter 1700]
r0 129.196027 86.501880 131.207427 87.720480
r1 133.477519 93.874208 135.882019 94.893608
r2 131.955310 100.627611 148.931410 118.790411
r3 131.181894 128.855672 155.254994 141.663872
r4 137.428870 153.278134 138.677970 155.240334
r5 133.280460 161.349232 134.601960 163.203932
r6 133.461330 77.626246 135.850330 78.652146
r7 133.829757 76.160747 155.923457 90.116447
r8 136.388826 95.509938 163.337326 106.951538
r9 137.683580 119.029510 163.649480 130.904010
r10 135.178390 149.024053 161.527490 160.725953
r11 139.471004 165.231538 141.441004 166.475738
r12 131.756997 38.234138 148.467297 56.685838
r13 140.650230 53.511729 159.984930 69.458929
r14 151.023370 76.299071 170.486970 93.047271
r15 155.041143 106.620171 174.348643 123.503771
r16 147.255605 140.630077 173.541805 152.359877
r17 146.469264 161.281939 163.824064 179.048439
r18 139.536642 18.012957 167.157042 29.176157
r19 153.968465 40.358191 175.452365 54.710091
r20 159.077889 64.841440 170.170689 73.016740
r21 159.766567 105.947161 172.873567 117.709361
r22 153.103677 140.772570 182.806577 158.419570
r23 146.024404 159.700270 174.658204 178.006170
r24 152.655639 25.877747 154.498539 27.207747
r25 154.543561 30.309752 181.446761 41.770552
r26 163.386644 54.844846 180.878744 72.471846
r27 153.982979 93.368342 185.163879 110.178842
r28 153.143400 119.754938 187.390000 135.060638
r29 158.194737 149.711518 161.357437 152.082918
r30 152.370297 28.948245 155.585697 30.244045
r31 159.992108 35.661081 161.740008 38.044881
r32 162.168873 38.459516 179.961473 67.919416
r33 161.310253 68.155680 182.189953 93.259880
r34 161.773749 122.383863 164.853749 123.736663
r35 156.978396 136.600234 161.139296 138.402734
r36 115.903576 87.106958 117.992276 88.280358
r37 108.233252 91.378342 127.670352 107.241442
r38 102.536062 108.320098 126.388562 121.246798
r39 99.671390 130.150584 126.836190 141.501084
r40 99.960630 147.073740 117.846130 164.312940
r41 113.616400 164.856453 114.734200 167.049053
r42 105.574786 70.388311 129.428886 83.314111
r43 111.562517 79.112491 137.743717 90.889391
r44 117.829517 96.810970 127.997917 105.729370
r45 114.798527 127.739378 129.061527 134.097478
r46 114.307349 143.439480 133.908649 159.169680
r47 110.589947 165.769966 129.960147 181.687866
r48 105.653174 31.683875 122.711174 49.759475
r49 113.668249 50.834662 126.102449 58.127962
r50 112.888182 61.568147 132.196082 70.225647
r51 122.141583 114.241094 133.700083 128.702894
r52 126.013430 146.883281 140.287330 153.236581
r53 123.905255 164.144817 146.110055 178.030717
r54 106.582522 17.629903 129.583722 31.035003
r55 114.567913 41.303455 128.740213 47.702255
r56 120.691404 57.084909 137.498704 67.030409
r57 121.772680 96.955068 143.769180 109.873768
r58 128.218606 144.881361 140.072306 157.887161
r59 122.847493 158.014046 146.841693 179.859546
r60 126.595884 10.007961 145.289584 26.501961
r61 125.595300 31.727675 153.098500 42.938475
r62 135.336483 64.542360 148.407983 71.480060
r63 135.011101 86.050676 146.704701 99.234576
r64 123.190422 135.540858 158.408222 150.424458
r65 132.587121 148.788249 165.991321 177.033249
r66 146.172189 25.539776 149.339089 26.855476
r67 135.113399 26.555806 165.340399 43.896806
r68 129.282578 50.522093 162.373778 66.362193
r69 126.861286 73.417761 162.755986 88.020661
r70 137.169877 103.556616 154.170177 134.389416
r71 149.572261 135.934120 153.684161 137.758120
r72 91.445499 75.765575 104.345299 99.667775
r73 82.359549 91.379362 104.747949 105.151362
r74 81.150179 111.447918 93.646279 118.705118
r75 76.323956 135.097376 91.315756 141.146476
r76 66.143778 148.186694 91.833878 160.188694
r77 65.676454 163.492461 87.563654 177.579861
r78 78.055757 66.967584 103.167857 79.245884
r79 84.299080 78.393443 92.228580 87.604543
r80 80.923047 103.909985 96.979647 114.320485
r81 82.187856 123.101774 90.497556 143.217674
r82 84.509222 144.661664 90.821122 156.233364
r83 82.293500 166.233770 104.283600 180.255170
r84 88.641310 32.785447 101.768110 38.349547
r85 89.062183 33.417479 99.954983 48.763079
r86 82.167870 44.415539 102.989870 67.133839
r87 85.561997 116.817082 110.331897 132.352282
r88 93.185294 140.516832 105.305394 154.308532
r89 94.409048 160.554940 105.093448 167.390940
r90 93.564267 20.552976 106.376367 30.244276
r91 96.430816 27.666904 107.809316 52.641004
r92 101.769243 53.449906 113.959843 67.161806
r93 97.222474 97.546954 111.150674 117.949154
r94 100.536834 140.502886 119.157534 155.763686
r95 103.365457 155.797716 115.112557 166.367716
r96 102.899471 5.966196 129.479171 25.686696
r97 106.415571 35.138730 118.865371 45.112130
r98 95.952435 57.674478 132.611235 72.791378
r99 103.249638 80.199625 126.330038 104.209925
r100 108.539162 135.028614 122.197162 144.119714
r101 95.305092 156.094635 132.758992 181.285635
r102 135.597940 1.316313 158.785740 42.005913
r103 115.389656 25.694117 136.723556 50.263817
r104 114.314827 49.994725 122.310527 65.523925
r105 110.439926 75.976192 123.304726 85.627892
r106 111.155328 110.663525 134.066528 133.541725
r107 132.501652 122.298598 173.299952 145.424498
r108 61.329950 73.500040 79.425950 90.538840
r109 54.754429 88.098577 81.778529 99.508177
r110 61.883411 109.180556 70.940311 117.245056
r111 59.730821 138.555724 71.130721 144.962724
r112 52.991417 144.872028 82.428517 162.678328
r113 46.320005 166.724187 75.885305 184.453287
r114 55.884496 50.713563 78.891296 64.115363
r115 61.077434 73.426798 70.535234 81.149498
r116 54.586915 99.725855 78.808415 113.184155
r117 53.807599 126.739214 76.915599 140.846014
r118 68.210438 136.760602 75.461838 153.883602
r119 71.797580 165.509856 105.137580 181.231656
r120 68.076342 32.046195 78.910442 38.787795
r121 61.365016 33.318809 82.843116 48.496209
r122 64.729643 56.798581 74.853043 73.310581
r123 66.597815 113.800606 75.916615 131.738206
r124 55.570420 120.059065 87.161820 137.600765
r125 81.674849 154.249312 97.288449 162.201812
r126 73.754348 17.415193 84.230348 29.267693
r127 67.111732 25.905815 93.229232 47.124015
r128 61.988898 67.907736 87.003298 79.267836
r129 68.205586 92.346214 78.870686 118.990914
r130 84.686391 114.798638 102.144991 146.540438
r131 88.439629 145.005652 97.313129 158.998652
r132 66.996560 0.000000 97.088060 31.354400
r133 77.602779 26.275589 87.385579 49.121889
r134 66.633634 48.042108 91.817734 70.046708
r135 76.790461 79.106198 95.619861 108.537198
r136 97.554073 122.932215 114.518273 130.251515
r137 86.282203 129.139801 134.792203 148.589401
r138 97.142081 3.946227 134.118781 29.462327
r139 98.204031 32.179118 136.706131 56.684318
r140 92.041084 54.140133 105.022084 63.705433
r141 95.053006 74.553158 102.242706 91.823258
r142 97.959099 96.104022 140.863999 118.094522
r143 136.736647 96.105864 176.773947 119.671364
r144 50.507071 79.820103 52.247871 81.228003
r145 39.610535 79.963573 53.144235 102.746173
r146 27.099787 105.655596 53.883187 117.167696
r147 28.794834 138.090042 55.672234 149.561842
r148 25.835914 154.342738 48.536114 177.433638
r149 42.320235 162.301716 45.246935 163.725416
r150 49.960949 67.245851 51.433449 68.910351
r151 34.755099 69.637190 55.437199 84.545390
r152 40.376157 93.942498 46.621257 105.637898
r153 41.882595 128.100384 48.329795 139.429284
r154 25.732559 137.256316 56.791359 154.132916
r155 43.142681 157.988449 45.041381 160.182949
r156 36.901322 25.888775 63.675122 37.404975
r157 36.189725 35.970520 57.341625 50.547620
r158 32.172911 58.519559 58.354711 70.970159
r159 34.336893 115.735400 59.423993 128.729300
r160 32.144747 113.803276 56.227347 135.568676
r161 18.157921 151.747004 64.715521 172.012204
r162 42.672775 6.878713 63.581275 31.948213
r163 31.321463 31.058035 66.950063 45.770035
r164 42.279059 56.472926 60.484459 86.912626
r165 40.348502 86.239832 60.052802 114.363932
r166 34.316130 112.881494 59.333730 150.594994
r167 64.800883 130.867232 85.719883 175.969732
r168 58.351016 25.104358 60.370916 28.817358
r169 30.782568 13.987948 67.396568 39.756848
r170 36.435601 43.226123 66.108701 75.022623
r171 38.911995 76.910084 68.297195 109.018084
r172 59.894498 108.383831 105.023698 129.290431
r173 79.141016 125.883031 83.392216 127.647231
r174 66.661393 31.389624 70.741493 33.227824
r175 69.328601 40.388485 73.081701 42.386885
r176 67.667860 44.763419 102.081660 72.179719
r177 69.417060 74.836560 108.725460 98.839060
r178 84.835917 107.779461 88.131717 110.055061
r179 84.155877 111.425228 87.956677 113.398528
r180 45.602923 78.882107 46.708223 81.099607
r181 40.590543 86.815194 42.759843 87.945094
r182 34.976436 103.638429 36.674836 105.081529
r183 34.722180 136.640200 36.241380 138.253600
r184 35.563136 146.568306 37.401836 148.834406
r185 38.269864 150.719802 41.410564 152.046502
r186 44.139692 70.512712 46.444292 71.576212
r187 38.311550 76.734147 39.350450 79.093347
r188 11.598588 89.895234 38.000388 101.573734
r189 15.940639 126.427805 38.742439 139.950105
r190 32.948885 140.675186 34.772285 142.960286
r191 38.375366 146.659911 40.800466 148.378111
r192 44.284910 47.025387 46.258810 48.267087
r193 22.116391 47.044366 47.030791 59.420066
r194 12.236013 68.518639 32.208613 83.956439
r195 12.891861 107.704698 29.168461 126.648098
r196 12.269262 112.079285 29.108262 143.207385
r197 38.753332 140.722243 41.717232 143.252643
r198 47.020147 41.149058 49.396847 42.902258
r199 17.350508 45.089910 52.431308 60.031610
r200 8.653155 65.195013 40.907255 81.446113
r201 10.844326 90.121702 35.603226 111.292602
r202 1.907435 110.742030 33.143835 140.947230
r203 55.166941 134.874600 59.086441 136.788100
r204 53.778464 36.839641 55.674764 40.794641
r205 45.034350 44.212832 47.543050 47.202432
r206 1.515815 48.764570 35.658815 76.398370
r207 3.818121 80.918886 38.356621 108.236286
r208 67.016612 114.457002 69.171712 117.937102
r209 70.338019 121.515101 73.020419 124.311101
r210 62.105005 37.069398 64.327805 40.443598
r211 63.291512 43.329046 65.390912 46.901546
r212 67.599004 58.854967 69.333404 63.179267
r213 70.910875 89.562927 73.857175 92.108527
r214 74.813712 107.241748 77.112812 110.503948
r215 75.968866 112.448510 79.257766 114.728910

[Iter 1750]
r0 129.515757 86.588474 131.527157 87.807074
r1 133.735280 93.747300 136.139780 94.766700
r2 132.084266 101.451028 149.060366 119.613828
r3 131.959456 130.026583 156.032556 142.834783
r4 137.671556 153.961976 138.920656 155.924176
r5 133.594011 162.017000 134.915511 163.871700
r6 133.739722 77.299537 136.128722 78.325437
r7 134.262769 76.073663 156.356469 90.029363
r8 137.017158 95.670243 163.965658 107.111843
r9 138.136894 119.248473 164.102794 131.122973
r10 135.813979 150.584981 162.163079 162.286881
r11 139.818733 166.016312 141.788733 167.260512
r12 132.193716 37.852665 148.904016 56.304365
r13 141.406343 53.689455 160.741043 69.636655
r14 152.120963 76.665661 171.584563 93.413861
r15 155.772509 106.894507 175.080009 123.778107
r16 147.410063 141.301384 173.696263 153.031184
r17 147.249079 162.552686 164.603879 180.319186
r18 140.471255 17.734273 168.091655 28.897473
r19 154.492083 40.237389 175.975983 54.589289
r20 159.335654 64.712426 170.428454 72.887726
r21 160.341297 106.571201 173.448297 118.333401
r22 153.642851 141.224389 183.345751 158.871389
r23 146.072418 160.327169 174.706218 178.633069
r24 153.384724 25.738832 155.227624 27.068832
r25 155.306523 30.038803 182.209723 41.499603
r26 164.346427 55.162944 181.838527 72.789944
r27 154.274258 93.363667 185.455158 110.174167
r28 153.143400 119.732714 187.390000 135.038414
r29 158.479739 149.746218 161.642439 152.117618
r30 152.788739 28.861292 156.004139 30.157092
r31 160.270959 35.478906 162.018859 37.862706
r32 162.593055 37.968479 180.385655 67.428379
r33 161.729667 67.716177 182.609367 92.820377
r34 161.951423 122.407954 165.031423 123.760754
r35 157.387575 137.094951 161.548475 138.897451
r36 115.802543 86.789401 117.891243 87.962801
r37 107.726947 91.228934 127.164047 107.092034
r38 102.691192 108.664466 126.543692 121.591166
r39 99.664336 130.835834 126.829136 142.186334
r40 99.767352 147.881520 117.652852 165.120720
r41 113.309068 165.590348 114.426868 167.782948
r42 105.789802 69.207542 129.643902 82.133342
r43 111.837134 79.447610 138.018334 91.224510
r44 119.221268 97.867880 129.389668 106.786280
r45 115.545047 128.493948 129.808047 134.852048
r46 114.460130 144.668384 134.061430 160.398584
r47 110.155639 167.098009 129.525839 183.015909
r48 105.522638 30.608163 122.580638 48.683763
r49 113.429721 49.997603 125.863921 57.290903
r50 113.158421 61.289133 132.466321 69.946633
r51 122.448874 115.383154 134.007374 129.844954
r52 125.932099 147.406461 140.205999 153.759761
r53 123.787271 164.995548 145.992071 178.881448
r54 106.664746 16.921817 129.665946 30.326917
r55 115.037293 40.903357 129.209593 47.302157
r56 121.263477 55.786632 138.070777 65.732132
r57 121.754688 96.813375 143.751188 109.732075
r58 127.872346 145.571700 139.726046 158.577500
r59 122.684836 158.380203 146.679036 180.225703
r60 127.067162 9.735583 145.760862 26.229583
r61 125.873515 31.370081 153.376715 42.580881
r62 135.581590 64.453226 148.653090 71.390926
r63 134.972053 85.769009 146.665653 98.952909
r64 123.384164 135.754074 158.601964 150.637674
r65 134.363388 150.290353 167.767588 178.535353
r66 146.455738 25.309755 149.622638 26.625455
r67 135.381719 26.291181 165.608719 43.632181
r68 129.387783 50.247385 162.478983 66.087485
r69 126.846808 73.255641 162.741508 87.858541
r70 137.150243 103.553040 154.150543 134.385840
r71 149.591893 135.727793 153.703793 137.551793
r72 92.011585 75.124954 104.911385 99.027154
r73 81.195826 91.542217 103.584226 105.314217
r74 80.049626 111.519325 92.545726 118.776525
r75 75.855283 136.211611 90.847083 142.260711
r76 65.509173 149.307695 91.199273 161.309695
r77 65.268392 164.565338 87.155592 178.652738
r78 77.258969 67.467628 102.371069 79.745928
r79 82.585980 78.645828 90.515480 87.856928
r80 81.403188 104.676137 97.459788 115.086637
r81 82.117902 124.216138 90.427602 144.332038
r82 84.346624 145.733211 90.658524 157.304911
r83 82.265302 167.342415 104.255402 181.363815
r84 88.383857 32.513202 101.510657 38.077302
r85 88.931863 31.948801 99.824663 47.294401
r86 81.453665 44.064043 102.275665 66.782343
r87 85.814453 117.283414 110.584353 132.818614
r88 93.203172 141.150350 105.323272 154.942050
r89 94.005920 161.151527 104.690320 167.987527
r90 93.355626 20.093807 106.167726 29.785107
r91 95.974027 27.570771 107.352527 52.544871
r92 100.753704 52.558453 112.944304 66.270353
r93 96.721544 98.452211 110.649744 118.854411
r94 100.727756 141.462110 119.348456 156.722910
r95 103.643399 157.026583 115.390499 167.596583
r96 102.980533 5.743570 129.560233 25.464070
r97 105.726199 34.958369 118.175999 44.931769
r98 95.234817 57.786594 131.893617 72.903494
r99 102.871594 80.472222 125.951994 104.482522
r100 108.545896 135.911150 122.203896 145.002250
r101 95.708942 155.222374 133.162842 180.413374
r102 135.872215 1.221706 159.060015 41.911306
r103 115.281879 25.668015 136.615779 50.237715
r104 114.469054 49.605873 122.464754 65.135073
r105 110.294432 75.716708 123.159232 85.368408
r106 110.840971 111.011215 133.752171 133.889415
r107 132.144965 120.517414 172.943265 143.643314
r108 60.186850 73.654650 78.282850 90.693450
r109 54.153213 89.479758 81.177313 100.889358
r110 61.630217 111.401401 70.687117 119.465901
r111 60.133637 140.727036 71.533537 147.134036
r112 53.059189 146.145715 82.496289 163.952015
r113 46.360165 167.802610 75.925465 185.531710
r114 54.991548 50.747258 77.998348 64.149058
r115 60.889148 74.083272 70.346948 81.805972
r116 53.631945 100.696452 77.853445 114.154752
r117 53.627878 128.704545 76.735878 142.811345
r118 68.043902 137.168202 75.295302 154.291202
r119 72.369341 166.533539 105.709341 182.255339
r120 67.922212 31.707571 78.756312 38.449171
r121 61.002587 32.650870 82.480687 47.828270
r122 64.468422 56.016360 74.591822 72.528360
r123 66.165745 114.817052 75.484545 132.754652
r124 54.667842 121.063443 86.259242 138.605143
r125 82.012999 154.965786 97.626599 162.918286
r126 73.562809 16.846028 84.038809 28.698528
r127 66.610495 25.946942 92.727995 47.165142
r128 62.121442 68.735041 87.135842 80.095141
r129 67.566422 93.283256 78.231522 119.927956
r130 84.408873 115.789819 101.867473 147.531619
r131 88.187101 146.007111 97.060601 160.000111
r132 67.067727 0.000000 97.159227 31.354400
r133 76.879897 27.169951 86.662697 50.016251
r134 65.831074 48.224845 91.015174 70.229445
r135 76.317326 79.149429 95.146726 108.580429
r136 97.380046 124.517724 114.344246 131.837024
r137 86.889512 130.394743 135.399512 149.844343
r138 97.416234 2.979121 134.392934 28.495221
r139 97.445039 32.546166 135.947139 57.051366
r140 91.616888 54.152579 104.597888 63.717879
r141 94.741952 75.037612 101.931652 92.307712
r142 98.655943 97.524286 141.560843 119.514786
r143 137.418651 94.951502 177.455951 118.517002
r144 50.028846 80.346401 51.769646 81.754301
r145 38.351065 81.657093 51.884765 104.439693
r146 27.122124 108.291221 53.905524 119.803321
r147 28.832803 140.520685 55.710203 151.992485
r148 25.529463 155.991915 48.229663 179.082815
r149 41.990961 163.183860 44.917661 164.607560
r150 49.880158 67.883029 51.352658 69.547529
r151 34.776684 70.705233 55.458784 85.613433
r152 40.124576 96.691346 46.369676 108.386746
r153 41.771342 130.387909 48.218542 141.716809
r154 25.472817 138.475292 56.531617 155.351892
r155 43.067190 158.311262 44.965890 160.505762
r156 36.458812 25.589018 63.232612 37.105218
r157 35.619085 36.057407 56.770985 50.634507
r158 31.549449 59.044486 57.731249 71.495086
r159 34.148775 118.396375 59.235875 131.390275
r160 31.314912 114.712201 55.397512 136.477601
r161 17.196950 152.286654 63.754550 172.551854
r162 42.425902 6.363042 63.334402 31.432542
r163 30.631193 31.024392 66.259793 45.736392
r164 42.071621 56.865287 60.277021 87.304987
r165 40.824923 87.010196 60.529223 115.134296
r166 33.781407 112.353242 58.799007 150.066742
r167 64.558794 134.451539 85.477794 179.554039
r168 57.979794 24.030218 59.999694 27.743218
r169 30.782067 14.729945 67.396067 40.498845
r170 36.647119 43.140396 66.320219 74.936896
r171 40.465696 74.535989 69.850896 106.643989
r172 57.710818 108.710019 102.840018 129.616619
r173 79.168700 126.363382 83.419900 128.127582
r174 66.420839 30.815890 70.500939 32.654090
r175 69.246239 40.063467 72.999339 42.061867
r176 67.161612 47.465254 101.575412 74.881554
r177 69.856903 74.715125 109.165303 98.717625
r178 85.078285 108.675573 88.374085 110.951173
r179 83.783949 111.431403 87.584749 113.404703
r180 45.310100 79.237626 46.415400 81.455126
r181 40.191081 87.819906 42.360381 88.949806
r182 34.865689 105.240379 36.564089 106.683479
r183 34.574985 138.303954 36.094185 139.917354
r184 35.308605 146.875077 37.147305 149.141177
r185 37.843266 150.883966 40.983966 152.210666
r186 44.092437 71.175047 46.397037 72.238547
r187 38.069331 77.639616 39.108231 79.998816
r188 11.271847 91.302690 37.673647 102.981190
r189 15.320627 128.971013 38.122427 142.493313
r190 32.678973 141.462760 34.502373 143.747860
r191 38.088135 147.166472 40.513235 148.884672
r192 44.209845 47.256207 46.183745 48.497907
r193 21.830852 47.635558 46.745252 60.011258
r194 12.146502 68.971059 32.119102 84.408859
r195 12.782741 109.755227 29.059341 128.698627
r196 11.702234 112.974598 28.541234 144.102698
r197 38.645189 141.027514 41.609089 143.557914
r198 46.975210 41.176415 49.351910 42.929615
r199 16.863772 45.547162 51.944572 60.488862
r200 8.476866 66.326412 40.730966 82.577512
r201 11.057897 90.677292 35.816797 111.848192
r202 0.855488 111.050607 32.091888 141.255807
r203 54.996591 135.688320 58.916091 137.601820
r204 53.289978 36.832830 55.186278 40.787830
r205 44.541754 44.216327 47.050454 47.205927
r206 2.128128 50.077896 36.271128 77.711696
r207 5.431733 81.114166 39.970233 108.431566
r208 67.057313 115.475427 69.212413 118.955527
r209 70.332247 121.919081 73.014647 124.715081
r210 61.995548 36.778054 64.218348 40.152254
r211 63.235442 43.312166 65.334842 46.884666
r212 67.695408 59.539521 69.429808 63.863821
r213 70.765955 90.037404 73.712255 92.583004
r214 74.683076 107.873050 76.982176 111.135250
r215 75.886418 112.011209 79.175318 114.291609

[Iter 1800]
r0 129.682143 87.324448 131.693543 88.543048
r1 133.909445 94.204308 136.313945 95.223708
r2 132.679561 101.773236 149.655661 119.936036
r3 131.665555 130.362462 155.738655 143.170662
r4 137.183767 154.530859 138.432867 156.493059
r5 133.370926 163.198905 134.692426 165.053605
r6 133.943661 77.501497 136.332661 78.527397
r7 135.266662 76.094142 157.360362 90.049842
r8 138.201762 96.266035 165.150262 107.707635
r9 138.182361 120.102350 164.148261 131.976850
r10 135.887712 151.365153 162.236812 163.067053
r11 139.478488 167.003659 141.448488 168.247859
r12 132.390399 38.155767 149.100699 56.607467
r13 140.833838 53.920173 160.168538 69.867373
r14 152.571621 77.387105 172.035221 94.135305
r15 156.114273 107.426253 175.421773 124.309853
r16 147.464572 142.594990 173.750772 154.324790
r17 146.398556 164.214863 163.753356 181.981363
r18 140.074727 17.979356 167.695127 29.142556
r19 154.676446 40.513545 176.160346 54.865445
r20 159.380626 64.655614 170.473426 72.830914
r21 160.430601 107.921297 173.537601 119.683497
r22 153.409097 143.313471 183.111997 160.960471
r23 146.017195 162.347842 174.650995 180.653742
r24 152.869443 25.856678 154.712343 27.186678
r25 155.251347 29.851528 182.154547 41.312328
r26 164.231502 55.115005 181.723602 72.742005
r27 154.342359 94.027279 185.523259 110.837779
r28 153.143400 121.040469 187.390000 136.346169
r29 158.905598 151.268972 162.068298 153.640372
r30 152.508209 28.879242 155.723609 30.175042
r31 160.072326 35.568014 161.820226 37.951814
r32 162.658818 38.216363 180.451418 67.676263
r33 161.984730 68.266905 182.864430 93.371105
r34 161.914459 123.242434 164.994459 124.595234
r35 157.917443 137.914411 162.078343 139.716911
r36 116.695487 88.057029 118.784187 89.230429
r37 108.500217 92.107830 127.937317 107.970930
r38 102.451180 109.407540 126.303680 122.334240
r39 99.699864 130.856152 126.864664 142.206652
r40 99.679925 148.354842 117.565425 165.594042
r41 113.467281 166.407775 114.585081 168.600375
r42 105.926069 70.736858 129.780169 83.662658
r43 114.748534 79.890186 140.929734 91.667086
r44 119.891027 96.123190 130.059427 105.041590
r45 115.436181 128.992114 129.699181 135.350214
r46 114.722005 145.226145 134.323305 160.956345
r47 110.023920 167.191991 129.394120 183.109891
r48 105.340251 31.333563 122.398251 49.409163
r49 113.458134 50.365289 125.892334 57.658589
r50 112.396924 61.133191 131.704824 69.790691
r51 122.921840 115.578161 134.480340 130.039961
r52 126.169284 148.516019 140.443184 154.869319
r53 123.817970 166.112058 146.022770 179.997958
r54 106.161732 17.327698 129.162932 30.732798
r55 114.503608 41.079472 128.675908 47.478272
r56 120.675220 56.248594 137.482520 66.194094
r57 122.052199 96.708551 144.048699 109.627251
r58 128.248119 146.911098 140.101819 159.916898
r59 122.423548 159.746601 146.417748 181.592101
r60 126.468356 9.435856 145.162056 25.929856
r61 125.695354 31.331546 153.198554 42.542346
r62 135.359985 64.613358 148.431485 71.551058
r63 134.934838 85.985091 146.628438 99.168991
r64 123.843882 136.987560 159.061682 151.871160
r65 134.014498 150.064049 167.418698 178.309049
r66 146.289191 25.366526 149.456091 26.682226
r67 135.498013 26.363826 165.725013 43.704826
r68 129.321767 50.443408 162.412967 66.283508
r69 127.195835 73.137222 163.090535 87.740122
r70 137.123854 104.236677 154.124154 135.069477
r71 150.143915 137.638695 154.255815 139.462695
r72 95.784465 77.369431 108.684265 101.271631
r73 78.945287 90.941671 101.333687 104.713671
r74 80.030715 112.060465 92.526815 119.317665
r75 76.284057 136.710187 91.275857 142.759287
r76 65.356426 149.737236 91.046526 161.739236
r77 65.116988 165.222089 87.004188 179.309489
r78 76.597809 70.067121 101.709909 82.345421
r79 82.749953 79.238155 90.679453 88.449255
r80 82.275557 103.809283 98.332157 114.219783
r81 82.297704 123.722667 90.607404 143.838567
r82 84.452079 146.176265 90.763979 157.747965
r83 82.458947 167.567922 104.449047 181.589322
r84 88.290350 35.029769 101.417150 40.593869
r85 88.400289 33.651242 99.293089 48.996842
r86 81.704159 46.747432 102.526159 69.465732
r87 85.864515 117.468962 110.634415 133.004162
r88 92.813982 141.253886 104.934082 155.045586
r89 94.234215 161.321640 104.918615 168.157640
r90 93.327572 20.597352 106.139672 30.288652
r91 95.959634 27.759621 107.338134 52.733721
r92 100.656196 53.343467 112.846796 67.055367
r93 96.710336 99.018495 110.638536 119.420695
r94 101.194504 142.463335 119.815204 157.724135
r95 103.933617 157.700412 115.680717 168.270412
r96 103.054334 5.783899 129.634034 25.504399
r97 105.551698 34.997817 118.001498 44.971217
r98 95.081922 58.061046 131.740722 73.177946
r99 102.843158 81.249312 125.923558 105.259612
r100 108.866197 136.530904 122.524197 145.622004
r101 96.027942 153.538140 133.481842 178.729140
r102 137.544104 1.094326 160.731904 41.783926
r103 115.321074 25.960280 136.654974 50.529980
r104 114.358267 49.719249 122.353967 65.248449
r105 110.079884 76.052308 122.944684 85.704008
r106 111.824320 111.517307 134.735520 134.395507
r107 132.846262 124.899932 173.644562 148.025832
r108 58.024660 75.837222 76.120660 92.876022
r109 51.421215 90.721553 78.445315 102.131153
r110 61.008972 111.680207 70.065872 119.744707
r111 59.862327 141.055337 71.262227 147.462337
r112 53.009155 147.061698 82.446255 164.867998
r113 46.435375 168.937203 76.000675 186.666303
r114 55.014381 51.481334 78.021181 64.883134
r115 60.577797 73.989969 70.035597 81.712669
r116 53.484151 102.895160 77.705651 116.353460
r117 53.524363 129.042543 76.632363 143.149343
r118 68.653738 137.702093 75.905138 154.825093
r119 72.910166 167.418880 106.250166 183.140680
r120 68.047080 34.113951 78.881180 40.855551
r121 61.366851 33.970498 82.844951 49.147898
r122 65.297784 57.790024 75.421184 74.302024
r123 67.276541 115.763224 76.595341 133.700824
r124 55.061861 121.868899 86.653261 139.410599
r125 81.935028 155.449808 97.548628 163.402308
r126 73.364441 17.480404 83.840441 29.332904
r127 66.500525 25.961285 92.618025 47.179485
r128 62.213055 69.867291 87.227455 81.227391
r129 67.593915 94.138987 78.259015 120.783687
r130 84.924698 116.487802 102.383298 148.229602
r131 88.346486 146.731737 97.219986 160.724737
r132 65.538027 0.000000 95.629527 31.354400
r133 76.383120 26.514550 86.165920 49.360850
r134 65.939144 48.615992 91.123244 70.620592
r135 76.440814 79.590617 95.270214 109.021617
r136 98.704315 124.826629 115.668515 132.145929
r137 88.061677 131.283316 136.571677 150.732916
r138 98.274739 3.285481 135.251439 28.801581
r139 99.933422 33.015676 138.435522 57.520876
r140 91.553178 54.143086 104.534178 63.708386
r141 94.904450 75.271015 102.094150 92.541115
r142 98.615024 99.615248 141.519924 121.605748
r143 139.877494 95.908233 179.914794 119.473733
r144 49.080141 81.883849 50.820941 83.291749
r145 35.773056 82.316213 49.306756 105.098813
r146 25.941453 108.850536 52.724853 120.362636
r147 28.646067 141.498144 55.523467 152.969944
r148 25.091221 157.498943 47.791421 180.589843
r149 42.223697 164.169079 45.150397 165.592779
r150 49.221713 68.606826 50.694213 70.271326
r151 34.394174 71.301606 55.076274 86.209806
r152 40.703746 97.033176 46.948846 108.728576
r153 41.946226 131.210703 48.393426 142.539603
r154 25.590407 139.365692 56.649207 156.242292
r155 43.266160 159.692333 45.164860 161.886833
r156 36.317142 26.882765 63.090942 38.398965
r157 36.022669 37.681491 57.174569 52.258591
r158 32.027974 59.747663 58.209774 72.198263
r159 33.980834 119.378410 59.067934 132.372310
r160 31.571275 115.938824 55.653875 137.704224
r161 17.891104 153.763238 64.448704 174.028438
r162 42.152995 7.492840 63.061495 32.562340
r163 30.665494 32.776512 66.294094 47.488512
r164 42.455060 58.066462 60.660460 88.506162
r165 40.321030 87.634835 60.025330 115.758935
r166 33.813484 112.069211 58.831084 149.782711
r167 64.339654 134.366253 85.258654 179.468753
r168 57.821897 25.508115 59.841797 29.221115
r169 28.383059 14.371261 64.997059 40.140161
r170 35.458762 45.239589 65.131862 77.036089
r171 39.306423 78.704083 68.691623 110.812083
r172 58.707492 107.775335 103.836692 128.681935
r173 79.514867 126.613505 83.766067 128.377705
r174 66.546117 32.181748 70.626217 34.019948
r175 69.097818 41.259714 72.850918 43.258114
r176 67.283010 45.869736 101.696810 73.286036
r177 69.445049 76.380521 108.753449 100.383021
r178 84.530685 108.382505 87.826485 110.658105
r179 84.068631 112.001510 87.869431 113.974810
r180 44.278503 80.372250 45.383803 82.589750
r181 38.726009 88.880958 40.895309 90.010858
r182 33.998850 106.652302 35.697250 108.095402
r183 34.201223 139.019922 35.720423 140.633322
r184 35.288561 147.628379 37.127261 149.894479
r185 38.049224 151.525026 41.189924 152.851726
r186 43.204540 72.105264 45.509140 73.168764
r187 36.786871 78.798007 37.825771 81.157207
r188 9.264947 92.925295 35.666747 104.603795
r189 14.732973 129.634390 37.534773 143.156690
r190 32.759871 142.432555 34.583271 144.717655
r191 38.349428 148.097974 40.774528 149.816174
r192 43.603327 48.583240 45.577227 49.824940
r193 19.501139 48.732626 44.415539 61.108326
r194 11.425797 69.477359 31.398397 84.915159
r195 12.061574 110.617558 28.338174 129.560958
r196 11.586960 114.341933 28.425960 145.470033
r197 38.756813 142.841833 41.720713 145.372233
r198 46.579968 42.506433 48.956668 44.259633
r199 15.558047 47.640420 50.638847 62.582120
r200 7.773891 67.547629 40.027991 83.798729
r201 10.335745 92.116465 35.094645 113.287365
r202 2.009720 112.539750 33.246120 142.744950
r203 55.126441 137.530292 59.045941 139.443792
r204 53.229866 38.214227 55.126166 42.169227
r205 44.233701 46.127505 46.742401 49.117105
r206 0.006025 51.144479 34.149025 78.778279
r207 3.409844 82.224481 37.948344 109.541881
r208 67.451845 116.052958 69.606945 119.533058
r209 70.243209 123.015498 72.925609 125.811498
r210 61.957692 38.243368 64.180492 41.617568
r211 63.216487 44.873730 65.315887 48.446230
r212 67.679700 59.876696 69.414100 64.200996
r213 70.883847 90.923397 73.830147 93.468997
r214 74.480147 107.874582 76.779247 111.136782
r215 75.640879 113.536875 78.929779 115.817275

[Iter 1850]
r0 129.002508 87.347063 131.013908 88.565663
r1 133.334942 94.469000 135.739442 95.488400
r2 132.272127 101.887368 149.248227 120.050168
r3 131.479259 130.562219 155.552359 143.370419
r4 137.340175 154.812487 138.589275 156.774687
r5 133.142065 163.135811 134.463565 164.990511
r6 133.339630 77.687910 135.728630 78.713810
r7 134.137005 76.186923 156.230705 90.142623
r8 137.357766 96.271498 164.306266 107.713098
r9 137.987879 120.526042 163.953779 132.400542
r10 135.075081 151.559503 161.424181 163.261403
r11 139.213308 167.010971 141.183308 168.255171
r12 131.924253 38.327239 148.634553 56.778939
r13 140.492128 53.488052 159.826828 69.435252
r14 151.181581 76.993766 170.645181 93.741966
r15 155.313072 107.473241 174.620572 124.356841
r16 146.919327 142.906010 173.205527 154.635810
r17 146.369477 164.300626 163.724277 182.067126
r18 139.712940 17.789334 167.333340 28.952534
r19 154.444834 40.151313 175.928734 54.503213
r20 158.868812 64.719229 169.961612 72.894529
r21 159.321276 107.881434 172.428276 119.643634
r22 152.603694 143.216699 182.306594 160.863699
r23 145.847178 162.391998 174.480978 180.697898
r24 152.778195 25.658968 154.621095 26.988968
r25 154.841941 29.862659 181.745141 41.323459
r26 163.502608 55.113476 180.994708 72.740476
r27 153.602390 94.350064 184.783290 111.160564
r28 153.069537 121.241306 187.316137 136.547006
r29 158.403821 152.137928 161.566521 154.509328
r30 152.728687 28.603394 155.944087 29.899194
r31 160.246970 35.567225 161.994870 37.951025
r32 162.326095 38.693154 180.118695 68.153054
r33 161.565907 68.710741 182.445607 93.814941
r34 162.006280 123.885721 165.086280 125.238521
r35 157.320214 138.954163 161.481114 140.756663
r36 115.249670 88.010535 117.338370 89.183935
r37 105.891868 92.083939 125.328968 107.947039
r38 102.395144 108.842034 126.247644 121.768734
r39 99.719670 130.347676 126.884470 141.698176
r40 99.836613 147.335339 117.722113 164.574539
r41 112.977361 166.328455 114.095161 168.521055
r42 105.627284 70.679491 129.481384 83.605291
r43 114.084388 81.918097 140.265588 93.694997
r44 121.260825 97.907983 131.429225 106.826383
r45 115.361303 128.491813 129.624303 134.849913
r46 114.332898 144.512833 133.934198 160.243033
r47 109.646513 166.764476 129.016713 182.682376
r48 104.979762 32.369435 122.037762 50.445035
r49 116.072375 50.920794 128.506575 58.214094
r50 116.586029 64.581419 135.893929 73.238919
r51 122.915873 114.816635 134.474373 129.278435
r52 125.992423 148.192165 140.266323 154.545465
r53 123.511898 165.966537 145.716698 179.852437
r54 106.158669 17.053275 129.159869 30.458375
r55 114.422751 39.829181 128.595051 46.227981
r56 117.801502 54.930978 134.608802 64.876478
r57 122.015111 96.646738 144.011611 109.565438
r58 128.220531 146.641324 140.074231 159.647124
r59 122.298473 159.792369 146.292673 181.637869
r60 125.997326 9.637707 144.691026 26.131707
r61 125.409109 31.244529 152.912309 42.455329
r62 135.601126 64.191479 148.672626 71.129179
r63 134.858602 86.123804 146.552202 99.307704
r64 123.086722 136.749185 158.304522 151.632785
r65 133.605189 154.023110 167.009389 182.268110
r66 146.391794 25.154189 149.558694 26.469889
r67 135.298516 26.417497 165.525516 43.758497
r68 129.311406 50.503527 162.402606 66.343627
r69 126.894631 73.447047 162.789331 88.049947
r70 136.910556 104.691620 153.910856 135.524420
r71 149.441007 138.195329 153.552907 140.019329
r72 95.234819 78.084005 108.134619 101.986205
r73 75.880697 90.416744 98.269097 104.188744
r74 79.202397 111.643775 91.698497 118.900975
r75 76.082587 136.516512 91.074387 142.565612
r76 65.753220 149.480689 91.443320 161.482689
r77 65.064532 165.326230 86.951732 179.413630
r78 76.416993 70.233693 101.529093 82.511993
r79 82.047702 80.390156 89.977202 89.601256
r80 81.636261 103.503441 97.692861 113.913941
r81 82.602285 123.349355 90.911985 143.465255
r82 84.550881 145.997508 90.862781 157.569208
r83 82.355313 167.118971 104.345413 181.140371
r84 87.680008 35.234919 100.806808 40.799019
r85 87.807265 35.224961 98.700065 50.570561
r86 82.025732 47.583549 102.847732 70.301849
r87 85.519861 116.904147 110.289761 132.439347
r88 93.062800 141.085228 105.182900 154.876928
r89 94.196032 161.484899 104.880432 168.320899
r90 93.076305 20.763458 105.888405 30.454758
r91 95.939326 28.002986 107.317826 52.977086
r92 101.565182 54.622731 113.755782 68.334631
r93 97.136935 99.547723 111.065135 119.949923
r94 100.998726 142.313434 119.619426 157.574234
r95 103.636080 157.902734 115.383180 168.472734
r96 102.739061 5.995699 129.318761 25.716199
r97 105.699745 35.285127 118.149545 45.258527
r98 95.875741 58.418014 132.534541 73.534914
r99 102.918616 80.990239 125.999016 105.000539
r100 108.524688 136.397749 122.182688 145.488849
r101 95.513568 156.733542 132.967468 181.924542
r102 135.738046 1.363511 158.925846 42.053111
r103 115.105026 25.868429 136.438926 50.438129
r104 114.321005 49.977908 122.316705 65.507108
r105 110.362787 76.208911 123.227587 85.860611
r106 111.215151 111.657488 134.126351 134.535688
r107 132.509449 123.557791 173.307749 146.683691
r108 55.695414 75.842862 73.791414 92.881662
r109 48.576499 90.709622 75.600599 102.119222
r110 58.954567 111.443162 68.011467 119.507662
r111 59.190445 140.757736 70.590345 147.164736
r112 52.947830 146.824336 82.384930 164.630636
r113 46.350090 168.872063 75.915390 186.601163
r114 54.236835 51.925209 77.243635 65.327009
r115 60.483670 73.971357 69.941470 81.694057
r116 53.008191 102.800561 77.229691 116.258861
r117 54.029579 128.924380 77.137579 143.031180
r118 68.206990 138.141068 75.458390 155.264068
r119 72.521997 167.260783 105.861997 182.982583
r120 67.534687 34.393194 78.368787 41.134794
r121 60.962744 34.886006 82.440844 50.063406
r122 66.189088 58.502695 76.312488 75.014695
r123 67.024373 115.208357 76.343173 133.145957
r124 54.762195 121.850941 86.353595 139.392641
r125 81.975207 155.398854 97.588807 163.351354
r126 73.442076 18.185289 83.918076 30.037789
r127 66.846281 26.611071 92.963781 47.829271
r128 62.211620 69.967911 87.226020 81.328011
r129 67.975717 94.429190 78.640817 121.073890
r130 84.753756 116.509805 102.212356 148.251605
r131 88.344289 146.613088 97.217789 160.606088
r132 66.796368 0.000000 96.887868 31.354400
r133 77.404980 26.545003 87.187780 49.391303
r134 66.319193 49.165592 91.503293 71.170192
r135 76.568583 79.930597 95.397983 109.361597
r136 97.731321 125.266512 114.695521 132.585812
r137 85.367758 133.214264 133.877758 152.663864
r138 96.901363 2.986961 133.878063 28.503061
r139 97.073591 32.008346 135.575691 56.513546
r140 91.984749 55.230569 104.965749 64.795869
r141 95.027781 75.889879 102.217481 93.159979
r142 98.433507 98.897515 141.338407 120.888015
r143 139.290230 95.199447 179.327530 118.764947
r144 46.801397 82.111683 48.542197 83.519583
r145 32.726591 82.431269 46.260291 105.213869
r146 25.620174 109.449440 52.403574 120.961540
r147 28.506016 142.067607 55.383416 153.539407
r148 25.211227 157.673549 47.911427 180.764449
r149 41.721573 164.867191 44.648273 166.290891
r150 47.353755 69.125426 48.826255 70.789926
r151 32.615865 71.401318 53.297965 86.309518
r152 41.303493 98.271178 47.548593 109.966578
r153 41.748315 131.545917 48.195515 142.874817
r154 25.423482 139.616960 56.482282 156.493560
r155 42.529539 160.040954 44.428239 162.235454
r156 35.739619 28.052136 62.513419 39.568336
r157 35.628766 38.671170 56.780666 53.248270
r158 32.269826 60.092514 58.451626 72.543114
r159 33.862645 120.058727 58.949745 133.052627
r160 31.445866 116.071102 55.528466 137.836502
r161 16.966499 154.105800 63.524099 174.371000
r162 41.884190 8.590109 62.792690 33.659609
r163 31.278021 33.648448 66.906621 48.360448
r164 42.427486 58.311662 60.632886 88.751362
r165 40.134754 87.860727 59.839054 115.984827
r166 34.753421 113.571003 59.771021 151.284503
r167 64.132161 133.072619 85.051161 178.175119
r168 57.780182 25.966829 59.800082 29.679829
r169 30.774944 16.582765 67.388944 42.351665
r170 34.719298 43.041841 64.392398 74.838341
r171 38.788834 78.574782 68.174034 110.682782
r172 58.240909 108.870815 103.370109 129.777415
r173 79.354809 127.281699 83.606009 129.045899
r174 66.389886 32.278380 70.469986 34.116580
r175 69.337194 41.120512 73.090294 43.118912
r176 68.055713 45.294086 102.469513 72.710386
r177 70.286940 78.001776 109.595340 102.004276
r178 85.045588 109.057157 88.341388 111.332757
r179 83.976494 112.424473 87.777294 114.397773
r180 42.256565 80.978222 43.361865 83.195722
r181 36.452766 89.275388 38.622066 90.405288
r182 33.055781 107.384477 34.754181 108.827577
r183 33.602625 140.518378 35.121825 142.131778
r184 34.742090 149.405504 36.580790 151.671604
r185 37.644585 153.341459 40.785285 154.668159
r186 41.263105 72.716866 43.567705 73.780366
r187 34.835719 78.985653 35.874619 81.344853
r188 8.907071 93.876687 35.308871 105.555187
r189 14.666597 130.569426 37.468397 144.091726
r190 32.209945 143.639815 34.033345 145.924915
r191 37.624216 149.479702 40.049316 151.197902
r192 42.191273 48.529316 44.165173 49.771016
r193 18.215045 49.015213 43.129445 61.390913
r194 9.988264 67.388081 29.960864 82.825881
r195 11.868522 112.308259 28.145122 131.251659
r196 11.466585 115.009481 28.305585 146.137581
r197 38.018350 143.701794 40.982250 146.232194
r198 45.548285 42.328298 47.924985 44.081498
r199 14.157234 47.601816 49.238034 62.543516
r200 7.261700 66.191852 39.515800 82.442952
r201 10.234521 92.797389 34.993421 113.968289
r202 1.491987 113.190386 32.728387 143.395586
r203 54.710234 137.656303 58.629734 139.569803
r204 52.773674 38.220394 54.669974 42.175394
r205 44.483825 46.133628 46.992525 49.123228
r206 1.856471 51.270235 35.999471 78.904035
r207 4.200535 82.730934 38.739035 110.048334
r208 67.036044 116.585629 69.191144 120.065729
r209 70.318396 123.301270 73.000796 126.097270
r210 61.788296 38.237527 64.011096 41.611727
r211 62.962342 45.068753 65.061742 48.641253
r212 67.203604 61.530957 68.938004 65.855257
r213 70.557129 91.769159 73.503429 94.314759
r214 74.511431 108.415163 76.810531 111.677363
r215 75.706289 113.715020 78.995189 115.995420

[Iter 1900]
r0 129.005245 87.529441 131.016645 88.748041
r1 133.327308 94.597710 135.731808 95.617110
r2 131.964713 101.618261 148.940813 119.781061
r3 131.691248 130.564463 155.764348 143.372663
r4 137.422697 154.940673 138.671797 156.902873
r5 133.292467 163.272677 134.613967 165.127377
r6 133.413771 77.816963 135.802771 78.842863
r7 134.799554 75.800749 156.893254 89.756449
r8 137.997197 96.166375 164.945697 107.607975
r9 138.101614 120.244495 164.067514 132.118995
r10 135.716315 151.514146 162.065415 163.216046
r11 139.392483 167.207105 141.362483 168.451305
r12 131.724359 38.558522 148.434659 57.010222
r13 141.113129 53.446532 160.447829 69.393732
r14 152.358677 77.279742 171.822277 94.027942
r15 155.459324 107.541076 174.766824 124.424676
r16 147.209294 142.980180 173.495494 154.709980
r17 147.071509 164.092292 164.426309 181.858792
r18 139.587493 17.915774 167.207893 29.078974
r19 154.028246 39.909569 175.512146 54.261469
r20 159.151866 64.643414 170.244666 72.818714
r21 160.202287 107.865919 173.309287 119.628119
r22 153.431300 143.612724 183.134200 161.259724
r23 145.966235 162.780798 174.600035 181.086698
r24 152.597700 25.584472 154.440600 26.914472
r25 154.734293 29.568567 181.637493 41.029367
r26 164.100049 55.129663 181.592149 72.756663
r27 154.048914 93.955653 185.229814 110.766153
r28 153.104751 121.739428 187.351351 137.045128
r29 158.422241 152.323921 161.584941 154.695321
r30 152.300669 28.743789 155.516069 30.039589
r31 159.977762 35.409371 161.725662 37.793171
r32 162.721090 38.178504 180.513690 67.638404
r33 162.121109 68.037439 183.000809 93.141639
r34 161.913586 124.209124 164.993586 125.561924
r35 157.329684 139.285121 161.490584 141.087621
r36 114.986012 88.605890 117.074712 89.779290
r37 105.719567 92.350912 125.156667 108.214012
r38 102.602928 109.008588 126.455428 121.935288
r39 99.672719 130.978796 126.837519 142.329296
r40 99.786509 147.985285 117.672009 165.224485
r41 113.071449 166.463800 114.189249 168.656400
r42 105.584653 70.749401 129.438753 83.675201
r43 115.023261 81.901516 141.204461 93.678416
r44 121.759181 97.428856 131.927581 106.347256
r45 115.695767 129.073055 129.958767 135.431155
r46 114.552514 145.125351 134.153814 160.855551
r47 109.802085 167.207824 129.172285 183.125724
r48 104.458137 32.005387 121.516137 50.080987
r49 115.883554 50.613238 128.317754 57.906538
r50 116.699769 64.407694 136.007669 73.065194
r51 122.970378 115.089914 134.528878 129.551714
r52 126.016233 148.617601 140.290133 154.970901
r53 123.650531 166.145475 145.855331 180.031375
r54 105.539723 17.079372 128.540923 30.484472
r55 114.490648 39.719177 128.662948 46.117977
r56 117.996269 55.109005 134.803569 65.054505
r57 122.935780 96.996788 144.932280 109.915488
r58 128.378075 147.804596 140.231775 160.810396
r59 122.569925 160.841075 146.564125 182.686575
r60 125.670987 9.813836 144.364687 26.307836
r61 125.163089 31.280689 152.666289 42.491489
r62 135.610648 64.199777 148.682148 71.137477
r63 135.710973 86.229562 147.404573 99.413462
r64 123.431029 137.750211 158.648829 152.633811
r65 133.312771 153.726667 166.716971 181.971667
r66 146.012705 25.057245 149.179605 26.372945
r67 135.296880 26.209988 165.523880 43.550988
r68 129.440349 50.113841 162.531549 65.953941
r69 127.020654 73.317522 162.915354 87.920422
r70 137.171370 105.512154 154.171670 136.344954
r71 149.471019 138.197749 153.582919 140.021749
r72 95.388499 78.792049 108.288299 102.694249
r73 74.780355 89.880356 97.168755 103.652356
r74 79.316424 111.475933 91.812524 118.733133
r75 75.971952 137.191111 90.963752 143.240211
r76 65.477663 149.861956 91.167763 161.863956
r77 64.776322 165.236497 86.663522 179.323897
r78 76.229076 70.641165 101.341176 82.919465
r79 81.445417 80.276793 89.374917 89.487893
r80 81.398670 103.184645 97.455270 113.595145
r81 82.457245 123.653469 90.766945 143.769369
r82 84.371580 146.246395 90.683480 157.818095
r83 82.153572 167.650129 104.143672 181.671529
r84 87.502269 35.305307 100.629069 40.869407
r85 87.648339 34.995111 98.541139 50.340711
r86 81.835615 47.887702 102.657615 70.606002
r87 85.286755 117.048146 110.056655 132.583346
r88 93.102672 141.300717 105.222772 155.092417
r89 93.901851 161.664393 104.586251 168.500393
r90 93.117428 20.576837 105.929528 30.268137
r91 95.750689 27.976305 107.129189 52.950405
r92 101.352310 54.922652 113.542910 68.634552
r93 96.378690 99.460112 110.306890 119.862312
r94 101.119409 143.067247 119.740109 158.328047
r95 103.569811 158.054738 115.316911 168.624738
r96 102.477563 5.877696 129.057263 25.598196
r97 105.321191 35.081539 117.770991 45.054939
r98 95.432286 58.624963 132.091086 73.741863
r99 103.358596 81.768816 126.438996 105.779116
r100 108.606534 137.381162 122.264534 146.472262
r101 95.489854 155.094330 132.943754 180.285330
r102 135.182744 0.664751 158.370544 41.354351
r103 115.039864 25.921968 136.373764 50.491668
r104 114.526845 49.685752 122.522545 65.214952
r105 109.978348 76.280326 122.843148 85.932026
r106 111.278967 112.221398 134.190167 135.099598
r107 133.217164 123.711275 174.015464 146.837175
r108 54.605389 75.490221 72.701389 92.529021
r109 47.170181 90.816823 74.194281 102.226423
r110 58.742824 111.738974 67.799724 119.803474
r111 59.207189 141.148328 70.607089 147.555328
r112 52.697818 146.921192 82.134918 164.727492
r113 46.517238 168.548373 76.082538 186.277473
r114 53.912638 51.803485 76.919438 65.205285
r115 59.775840 74.093876 69.233640 81.816576
r116 52.947822 102.846588 77.169322 116.304888
r117 53.749260 128.979140 76.857260 143.085940
r118 68.267609 137.887951 75.519009 155.010951
r119 72.719484 167.409544 106.059484 183.131344
r120 67.448674 34.295735 78.282774 41.037335
r121 60.901210 34.782235 82.379310 49.959635
r122 66.236698 58.569879 76.360098 75.081879
r123 66.835842 115.490314 76.154642 133.427914
r124 54.797600 121.961677 86.389000 139.503377
r125 81.856701 155.886609 97.470301 163.839109
r126 73.068187 17.546734 83.544187 29.399234
r127 66.242745 26.847441 92.360245 48.065641
r128 62.377462 70.207919 87.391862 81.568019
r129 67.085929 94.299356 77.751029 120.944056
r130 84.859268 117.001190 102.317868 148.742990
r131 88.193943 146.942465 97.067443 160.935465
r132 65.897286 0.000000 95.988786 31.354400
r133 77.021756 26.478822 86.804556 49.325122
r134 65.985600 49.401271 91.169700 71.405871
r135 76.439613 80.663446 95.269013 110.094446
r136 98.027649 125.685347 114.991849 133.004647
r137 87.165042 130.551962 135.675042 150.001562
r138 96.446165 3.167602 133.422865 28.683702
r139 98.486470 32.475912 136.988570 56.981112
r140 91.338950 54.937691 104.319950 64.502991
r141 94.818980 76.040225 102.008680 93.310325
r142 99.250947 100.218301 142.155847 122.208801
r143 140.578855 96.451917 180.616155 120.017417
r144 45.983387 82.124155 47.724187 83.532055
r145 31.566086 82.223320 45.099786 105.005920
r146 25.242511 109.578630 52.025911 121.090730
r147 28.119451 142.314683 54.996851 153.786483
r148 25.187081 157.755294 47.887281 180.846194
r149 41.822639 164.998847 44.749339 166.422547
r150 46.994204 69.065184 48.466704 70.729684
r151 31.903938 71.200369 52.586038 86.108569
r152 41.181263 98.554485 47.426363 110.249885
r153 41.378172 131.891199 47.825372 143.220099
r154 25.177966 140.115466 56.236766 156.992066
r155 42.746977 160.522787 44.645677 162.717287
r156 35.544470 27.883247 62.318270 39.399447
r157 35.123519 38.294236 56.275419 52.871336
r158 32.222403 59.554435 58.404203 72.005035
r159 33.398722 120.137110 58.485822 133.131010
r160 30.933505 116.119501 55.016105 137.884901
r161 17.440061 153.142228 63.997661 173.407428
r162 41.707677 8.526154 62.616177 33.595654
r163 30.459593 33.490371 66.088193 48.202371
r164 42.077297 57.682934 60.282697 88.122634
r165 39.979342 88.060648 59.683642 116.184748
r166 34.449229 112.803854 59.466829 150.517354
r167 64.788578 135.296701 85.707578 180.399201
r168 57.460622 25.871717 59.480522 29.584717
r169 30.541793 16.076726 67.155793 41.845626
r170 35.861027 45.349351 65.534127 77.145851
r171 38.430497 76.955157 67.815697 109.063157
r172 59.445263 109.966006 104.574463 130.872606
r173 79.709153 126.928141 83.960353 128.692341
r174 66.307381 32.272727 70.387481 34.110927
r175 69.273935 40.951773 73.027035 42.950173
r176 68.153616 47.081645 102.567416 74.497945
r177 68.750075 78.490305 108.058475 102.492805
r178 85.227315 108.840344 88.523115 111.115944
r179 84.588547 112.350456 88.389347 114.323756
r180 41.523802 80.927210 42.629102 83.144710
r181 35.776494 89.313316 37.945794 90.443216
r182 32.627859 107.683515 34.326259 109.126615
r183 33.333413 140.622602 34.852613 142.236002
r184 34.545351 149.514664 36.384051 151.780764
r185 37.672750 153.517851 40.813450 154.844551
r186 40.799381 72.700662 43.103981 73.764162
r187 34.247767 78.836485 35.286667 81.195685
r188 8.742166 93.961972 35.143966 105.640472
r189 14.477020 130.842317 37.278820 144.364617
r190 32.113905 143.692128 33.937305 145.977228
r191 37.930160 149.549471 40.355260 151.267671
r192 41.832350 48.449381 43.806250 49.691081
r193 17.394484 48.923381 42.308884 61.299081
r194 9.599097 66.899213 29.571697 82.337013
r195 11.454233 112.771111 27.730833 131.714511
r196 10.925418 115.217696 27.764418 146.345796
r197 38.393998 143.596417 41.357898 146.126817
r198 45.291549 42.344298 47.668249 44.097498
r199 13.498807 47.617649 48.579607 62.559349
r200 6.915720 66.506426 39.169820 82.757526
r201 9.904645 92.666763 34.663545 113.837663
r202 1.310013 113.421786 32.546413 143.626986
r203 54.712248 137.955681 58.631748 139.869181
r204 52.892916 38.285441 54.789216 42.240441
r205 43.779721 46.316112 46.288421 49.305712
r206 1.007293 51.520298 35.150293 79.154098
r207 3.065167 82.535323 37.603667 109.852723
r208 67.172562 116.511526 69.327662 119.991626
r209 70.323384 123.058587 73.005784 125.854587
r210 61.711716 38.211393 63.934516 41.585593
r211 62.959654 44.950042 65.059054 48.522542
r212 67.564405 61.169859 69.298805 65.494159
r213 71.157262 91.907033 74.103562 94.452633
r214 75.042108 107.962572 77.341208 111.224772
r215 76.114449 113.270113 79.403349 115.550513

[Iter 1950]
r0 128.994883 87.922131 131.006283 89.140731
r1 133.308309 94.899869 135.712809 95.919269
r2 131.919256 101.722212 148.895356 119.885012
r3 131.557255 130.681007 155.630355 143.489207
r4 137.615384 155.224376 138.864484 157.186576
r5 133.525465 163.509914 134.846965 165.364614
r6 133.110887 77.877913 135.499887 78.903813
r7 134.355675 76.412551 156.449375 90.368251
r8 137.744511 96.400082 164.693011 107.841682
r9 137.963315 120.234313 163.929215 132.108813
r10 135.420124 151.213626 161.769224 162.915526
r11 139.595697 167.359337 141.565697 168.603537
r12 130.678179 38.634336 147.388479 57.086036
r13 140.582102 53.720791 159.916802 69.667991
r14 151.864701 77.074965 171.328301 93.823165
r15 155.314449 107.608614 174.621949 124.492214
r16 147.102506 142.747472 173.388706 154.477272
r17 147.077281 163.919817 164.432081 181.686317
r18 139.303703 17.945294 166.924103 29.108494
r19 152.735208 39.988982 174.219108 54.340882
r20 158.636152 64.594763 169.728952 72.770063
r21 159.573781 107.655194 172.680781 119.417394
r22 152.927968 143.543671 182.630868 161.190671
r23 146.073552 162.550510 174.707352 180.856410
r24 152.507128 25.649310 154.350028 26.979310
r25 154.144194 29.907779 181.047394 41.368579
r26 163.364740 55.039640 180.856840 72.666640
r27 153.696126 94.039568 184.877026 110.850068
r28 153.127823 121.556960 187.374423 136.862660
r29 158.538226 152.575015 161.700926 154.946415
r30 152.283373 28.678174 155.498773 29.973974
r31 159.938663 35.367843 161.686563 37.751643
r32 162.314478 38.357077 180.107078 67.816977
r33 161.410708 68.260241 182.290408 93.364441
r34 161.997601 124.086605 165.077601 125.439405
r35 157.499998 139.432251 161.660898 141.234751
r36 115.365117 88.863749 117.453817 90.037149
r37 105.977995 92.714073 125.415095 108.577173
r38 102.570871 109.484832 126.423371 122.411532
r39 99.473824 131.358056 126.638624 142.708556
r40 99.868917 148.587651 117.754417 165.826851
r41 113.251510 166.916824 114.369310 169.109424
r42 105.642006 70.866981 129.496106 83.792781
r43 114.247417 82.486047 140.428617 94.262947
r44 121.616663 98.887408 131.785063 107.805808
r45 115.419625 129.497050 129.682625 135.855150
r46 114.376398 145.197313 133.977698 160.927513
r47 110.149222 167.592030 129.519422 183.509930
r48 103.966124 32.179796 121.024124 50.255396
r49 114.922815 51.079195 127.357015 58.372495
r50 116.312180 64.929221 135.620080 73.586721
r51 122.795728 115.952283 134.354228 130.414083
r52 125.935026 148.530696 140.208926 154.883996
r53 123.889187 165.864519 146.093987 179.750419
r54 105.245932 17.128972 128.247132 30.534072
r55 113.618245 40.132317 127.790545 46.531117
r56 117.703801 55.336898 134.511101 65.282398
r57 122.347095 97.204592 144.343595 110.123292
r58 128.298123 147.548600 140.151823 160.554400
r59 122.779002 160.460767 146.773202 182.306267
r60 125.386745 10.093077 144.080445 26.587077
r61 124.537093 31.449331 152.040293 42.660131
r62 135.013921 63.920770 148.085421 70.858470
r63 134.991661 86.419382 146.685261 99.603282
r64 123.248967 137.628430 158.466767 152.512030
r65 133.257176 153.162644 166.661376 181.407644
r66 146.082742 25.043499 149.249642 26.359199
r67 135.093404 26.227827 165.320404 43.568827
r68 129.334303 50.248207 162.425503 66.088307
r69 126.813899 73.541608 162.708599 88.144508
r70 137.078675 105.432509 154.078975 136.265309
r71 149.963084 138.204123 154.074984 140.028123
r72 95.335586 79.123707 108.235386 103.025907
r73 75.210531 90.564695 97.598931 104.336695
r74 79.289474 111.463660 91.785574 118.720860
r75 75.887968 137.586898 90.879768 143.635998
r76 65.824722 150.400637 91.514822 162.402637
r77 64.991093 165.769199 86.878293 179.856599
r78 76.022979 71.329415 101.135079 83.607715
r79 81.695499 81.237647 89.624999 90.448747
r80 81.531690 103.589562 97.588290 114.000062
r81 82.701267 123.974715 91.010967 144.090615
r82 84.269784 146.323777 90.581684 157.895477
r83 82.275174 168.037507 104.265274 182.058907
r84 87.348109 35.647389 100.474909 41.211489
r85 87.466667 35.797354 98.359467 51.142954
r86 82.013192 48.624720 102.835192 71.343020
r87 85.184781 117.236765 109.954681 132.771965
r88 93.127110 141.513203 105.247210 155.304903
r89 94.017666 161.798959 104.702066 168.634959
r90 93.199587 20.599354 106.011687 30.290654
r91 95.710020 28.232444 107.088520 53.206544
r92 101.258516 55.217379 113.449116 68.929279
r93 96.824850 99.576942 110.753050 119.979142
r94 100.924414 142.291520 119.545114 157.552320
r95 103.576550 158.303622 115.323650 168.873622
r96 102.539388 6.323193 129.119088 26.043693
r97 105.450139 35.345337 117.899939 45.318737
r98 95.614871 58.528566 132.273671 73.645466
r99 103.135298 81.458721 126.215698 105.469021
r100 108.656311 136.714640 122.314311 145.805740
r101 95.641378 158.126882 133.095278 183.317882
r102 134.729908 1.275916 157.917708 41.965516
r103 115.002873 26.086850 136.336773 50.656550
r104 114.343700 49.935590 122.339400 65.464790
r105 110.410158 76.355230 123.274958 86.006930
r106 111.366377 111.937931 134.277577 134.816131
r107 133.290142 126.048590 174.088442 149.174490
r108 54.863760 76.188077 72.959760 93.226877
r109 47.482504 90.976560 74.506604 102.386160
r110 58.840850 111.871976 67.897750 119.936476
r111 59.085224 141.645548 70.485124 148.052548
r112 52.619204 147.449658 82.056304 165.255958
r113 46.567062 169.288098 76.132362 187.017198
r114 54.004240 52.533028 77.011040 65.934828
r115 59.686179 74.073925 69.143979 81.796625
r116 53.000158 103.184552 77.221658 116.642852
r117 53.959795 129.086187 77.067795 143.192987
r118 68.206992 138.675075 75.458392 155.798075
r119 72.554817 167.718882 105.894817 183.440682
r120 67.325006 34.439922 78.159106 41.181522
r121 61.116547 35.396309 82.594647 50.573709
r122 66.447714 59.033188 76.571114 75.545188
r123 66.935642 115.945201 76.254442 133.882801
r124 54.919095 122.691123 86.510495 140.232823
r125 81.775549 156.280331 97.389149 164.232831
r126 73.119812 17.889085 83.595812 29.741585
r127 66.422140 27.196573 92.539640 48.414773
r128 62.305098 70.192378 87.319498 81.552478
r129 67.729565 94.729136 78.394665 121.373836
r130 84.739897 117.335510 102.198497 149.077310
r131 88.254506 147.299340 97.128006 161.292340
r132 66.227314 0.036824 96.318814 31.391224
r133 76.820676 27.369258 86.603476 50.215558
r134 66.011872 49.643321 91.195972 71.647921
r135 76.496004 80.680718 95.325404 110.111718
r136 97.834089 125.129593 114.798289 132.448893
r137 87.812482 132.408814 136.322482 151.858414
r138 96.279503 3.503015 133.256203 29.019115
r139 96.550637 31.660607 135.052737 56.165807
r140 91.361135 55.138203 104.342135 64.703503
r141 94.899538 76.215112 102.089238 93.485212
r142 100.072909 98.186527 142.977809 120.177027
r143 140.063734 93.955439 180.101034 117.520939
r144 45.906069 82.167106 47.646869 83.575006
r145 31.987269 82.338989 45.520969 105.121589
r146 25.274479 109.704349 52.057879 121.216449
r147 27.989670 142.279650 54.867070 153.751450
r148 25.449863 157.793985 48.150063 180.884885
r149 41.744042 165.570369 44.670742 166.994069
r150 46.958463 69.034816 48.430963 70.699316
r151 31.940817 71.412597 52.622917 86.320797
r152 41.219629 99.074670 47.464729 110.770070
r153 41.218612 131.839667 47.665812 143.168567
r154 25.104805 140.280745 56.163605 157.157345
r155 42.592806 161.002996 44.491506 163.197496
r156 35.720306 28.384936 62.494106 39.901136
r157 35.259226 38.718269 56.411126 53.295369
r158 32.239769 59.985252 58.421569 72.435852
r159 33.621161 120.272726 58.708261 133.266626
r160 31.283282 116.745944 55.365882 138.511344
r161 17.835699 153.734142 64.393299 173.999342
r162 41.811693 9.015861 62.720193 34.085361
r163 30.733684 33.865462 66.362284 48.577462
r164 41.959353 58.158497 60.164753 88.598197
r165 40.107379 88.773458 59.811679 116.897558
r166 35.357071 114.179164 60.374671 151.892664
r167 65.047906 133.654306 85.966906 178.756806
r168 57.740046 26.228260 59.759946 29.941260
r169 30.840480 16.068996 67.454480 41.837896
r170 36.164928 45.792370 65.838028 77.588870
r171 38.855843 78.425570 68.241043 110.533570
r172 58.163621 110.112804 103.292821 131.019404
r173 79.427726 127.248605 83.678926 129.012805
r174 66.363163 32.378704 70.443263 34.216904
r175 69.123820 41.104301 72.876920 43.102701
r176 66.421914 45.555860 100.835714 72.972160
r177 69.261263 77.686766 108.569663 101.689266
r178 85.062856 108.802770 88.358656 111.078370
r179 84.081208 112.416481 87.882008 114.389781
r180 41.409558 80.920425 42.514858 83.137925
r181 35.774783 89.447844 37.944083 90.577744
r182 32.530750 107.846336 34.229150 109.289436
r183 33.258654 140.805416 34.777854 142.418816
r184 34.580592 149.572677 36.419292 151.838777
r185 37.659796 153.579238 40.800496 154.905938
r186 40.712384 72.607095 43.016984 73.670595
r187 34.230708 78.927077 35.269608 81.286277
r188 9.076743 94.151296 35.478543 105.829796
r189 14.359659 130.932043 37.161459 144.454343
r190 31.998707 143.863656 33.822107 146.148756
r191 37.766243 149.599725 40.191343 151.317925
r192 41.783138 48.566990 43.757038 49.808690
r193 17.731292 49.123200 42.645692 61.498900
r194 9.683792 67.225823 29.656392 82.663623
r195 11.687852 113.016804 27.964452 131.960204
r196 11.442521 115.112640 28.281521 146.240740
r197 38.191135 143.580817 41.155035 146.111217
r198 45.290860 42.469996 47.667560 44.223196
r199 13.735202 47.662801 48.816002 62.604501
r200 6.761122 66.361541 39.015222 82.612641
r201 9.790141 92.797414 34.549041 113.968314
r202 2.766733 113.097468 34.003133 143.302668
r203 55.496539 137.731318 59.416039 139.644818
r204 52.977048 38.286543 54.873348 42.241543
r205 44.089187 46.577379 46.597887 49.566979
r206 1.422096 50.993118 35.565096 78.626918
r207 3.192214 82.856989 37.730714 110.174389
r208 67.287428 116.311521 69.442528 119.791621
r209 70.351732 123.179008 73.034132 125.975008
r210 61.762394 38.361694 63.985194 41.735894
r211 62.953707 45.085481 65.053107 48.657981
r212 67.328166 60.970424 69.062566 65.294724
r213 70.686721 91.387744 73.633021 93.933344
r214 74.489625 108.051125 76.788725 111.313325
r215 75.619067 113.174407 78.907967 115.454807

[Iter 2000]
r0 128.224658 88.011586 130.236058 89.230186
r1 132.940692 95.088601 135.345192 96.108001
r2 132.088973 102.645666 149.065073 120.808466
r3 132.100116 131.345743 156.173216 144.153943
r4 137.681704 155.563160 138.930804 157.525360
r5 133.719516 164.083981 135.041016 165.938681
r6 132.005769 78.112403 134.394769 79.138303
r7 134.342375 76.909603 156.436075 90.865303
r8 138.055086 96.821758 165.003586 108.263358
r9 138.261244 120.775862 164.227144 132.650362
r10 135.609034 152.179830 161.958134 163.881730
r11 139.892745 167.755965 141.862745 169.000165
r12 129.215419 39.174329 145.925719 57.626029
r13 140.441948 53.351421 159.776648 69.298621
r14 151.295074 76.880861 170.758674 93.629061
r15 155.639029 107.578803 174.946529 124.462403
r16 147.593198 142.998060 173.879398 154.727860
r17 147.534718 164.421251 164.889518 182.187751
r18 138.447408 17.904710 166.067808 29.067910
r19 152.240922 40.054309 173.724822 54.406209
r20 157.839519 64.657846 168.932319 72.833146
r21 159.313326 108.180731 172.420326 119.942931
r22 153.469381 143.454711 183.172281 161.101711
r23 146.506509 162.817341 175.140309 181.123241
r24 151.672682 25.756811 153.515582 27.086811
r25 153.128205 29.611908 180.031405 41.072708
r26 163.829110 55.053301 181.321210 72.680301
r27 153.644391 94.298027 184.825291 111.108527
r28 153.143400 121.167831 187.390000 136.473531
r29 158.750987 152.661613 161.913687 155.033013
r30 151.618158 28.733233 154.833558 30.029033
r31 159.292704 35.507611 161.040604 37.891411
r32 162.271364 38.180339 180.063964 67.640239
r33 161.783604 68.356803 182.663304 93.461003
r34 162.103032 124.182465 165.183032 125.535265
r35 157.826239 139.816228 161.987139 141.618728
r36 114.873120 88.796756 116.961820 89.970156
r37 105.491302 93.239203 124.928402 109.102303
r38 102.529353 109.650938 126.381853 122.577638
r39 99.486757 131.529024 126.651557 142.879524
r40 99.741538 148.589925 117.627038 165.829125
r41 113.289406 167.353966 114.407206 169.546566
r42 105.268318 71.525768 129.122418 84.451568
r43 114.759650 83.928820 140.940850 95.705720
r44 121.809166 99.756446 131.977566 108.674846
r45 115.278983 129.598856 129.541983 135.956956
r46 114.467656 145.152652 134.068956 160.882852
r47 109.901380 167.697612 129.271580 183.615512
r48 102.734967 32.728135 119.792967 50.803735
r49 114.372808 52.365799 126.807008 59.659099
r50 117.763936 66.947022 137.071836 75.604522
r51 122.953685 116.597946 134.512185 131.059746
r52 126.115874 148.660054 140.389774 155.013354
r53 123.786503 166.329305 145.991303 180.215205
r54 104.240110 17.776868 127.241310 31.181968
r55 111.613669 40.533852 125.785969 46.932652
r56 117.287106 55.597984 134.094406 65.543484
r57 122.409085 96.651924 144.405585 109.570624
r58 128.260305 147.845866 140.114005 160.851666
r59 122.818643 160.797364 146.812843 182.642864
r60 124.436907 10.130217 143.130607 26.624217
r61 123.766328 31.724401 151.269528 42.935201
r62 134.970825 64.571899 148.042325 71.509599
r63 134.882940 86.231592 146.576540 99.415492
r64 123.255812 137.768898 158.473612 152.652498
r65 133.525200 154.811749 166.929400 183.056749
r66 145.385528 25.310326 148.552428 26.626026
r67 134.969486 26.216416 165.196486 43.557416
r68 129.129962 50.371702 162.221162 66.211802
r69 126.914201 73.326390 162.808901 87.929290
r70 136.783120 105.381358 153.783420 136.214158
r71 149.587670 139.005823 153.699570 140.829823
r72 95.353778 79.526844 108.253578 103.429044
r73 74.487735 90.722932 96.876135 104.494932
r74 79.234542 111.729213 91.730642 118.986413
r75 76.117590 137.387779 91.109390 143.436879
r76 65.973203 150.532739 91.663303 162.534739
r77 65.111683 166.139098 86.998883 180.226498
r78 74.877522 71.983681 99.989622 84.261981
r79 80.749764 81.731850 88.679264 90.942950
r80 81.575197 103.668618 97.631797 114.079118
r81 82.416717 123.964565 90.726417 144.080465
r82 84.105765 146.406346 90.417665 157.978046
r83 82.553896 168.393398 104.543996 182.414798
r84 86.461148 36.137667 99.587948 41.701767
r85 86.269667 36.573392 97.162467 51.918992
r86 81.908653 49.121765 102.730653 71.840065
r87 85.339943 117.365307 110.109843 132.900507
r88 93.115149 141.482634 105.235249 155.274334
r89 94.163640 162.189340 104.848040 169.025340
r90 92.567399 20.929817 105.379499 30.621117
r91 95.319117 28.582207 106.697617 53.556307
r92 101.872610 56.188160 114.063210 69.900060
r93 96.890834 99.717342 110.819034 120.119542
r94 101.194810 143.034830 119.815510 158.295630
r95 103.655237 158.389217 115.402337 168.959217
r96 102.032374 6.020231 128.612074 25.740731
r97 104.909725 35.282425 117.359525 45.255825
r98 95.570937 58.714006 132.229737 73.830906
r99 103.009521 81.522879 126.089921 105.533179
r100 108.498769 136.892671 122.156769 145.983771
r101 95.080216 157.278401 132.534116 182.469401
r102 135.739095 1.136319 158.926895 41.825919
r103 114.663124 26.050703 135.997024 50.620403
r104 114.095081 49.723141 122.090781 65.252341
r105 109.911991 76.220913 122.776791 85.872613
r106 111.288652 111.993580 134.199852 134.871780
r107 133.257554 125.370915 174.055854 148.496815
r108 53.829786 76.265999 71.925786 93.304799
r109 46.833171 91.498208 73.857271 102.907808
r110 58.700728 112.656358 67.757628 120.720858
r111 59.064737 141.957236 70.464637 148.364236
r112 52.787594 147.842013 82.224694 165.648313
r113 46.292810 169.660900 75.858110 187.390000
r114 53.487175 52.272735 76.493975 65.674535
r115 58.752557 74.040296 68.210357 81.762996
r116 52.747018 103.795302 76.968518 117.253602
r117 53.793579 129.723254 76.901579 143.830054
r118 68.390853 138.711456 75.642253 155.834456
r119 72.954210 168.282047 106.294210 184.003847
r120 66.871674 34.638597 77.705774 41.380197
r121 60.514465 35.340323 81.992565 50.517723
r122 66.600914 59.095094 76.724314 75.607094
r123 67.206888 116.145895 76.525688 134.083495
r124 54.633759 122.581266 86.225159 140.122966
r125 82.164317 156.296139 97.777917 164.248639
r126 72.884374 18.365175 83.360374 30.217675
r127 66.302778 27.215828 92.420278 48.434028
r128 62.093290 71.345346 87.107690 82.705446
r129 67.473873 95.290097 78.138973 121.934797
r130 84.923966 117.135558 102.382566 148.877358
r131 88.006482 147.070216 96.879982 161.063216
r132 65.251455 0.000000 95.342955 31.354400
r133 76.301640 26.702435 86.084440 49.548735
r134 65.649022 49.903411 90.833122 71.908011
r135 76.522677 81.004508 95.352077 110.435508
r136 98.321849 125.600187 115.286049 132.919487
r137 86.265395 132.965507 134.775395 152.415107
r138 96.490223 1.508392 133.466923 27.024492
r139 97.502207 31.911131 136.004307 56.416331
r140 91.230760 55.805118 104.211760 65.370418
r141 94.895785 75.883753 102.085485 93.153853
r142 99.082066 98.837414 141.986966 120.827914
r143 140.254920 94.918936 180.292220 118.484436
r144 45.367697 82.254820 47.108497 83.662720
r145 31.097418 82.990169 44.631118 105.772769
r146 25.127708 110.326250 51.911108 121.838350
r147 28.138277 143.079388 55.015677 154.551188
r148 24.956195 158.550364 47.656395 181.641264
r149 41.746106 165.658955 44.672806 167.082655
r150 46.391795 69.253160 47.864295 70.917660
r151 31.016446 71.675494 51.698546 86.583694
r152 41.240458 99.379046 47.485558 111.074446
r153 41.676717 132.069070 48.123917 143.397970
r154 25.285129 140.494527 56.343929 157.371127
r155 42.695520 161.108892 44.594220 163.303392
r156 35.337352 27.860057 62.111152 39.376257
r157 34.849725 38.544823 56.001625 53.121923
r158 32.209175 59.981611 58.390975 72.432211
r159 33.587935 121.123233 58.675035 134.117133
r160 31.173699 116.325831 55.256299 138.091231
r161 17.290603 153.887621 63.848203 174.152821
r162 41.435775 8.480339 62.344275 33.549839
r163 30.715535 33.992178 66.344135 48.704178
r164 42.094558 58.703142 60.299958 89.142842
r165 39.617443 88.316476 59.321743 116.440576
r166 35.023051 114.343171 60.040651 152.056671
r167 65.158771 134.667265 86.077771 179.769765
r168 57.440204 26.446384 59.460104 30.159384
r169 29.321633 16.513011 65.935633 42.281911
r170 36.256296 45.752066 65.929396 77.548566
r171 38.458516 78.158444 67.843716 110.266444
r172 59.806051 109.817053 104.935251 130.723653
r173 79.624215 127.612700 83.875415 129.376900
r174 66.536893 32.378940 70.616993 34.217140
r175 69.273178 40.861229 73.026278 42.859629
r176 66.249854 47.144297 100.663654 74.560597
r177 68.594466 76.734037 107.902866 100.736537
r178 85.404383 108.763019 88.700183 111.038619
r179 84.538299 112.366326 88.339099 114.339626
r180 41.176969 81.107472 42.282269 83.324972
r181 35.683443 89.496589 37.852743 90.626489
r182 32.449784 108.310768 34.148184 109.753868
r183 33.147329 141.090444 34.666529 142.703844
r184 34.589312 149.651688 36.428012 151.917788
r185 37.672751 153.664107 40.813451 154.990807
r186 40.362486 72.935803 42.667086 73.999303
r187 33.973968 79.155699 35.012868 81.514899
r188 8.297554 94.481130 34.699354 106.159630
r189 14.261040 131.418756 37.062840 144.941056
r190 32.048116 143.933198 33.871516 146.218298
r191 37.792127 149.681263 40.217227 151.399463
r192 41.553595 48.675753 43.527495 49.917453
r193 17.290506 49.276677 42.204906 61.652377
r194 9.038468 66.958996 29.011068 82.396796
r195 11.418005 113.127768 27.694605 132.071168
r196 10.894278 115.636550 27.733278 146.764650
r197 38.391345 143.828109 41.355245 146.358509
r198 45.100646 42.596663 47.477346 44.349863
r199 13.390385 48.223736 48.471185 63.165436
r200 6.479240 66.712257 38.733340 82.963357
r201 9.624987 93.498147 34.383887 114.669047
r202 2.323539 113.730489 33.559939 143.935689
r203 55.472004 137.742826 59.391504 139.656326
r204 52.899526 38.340502 54.795826 42.295502
r205 44.054785 46.566968 46.563485 49.556568
r206 0.150878 51.175257 34.293878 78.809057
r207 3.119494 83.012064 37.657994 110.329464
r208 67.166183 116.645263 69.321283 120.125363
r209 70.252738 123.371447 72.935138 126.167447
r210 61.829152 38.350396 64.051952 41.724596
r211 63.206925 45.049221 65.306325 48.621721
r212 67.614638 61.360583 69.349038 65.684883
r213 70.996056 92.263649 73.942356 94.809249
r214 74.742894 108.310549 77.041994 111.572749
r215 75.852975 113.580071 79.141875 115.860471

[Iter 2050]
r0 128.020320 88.224296 130.031720 89.442896
r1 132.796105 95.591787 135.200605 96.611187
r2 132.137903 103.750921 149.114003 121.913721
r3 132.018186 132.535130 156.091286 145.343330
r4 137.799519 156.402126 139.048619 158.364326
r5 133.805889 164.590857 135.127389 166.445557
r6 131.937000 78.759263 134.326000 79.785163
r7 134.982520 76.605199 157.076220 90.560899
r8 138.559330 96.755117 165.507830 108.196717
r9 138.830773 121.681272 164.796673 133.555772
r10 136.174991 153.740022 162.524091 165.441922
r11 140.078879 168.617687 142.048879 169.861887
r12 129.151170 39.508012 145.861470 57.959712
r13 140.780452 53.381138 160.115152 69.328338
r14 152.406077 77.494445 171.869677 94.242645
r15 155.660330 107.920531 174.967830 124.804131
r16 147.512162 143.473084 173.798362 155.202884
r17 148.863289 165.184855 166.218089 182.951355
r18 137.595129 17.841176 165.215529 29.004376
r19 152.104801 39.947955 173.588701 54.299855
r20 157.812916 64.850914 168.905716 73.026214
r21 159.260102 108.418238 172.367102 120.180438
r22 153.942156 143.548296 183.645056 161.195296
r23 146.676890 163.208359 175.310690 181.514259
r24 150.933952 25.712781 152.776852 27.042781
r25 153.224649 29.268229 180.127849 40.729029
r26 164.289526 55.375365 181.781626 73.002365
r27 153.754335 94.221639 184.935235 111.032139
r28 153.143400 121.199590 187.390000 136.505290
r29 158.915126 153.218797 162.077826 155.590197
r30 151.184116 28.742715 154.399516 30.038515
r31 159.022264 35.370591 160.770164 37.754391
r32 162.551955 37.825601 180.344555 67.285501
r33 161.981662 67.988114 182.861362 93.092314
r34 162.190304 124.411534 165.270304 125.764334
r35 157.807482 140.800859 161.968382 142.603359
r36 114.845434 89.266165 116.934134 90.439565
r37 105.616178 93.915456 125.053278 109.778556
r38 102.657782 110.024906 126.510282 122.951606
r39 99.340697 132.022466 126.505497 143.372966
r40 99.671311 149.308073 117.556811 166.547273
r41 112.911856 167.882640 114.029656 170.075240
r42 104.529288 71.457802 128.383388 84.383602
r43 115.488786 84.702438 141.669986 96.479338
r44 123.185076 99.836560 133.353476 108.754960
r45 115.801149 130.757984 130.064149 137.116084
r46 114.583833 146.310115 134.185133 162.040315
r47 109.169458 169.042782 128.539658 184.960682
r48 102.719618 32.914386 119.777618 50.989986
r49 114.256323 52.404415 126.690523 59.697715
r50 118.011620 66.520142 137.319520 75.177642
r51 123.155281 117.223613 134.713781 131.685413
r52 126.085424 149.638100 140.359324 155.991400
r53 123.605921 167.016351 145.810721 180.902251
r54 103.532021 17.635692 126.533221 31.040792
r55 111.576733 40.181949 125.749033 46.580749
r56 117.448009 55.677194 134.255309 65.622694
r57 122.598702 96.719066 144.595202 109.637766
r58 128.220363 148.774028 140.074063 161.779828
r59 122.786374 161.555064 146.780574 183.400564
r60 123.516589 9.799658 142.210289 26.293658
r61 123.675329 31.538311 151.178529 42.749111
r62 135.012854 64.625662 148.084354 71.563362
r63 134.946831 86.191909 146.640431 99.375809
r64 123.326406 138.092466 158.544206 152.976066
r65 133.502856 157.747309 166.907056 185.992309
r66 145.288344 25.248044 148.455244 26.563744
r67 134.982489 26.038879 165.209489 43.379879
r68 129.071780 50.314183 162.162980 66.154283
r69 126.851114 73.303728 162.745814 87.906628
r70 136.655632 106.040716 153.655932 136.873516
r71 149.888554 139.328953 154.000454 141.152953
r72 95.150143 79.226817 108.049943 103.129017
r73 74.426523 91.020494 96.814923 104.792494
r74 79.167775 112.820631 91.663875 120.077831
r75 76.048163 137.986186 91.039963 144.035286
r76 65.647382 151.644922 91.337482 163.646922
r77 64.713839 166.848944 86.601039 180.936344
r78 74.035754 72.699410 99.147854 84.977710
r79 79.985856 82.197872 87.915356 91.408972
r80 81.823333 104.713543 97.879933 115.124043
r81 82.217544 125.706045 90.527244 145.821945
r82 83.667650 147.319527 89.979550 158.891227
r83 82.497660 169.707016 104.487760 183.728416
r84 86.060627 36.452741 99.187427 42.016841
r85 85.960432 36.382744 96.853232 51.728344
r86 81.805215 49.772739 102.627215 72.491039
r87 85.306127 118.430285 110.076027 133.965485
r88 93.018824 142.964696 105.138924 156.756396
r89 93.846923 163.556001 104.531323 170.392001
r90 92.227172 20.825392 105.039272 30.516692
r91 94.936099 28.817742 106.314599 53.791842
r92 101.551031 56.260022 113.741631 69.971922
r93 95.777858 100.075573 109.706058 120.477773
r94 101.197084 143.702183 119.817784 158.962983
r95 103.778396 159.413770 115.525496 169.983770
r96 101.669156 6.100793 128.248856 25.821293
r97 104.180101 35.330227 116.629901 45.303627
r98 95.070280 59.034748 131.729080 74.151648
r99 102.731722 82.348713 125.812122 106.359013
r100 108.653958 137.674642 122.311958 146.765742
r101 95.504289 157.523835 132.958189 182.714835
r102 135.649148 1.509288 158.836948 42.198888
r103 114.439918 26.337724 135.773818 50.907424
r104 114.133861 49.616631 122.129561 65.145831
r105 109.503703 76.321757 122.368503 85.973457
r106 110.871701 112.550444 133.782901 135.428644
r107 134.188460 123.311289 174.986760 146.437189
r108 52.884717 76.543045 70.980717 93.581845
r109 46.702643 92.768895 73.726743 104.178495
r110 58.710479 114.401166 67.767379 122.465666
r111 58.842666 143.216813 70.242566 149.623813
r112 52.565240 148.426079 82.002340 166.232379
r113 46.231730 169.660900 75.797030 187.390000
r114 52.804073 52.676023 75.810873 66.077823
r115 58.671374 75.972413 68.129174 83.695113
r116 52.662237 104.774671 76.883737 118.232971
r117 53.035039 131.272149 76.143039 145.378949
r118 68.075148 138.777148 75.326548 155.900148
r119 73.224531 169.467811 106.564531 185.189611
r120 66.334957 34.978126 77.169057 41.719726
r121 60.207331 35.290765 81.685431 50.468165
r122 66.541077 58.566839 76.664477 75.078839
r123 67.112135 117.316619 76.430935 135.254219
r124 54.143532 122.568076 85.734932 140.109776
r125 82.141117 158.007808 97.754717 165.960308
r126 72.214449 17.873555 82.690449 29.726055
r127 65.671774 27.188520 91.789274 48.406720
r128 62.124398 71.788461 87.138798 83.148561
r129 66.662975 95.861292 77.328075 122.505992
r130 84.400828 118.533658 101.859428 150.275458
r131 87.829832 148.207864 96.703332 162.200864
r132 64.943720 0.000000 95.035220 31.354400
r133 76.301008 27.618577 86.083808 50.464877
r134 65.124699 49.966558 90.308799 71.971158
r135 76.203499 81.641709 95.032899 111.072709
r136 98.016776 126.561718 114.980976 133.881018
r137 87.769647 131.391600 136.279647 150.841200
r138 96.196025 3.272290 133.172725 28.788390
r139 97.590280 32.419699 136.092380 56.924899
r140 90.911981 55.687061 103.892981 65.252361
r141 94.584117 76.157370 101.773817 93.427470
r142 100.294023 100.641729 143.198923 122.632229
r143 139.907062 94.587965 179.944362 118.153465
r144 44.934113 82.887129 46.674913 84.295029
r145 30.683008 84.197002 44.216708 106.979602
r146 24.660171 111.256103 51.443571 122.768203
r147 27.686872 143.947753 54.564272 155.419553
r148 24.423914 159.467976 47.124114 182.558876
r149 41.532496 166.206520 44.459196 167.630220
r150 45.783858 69.762219 47.256358 71.426719
r151 30.467043 72.587131 51.149143 87.495331
r152 41.361454 99.476894 47.606554 111.172294
r153 41.254864 133.600282 47.702064 144.929182
r154 24.768885 141.777228 55.827685 158.653828
r155 42.553021 161.760279 44.451721 163.954779
r156 34.701879 28.081404 61.475679 39.597604
r157 34.397619 38.741496 55.549519 53.318596
r158 32.225540 60.601215 58.407340 73.051815
r159 33.395717 121.737939 58.482817 134.731839
r160 30.359433 116.462921 54.442033 138.228321
r161 16.927127 155.991887 63.484727 176.257087
r162 41.031256 8.193440 61.939756 33.262940
r163 29.923345 34.089279 65.551945 48.801279
r164 41.838451 58.671609 60.043851 89.111309
r165 39.543381 88.671494 59.247681 116.795594
r166 34.360265 114.055214 59.377865 151.768714
r167 64.439597 134.982747 85.358597 180.085247
r168 56.888389 26.281925 58.908289 29.994925
r169 28.205060 16.984690 64.819060 42.753590
r170 35.713935 45.924960 65.387035 77.721460
r171 38.938047 78.830525 68.323247 110.938525
r172 59.456033 111.358019 104.585233 132.264619
r173 79.065575 129.014038 83.316775 130.778238
r174 66.058727 32.481921 70.138827 34.320121
r175 69.034294 41.672402 72.787394 43.670802
r176 66.569080 48.737552 100.982880 76.153852
r177 69.784141 78.241609 109.092541 102.244109
r178 84.928480 109.535229 88.224280 111.810829
r179 84.187086 113.160854 87.987886 115.134154
r180 41.038337 81.802802 42.143637 84.020302
r181 35.433138 90.663963 37.602438 91.793863
r182 32.193802 108.824889 33.892202 110.267989
r183 32.939352 141.574563 34.458552 143.187963
r184 34.313558 149.771321 36.152258 152.037421
r185 37.520998 153.715236 40.661698 155.041936
r186 39.967856 73.425438 42.272456 74.488938
r187 33.850779 79.546776 34.889679 81.905976
r188 7.798820 95.475689 34.200620 107.154189
r189 13.857051 132.178112 36.658851 145.700412
r190 31.807658 144.465510 33.631058 146.750610
r191 37.649987 149.991113 40.075087 151.709313
r192 41.162566 49.189131 43.136466 50.430831
r193 16.841860 49.919626 41.756260 62.295326
r194 8.886224 67.320901 28.858824 82.758701
r195 10.768019 114.201467 27.044619 133.144867
r196 10.025095 115.679524 26.864095 146.807624
r197 38.296540 143.670967 41.260440 146.201367
r198 44.749469 42.959587 47.126169 44.712787
r199 12.519494 48.738640 47.600294 63.680340
r200 5.997765 67.343083 38.251865 83.594183
r201 9.424785 93.417638 34.183685 114.588538
r202 0.308808 113.667273 31.545208 143.872473
r203 55.734994 137.952022 59.654494 139.865522
r204 52.759214 38.462799 54.655514 42.417799
r205 42.862832 46.763972 45.371532 49.753572
r206 0.000000 51.579339 34.143000 79.213139
r207 2.243456 83.211074 36.781956 110.528474
r208 66.564247 117.224676 68.719347 120.704776
r209 70.075023 124.312210 72.757423 127.108210
r210 61.670910 38.464296 63.893710 41.838496
r211 62.855840 45.484078 64.955240 49.056578
r212 67.716705 61.714043 69.451105 66.038343
r213 71.049244 92.128499 73.995544 94.674099
r214 74.450538 108.793637 76.749638 112.055837
r215 75.650817 114.190274 78.939717 116.470674

[Iter 2100]
r0 128.115604 88.406933 130.127004 89.625533
r1 132.874955 95.882057 135.279455 96.901457
r2 132.323468 104.590802 149.299568 122.753602
r3 131.932567 133.352212 156.005667 146.160412
r4 137.927880 156.881410 139.176980 158.843610
r5 134.118957 165.221600 135.440457 167.076300
r6 131.928671 78.882740 134.317671 79.908640
r7 134.272452 76.557681 156.366152 90.513381
r8 137.625594 96.905566 164.574094 108.347166
r9 138.615355 122.511409 164.581255 134.385909
r10 136.312472 154.342580 162.661572 166.044480
r11 140.532495 169.176239 142.502495 170.420439
r12 129.012199 39.477762 145.722499 57.929462
r13 140.811877 53.304289 160.146577 69.251489
r14 151.699782 77.558418 171.163382 94.306618
r15 155.429341 108.737083 174.736841 125.620683
r16 147.763811 144.101249 174.050011 155.831049
r17 149.135382 165.700894 166.490182 183.467394
r18 137.494259 17.922637 165.114659 29.085837
r19 151.910619 39.959723 173.394519 54.311623
r20 157.551882 64.861674 168.644682 73.036974
r21 159.094440 108.393078 172.201440 120.155278
r22 154.004130 143.660506 183.707030 161.307506
r23 146.949265 163.205798 175.583065 181.511698
r24 151.025130 25.559542 152.868030 26.889542
r25 152.914319 29.301365 179.817519 40.762165
r26 163.953267 55.635021 181.445367 73.262021
r27 153.637574 94.252331 184.818474 111.062831
r28 153.143400 121.318940 187.390000 136.624640
r29 159.211192 153.095150 162.373892 155.466550
r30 151.191074 28.595655 154.406474 29.891455
r31 159.042726 35.200904 160.790626 37.584704
r32 162.398436 38.019354 180.191036 67.479254
r33 161.755922 68.170690 182.635622 93.274890
r34 162.248628 124.485083 165.328628 125.837883
r35 158.247633 141.099329 162.408533 142.901829
r36 114.858040 89.405789 116.946740 90.579189
r37 105.451689 93.836738 124.888789 109.699838
r38 102.517281 110.074735 126.369781 123.001435
r39 99.694236 132.262213 126.859036 143.612713
r40 99.801741 149.361121 117.687241 166.600321
r41 112.998901 168.315817 114.116701 170.508417
r42 105.107725 72.236249 128.961825 85.162049
r43 114.724676 84.417215 140.905876 96.194115
r44 123.155108 100.045522 133.323508 108.963922
r45 116.323661 131.015865 130.586661 137.373965
r46 114.643752 146.677754 134.245052 162.407954
r47 109.316355 169.157147 128.686555 185.075047
r48 102.777412 33.231359 119.835412 51.306959
r49 114.274477 52.665837 126.708677 59.959137
r50 117.741203 67.245139 137.049103 75.902639
r51 123.035061 117.421614 134.593561 131.883414
r52 126.078164 150.323833 140.352064 156.677133
r53 123.677959 167.452340 145.882759 181.338240
r54 103.503509 17.842824 126.504709 31.247924
r55 111.625539 40.482339 125.797839 46.881139
r56 117.530191 55.993722 134.337491 65.939222
r57 122.623045 96.847231 144.619545 109.765931
r58 128.450639 148.801423 140.304339 161.807223
r59 123.113388 161.333080 147.107588 183.178580
r60 123.466559 10.107979 142.160259 26.601979
r61 123.577329 31.706904 151.080529 42.917704
r62 135.005367 64.681463 148.076867 71.619163
r63 135.022100 86.460727 146.715700 99.644627
r64 123.538549 138.335465 158.756349 153.219065
r65 133.823915 153.726351 167.228115 181.971351
r66 144.985799 25.197720 148.152699 26.513420
r67 134.829118 26.087336 165.056118 43.428336
r68 129.117605 50.251796 162.208805 66.091896
r69 126.714481 73.364835 162.609181 87.967735
r70 136.472413 106.077485 153.472713 136.910285
r71 149.752498 140.334290 153.864398 142.158290
r72 95.194397 79.216934 108.094197 103.119134
r73 74.678945 92.057932 97.067345 105.829932
r74 79.245770 113.554664 91.741870 120.811864
r75 76.055965 138.160004 91.047765 144.209104
r76 65.379873 151.744418 91.069973 163.746418
r77 64.804487 167.062985 86.691687 181.150385
r78 73.604232 73.099159 98.716332 85.377459
r79 80.014528 82.948006 87.944028 92.159106
r80 81.840309 105.118919 97.896909 115.529419
r81 82.482978 126.075117 90.792678 146.191017
r82 84.175408 147.825364 90.487308 159.397064
r83 82.489817 169.700118 104.479917 183.721518
r84 86.031091 37.107218 99.157891 42.671318
r85 85.850789 37.133199 96.743589 52.478799
r86 81.988476 50.110614 102.810476 72.828914
r87 85.820253 118.908293 110.590153 134.443493
r88 93.087617 143.474096 105.207717 157.265796
r89 93.915995 163.961699 104.600395 170.797699
r90 92.178325 21.312060 104.990425 31.003360
r91 94.984630 29.051280 106.363130 54.025380
r92 101.698692 56.353003 113.889292 70.064903
r93 96.385417 100.698323 110.313617 121.100523
r94 101.679313 143.800647 120.300013 159.061447
r95 104.150929 159.487165 115.898029 170.057165
r96 101.164391 6.257775 127.744091 25.978275
r97 104.279217 35.518765 116.729017 45.492165
r98 95.274182 59.066350 131.932982 74.183250
r99 102.875081 82.217661 125.955481 106.227961
r100 108.569073 137.212804 122.227073 146.303904
r101 95.761827 157.519085 133.215727 182.710085
r102 134.943971 0.731615 158.131771 41.421215
r103 114.378956 26.113875 135.712856 50.683575
r104 114.149945 49.748853 122.145645 65.278053
r105 109.587601 76.341454 122.452401 85.993154
r106 111.055402 112.501687 133.966602 135.379887
r107 132.915518 126.328487 173.713818 149.454387
r108 52.920484 77.538955 71.016484 94.577755
r109 46.990515 93.317625 74.014615 104.727225
r110 58.714684 114.405956 67.771584 122.470456
r111 58.745687 143.140878 70.145587 149.547878
r112 52.194435 148.294459 81.631535 166.100759
r113 46.065812 169.558485 75.631112 187.287585
r114 52.964041 53.665407 75.970841 67.067207
r115 58.723448 76.713730 68.181248 84.436430
r116 52.848144 105.191650 77.069644 118.649950
r117 53.169642 131.396315 76.277642 145.503115
r118 68.246628 139.274270 75.498028 156.397270
r119 73.034092 169.462123 106.374092 185.183923
r120 66.292625 35.598186 77.126725 42.339786
r121 60.168065 36.311208 81.646165 51.488608
r122 66.616933 59.654532 76.740333 76.166532
r123 67.504571 117.560566 76.823371 135.498166
r124 54.046978 123.175464 85.638378 140.717164
r125 82.097830 158.175836 97.711430 166.128336
r126 72.204302 18.531860 82.680302 30.384360
r127 65.614923 27.786419 91.732423 49.004619
r128 62.364743 72.062337 87.379143 83.422437
r129 67.116348 96.089832 77.781448 122.734532
r130 84.566685 119.437968 102.025285 151.179768
r131 87.937711 148.633712 96.811211 162.626712
r132 64.932743 0.000000 95.024243 31.354400
r133 75.609921 27.946408 85.392721 50.792708
r134 65.238291 50.565849 90.422391 72.570449
r135 76.361449 81.978851 95.190849 111.409851
r136 97.606945 126.621410 114.571145 133.940710
r137 86.327871 133.861196 134.837871 153.310796
r138 95.728266 0.706166 132.704966 26.222266
r139 96.371067 29.976759 134.873167 54.481959
r140 90.851756 56.368001 103.832756 65.933301
r141 94.745091 76.374995 101.934791 93.645095
r142 100.042538 101.542056 142.947438 123.532556
r143 140.395719 97.236857 180.433019 120.802357
r144 44.929280 83.595122 46.670080 85.003022
r145 30.742904 84.556133 44.276604 107.338733
r146 24.432171 111.460517 51.215571 122.972617
r147 27.541153 144.042393 54.418553 155.514193
r148 24.199494 159.647856 46.899694 182.738756
r149 41.069799 166.506472 43.996499 167.930172
r150 45.812249 70.857912 47.284749 72.522412
r151 30.679770 73.040605 51.361870 87.948805
r152 41.209030 99.732587 47.454130 111.427987
r153 41.183279 133.781187 47.630479 145.110087
r154 24.581213 141.243876 55.640013 158.120476
r155 41.969194 161.701935 43.867894 163.896435
r156 34.715428 28.602143 61.489228 40.118343
r157 34.442736 39.309641 55.594636 53.886741
r158 32.170718 61.026998 58.352518 73.477598
r159 33.326974 121.911739 58.414074 134.905639
r160 30.393338 117.340922 54.475938 139.106322
r161 16.915615 157.496939 63.473215 177.762139
r162 40.888008 8.874013 61.796508 33.943513
r163 29.971840 34.494946 65.600440 49.206946
r164 41.997502 58.830729 60.202902 89.270429
r165 39.508801 88.896221 59.213101 117.020321
r166 34.303624 114.671429 59.321224 152.384929
r167 63.867748 135.712392 84.786748 180.814892
r168 56.735993 26.962972 58.755893 30.675972
r169 28.740791 15.795959 65.354791 41.564859
r170 36.759846 45.786734 66.432946 77.583234
r171 38.892681 79.492023 68.277881 111.600023
r172 59.205557 113.105630 104.334757 134.012230
r173 78.981379 129.149074 83.232579 130.913274
r174 66.090163 32.423847 70.170263 34.262047
r175 69.067163 40.805220 72.820263 42.803620
r176 68.136822 48.970852 102.550622 76.387152
r177 68.423745 80.177084 107.732145 104.179584
r178 84.843833 110.757195 88.139633 113.032795
r179 84.028801 113.927543 87.829601 115.900843
r180 40.945748 82.277640 42.051048 84.495140
r181 35.323911 90.950432 37.493211 92.080332
r182 31.936164 109.394068 33.634564 110.837168
r183 32.643939 141.828999 34.163139 143.442399
r184 33.948510 149.839405 35.787210 152.105505
r185 36.993426 153.911411 40.134126 155.238111
r186 39.914389 74.393741 42.218989 75.457241
r187 33.877692 80.286018 34.916592 82.645218
r188 7.869527 95.731729 34.271327 107.410229
r189 13.839932 132.332073 36.641732 145.854373
r190 31.476854 144.734697 33.300254 147.019797
r191 37.208132 150.318789 39.633232 152.036989
r192 41.123794 49.881248 43.097694 51.122948
r193 17.025476 50.348143 41.939876 62.723843
r194 9.069417 67.610504 29.042017 83.048304
r195 10.734467 114.411798 27.011067 133.355198
r196 10.160289 116.406978 26.999289 147.535078
r197 37.738557 144.192933 40.702457 146.723333
r198 44.616755 43.580752 46.993455 45.333952
r199 12.608597 49.065908 47.689397 64.007608
r200 6.192161 67.618716 38.446261 83.869816
r201 9.311829 94.008627 34.070729 115.179527
r202 1.001650 114.902243 32.238050 145.107443
r203 55.331833 138.736766 59.251333 140.650266
r204 52.691637 38.912723 54.587937 42.867723
r205 42.930520 46.984107 45.439220 49.973707
r206 1.296495 52.816445 35.439495 80.450245
r207 2.256590 83.922586 36.795090 111.239986
r208 65.851741 118.239511 68.006841 121.719611
r209 69.530206 125.165804 72.212606 127.961804
r210 61.647792 38.681944 63.870592 42.056144
r211 62.848019 45.326018 64.947419 48.898518
r212 67.381113 62.878147 69.115513 67.202447
r213 70.475745 93.392001 73.422045 95.937601
r214 73.881724 110.036178 76.180824 113.298378
r215 75.294125 114.695047 78.583025 116.975447

[Iter 2150]
r0 128.139523 88.421128 130.150923 89.639728
r1 133.015152 95.954031 135.419652 96.973431
r2 132.448588 104.500203 149.424688 122.663003
r3 131.961457 133.321984 156.034557 146.130184
r4 138.129862 157.126655 139.378962 159.088855
r5 134.168465 165.163222 135.489965 167.017922
r6 131.934773 78.738684 134.323773 79.764584
r7 134.832866 76.313203 156.926566 90.268903
r8 138.261191 96.897997 165.209691 108.339597
r9 139.067168 122.541713 165.033068 134.416213
r10 136.787192 154.295493 163.136292 165.997393
r11 140.664686 169.363762 142.634686 170.607962
r12 129.028310 39.598582 145.738610 58.050282
r13 141.163083 53.034077 160.497783 68.981277
r14 152.502583 77.647610 171.966183 94.395810
r15 155.574153 108.498883 174.881653 125.382483
r16 148.190186 144.165243 174.476386 155.895043
r17 149.389806 165.820435 166.744606 183.586935
r18 137.243954 17.867568 164.864354 29.030768
r19 151.958133 39.787668 173.442033 54.139568
r20 157.896005 64.826762 168.988805 73.002062
r21 159.199843 108.330329 172.306843 120.092529
r22 154.534489 143.732443 184.237389 161.379443
r23 147.133362 163.384015 175.767162 181.689915
r24 150.730926 25.422492 152.573826 26.752492
r25 153.263967 29.038117 180.167167 40.498917
r26 164.279653 55.837966 181.771753 73.464966
r27 153.553506 94.025822 184.734406 110.836322
r28 152.942694 121.297879 187.189294 136.603579
r29 159.204653 154.671552 162.367353 157.042952
r30 150.922358 28.527443 154.137758 29.823243
r31 159.041414 35.056818 160.789314 37.440618
r32 162.394205 37.748121 180.186805 67.208021
r33 161.872182 67.819545 182.751882 92.923745
r34 162.325923 124.793741 165.405923 126.146541
r35 158.214991 142.078141 162.375891 143.880641
r36 114.884661 89.418535 116.973361 90.591935
r37 105.689010 94.011516 125.126110 109.874616
r38 102.554405 110.406853 126.406905 123.333553
r39 99.708926 132.729778 126.873726 144.080278
r40 99.845319 149.794921 117.730819 167.034121
r41 112.936749 168.358016 114.054549 170.550616
r42 105.129744 71.912680 128.983844 84.838480
r43 115.899284 84.430715 142.080484 96.207615
r44 123.413450 99.802881 133.581850 108.721281
r45 116.693493 131.065257 130.956493 137.423357
r46 114.865525 147.054964 134.466825 162.785164
r47 109.568587 169.379906 128.938787 185.297806
r48 102.859506 33.204792 119.917506 51.280392
r49 114.024820 52.291189 126.459020 59.584489
r50 117.970201 67.337109 137.278101 75.994609
r51 123.315561 117.222619 134.874061 131.684419
r52 126.133133 150.730951 140.407033 157.084251
r53 124.067034 167.679427 146.271834 181.565327
r54 103.473612 17.820465 126.474812 31.225565
r55 111.716507 40.288155 125.888807 46.686955
r56 117.687791 55.891021 134.495091 65.836521
r57 123.103915 96.902705 145.100415 109.821405
r58 128.518847 149.368538 140.372547 162.374338
r59 123.273941 162.028324 147.268141 183.873824
r60 123.277773 9.701153 141.971473 26.195153
r61 123.824305 31.474341 151.327505 42.685141
r62 135.442008 64.545612 148.513508 71.483312
r63 135.525055 86.672358 147.218655 99.856258
r64 123.908864 138.828832 159.126664 153.712432
r65 133.605260 154.546927 167.009460 182.791927
r66 145.028060 24.892001 148.194960 26.207701
r67 134.653230 25.750744 164.880230 43.091744
r68 129.005767 49.972021 162.096967 65.812121
r69 126.764417 73.292190 162.659117 87.895090
r70 136.359165 106.527475 153.359465 137.360275
r71 149.856791 140.944179 153.968691 142.768179
r72 95.451228 79.457258 108.351028 103.359458
r73 74.511838 92.280047 96.900238 106.052047
r74 79.203584 113.786684 91.699684 121.043884
r75 75.955334 138.669493 90.947134 144.718593
r76 65.383389 152.070174 91.073489 164.072174
r77 64.602838 167.338876 86.490038 181.426276
r78 73.664340 73.353382 98.776440 85.631682
r79 80.230246 83.048712 88.159746 92.259812
r80 81.815089 105.184595 97.871689 115.595095
r81 82.524198 126.070358 90.833898 146.186258
r82 84.057238 148.150614 90.369138 159.722314
r83 82.342349 170.061589 104.332449 184.082989
r84 85.953426 36.975330 99.080226 42.539430
r85 85.884701 37.020801 96.777501 52.366401
r86 81.706701 50.290879 102.528701 73.009179
r87 85.766429 119.171624 110.536329 134.706824
r88 93.160771 143.576867 105.280871 157.368567
r89 93.895061 164.189566 104.579461 171.025566
r90 92.103895 21.043448 104.915995 30.734748
r91 94.624163 29.239481 106.002663 54.213581
r92 101.333416 56.435273 113.524016 70.147173
r93 95.926559 100.937146 109.854759 121.339346
r94 101.657229 144.114727 120.277929 159.375527
r95 103.998819 160.675221 115.745919 171.245221
r96 100.737142 6.234034 127.316842 25.954534
r97 103.762894 35.341893 116.212694 45.315293
r98 95.130513 59.300662 131.789313 74.417562
r99 103.109673 82.662103 126.190073 106.672403
r100 108.846703 138.064053 122.504703 147.155153
r101 95.793118 160.617993 133.247018 185.808993
r102 134.199904 1.000764 157.387704 41.690364
r103 114.110673 26.153659 135.444573 50.723359
r104 114.098606 49.523379 122.094306 65.052579
r105 109.695045 76.383667 122.559845 86.035367
r106 110.957298 112.927306 133.868498 135.805506
r107 132.631483 125.600503 173.429783 148.726403
r108 52.946081 77.936332 71.042081 94.975132
r109 46.869897 93.718239 73.893997 105.127839
r110 57.963854 114.864165 67.020754 122.928665
r111 58.688205 143.607303 70.088105 150.014303
r112 51.945803 148.517214 81.382903 166.323514
r113 46.178227 169.608110 75.743527 187.337210
r114 52.860740 53.834319 75.867540 67.236119
r115 58.692480 76.914622 68.150280 84.637322
r116 52.756109 105.668419 76.977609 119.126719
r117 53.337636 131.898630 76.445636 146.005430
r118 68.568173 139.464542 75.819573 156.587542
r119 73.092120 169.722511 106.432120 185.444311
r120 66.066167 35.432533 76.900267 42.174133
r121 60.033774 36.250248 81.511874 51.427648
r122 66.538822 59.614941 76.662222 76.126941
r123 67.552965 117.719822 76.871765 135.657422
r124 54.019428 123.361470 85.610828 140.903170
r125 82.044400 158.392932 97.658000 166.345432
r126 71.644453 18.136130 82.120453 29.988630
r127 65.264520 27.804610 91.382020 49.022810
r128 62.082075 72.150393 87.096475 83.510493
r129 66.983796 96.121386 77.648896 122.766086
r130 84.528281 119.951799 101.986881 151.693599
r131 87.956162 149.204925 96.829662 163.197925
r132 64.514159 0.210323 94.605659 31.564723
r133 75.247262 29.460012 85.030062 52.306312
r134 64.939620 50.659097 90.123720 72.663697
r135 76.354769 82.078341 95.184169 111.509341
r136 97.734036 126.931456 114.698236 134.250756
r137 87.861718 134.153652 136.371718 153.603252
r138 95.017306 1.928975 131.994006 27.445075
r139 94.438630 30.882316 132.940730 55.387516
r140 90.597091 56.481589 103.578091 66.046889
r141 94.823473 76.618836 102.013173 93.888936
r142 99.445258 100.626056 142.350158 122.616556
r143 140.387745 97.551089 180.425045 121.116589
r144 44.853606 84.070513 46.594406 85.478413
r145 30.658684 85.028604 44.192384 107.811204
r146 24.169179 112.272010 50.952579 123.784110
r147 27.183431 145.040700 54.060831 156.512500
r148 24.164265 159.964770 46.864465 183.055670
r149 40.920031 166.826922 43.846731 168.250622
r150 45.632958 71.285266 47.105458 72.949766
r151 30.580781 73.487361 51.262881 88.395561
r152 41.203757 100.621185 47.448857 112.316585
r153 40.970848 134.725525 47.418048 146.054425
r154 24.225641 141.684146 55.284441 158.560746
r155 41.744399 162.047129 43.643099 164.241629
r156 34.394393 28.855028 61.168193 40.371228
r157 34.301585 39.715333 55.453485 54.292433
r158 32.189325 61.416617 58.371125 73.867217
r159 33.323040 122.904405 58.410140 135.898305
r160 30.266845 117.732640 54.349445 139.498040
r161 16.956779 156.137131 63.514379 176.402331
r162 40.726825 8.835753 61.635325 33.905253
r163 29.541315 34.527576 65.169915 49.239576
r164 41.592421 58.874955 59.797821 89.314655
r165 39.373602 89.144527 59.077902 117.268627
r166 34.423703 115.404658 59.441303 153.118158
r167 64.072152 135.457381 84.991152 180.559881
r168 56.575115 26.307278 58.595015 30.020278
r169 28.857401 18.691717 65.471401 44.460617
r170 36.206768 45.432162 65.879868 77.228662
r171 38.888903 79.797595 68.274103 111.905595
r172 58.670061 111.739234 103.799261 132.645834
r173 78.751811 129.789156 83.003011 131.553356
r174 65.966832 32.291928 70.046932 34.130128
r175 69.027304 40.598532 72.780404 42.596932
r176 68.113384 48.871051 102.527184 76.287351
r177 70.159072 80.525316 109.467472 104.527816
r178 85.054253 111.387616 88.350053 113.663216
r179 84.095838 114.426814 87.896638 116.400114
r180 40.901343 82.608799 42.006643 84.826299
r181 35.082797 91.525060 37.252097 92.654960
r182 31.708607 109.940643 33.407007 111.383743
r183 32.440947 142.519999 33.960147 144.133399
r184 33.852575 150.196971 35.691275 152.463071
r185 36.933061 153.991296 40.073761 155.317996
r186 39.730619 74.870902 42.035219 75.934402
r187 33.517187 80.804559 34.556087 83.163759
r188 7.832076 96.579733 34.233876 108.258233
r189 13.533983 133.157641 36.335783 146.679941
r190 31.288008 145.148653 33.111408 147.433753
r191 36.958011 150.371274 39.383111 152.089474
r192 40.912410 50.148335 42.886310 51.390035
r193 16.667777 50.697878 41.582177 63.073578
r194 9.047952 67.721280 29.020552 83.159080
r195 10.648866 115.252540 26.925466 134.195940
r196 9.972231 116.499595 26.811231 147.627695
r197 37.402828 145.166728 40.366728 147.697128
r198 44.575161 44.081449 46.951861 45.834649
r199 12.046158 49.136598 47.126958 64.078298
r200 5.688017 67.726660 37.942117 83.977760
r201 8.994484 94.229148 33.753384 115.400048
r202 0.326119 114.263056 31.562519 144.468256
r203 54.828234 139.778214 58.747734 141.691714
r204 52.414580 39.299910 54.310880 43.254910
r205 42.295576 47.033194 44.804276 50.022794
r206 0.350579 52.613079 34.493579 80.246879
r207 2.566944 84.281730 37.105444 111.599130
r208 65.075090 118.611307 67.230190 122.091407
r209 68.586713 125.819188 71.269113 128.615188
r210 61.369055 39.064875 63.591855 42.439075
r211 62.701708 45.514279 64.801108 49.086779
r212 67.179551 62.911328 68.913951 67.235628
r213 70.282917 93.438482 73.229217 95.984082
r214 73.458502 110.618095 75.757602 113.880295
r215 74.332167 115.242963 77.621067 117.523363

[Iter 2200]
r0 128.139348 88.449210 130.150748 89.667810
r1 133.004349 95.981714 135.408849 97.001114
r2 132.285153 104.298695 149.261253 122.461495
r3 131.868610 133.227481 155.941710 146.035681
r4 138.318372 157.243998 139.567472 159.206198
r5 134.475688 165.416235 135.797188 167.270935
r6 131.971947 78.820267 134.360947 79.846167
r7 134.699264 76.455711 156.792964 90.411411
r8 138.389026 96.900843 165.337526 108.342443
r9 139.147319 122.460691 165.113219 134.335191
r10 136.868351 154.015549 163.217451 165.717449
r11 140.915903 169.402751 142.885903 170.646951
r12 128.944225 39.592954 145.654525 58.044654
r13 141.045719 52.980988 160.380419 68.928188
r14 152.429546 77.698300 171.893146 94.446500
r15 155.608342 108.480401 174.915842 125.364001
r16 148.596180 144.050830 174.882380 155.780630
r17 149.493884 165.725491 166.848684 183.491991
r18 137.360455 17.721918 164.980855 28.885118
r19 151.977897 39.805937 173.461797 54.157837
r20 158.066666 65.078089 169.159466 73.253389
r21 159.322541 108.364278 172.429541 120.126478
r22 155.023996 143.693230 184.726896 161.340230
r23 147.391823 163.311786 176.025623 181.617686
r24 150.748395 25.300066 152.591295 26.630066
r25 153.226629 29.029843 180.129829 40.490643
r26 164.125049 55.968020 181.617149 73.595020
r27 153.472527 94.115429 184.653427 110.925929
r28 153.143400 121.254177 187.390000 136.559877
r29 159.379889 154.833819 162.542589 157.205219
r30 150.884552 28.351779 154.099952 29.647579
r31 158.990057 34.968170 160.737957 37.351970
r32 162.423911 37.828365 180.216511 67.288265
r33 161.890513 67.822891 182.770213 92.927091
r34 162.348223 124.977942 165.428223 126.330742
r35 158.274483 142.928328 162.435383 144.730828
r36 114.862544 89.390764 116.951244 90.564164
r37 105.508675 93.908648 124.945775 109.771748
r38 102.530636 110.416517 126.383136 123.343217
r39 99.669663 132.801669 126.834463 144.152169
r40 99.751359 150.150876 117.636859 167.390076
r41 113.169204 168.688817 114.287004 170.881417
r42 105.132596 72.125426 128.986696 85.051226
r43 115.408569 84.487199 141.589769 96.264099
r44 123.206490 100.095604 133.374890 109.014004
r45 116.718446 131.128759 130.981446 137.486859
r46 114.849297 147.209945 134.450597 162.940145
r47 109.803597 169.665516 129.173797 185.583416
r48 102.753536 33.396882 119.811536 51.472482
r49 114.350910 52.482877 126.785110 59.776177
r50 117.724791 67.268136 137.032691 75.925636
r51 123.377873 117.275420 134.936373 131.737220
r52 126.112336 150.783224 140.386236 157.136524
r53 124.383751 167.641565 146.588551 181.527465
r54 103.446141 17.918433 126.447341 31.323533
r55 111.781890 40.424107 125.954190 46.822907
r56 117.580730 56.249793 134.388030 66.195293
r57 123.371000 97.087358 145.367500 110.006058
r58 128.732294 149.593118 140.585994 162.598918
r59 123.478973 162.305977 147.473173 184.151477
r60 123.241190 9.771761 141.934890 26.265761
r61 123.756444 31.484092 151.259644 42.694892
r62 135.387592 64.595578 148.459092 71.533278
r63 135.764381 87.056362 147.457981 100.240262
r64 124.043976 139.196739 159.261776 154.080339
r65 134.247493 154.373058 167.651693 182.618058
r66 145.001797 24.615198 148.168697 25.930898
r67 134.638006 25.807494 164.865006 43.148494
r68 129.102061 49.948439 162.193261 65.788539
r69 126.805431 73.376915 162.700131 87.979815
r70 136.498639 106.893768 153.498939 137.726568
r71 149.928320 141.837619 154.040220 143.661619
r72 95.600381 79.308138 108.500181 103.210338
r73 74.587065 92.181229 96.975465 105.953229
r74 79.217824 113.836023 91.713924 121.093223
r75 75.742260 139.252422 90.734060 145.301522
r76 65.288519 152.202308 90.978619 164.204308
r77 64.592238 167.521199 86.479438 181.608599
r78 73.599202 73.419649 98.711302 85.697949
r79 80.426760 82.916711 88.356260 92.127811
r80 81.687571 105.058264 97.744171 115.468764
r81 82.667628 126.113188 90.977328 146.229088
r82 84.267741 148.426913 90.579641 159.998613
r83 82.317604 170.259719 104.307704 184.281119
r84 85.807157 37.132772 98.933957 42.696872
r85 85.795057 37.223392 96.687857 52.568992
r86 81.705934 50.201278 102.527934 72.919578
r87 85.781821 119.086143 110.551721 134.621343
r88 93.385031 143.446768 105.505131 157.238468
r89 93.958765 164.149271 104.643165 170.985271
r90 91.915047 21.210793 104.727147 30.902093
r91 94.593313 29.370154 105.971813 54.344254
r92 101.491763 56.409813 113.682363 70.121713
r93 96.348203 101.343723 110.276403 121.745923
r94 101.909280 144.339202 120.529980 159.600002
r95 104.304394 160.301067 116.051494 170.871067
r96 100.472058 6.141797 127.051758 25.862297
r97 103.787584 35.364957 116.237384 45.338357
r98 95.450575 59.481367 132.109375 74.598267
r99 103.474917 82.857810 126.555317 106.868110
r100 109.088030 138.492951 122.746030 147.584051
r101 95.580714 160.102260 133.034614 185.293260
r102 134.432790 0.277117 157.620590 40.966717
r103 114.044559 26.126322 135.378459 50.696022
r104 114.209123 49.542287 122.204823 65.071487
r105 109.843632 76.398114 122.708432 86.049814
r106 111.136508 113.163217 134.047708 136.041417
r107 134.116415 127.480836 174.914715 150.606736
r108 52.974592 77.896109 71.070592 94.934909
r109 46.597731 93.758300 73.621831 105.167900
r110 57.851145 114.980680 66.908045 123.045180
r111 58.586277 143.805063 69.986177 150.212063
r112 51.995939 148.438349 81.433039 166.244649
r113 46.072327 169.660900 75.637627 187.390000
r114 52.867295 53.696666 75.874095 67.098466
r115 58.721946 76.967290 68.179746 84.689990
r116 52.792568 105.565303 77.014068 119.023603
r117 53.547818 131.817876 76.655818 145.924676
r118 68.609242 139.599731 75.860642 156.722731
r119 73.143739 169.833719 106.483739 185.555519
r120 65.802321 35.556010 76.636421 42.297610
r121 59.957529 36.443924 81.435629 51.621324
r122 66.554780 59.806541 76.678180 76.318541
r123 67.486060 117.771151 76.804860 135.708751
r124 54.210384 123.320289 85.801784 140.861989
r125 82.087532 158.316677 97.701132 166.269177
r126 71.511770 18.501217 81.987770 30.353717
r127 65.287434 28.030022 91.404934 49.248222
r128 62.027525 72.555879 87.041925 83.915979
r129 67.280351 96.176418 77.945451 122.821118
r130 84.835705 120.104077 102.294305 151.845877
r131 88.037782 149.427312 96.911282 163.420312
r132 64.618272 0.000000 94.709772 31.354400
r133 75.960379 28.500689 85.743179 51.346989
r134 65.264043 50.907022 90.448143 72.911622
r135 76.731262 82.106796 95.560662 111.537796
r136 98.130755 127.329073 115.094955 134.648373
r137 88.376962 134.096851 136.886962 153.546451
r138 95.474892 1.031738 132.451592 26.547838
r139 95.355824 30.142735 133.857924 54.647935
r140 90.942936 56.821217 103.923936 66.386517
r141 95.110552 77.055654 102.300252 94.325754
r142 99.770796 102.908973 142.675696 124.899473
r143 140.172437 98.849528 180.209737 122.415028
r144 44.657451 84.013342 46.398251 85.421242
r145 30.666950 85.211456 44.200650 107.994056
r146 24.166437 112.551026 50.949837 124.063126
r147 27.111823 145.316891 53.989223 156.788691
r148 24.036418 160.371006 46.736618 183.461906
r149 40.791199 167.049052 43.717899 168.472752
r150 45.403270 71.296285 46.875770 72.960785
r151 30.553331 73.533061 51.235431 88.441261
r152 41.221303 101.356226 47.466403 113.051626
r153 40.852667 134.833000 47.299867 146.161900
r154 24.128738 141.687160 55.187538 158.563760
r155 41.800316 162.019532 43.699016 164.214032
r156 34.145610 29.037722 60.919410 40.553922
r157 34.128264 39.853809 55.280164 54.430909
r158 32.249079 61.485319 58.430879 73.935919
r159 33.541964 123.152014 58.629064 136.145914
r160 30.474000 117.951355 54.556600 139.716755
r161 16.436304 156.201893 62.993904 176.467093
r162 40.424778 9.209973 61.333278 34.279473
r163 29.605252 34.973121 65.233852 49.685121
r164 41.950485 59.186110 60.155885 89.625810
r165 39.707367 89.488290 59.411667 117.612390
r166 34.512473 115.762049 59.530073 153.475549
r167 64.285528 136.893154 85.204528 181.995654
r168 56.556088 27.144348 58.575988 30.857348
r169 28.242819 16.032815 64.856819 41.801715
r170 37.103510 45.623873 66.776610 77.420373
r171 40.066511 80.833128 69.451711 112.941128
r172 58.854914 112.255646 103.984114 133.162246
r173 78.584797 130.534420 82.835997 132.298620
r174 66.066632 32.845465 70.146732 34.683665
r175 69.248990 40.995530 73.002090 42.993930
r176 69.142679 50.743448 103.556479 78.159748
r177 70.462645 81.100306 109.771045 105.102806
r178 84.829695 111.731137 88.125495 114.006737
r179 83.747101 114.809315 87.547901 116.782615
r180 40.588870 82.541377 41.694170 84.758877
r181 34.918747 91.609141 37.088047 92.739041
r182 31.613786 110.562787 33.312186 112.005887
r183 32.307389 143.078048 33.826589 144.691448
r184 33.579976 151.009288 35.418676 153.275388
r185 36.676877 154.751601 39.817577 156.078301
r186 39.453135 74.869687 41.757735 75.933187
r187 33.354701 80.928609 34.393601 83.287809
r188 7.898483 96.765902 34.300283 108.444402
r189 13.558481 133.511795 36.360281 147.034095
r190 31.135371 145.772746 32.958771 148.057846
r191 36.924641 151.193927 39.349741 152.912127
r192 40.627639 50.163177 42.601539 51.404877
r193 16.619327 50.852007 41.533727 63.227707
r194 9.067046 67.912965 29.039646 83.350765
r195 10.775980 115.678196 27.052580 134.621596
r196 9.781038 117.128450 26.620038 148.256550
r197 37.543851 146.041568 40.507751 148.571968
r198 44.292537 44.088926 46.669237 45.842126
r199 12.000128 49.576737 47.080928 64.518437
r200 6.071708 68.073731 38.325808 84.324831
r201 9.388799 94.781980 34.147699 115.952880
r202 0.315449 115.539787 31.551849 145.744987
r203 54.256115 140.581568 58.175615 142.495068
r204 52.311386 39.584264 54.207686 43.539264
r205 42.058342 47.376742 44.567042 50.366342
r206 1.114824 53.186608 35.257824 80.820408
r207 3.492642 85.323197 38.031142 112.640597
r208 65.062188 119.389693 67.217288 122.869793
r209 68.461808 126.096661 71.144208 128.892661
r210 61.698517 39.143302 63.921317 42.517502
r211 62.551774 45.778326 64.651174 49.350826
r212 66.560273 63.801658 68.294673 68.125958
r213 70.032411 94.231530 72.978711 96.777130
r214 73.460705 110.758487 75.759805 114.020687
r215 74.277496 115.773822 77.566396 118.054222

[Iter 2250]
r0 128.139349 88.454545 130.150749 89.673145
r1 133.160622 96.072115 135.565122 97.091515
r2 132.566768 104.405361 149.542868 122.568161
r3 132.105874 133.392419 156.178974 146.200619
r4 138.539186 157.435711 139.788286 159.397911
r5 134.739880 165.567171 136.061380 167.421871
r6 131.944144 78.792639 134.333144 79.818539
r7 135.183476 76.190991 157.277176 90.146691
r8 139.402754 96.952881 166.351254 108.394481
r9 139.496826 122.428811 165.462726 134.303311
r10 137.430057 154.129716 163.779157 165.831616
r11 141.284798 169.437953 143.254798 170.682153
r12 128.983740 39.588940 145.694040 58.040640
r13 141.489465 52.911281 160.824165 68.858481
r14 153.046746 77.886003 172.510346 94.634203
r15 156.305065 108.670895 175.612565 125.554495
r16 149.343645 144.115182 175.629845 155.844982
r17 149.996482 165.844763 167.351282 183.611263
r18 137.564580 17.381575 165.184980 28.544775
r19 152.136593 39.621475 173.620493 53.973375
r20 157.840268 64.855504 168.933068 73.030804
r21 159.371056 108.948386 172.478056 120.710586
r22 155.750327 143.673742 185.453227 161.320742
r23 147.957222 163.625677 176.591022 181.931577
r24 150.879686 25.121062 152.722586 26.451062
r25 153.413072 28.620636 180.316272 40.081436
r26 164.655112 56.014171 182.147212 73.641171
r27 153.272335 94.376185 184.453235 111.186685
r28 153.143400 121.778254 187.390000 137.083954
r29 159.619781 155.528884 162.782481 157.900284
r30 151.021039 28.257764 154.236439 29.553564
r31 159.064885 34.816719 160.812785 37.200519
r32 162.527940 37.864679 180.320540 67.324579
r33 162.033657 67.969194 182.913357 93.073394
r34 162.330409 125.909893 165.410409 127.262693
r35 158.270776 144.279844 162.431676 146.082344
r36 114.858075 89.415862 116.946775 90.589262
r37 105.626032 94.185062 125.063132 110.048162
r38 102.854491 110.427363 126.706991 123.354063
r39 99.703364 133.187498 126.868164 144.537998
r40 99.747788 150.568415 117.633288 167.807615
r41 113.416323 168.853063 114.534123 171.045663
r42 105.249759 72.165286 129.103859 85.091086
r43 116.403212 84.512137 142.584412 96.289037
r44 124.130296 99.813255 134.298696 108.731655
r45 116.934413 131.190448 131.197413 137.548548
r46 115.098316 147.407116 134.699616 163.137316
r47 110.138237 169.731513 129.508437 185.649413
r48 102.757598 32.873413 119.815598 50.949013
r49 114.022477 52.239484 126.456677 59.532784
r50 118.015624 67.048046 137.323524 75.705546
r51 123.544037 117.246202 135.102537 131.708002
r52 126.170274 151.440413 140.444174 157.793713
r53 124.773916 167.900605 146.978716 181.786505
r54 103.347039 17.641299 126.348239 31.046399
r55 111.610597 40.276536 125.782897 46.675336
r56 117.659204 56.094025 134.466504 66.039525
r57 123.948391 97.239621 145.944891 110.158321
r58 128.745211 150.944467 140.598911 163.950267
r59 123.912997 163.553332 147.907197 185.398832
r60 123.327259 9.503148 142.020959 25.997148
r61 123.976492 31.261036 151.479692 42.471836
r62 135.813018 64.609033 148.884518 71.546733
r63 136.120174 87.542119 147.813774 100.726019
r64 124.240646 140.143611 159.458446 155.027211
r65 133.741290 157.310662 167.145490 185.555662
r66 144.777756 24.997615 147.944656 26.313315
r67 134.736786 25.746960 164.963786 43.087960
r68 129.027291 50.028753 162.118491 65.868853
r69 126.775195 73.431065 162.669895 88.033965
r70 136.373182 107.888504 153.373482 138.721304
r71 149.665693 143.321961 153.777593 145.145961
r72 95.595807 79.264605 108.495607 103.166805
r73 74.381481 92.200724 96.769881 105.972724
r74 79.238294 113.876723 91.734394 121.133923
r75 75.794274 139.621967 90.786074 145.671067
r76 65.205903 152.534038 90.896003 164.536038
r77 64.522805 167.752325 86.410005 181.839725
r78 73.716483 73.527621 98.828583 85.805921
r79 80.141895 83.077957 88.071395 92.289057
r80 81.933429 105.156281 97.990029 115.566781
r81 82.627532 126.072755 90.937232 146.188655
r82 84.084527 148.588397 90.396427 160.160097
r83 82.403207 170.684205 104.393307 184.705605
r84 85.767128 36.903504 98.893928 42.467604
r85 85.645381 36.905290 96.538181 52.250890
r86 81.875997 50.220326 102.697997 72.938626
r87 86.088805 119.316041 110.858705 134.851241
r88 93.416291 143.684535 105.536391 157.476235
r89 93.887076 164.330886 104.571476 171.166886
r90 91.857566 20.967854 104.669666 30.659154
r91 94.512269 29.416148 105.890769 54.390248
r92 101.683992 56.437710 113.874592 70.149610
r93 96.526643 102.277357 110.454843 122.679557
r94 102.067151 145.434363 120.687851 160.695163
r95 104.261467 160.888553 116.008567 171.458553
r96 100.597178 6.227115 127.176878 25.947615
r97 103.377635 35.374951 115.827435 45.348351
r98 95.266416 59.774322 131.925216 74.891222
r99 103.617463 83.366172 126.697863 107.376472
r100 109.178952 139.602754 122.836952 148.693854
r101 95.610001 159.130210 133.063901 184.321210
r102 134.271959 1.255072 157.459759 41.944672
r103 114.032864 26.270272 135.366764 50.839972
r104 114.312760 49.383385 122.308460 64.912585
r105 109.500420 76.553276 122.365220 86.204976
r106 111.112497 113.832766 134.023697 136.710966
r107 133.330277 126.847808 174.128577 149.973708
r108 52.899755 78.017638 70.995755 95.056438
r109 46.373352 93.898170 73.397452 105.307770
r110 57.568233 115.670428 66.625133 123.734928
r111 58.583371 143.922092 69.983271 150.329092
r112 51.874615 148.543993 81.311715 166.350293
r113 46.151129 169.660900 75.716429 187.390000
r114 52.866954 53.645027 75.873754 67.046827
r115 58.732201 76.662524 68.190001 84.385224
r116 52.719384 105.960058 76.940884 119.418358
r117 53.396405 131.912906 76.504405 146.019706
r118 68.655717 139.312463 75.907117 156.435463
r119 73.388657 170.081271 106.728657 185.803071
r120 65.879135 35.425322 76.713235 42.166922
r121 59.859578 36.048449 81.337678 51.225849
r122 66.665802 59.452032 76.789202 75.964032
r123 67.909285 117.944925 77.228085 135.882525
r124 54.016295 123.292286 85.607695 140.833986
r125 82.106616 158.825629 97.720216 166.778129
r126 71.287174 18.073399 81.763174 29.925899
r127 65.201194 27.972750 91.318694 49.190950
r128 62.006914 72.739023 87.021314 84.099123
r129 67.232656 96.187663 77.897756 122.832363
r130 84.836059 120.532416 102.294659 152.274216
r131 87.997944 149.480682 96.871444 163.473682
r132 64.019176 0.000000 94.110676 31.354400
r133 74.605378 28.498601 84.388178 51.344901
r134 65.075905 50.925121 90.260005 72.929721
r135 76.997761 82.219510 95.827161 111.650510
r136 98.539104 128.849865 115.503304 136.169165
r137 87.437083 134.224513 135.947083 153.674113
r138 94.568376 0.000000 131.545076 25.516100
r139 94.513909 30.042282 133.016009 54.547482
r140 90.922259 56.778603 103.903259 66.343903
r141 95.238440 77.805598 102.428140 95.075698
r142 101.073974 103.055712 143.978874 125.046212
r143 142.733869 98.607972 182.771169 122.173472
r144 44.494892 84.062935 46.235692 85.470835
r145 30.395748 85.128308 43.929448 107.910908
r146 23.555032 112.720427 50.338432 124.232527
r147 27.011129 145.421116 53.888529 156.892916
r148 23.889174 160.869518 46.589374 183.960418
r149 40.554992 167.135130 43.481692 168.558830
r150 45.303013 71.264042 46.775513 72.928542
r151 30.551942 73.492690 51.234042 88.400890
r152 41.176707 101.488470 47.421807 113.183870
r153 40.845332 134.804825 47.292532 146.133725
r154 23.880187 141.869009 54.938987 158.745609
r155 41.576218 162.581427 43.474918 164.775927
r156 34.037658 28.614511 60.811458 40.130711
r157 34.147686 39.656595 55.299586 54.233695
r158 32.173281 61.287527 58.355081 73.738127
r159 33.282034 123.226192 58.369134 136.220092
r160 30.238652 118.032565 54.321252 139.797965
r161 16.242423 155.956747 62.800023 176.221947
r162 40.396215 8.871022 61.304715 33.940522
r163 29.549681 34.817847 65.178281 49.529847
r164 41.765971 58.934336 59.971371 89.374036
r165 39.730696 89.359842 59.434996 117.483942
r166 34.679104 116.052078 59.696704 153.765578
r167 64.711730 138.108781 85.630730 183.211281
r168 56.375608 27.048847 58.395508 30.761847
r169 28.290901 19.361385 64.904901 45.130285
r170 35.869929 47.324940 65.543029 79.121440
r171 39.083882 80.829305 68.469082 112.937305
r172 59.876444 112.185522 105.005644 133.092122
r173 79.057306 130.859158 83.308506 132.623358
r174 66.009638 32.462191 70.089738 34.300391
r175 68.963960 40.792843 72.717060 42.791243
r176 68.705279 49.381314 103.119079 76.797614
r177 70.644476 81.486022 109.952876 105.488522
r178 85.156656 111.655113 88.452456 113.930713
r179 83.983516 114.975572 87.784316 116.948872
r180 40.337399 82.533420 41.442699 84.750920
r181 34.670244 91.693802 36.839544 92.823702
r182 31.345455 110.530264 33.043855 111.973364
r183 32.120938 143.319371 33.640138 144.932771
r184 33.373251 151.529090 35.211951 153.795190
r185 36.429563 155.318971 39.570263 156.645671
r186 39.124630 74.881349 41.429230 75.944849
r187 33.081069 80.896749 34.119969 83.255949
r188 7.474215 96.719007 33.876015 108.397507
r189 13.300085 133.714916 36.101885 147.237216
r190 30.873002 146.142499 32.696402 148.427599
r191 36.554589 151.613442 38.979689 153.331642
r192 40.383298 50.006678 42.357198 51.248378
r193 16.031726 50.645768 40.946126 63.021468
r194 8.926672 67.708229 28.899272 83.146029
r195 10.474962 115.841271 26.751562 134.784671
r196 9.539476 117.169977 26.378476 148.298077
r197 37.194884 146.588028 40.158784 149.118428
r198 44.122241 44.093322 46.498941 45.846522
r199 11.480807 49.499009 46.561607 64.440709
r200 5.783982 68.127550 38.038082 84.378650
r201 9.309580 94.780394 34.068480 115.951294
r202 0.000000 115.444850 31.236400 145.650050
r203 54.271659 140.762524 58.191159 142.676024
r204 52.382816 39.570549 54.279116 43.525549
r205 41.578651 47.334987 44.087351 50.324587
r206 1.748069 53.594468 35.891069 81.228268
r207 3.171985 84.948307 37.710485 112.265707
r208 65.224029 119.197362 67.379129 122.677462
r209 68.922523 126.108147 71.604923 128.904147
r210 61.365026 39.109725 63.587826 42.483925
r211 62.301685 45.591087 64.401085 49.163587
r212 66.474475 64.167855 68.208875 68.492155
r213 70.129969 94.573634 73.076269 97.119234
r214 73.424592 110.739794 75.723692 114.001994
r215 74.128086 115.447893 77.416986 117.728293

[Iter 2300]
r0 128.190746 88.509930 130.202146 89.728530
r1 133.179870 96.099001 135.584370 97.118401
r2 132.813952 104.495041 149.790052 122.657841
r3 132.259468 133.427405 156.332568 146.235605
r4 138.627377 157.540681 139.876477 159.502881
r5 134.846581 165.818314 136.168081 167.673014
r6 131.945513 78.845308 134.334513 79.871208
r7 135.232828 76.135884 157.326528 90.091584
r8 139.365047 96.889795 166.313547 108.331395
r9 139.457960 122.431224 165.423860 134.305724
r10 137.565643 154.171489 163.914743 165.873389
r11 141.327267 169.540711 143.297267 170.784911
r12 128.947377 39.685385 145.657677 58.137085
r13 141.584905 52.880909 160.919605 68.828109
r14 153.207784 77.912038 172.671384 94.660238
r15 156.533942 108.741900 175.841442 125.625500
r16 149.621794 144.185374 175.907994 155.915174
r17 150.254086 165.902086 167.608886 183.668586
r18 137.738829 17.314622 165.359229 28.477822
r19 152.177340 39.584879 173.661240 53.936779
r20 158.018072 64.869479 169.110872 73.044779
r21 159.545246 109.060615 172.652246 120.822815
r22 156.350925 143.702446 186.053825 161.349446
r23 148.246964 163.751808 176.880764 182.057708
r24 151.008137 25.065811 152.851037 26.395811
r25 153.477918 28.619300 180.381118 40.080100
r26 164.695018 56.052999 182.187118 73.679999
r27 153.359170 94.423867 184.540070 111.234367
r28 153.143400 122.042745 187.390000 137.348445
r29 159.783552 155.883821 162.946252 158.255221
r30 151.100997 28.231404 154.316397 29.527204
r31 159.175817 34.831897 160.923717 37.215697
r32 162.705288 37.969527 180.497888 67.429427
r33 162.285249 67.967326 183.164949 93.071526
r34 162.407588 126.223539 165.487588 127.576339
r35 158.413116 144.877960 162.574016 146.680460
r36 114.856377 89.426100 116.945077 90.599500
r37 105.634792 94.001641 125.071892 109.864741
r38 102.955408 110.440418 126.807908 123.367118
r39 99.736308 133.257653 126.901108 144.608153
r40 99.797291 150.810634 117.682791 168.049834
r41 113.609035 169.042594 114.726835 171.235194
r42 105.302391 72.259891 129.156491 85.185691
r43 116.509416 84.645634 142.690616 96.422534
r44 124.255254 100.038433 134.423654 108.956833
r45 116.920876 131.035948 131.183876 137.394048
r46 115.213939 147.545029 134.815239 163.275229
r47 110.252723 169.900011 129.622923 185.817911
r48 102.785270 32.831185 119.843270 50.906785
r49 114.044649 52.059013 126.478849 59.352313
r50 117.997849 67.124944 137.305749 75.782444
r51 123.471362 117.316222 135.029862 131.778022
r52 126.183970 151.457752 140.457870 157.811052
r53 124.966305 167.962467 147.171105 181.848367
r54 103.345333 17.638414 126.346533 31.043514
r55 111.719606 40.300249 125.891906 46.699049
r56 117.703916 56.192228 134.511216 66.137728
r57 124.523500 97.538098 146.520000 110.456798
r58 128.786961 151.360046 140.640661 164.365846
r59 124.185820 163.995111 148.180020 185.840611
r60 123.390452 9.454056 142.084152 25.948056
r61 124.077061 31.210271 151.580261 42.421071
r62 135.897492 64.555862 148.968992 71.493562
r63 136.509541 87.942668 148.203141 101.126568
r64 124.609585 140.731850 159.827385 155.615450
r65 134.122443 154.541339 167.526643 182.786339
r66 144.957709 24.867594 148.124609 26.183294
r67 134.860969 25.832108 165.087969 43.173108
r68 129.116483 50.086548 162.207683 65.926648
r69 126.959589 73.633817 162.854289 88.236717
r70 136.341093 108.470397 153.341393 139.303197
r71 150.016121 143.863346 154.128021 145.687346
r72 95.737464 79.280226 108.637264 103.182426
r73 74.408705 92.284986 96.797105 106.056986
r74 79.304927 113.847149 91.801027 121.104349
r75 75.732931 139.804684 90.724731 145.853784
r76 65.084342 152.576162 90.774442 164.578162
r77 64.511247 167.792853 86.398447 181.880253
r78 73.563292 73.609376 98.675392 85.887676
r79 80.111894 83.080525 88.041394 92.291625
r80 81.822106 105.096417 97.878706 115.506917
r81 82.837730 126.067635 91.147430 146.183535
r82 84.103799 148.636972 90.415699 160.208672
r83 82.394524 170.767053 104.384624 184.788453
r84 85.793827 36.898084 98.920627 42.462184
r85 85.662017 36.918186 96.554817 52.263786
r86 81.853868 50.235278 102.675868 72.953578
r87 86.207339 119.264519 110.977239 134.799719
r88 93.498945 143.724092 105.619045 157.515792
r89 93.811535 164.213709 104.495935 171.049709
r90 91.952288 21.047461 104.764388 30.738761
r91 94.567534 29.497589 105.946034 54.471689
r92 101.579634 56.589784 113.770234 70.301684
r93 96.619386 102.290807 110.547586 122.693007
r94 102.148506 145.713017 120.769206 160.973817
r95 104.471614 160.914089 116.218714 171.484089
r96 100.712410 6.274353 127.292110 25.994853
r97 103.448386 35.377194 115.898186 45.350594
r98 95.495929 60.000950 132.154729 75.117850
r99 104.008867 83.696480 127.089267 107.706780
r100 109.508061 140.274895 123.166061 149.365995
r101 96.114212 160.942954 133.568112 186.133954
r102 134.245191 0.909345 157.432991 41.598945
r103 114.143073 26.375258 135.476973 50.944958
r104 114.362572 49.365373 122.358272 64.894573
r105 109.713757 76.739428 122.578557 86.391128
r106 111.201328 114.287190 134.112528 137.165390
r107 133.706565 126.584215 174.504865 149.710115
r108 52.909976 77.945462 71.005976 94.984262
r109 46.284311 93.928556 73.308411 105.338156
r110 57.486603 115.584481 66.543503 123.648981
r111 58.660188 143.968524 70.060088 150.375524
r112 51.802515 148.613719 81.239615 166.420019
r113 46.244860 169.660900 75.810160 187.390000
r114 52.725883 53.691597 75.732683 67.093397
r115 58.472332 76.995431 67.930132 84.718131
r116 52.657497 105.861139 76.878997 119.319439
r117 53.523573 131.898355 76.631573 146.005155
r118 68.701481 139.292750 75.952881 156.415750
r119 73.460922 169.907283 106.800922 185.629083
r120 65.826115 35.449725 76.660215 42.191325
r121 59.823906 36.183550 81.302006 51.360950
r122 66.823628 59.428490 76.947028 75.940490
r123 68.141648 117.848226 77.460448 135.785826
r124 54.340063 123.274751 85.931463 140.816451
r125 82.127115 158.453796 97.740715 166.406296
r126 71.341444 18.087491 81.817444 29.939991
r127 65.216355 28.147039 91.333855 49.365239
r128 62.365944 72.921793 87.380344 84.281893
r129 67.368212 96.284316 78.033312 122.929016
r130 85.022771 120.316233 102.481371 152.058033
r131 88.052929 149.455788 96.926429 163.448788
r132 64.239559 0.038333 94.331059 31.392733
r133 74.925939 29.317334 84.708739 52.163634
r134 65.336382 51.033318 90.520482 73.037918
r135 77.262715 82.424754 96.092115 111.855754
r136 98.950277 129.151855 115.914477 136.471155
r137 87.590746 137.013318 136.100746 156.462918
r138 95.257342 0.559913 132.234042 26.076013
r139 95.291051 29.841699 133.793151 54.346899
r140 91.212769 56.863886 104.193769 66.429186
r141 95.566102 77.914265 102.755802 95.184365
r142 100.693002 103.514696 143.597902 125.505196
r143 141.444293 99.766297 181.481593 123.331797
r144 44.449665 84.049834 46.190465 85.457734
r145 30.386969 85.089180 43.920669 107.871780
r146 23.562378 112.766120 50.345778 124.278220
r147 26.938138 145.602919 53.815538 157.074719
r148 23.993018 160.842356 46.693218 183.933256
r149 40.729842 167.071989 43.656542 168.495689
r150 45.212737 71.300491 46.685237 72.964991
r151 30.288492 73.516737 50.970592 88.424937
r152 41.181442 101.734363 47.426542 113.429763
r153 40.722988 134.848603 47.170188 146.177503
r154 23.790154 142.092274 54.848954 158.968874
r155 41.790065 162.325872 43.688765 164.520372
r156 34.006815 28.515370 60.780615 40.031570
r157 34.092236 39.568120 55.244136 54.145220
r158 32.172414 61.288540 58.354214 73.739140
r159 33.379581 123.364896 58.466681 136.358796
r160 30.467894 117.946353 54.550494 139.711753
r161 17.164257 155.645727 63.721857 175.910927
r162 40.409862 8.885582 61.318362 33.955082
r163 29.585828 34.873214 65.214428 49.585214
r164 42.066061 58.914718 60.271461 89.354418
r165 39.704094 89.538231 59.408394 117.662331
r166 33.914312 115.953668 58.931912 153.667168
r167 65.028174 136.506350 85.947174 181.608850
r168 56.372243 26.990185 58.392143 30.703185
r169 28.426061 17.391353 65.040061 43.160253
r170 37.584483 47.180788 67.257583 78.977288
r171 39.180257 81.236544 68.565457 113.344544
r172 61.041295 113.944615 106.170495 134.851215
r173 79.047335 131.717069 83.298535 133.481269
r174 66.069478 32.565113 70.149578 34.403313
r175 69.209070 40.829029 72.962170 42.827429
r176 69.048026 51.142839 103.461826 78.559139
r177 70.341406 81.086010 109.649806 105.088510
r178 85.416434 111.797040 88.712234 114.072640
r179 84.409539 114.680837 88.210339 116.654137
r180 40.234818 82.537565 41.340118 84.755065
r181 34.612061 91.747880 36.781361 92.877780
r182 31.284237 110.617654 32.982637 112.060754
r183 32.056920 143.440432 33.576120 145.053832
r184 33.332788 151.728483 35.171488 153.994583
r185 36.543729 155.467644 39.684429 156.794344
r186 39.053012 74.881527 41.357612 75.945027
r187 33.007814 80.919434 34.046714 83.278634
r188 7.543166 96.830455 33.944966 108.508955
r189 13.332481 133.798386 36.134281 147.320686
r190 31.009495 146.228100 32.832895 148.513200
r191 36.851961 151.557428 39.277061 153.275628
r192 40.373727 50.002705 42.347627 51.244405
r193 16.126547 50.709479 41.040947 63.085179
r194 8.814840 67.666993 28.787440 83.104793
r195 10.520213 115.983878 26.796813 134.927278
r196 9.553798 117.151304 26.392798 148.279404
r197 37.513021 146.450267 40.476921 148.980667
r198 44.096805 44.090737 46.473505 45.843937
r199 11.654259 49.635970 46.735059 64.577670
r200 6.199381 68.357310 38.453481 84.608410
r201 9.301682 94.812020 34.060582 115.982920
r202 0.728795 115.653535 31.965195 145.858735
r203 54.685720 140.859634 58.605220 142.773134
r204 52.011618 39.513615 53.907918 43.468615
r205 41.498530 47.454167 44.007230 50.443767
r206 1.844215 53.539111 35.987215 81.172911
r207 2.615142 85.276839 37.153642 112.594239
r208 65.145415 119.485376 67.300515 122.965476
r209 68.838398 126.551963 71.520798 129.347963
r210 61.573754 39.124221 63.796554 42.498421
r211 62.516236 45.824434 64.615636 49.396934
r212 66.320082 64.650041 68.054482 68.974341
r213 70.093220 94.801122 73.039520 97.346722
r214 73.550315 110.771540 75.849415 114.033740
r215 74.324549 115.758588 77.613449 118.038988

[Iter 2350]
r0 128.219235 88.443117 130.230635 89.661717
r1 133.395420 96.158540 135.799920 97.177940
r2 132.960717 104.628200 149.936817 122.791000
r3 132.301459 133.405959 156.374559 146.214159
r4 138.837079 157.895544 140.086179 159.857744
r5 134.876956 165.973598 136.198456 167.828298
r6 131.927849 78.763267 134.316849 79.789167
r7 135.196359 76.151719 157.290059 90.107419
r8 139.427085 96.849485 166.375585 108.291085
r9 139.891248 122.515136 165.857148 134.389636
r10 137.572384 154.108834 163.921484 165.810734
r11 141.328498 169.687776 143.298498 170.931976
r12 128.779771 39.882514 145.490071 58.334214
r13 141.770346 52.951095 161.105046 68.898295
r14 153.415684 77.753616 172.879284 94.501816
r15 156.689385 108.404265 175.996885 125.287865
r16 150.264319 144.040912 176.550519 155.770712
r17 150.954620 165.744008 168.309420 183.510508
r18 137.890641 17.235650 165.511041 28.398850
r19 151.920308 39.570729 173.404208 53.922629
r20 158.210040 64.858866 169.302840 73.034166
r21 159.601745 109.013267 172.708745 120.775467
r22 156.610868 143.653963 186.313768 161.300963
r23 148.620082 163.797617 177.253882 182.103517
r24 151.189626 24.889285 153.032526 26.219285
r25 153.555506 28.426668 180.458706 39.887468
r26 165.097298 55.996825 182.589398 73.623825
r27 153.378498 94.249445 184.559398 111.059945
r28 153.143400 121.724536 187.390000 137.030236
r29 159.788146 156.169021 162.950846 158.540421
r30 151.219662 28.149360 154.435062 29.445160
r31 159.331700 34.615300 161.079600 36.999100
r32 162.730973 37.545570 180.523573 67.005470
r33 162.372022 67.635714 183.251722 92.739914
r34 162.467755 126.256824 165.547755 127.609624
r35 158.253771 145.025955 162.414671 146.828455
r36 114.847635 89.415433 116.936335 90.588833
r37 105.599965 94.112929 125.037065 109.976029
r38 102.905908 110.685608 126.758408 123.612308
r39 99.753036 133.527674 126.917836 144.878174
r40 99.824817 151.291778 117.710317 168.530978
r41 113.713310 169.378250 114.831110 171.570850
r42 105.206037 72.414253 129.060137 85.340053
r43 116.593347 84.771037 142.774547 96.547937
r44 124.299614 100.401192 134.468014 109.319592
r45 117.049247 131.084506 131.312247 137.442606
r46 115.103956 147.787833 134.705256 163.518033
r47 110.463211 170.151368 129.833411 186.069268
r48 102.616139 32.887618 119.674139 50.963218
r49 113.743388 52.507068 126.177588 59.800368
r50 118.276556 67.284884 137.584456 75.942384
r51 123.794519 117.289895 135.353019 131.751695
r52 126.462702 151.403032 140.736602 157.756332
r53 125.410893 167.980752 147.615693 181.866652
r54 103.500605 17.629584 126.501805 31.034684
r55 111.582920 40.255765 125.755220 46.654565
r56 117.716212 56.080742 134.523512 66.026242
r57 125.030464 97.255482 147.026964 110.174182
r58 128.974073 151.478854 140.827773 164.484654
r59 124.461971 164.007923 148.456171 185.853423
r60 123.548137 9.361295 142.241837 25.855295
r61 124.014603 31.173408 151.517803 42.384208
r62 135.825445 64.822431 148.896945 71.760131
r63 136.767212 87.741419 148.460812 100.925319
r64 124.744904 140.732618 159.962704 155.616218
r65 134.144563 154.211636 167.548763 182.456636
r66 145.022057 24.759269 148.188957 26.074969
r67 134.847856 25.634664 165.074856 42.975664
r68 129.074041 49.972626 162.165241 65.812726
r69 127.037160 73.463180 162.931860 88.066080
r70 136.273962 108.461187 153.274262 139.293987
r71 149.902654 143.678984 154.014554 145.502984
r72 95.945553 79.264480 108.845353 103.166680
r73 74.225196 92.422815 96.613596 106.194815
r74 79.218510 113.922652 91.714610 121.179852
r75 75.718230 140.118528 90.710030 146.167628
r76 65.324127 152.847616 91.014227 164.849616
r77 64.391002 167.996197 86.278202 182.083597
r78 73.400567 73.639540 98.512667 85.917840
r79 80.386252 83.117846 88.315752 92.328946
r80 82.052465 105.157714 98.109065 115.568214
r81 82.936220 126.114765 91.245920 146.230665
r82 83.991017 148.955443 90.302917 160.527143
r83 82.426202 171.180040 104.416302 185.201440
r84 85.683639 36.844367 98.810439 42.408467
r85 85.539180 36.969706 96.431980 52.315306
r86 81.854500 50.344113 102.676500 73.062413
r87 86.298017 119.443321 111.067917 134.978521
r88 93.596640 143.747671 105.716740 157.539371
r89 93.754663 164.618810 104.439063 171.454810
r90 91.858538 20.753047 104.670638 30.444347
r91 94.461958 29.453000 105.840458 54.427100
r92 101.805087 56.544302 113.995687 70.256202
r93 96.203601 102.212289 110.131801 122.614489
r94 102.137868 145.557120 120.758568 160.817920
r95 104.315131 161.207015 116.062231 171.777015
r96 100.510285 6.047371 127.089985 25.767871
r97 103.139691 35.320974 115.589491 45.294374
r98 95.259473 60.196532 131.918273 75.313432
r99 104.271273 83.901886 127.351673 107.912186
r100 109.584834 140.167300 123.242834 149.258400
r101 95.979305 159.041414 133.433205 184.232414
r102 134.422857 0.786706 157.610657 41.476306
r103 113.974528 26.231550 135.308428 50.801250
r104 114.390626 49.261855 122.386326 64.791055
r105 109.618043 76.735614 122.482843 86.387314
r106 111.093146 114.187298 134.004346 137.065498
r107 134.151748 127.424676 174.950048 150.550576
r108 52.892126 78.267264 70.988126 95.306064
r109 46.252381 94.277990 73.276481 105.687590
r110 57.038188 115.873368 66.095088 123.937868
r111 58.292242 144.145461 69.692142 150.552461
r112 51.594692 148.525444 81.031792 166.331744
r113 46.001499 169.635124 75.566799 187.364224
r114 52.771748 53.570802 75.778548 66.972602
r115 58.423283 77.019330 67.881083 84.742030
r116 52.697807 106.306171 76.919307 119.764471
r117 53.707616 131.924339 76.815616 146.031139
r118 68.795554 139.227450 76.046954 156.350450
r119 73.381406 170.310034 106.721406 186.031834
r120 65.735450 35.180739 76.569550 41.922339
r121 59.873209 36.117122 81.351309 51.294522
r122 66.774041 59.675164 76.897441 76.187164
r123 68.293835 117.976276 77.612635 135.913876
r124 53.952171 123.196259 85.543571 140.737959
r125 81.978477 158.788461 97.592077 166.740961
r126 71.143568 17.813363 81.619568 29.665863
r127 65.202878 27.870335 91.320378 49.088535
r128 62.024287 73.076987 87.038687 84.437087
r129 67.200673 96.203552 77.865773 122.848252
r130 84.921101 120.640154 102.379701 152.381954
r131 87.986987 149.905077 96.860487 163.898077
r132 64.289228 0.000000 94.380728 31.354400
r133 74.883553 29.199963 84.666353 52.046263
r134 65.087821 50.963571 90.271921 72.968171
r135 77.227292 82.324319 96.056692 111.755319
r136 98.803355 128.972330 115.767555 136.291630
r137 88.513269 136.589622 137.023269 156.039222
r138 95.107464 0.610866 132.084164 26.126966
r139 93.820631 30.070516 132.322731 54.575716
r140 91.245475 56.544037 104.226475 66.109337
r141 95.626057 77.853411 102.815757 95.123511
r142 100.520408 102.832524 143.425308 124.823024
r143 141.637156 99.349065 181.674456 122.914565
r144 44.484300 84.160377 46.225100 85.568277
r145 30.308639 85.296152 43.842339 108.078752
r146 23.136020 112.915847 49.919420 124.427947
r147 26.661447 145.730959 53.538847 157.202759
r148 23.579493 161.213851 46.279693 184.304751
r149 40.483932 167.273733 43.410632 168.697433
r150 45.248226 71.297671 46.720726 72.962171
r151 30.461356 73.555290 51.143456 88.463490
r152 41.023700 102.142190 47.268800 113.837590
r153 40.646494 134.826546 47.093694 146.155446
r154 23.423844 142.005436 54.482644 158.882036
r155 41.357140 162.430590 43.255840 164.625090
r156 34.092583 28.438691 60.866383 39.954891
r157 34.197933 39.581739 55.349833 54.158839
r158 32.199610 61.332377 58.381410 73.782977
r159 33.312793 123.684789 58.399893 136.678689
r160 29.946387 118.011477 54.028987 139.776877
r161 16.384625 157.199052 62.942225 177.464252
r162 40.321367 8.628351 61.229867 33.697851
r163 29.500189 34.775542 65.128789 49.487542
r164 41.785826 59.037758 59.991226 89.477458
r165 39.420238 89.369381 59.124538 117.493481
r166 34.071290 116.681817 59.088890 154.395317
r167 64.041229 137.439939 84.960229 182.542439
r168 56.377870 26.902397 58.397770 30.615397
r169 27.541634 16.185805 64.155634 41.954705
r170 36.365359 46.240471 66.038459 78.036971
r171 38.365952 80.888134 67.751152 112.996134
r172 60.655556 113.041161 105.784756 133.947761
r173 79.343406 131.898355 83.594606 133.662555
r174 66.018453 32.478937 70.098553 34.317137
r175 69.226653 40.841681 72.979753 42.840081
r176 68.404711 50.738621 102.818511 78.154921
r177 69.837485 82.043245 109.145885 106.045745
r178 85.103471 111.691372 88.399271 113.966972
r179 84.389021 114.427754 88.189821 116.401054
r180 40.297654 82.525150 41.402954 84.742650
r181 34.387406 91.925140 36.556706 93.055040
r182 30.918025 110.707703 32.616425 112.150803
r183 31.783003 143.603606 33.302203 145.217006
r184 33.122758 151.834825 34.961458 154.100925
r185 36.428176 155.534521 39.568876 156.861221
r186 39.016727 74.888766 41.321327 75.952266
r187 32.797511 80.860406 33.836411 83.219606
r188 7.209881 96.768520 33.611681 108.447020
r189 13.032938 133.856614 35.834738 147.378914
r190 30.676667 146.385144 32.500067 148.670244
r191 36.639610 151.757233 39.064710 153.475433
r192 40.335460 49.959253 42.309360 51.200953
r193 15.990796 50.665946 40.905196 63.041646
r194 8.773077 67.550876 28.745677 82.988676
r195 10.259430 115.961310 26.536030 134.904710
r196 8.921666 117.235862 25.760666 148.363962
r197 37.155095 146.433409 40.118995 148.963809
r198 44.128881 44.090623 46.505581 45.843823
r199 11.183527 49.702572 46.264327 64.644272
r200 5.567470 68.293529 37.821570 84.544629
r201 8.785591 94.947741 33.544491 116.118641
r202 0.000000 115.868528 31.236400 146.073728
r203 55.271008 140.647188 59.190508 142.560688
r204 52.256367 39.582559 54.152667 43.537559
r205 41.227124 47.567845 43.735824 50.557445
r206 1.047897 53.731436 35.190897 81.365236
r207 2.106904 85.381317 36.645404 112.698717
r208 65.834931 119.572603 67.990031 123.052703
r209 68.888282 126.358336 71.570682 129.154336
r210 61.651683 39.091892 63.874483 42.466092
r211 62.739076 45.767645 64.838476 49.340145
r212 66.949407 64.482711 68.683807 68.807011
r213 70.421569 94.935330 73.367869 97.480930
r214 73.472092 110.733659 75.771192 113.995859
r215 74.011423 115.325441 77.300323 117.605841

[Iter 2400]
r0 128.322860 88.443817 130.334260 89.662417
r1 133.436443 96.085423 135.840943 97.104823
r2 133.005497 104.619235 149.981597 122.782035
r3 132.336449 133.352267 156.409549 146.160467
r4 138.740766 157.647002 139.989866 159.609202
r5 134.913467 165.954483 136.234967 167.809183
r6 131.952292 78.812138 134.341292 79.838038
r7 135.229097 75.993323 157.322797 89.949023
r8 139.536050 96.856294 166.484550 108.297894
r9 139.572816 122.309026 165.538716 134.183526
r10 137.774549 154.065917 164.123649 165.767817
r11 141.358044 169.451250 143.328044 170.695450
r12 128.934929 39.727427 145.645229 58.179127
r13 141.680989 52.898935 161.015689 68.846135
r14 153.388705 77.848624 172.852305 94.596824
r15 156.946353 108.571537 176.253853 125.455137
r16 150.332386 143.905986 176.618586 155.635786
r17 150.796815 165.721732 168.151615 183.488232
r18 137.939890 17.216782 165.560290 28.379982
r19 152.268187 39.593920 173.752087 53.945820
r20 157.934166 64.886307 169.026966 73.061607
r21 159.601699 109.182615 172.708699 120.944815
r22 156.837775 143.639535 186.540675 161.286535
r23 148.668117 163.829461 177.301917 182.135361
r24 151.198912 25.003957 153.041812 26.333957
r25 153.725208 28.465996 180.628408 39.926796
r26 165.036947 55.963726 182.529047 73.590726
r27 153.402610 94.359124 184.583510 111.169624
r28 153.143400 121.869297 187.390000 137.174997
r29 159.987112 156.320999 163.149812 158.692399
r30 151.304331 28.043385 154.519731 29.339185
r31 159.285274 34.681170 161.033174 37.064970
r32 162.758313 37.739335 180.550913 67.199235
r33 162.606498 67.800760 183.486198 92.904960
r34 162.408905 126.263438 165.488905 127.616238
r35 158.313854 145.994973 162.474754 147.797473
r36 114.852127 89.410880 116.940827 90.584280
r37 105.621062 94.115945 125.058162 109.979045
r38 102.984626 110.458285 126.837126 123.384985
r39 99.706314 133.501542 126.871114 144.852042
r40 99.799432 151.101763 117.684932 168.340963
r41 113.750410 169.240021 114.868210 171.432621
r42 105.026847 72.041986 128.880947 84.967786
r43 117.023668 84.761809 143.204868 96.538709
r44 124.349503 100.371875 134.517903 109.290275
r45 116.852654 130.874488 131.115654 137.232588
r46 115.236052 147.634003 134.837352 163.364203
r47 110.465400 169.973152 129.835600 185.891052
r48 102.781683 32.692516 119.839683 50.768116
r49 113.890006 52.565984 126.324206 59.859284
r50 118.321771 67.292057 137.629671 75.949557
r51 123.550151 117.435109 135.108651 131.896909
r52 126.393543 151.598857 140.667443 157.952157
r53 125.383796 167.990443 147.588596 181.876343
r54 103.434064 17.565486 126.435264 30.970586
r55 111.597561 40.235085 125.769861 46.633885
r56 117.671436 55.948298 134.478736 65.893798
r57 125.064682 97.283672 147.061182 110.202372
r58 128.923698 151.643605 140.777398 164.649405
r59 124.488492 164.133660 148.482692 185.979160
r60 123.527370 9.200169 142.221070 25.694169
r61 124.171021 31.092685 151.674221 42.303485
r62 135.835447 64.628628 148.906947 71.566328
r63 136.753083 87.762676 148.446683 100.946576
r64 124.895375 140.814585 160.113175 155.698185
r65 134.616533 156.337171 168.020733 184.582171
r66 145.130054 24.743160 148.296954 26.058860
r67 135.105293 25.616325 165.332293 42.957325
r68 129.068212 50.097358 162.159412 65.937458
r69 127.115082 73.465223 163.009782 88.068123
r70 136.206773 108.539625 153.207073 139.372425
r71 150.470460 144.195719 154.582360 146.019719
r72 95.820320 79.226796 108.720120 103.128996
r73 74.250611 92.316064 96.639011 106.088064
r74 79.244506 113.891501 91.740606 121.148701
r75 75.842934 139.920282 90.834734 145.969382
r76 65.183018 152.751210 90.873118 164.753210
r77 64.415191 167.941801 86.302391 182.029201
r78 73.293550 73.716117 98.405650 85.994417
r79 80.235620 83.212709 88.165120 92.423809
r80 82.088753 105.101945 98.145353 115.512445
r81 82.875503 126.081017 91.185203 146.196917
r82 83.980956 148.717881 90.292856 160.289581
r83 82.448193 171.041576 104.438293 185.062976
r84 85.706806 36.856720 98.833606 42.420820
r85 85.606200 36.812506 96.499000 52.158106
r86 81.885245 50.260652 102.707245 72.978952
r87 86.345667 119.331558 111.115567 134.866758
r88 93.615332 143.739364 105.735432 157.531064
r89 93.740722 164.401933 104.425122 171.237933
r90 91.866088 20.865761 104.678188 30.557061
r91 94.606562 29.450449 105.985062 54.424549
r92 101.793826 56.376580 113.984426 70.088480
r93 96.229809 102.336070 110.158009 122.738270
r94 102.375212 145.871276 120.995912 161.132076
r95 104.476571 161.200283 116.223671 171.770283
r96 100.791215 6.173416 127.370915 25.893916
r97 103.287204 35.368560 115.737004 45.341960
r98 95.191665 60.264734 131.850465 75.381634
r99 104.228055 83.969170 127.308455 107.979470
r100 109.638104 140.381056 123.296104 149.472156
r101 96.299798 160.014555 133.753698 185.205555
r102 134.531866 0.743460 157.719666 41.433060
r103 114.220638 26.395860 135.554538 50.965560
r104 114.481343 49.267515 122.477043 64.796715
r105 109.619915 76.716060 122.484715 86.367760
r106 111.059359 114.341546 133.970559 137.219746
r107 134.378360 127.075201 175.176660 150.201101
r108 52.825680 78.214567 70.921680 95.253367
r109 46.152168 94.233134 73.176268 105.642734
r110 57.241092 116.014809 66.297992 124.079309
r111 58.417347 144.119166 69.817247 150.526166
r112 51.566912 148.653115 81.004012 166.459415
r113 46.029366 169.660900 75.594666 187.390000
r114 52.849392 53.555231 75.856192 66.957031
r115 58.514851 76.940628 67.972651 84.663328
r116 52.691069 106.317463 76.912569 119.775763
r117 53.524625 131.961663 76.632625 146.068463
r118 68.768124 139.208711 76.019524 156.331711
r119 73.555329 170.166768 106.895329 185.888568
r120 65.923943 35.482745 76.758043 42.224345
r121 59.802016 35.928064 81.280116 51.105464
r122 66.838929 59.305464 76.962329 75.817464
r123 68.403688 118.042643 77.722488 135.980243
r124 54.043925 123.239999 85.635325 140.781699
r125 82.150582 158.786240 97.764182 166.738740
r126 71.333916 17.876196 81.809916 29.728696
r127 65.192926 27.941274 91.310426 49.159474
r128 62.204167 73.189452 87.218567 84.549552
r129 67.231738 96.338285 77.896838 122.982985
r130 84.961958 120.808325 102.420558 152.550125
r131 87.889975 149.638219 96.763475 163.631219
r132 64.175202 0.000000 94.266702 31.354400
r133 74.655039 29.369639 84.437839 52.215939
r134 65.127653 50.956422 90.311753 72.961022
r135 77.331938 82.424493 96.161338 111.855493
r136 98.882281 129.346915 115.846481 136.666215
r137 87.784447 136.016621 136.294447 155.466221
r138 95.427958 1.950314 132.404658 27.466414
r139 96.016668 31.005462 134.518768 55.510662
r140 91.410312 56.452030 104.391312 66.017330
r141 95.706713 77.842119 102.896413 95.112219
r142 100.605640 103.814082 143.510540 125.804582
r143 140.879008 98.775906 180.916308 122.341406
r144 44.441170 84.175043 46.181970 85.582943
r145 30.265994 85.141828 43.799694 107.924428
r146 23.177608 112.915482 49.961008 124.427582
r147 26.746308 145.778768 53.623708 157.250568
r148 23.575275 161.262848 46.275475 184.353748
r149 40.316607 167.160345 43.243307 168.584045
r150 45.262335 71.302046 46.734835 72.966546
r151 30.587781 73.439838 51.269881 88.348038
r152 41.161622 102.175637 47.406722 113.871037
r153 40.768672 134.916238 47.215872 146.245138
r154 23.485535 142.131908 54.544335 159.008508
r155 41.225123 162.601696 43.123823 164.796196
r156 33.997602 28.249207 60.771402 39.765407
r157 34.189203 39.455646 55.341103 54.032746
r158 32.169573 61.137873 58.351373 73.588473
r159 33.330891 123.602098 58.417991 136.595998
r160 30.125873 118.071675 54.208473 139.837075
r161 16.278409 156.082489 62.836009 176.347689
r162 40.370317 8.614723 61.278817 33.684223
r163 29.411194 34.827648 65.039794 49.539648
r164 41.963488 59.044004 60.168888 89.483704
r165 39.652194 89.443858 59.356494 117.567958
r166 33.590428 116.727912 58.608028 154.441412
r167 64.545448 138.311941 85.464448 183.414441
r168 56.412918 27.198887 58.432818 30.911887
r169 27.872427 16.848118 64.486427 42.617018
r170 37.215022 46.428228 66.888122 78.224728
r171 39.182619 81.378086 68.567819 113.486086
r172 60.733667 114.647917 105.862867 135.554517
r173 78.958829 131.929738 83.210029 133.693938
r174 66.026621 32.708843 70.106721 34.547043
r175 69.140774 41.159412 72.893874 43.157812
r176 68.800917 51.479576 103.214717 78.895876
r177 70.272060 81.716820 109.580460 105.719320
r178 85.223669 112.163057 88.519469 114.438657
r179 84.402683 114.897254 88.203483 116.870554
r180 40.056052 82.521592 41.161352 84.739092
r181 34.373897 91.894095 36.543197 93.023995
r182 30.927216 110.687437 32.625616 112.130537
r183 31.737090 143.543381 33.256290 145.156781
r184 33.088416 151.860312 34.927116 154.126412
r185 36.186377 155.550886 39.327077 156.877586
r186 38.892702 74.885962 41.197302 75.949462
r187 32.876782 80.989967 33.915682 83.349167
r188 7.332358 96.838641 33.734158 108.517141
r189 13.189819 133.855049 35.991619 147.377349
r190 30.683690 146.351679 32.507090 148.636779
r191 36.281236 151.701861 38.706336 153.420061
r192 40.304714 50.001735 42.278614 51.243435
r193 15.743730 50.648000 40.658130 63.023700
r194 8.761255 67.737327 28.733855 83.175127
r195 10.199680 115.984289 26.476280 134.927689
r196 9.036453 117.227572 25.875453 148.355672
r197 36.771926 146.579564 39.735826 149.109964
r198 44.124057 44.085556 46.500757 45.838756
r199 11.295292 49.916553 46.376092 64.858253
r200 5.695443 68.551257 37.949543 84.802357
r201 9.278927 94.956782 34.037827 116.127682
r202 0.256782 115.848227 31.493182 146.053427
r203 55.294528 140.741613 59.214028 142.655113
r204 52.532058 39.736199 54.428358 43.691199
r205 41.413052 47.636925 43.921752 50.626525
r206 1.489882 53.902998 35.632882 81.536798
r207 3.198443 85.334301 37.736943 112.651701
r208 65.122047 120.163928 67.277147 123.644028
r209 68.345469 126.758516 71.027869 129.554516
r210 61.583968 39.274269 63.806768 42.648469
r211 62.595636 45.876173 64.695036 49.448673
r212 66.756844 64.582268 68.491244 68.906568
r213 70.156361 94.947597 73.102661 97.493197
r214 73.661774 110.814069 75.960874 114.076269
r215 74.552610 115.531843 77.841510 117.812243

[Iter 2450]
r0 128.401190 88.494971 130.412590 89.713571
r1 133.488655 96.170219 135.893155 97.189619
r2 133.264032 104.601116 150.240132 122.763916
r3 132.751739 133.368653 156.824839 146.176853
r4 138.872299 157.770632 140.121399 159.732832
r5 135.032905 166.096173 136.354405 167.950873
r6 131.957343 78.732589 134.346343 79.758489
r7 135.719676 75.761904 157.813376 89.717604
r8 140.349031 96.890748 167.297531 108.332348
r9 140.076865 122.146788 166.042765 134.021288
r10 138.144203 154.118908 164.493303 165.820808
r11 141.473928 169.590482 143.443928 170.834682
r12 129.160470 39.459967 145.870770 57.911667
r13 142.156535 52.836263 161.491235 68.783463
r14 154.254845 77.929091 173.718445 94.677291
r15 157.357360 108.256716 176.664860 125.140316
r16 150.804300 143.919984 177.090500 155.649784
r17 151.539850 165.628736 168.894650 183.395236
r18 138.113293 17.014608 165.733693 28.177808
r19 152.189983 39.435179 173.673883 53.787079
r20 158.151629 64.813574 169.244429 72.988874
r21 159.970355 109.067574 173.077355 120.829774
r22 157.504182 143.361049 187.207082 161.008049
r23 148.932011 163.613784 177.565811 181.919684
r24 151.259992 24.918149 153.102892 26.248149
r25 153.902989 28.242423 180.806189 39.703223
r26 165.590841 55.996325 183.082941 73.623325
r27 153.563415 93.963023 184.744315 110.773523
r28 153.143400 121.879576 187.390000 137.185276
r29 160.169544 156.769611 163.332244 159.141011
r30 151.326960 27.978372 154.542360 29.274172
r31 159.408415 34.595745 161.156315 36.979545
r32 163.130171 37.338789 180.922771 66.798689
r33 163.032433 67.349290 183.912133 92.453490
r34 162.494695 126.304793 165.574695 127.657593
r35 158.418940 146.599600 162.579840 148.402100
r36 114.850257 89.445220 116.938957 90.618620
r37 105.686106 93.934434 125.123206 109.797534
r38 103.039224 110.888124 126.891724 123.814824
r39 99.893107 133.990550 127.057907 145.341050
r40 99.884213 151.689968 117.769713 168.929168
r41 113.893793 169.365430 115.011593 171.558030
r42 105.336244 72.392771 129.190344 85.318571
r43 117.242299 84.482707 143.423499 96.259607
r44 124.515265 100.233199 134.683665 109.151599
r45 116.973509 130.979620 131.236509 137.337720
r46 115.443002 147.987828 135.044302 163.718028
r47 110.521698 170.153480 129.891898 186.071380
r48 102.906747 32.066778 119.964747 50.142378
r49 113.369899 51.835761 125.804099 59.129061
r50 118.455370 66.776247 137.763270 75.433747
r51 123.951220 117.429270 135.509720 131.891070
r52 126.618852 151.692121 140.892752 158.045421
r53 125.647519 168.006758 147.852319 181.892658
r54 103.295548 17.354305 126.296748 30.759405
r55 111.672544 39.971942 125.844844 46.370742
r56 117.894593 55.681151 134.701893 65.626651
r57 125.767788 97.065828 147.764288 109.984528
r58 128.971978 152.099577 140.825678 165.105377
r59 124.724823 164.337454 148.719023 186.182954
r60 123.510794 8.834073 142.204494 25.328073
r61 124.400198 30.652212 151.903398 41.863012
r62 136.258043 64.850021 149.329543 71.787721
r63 137.199997 87.692628 148.893597 100.876528
r64 125.501080 141.100115 160.718880 155.983715
r65 134.482018 154.915058 167.886218 183.160058
r66 145.280386 24.547312 148.447286 25.863012
r67 135.233055 25.574537 165.460055 42.915537
r68 129.336367 49.937061 162.427567 65.777161
r69 127.453935 73.289598 163.348635 87.892498
r70 136.478222 108.722946 153.478522 139.555746
r71 150.184417 144.869191 154.296317 146.693191
r72 96.057525 79.671584 108.957325 103.573784
r73 73.841629 92.143585 96.230029 105.915585
r74 79.409862 113.595156 91.905962 120.852356
r75 75.568835 140.544088 90.560635 146.593188
r76 64.900110 153.043313 90.590210 165.045313
r77 64.278057 168.014299 86.165257 182.101699
r78 73.222357 73.610690 98.334457 85.888990
r79 79.960758 83.319855 87.890258 92.530955
r80 81.869570 105.101988 97.926170 115.512488
r81 82.829871 126.176880 91.139571 146.292780
r82 83.846126 148.865558 90.158026 160.437258
r83 82.354424 171.442428 104.344524 185.463828
r84 85.701985 36.423932 98.828785 41.988032
r85 85.634847 36.276882 96.527647 51.622482
r86 81.628754 50.067398 102.450754 72.785698
r87 86.019192 119.668215 110.789092 135.203415
r88 93.607015 143.820802 105.727115 157.612502
r89 93.530685 164.536598 104.215085 171.372598
r90 91.883049 20.634982 104.695149 30.326282
r91 94.613310 29.234010 105.991810 54.208110
r92 101.496319 56.036065 113.686919 69.747965
r93 95.705362 102.133096 109.633562 122.535296
r94 102.555128 146.115636 121.175828 161.376436
r95 104.699331 161.121393 116.446431 171.691393
r96 100.699135 6.030277 127.278835 25.750777
r97 103.024646 35.313338 115.474446 45.286738
r98 95.052773 60.404332 131.711573 75.521232
r99 104.585389 84.328123 127.665789 108.338423
r100 110.065287 140.700551 123.723287 149.791651
r101 96.265780 158.817871 133.719680 184.008871
r102 136.086827 0.236402 159.274627 40.926002
r103 114.241473 26.099390 135.575373 50.669090
r104 114.780794 49.074422 122.776494 64.603622
r105 109.815797 76.858597 122.680597 86.510297
r106 111.315917 114.552515 134.227117 137.430715
r107 133.939505 128.111962 174.737805 151.237862
r108 52.342270 78.068130 70.438270 95.106930
r109 45.864600 94.270076 72.888700 105.679676
r110 56.674210 116.132027 65.731110 124.196527
r111 58.237240 144.371812 69.637140 150.778812
r112 51.263292 148.736505 80.700392 166.542805
r113 46.073940 169.660900 75.639240 187.390000
r114 52.385585 53.475136 75.392385 66.876936
r115 58.064364 76.997284 67.522164 84.719984
r116 52.432970 106.450930 76.654470 119.909230
r117 53.531872 132.142060 76.639872 146.248860
r118 68.682463 139.021857 75.933863 156.144857
r119 73.538049 170.284471 106.878049 186.006271
r120 65.682241 35.351033 76.516341 42.092633
r121 59.437155 35.639518 80.915255 50.816918
r122 66.859553 59.066043 76.982953 75.578043
r123 68.505728 118.013671 77.824528 135.951271
r124 53.607941 123.252330 85.199341 140.794030
r125 82.079387 159.356611 97.692987 167.309111
r126 71.089237 17.412765 81.565237 29.265265
r127 64.933658 27.795916 91.051158 49.014116
r128 62.112768 73.195244 87.127168 84.555344
r129 66.902838 96.130303 77.567938 122.775003
r130 84.813076 121.372748 102.271676 153.114548
r131 87.799031 149.729450 96.672531 163.722450
r132 63.805601 0.212971 93.897101 31.567371
r133 73.947586 30.197903 83.730386 53.044203
r134 65.119202 51.016514 90.303302 73.021114
r135 77.177583 82.529949 96.006983 111.960949
r136 99.295923 129.406296 116.260123 136.725596
r137 88.031923 135.587549 136.541923 155.037149
r138 96.000555 2.041696 132.977255 27.557796
r139 95.425288 31.647375 133.927388 56.152575
r140 91.493349 56.013287 104.474349 65.578587
r141 95.942504 77.553829 103.132204 94.823929
r142 101.396099 104.960563 144.300999 126.951063
r143 142.373097 99.606568 182.410397 123.172068
r144 44.261814 84.230210 46.002614 85.638110
r145 29.797090 85.736240 43.330790 108.518840
r146 22.723563 113.111789 49.506963 124.623889
r147 26.537376 145.967746 53.414776 157.439546
r148 23.446450 161.365760 46.146650 184.456660
r149 40.238162 167.208832 43.164862 168.632532
r150 45.123743 71.287789 46.596243 72.952289
r151 29.736758 73.579763 50.418858 88.487963
r152 41.025651 101.980019 47.270751 113.675419
r153 40.546737 135.230819 46.993937 146.559719
r154 23.140744 142.363785 54.199544 159.240385
r155 41.276046 162.872849 43.174746 165.067349
r156 33.731909 27.810461 60.505709 39.326661
r157 33.919449 39.283889 55.071349 53.860989
r158 32.127907 61.154904 58.309707 73.605504
r159 33.190991 123.871432 58.278091 136.865332
r160 29.633085 118.319133 53.715685 140.084533
r161 16.818096 155.201347 63.375696 175.466547
r162 40.338157 8.495240 61.246657 33.564740
r163 29.380476 34.859911 65.009076 49.571911
r164 41.793064 58.935478 59.998464 89.375178
r165 39.541310 89.374890 59.245610 117.498990
r166 33.568281 115.433838 58.585881 153.147338
r167 64.828829 137.605199 85.747829 182.707699
r168 56.555755 27.199059 58.575655 30.912059
r169 27.546011 19.936638 64.160011 45.705538
r170 36.347872 48.552078 66.020972 80.348578
r171 38.619670 81.216577 68.004870 113.324577
r172 59.646558 113.798059 104.775758 134.704659
r173 79.252871 131.888052 83.504071 133.652252
r174 65.996741 32.992940 70.076841 34.831140
r175 69.142043 41.332219 72.895143 43.330619
r176 67.873180 50.461167 102.286980 77.877467
r177 69.734544 81.773540 109.042944 105.776040
r178 85.435459 111.846660 88.731259 114.122260
r179 85.103598 114.955257 88.904398 116.928557
r180 39.864513 82.526784 40.969813 84.744284
r181 34.083528 92.313028 36.252828 93.442928
r182 30.624501 110.813220 32.322901 112.256320
r183 31.489640 143.659077 33.008840 145.272477
r184 32.863308 151.997809 34.702008 154.263909
r185 36.104043 155.666501 39.244743 156.993201
r186 38.678863 74.890402 40.983463 75.953902
r187 32.542821 81.147246 33.581721 83.506446
r188 6.651553 96.812211 33.053353 108.490711
r189 12.825977 134.177701 35.627777 147.700001
r190 30.538894 146.434232 32.362294 148.719332
r191 36.310511 151.743862 38.735611 153.462062
r192 40.273210 50.053091 42.247110 51.294791
r193 15.399035 50.817891 40.313435 63.193591
r194 8.436366 67.717762 28.408966 83.155562
r195 9.838442 116.157938 26.115042 135.101338
r196 8.671535 117.358541 25.510535 148.486641
r197 36.994278 146.560279 39.958178 149.090679
r198 44.220372 44.114204 46.597072 45.867404
r199 10.987610 49.975559 46.068410 64.917259
r200 5.551503 68.803245 37.805603 85.054345
r201 8.978760 95.035022 33.737660 116.205922
r202 0.343393 116.089469 31.579793 146.294669
r203 55.778871 141.032598 59.698371 142.946098
r204 52.652509 39.972967 54.548809 43.927967
r205 41.323796 47.669555 43.832496 50.659155
r206 0.838149 53.985553 34.981149 81.619353
r207 2.479862 85.568161 37.018362 112.885561
r208 65.475994 119.785464 67.631094 123.265564
r209 69.147803 126.876657 71.830203 129.672657
r210 61.457954 39.530980 63.680754 42.905180
r211 62.422376 46.071314 64.521776 49.643814
r212 66.501051 64.644301 68.235451 68.968601
r213 70.109500 95.222332 73.055800 97.767932
r214 73.584751 110.758258 75.883851 114.020458
r215 74.821932 114.980770 78.110832 117.261170

[Iter 2500]
r0 128.465846 88.390772 130.477246 89.609372
r1 133.662042 96.072787 136.066542 97.092187
r2 133.141672 104.570180 150.117772 122.732980
r3 132.593145 133.479609 156.666245 146.287809
r4 139.102808 158.032437 140.351908 159.994637
r5 135.129484 166.085856 136.450984 167.940556
r6 131.995524 78.561261 134.384524 79.587161
r7 135.697655 75.754299 157.791355 89.709999
r8 140.277626 96.814298 167.226126 108.255898
r9 140.162177 122.304867 166.128077 134.179367
r10 137.838125 154.090613 164.187225 165.792513
r11 141.651279 169.683689 143.621279 170.927889
r12 128.795263 40.268542 145.505563 58.720242
r13 142.615206 52.889812 161.949906 68.837012
r14 154.063292 77.770023 173.526892 94.518223
r15 157.246795 108.259423 176.554295 125.143023
r16 150.940507 143.842131 177.226707 155.571931
r17 151.884447 165.533670 169.239247 183.300170
r18 138.130835 17.005558 165.751235 28.168758
r19 152.027087 39.455230 173.510987 53.807130
r20 158.480229 64.894378 169.573029 73.069678
r21 159.712308 109.037880 172.819308 120.800080
r22 157.278764 143.611466 186.981664 161.258466
r23 149.212638 163.897335 177.846438 182.203235
r24 151.433913 24.660626 153.276813 25.990626
r25 153.809855 28.113122 180.713055 39.573922
r26 166.103183 56.131222 183.595283 73.758222
r27 153.824610 93.913135 185.005510 110.723635
r28 153.143400 121.643004 187.390000 136.948704
r29 160.126535 157.273485 163.289235 159.644885
r30 151.595415 27.875347 154.810815 29.171147
r31 159.633841 34.430256 161.381741 36.814056
r32 163.215089 36.896647 181.007689 66.356547
r33 163.070428 66.992777 183.950128 92.096977
r34 162.513244 126.483388 165.593244 127.836188
r35 158.286660 146.554673 162.447560 148.357173
r36 114.850472 89.413427 116.939172 90.586827
r37 105.546173 94.046789 124.983273 109.909889
r38 102.860145 110.763322 126.712645 123.690022
r39 99.727211 133.801296 126.892011 145.151796
r40 99.678182 151.568009 117.563682 168.807209
r41 113.890013 169.533063 115.007813 171.725663
r42 105.340517 72.422844 129.194617 85.348644
r43 117.223051 84.912702 143.404251 96.689602
r44 124.654678 100.544681 134.823078 109.463081
r45 116.900551 130.793392 131.163551 137.151492
r46 115.167578 147.886561 134.768878 163.616761
r47 110.539007 170.326187 129.909207 186.244087
r48 102.632747 32.590091 119.690747 50.665691
r49 112.949241 52.507648 125.383441 59.800948
r50 118.500996 67.166759 137.808896 75.824259
r51 123.978919 117.476321 135.537419 131.938121
r52 126.628545 151.548748 140.902445 157.902048
r53 125.834467 168.001947 148.039267 181.887847
r54 103.610989 17.432818 126.612189 30.837918
r55 111.554263 40.090594 125.726563 46.489394
r56 117.862523 55.758361 134.669823 65.703861
r57 125.553228 97.138650 147.549728 110.057350
r58 129.045791 152.172500 140.899491 165.178300
r59 124.909278 164.505636 148.903478 186.351136
r60 123.692828 9.071399 142.386528 25.565399
r61 124.187330 31.114734 151.690530 42.325534
r62 136.300822 64.886724 149.372322 71.824424
r63 137.011867 87.795533 148.705467 100.979433
r64 125.058947 141.126989 160.276747 156.010589
r65 134.709890 158.551452 168.114090 186.796452
r66 145.400565 24.484870 148.567465 25.800570
r67 135.146319 25.550211 165.373319 42.891211
r68 129.355736 49.999017 162.446936 65.839117
r69 127.505796 73.303442 163.400496 87.906342
r70 136.153308 108.664319 153.153608 139.497119
r71 150.258966 145.011183 154.370866 146.835183
r72 96.008328 79.288995 108.908128 103.191195
r73 74.015481 92.197004 96.403881 105.969004
r74 79.193337 113.582813 91.689437 120.840013
r75 75.196737 140.459215 90.188537 146.508315
r76 65.048152 153.026952 90.738252 165.028952
r77 64.206733 168.047682 86.093933 182.135082
r78 73.394774 73.641391 98.506874 85.919691
r79 79.873332 83.003344 87.802832 92.214444
r80 82.000486 105.227150 98.057086 115.637650
r81 82.843535 126.143129 91.153235 146.259029
r82 84.021341 149.196608 90.333241 160.768308
r83 82.379430 171.632242 104.369530 185.653642
r84 85.521484 36.650328 98.648284 42.214428
r85 85.322155 36.612368 96.214955 51.957968
r86 81.748754 50.075700 102.570754 72.794000
r87 86.179925 119.645573 110.949825 135.180773
r88 93.461488 143.909473 105.581588 157.701173
r89 93.592816 164.946108 104.277216 171.782108
r90 91.756095 20.337050 104.568195 30.028350
r91 94.603613 29.146206 105.982113 54.120306
r92 101.789032 56.588943 113.979632 70.300843
r93 95.669046 102.484728 109.597246 122.886928
r94 102.529423 145.956324 121.150123 161.217124
r95 104.413400 161.341614 116.160500 171.911614
r96 100.684394 5.786245 127.264094 25.506745
r97 103.018645 35.322737 115.468445 45.296137
r98 94.699236 60.660799 131.358036 75.777699
r99 104.418750 84.297050 127.499150 108.307350
r100 109.590546 140.478084 123.248546 149.569184
r101 96.296525 159.654354 133.750425 184.845354
r102 134.732829 0.951850 157.920629 41.641450
r103 114.105179 26.021645 135.439079 50.591345
r104 115.296790 49.221583 123.292490 64.750783
r105 110.237419 76.812957 123.102219 86.464657
r106 111.014390 114.307480 133.925590 137.185680
r107 134.854222 126.582496 175.652522 149.708396
r108 52.472264 78.057244 70.568264 95.096044
r109 46.045243 94.081940 73.069343 105.491540
r110 55.886425 115.467571 64.943325 123.532071
r111 57.896554 144.200202 69.296454 150.607202
r112 51.227450 148.634909 80.664550 166.441209
r113 45.677642 169.660900 75.242942 187.390000
r114 52.243910 53.641298 75.250710 67.043098
r115 57.744766 76.846761 67.202566 84.569461
r116 52.183343 106.385756 76.404843 119.844056
r117 53.672196 131.953568 76.780196 146.060368
r118 68.749429 139.033846 76.000829 156.156846
r119 73.392537 170.763298 106.732537 186.485098
r120 65.450452 35.107659 76.284552 41.849259
r121 59.420409 36.061392 80.898509 51.238792
r122 66.765329 59.500522 76.888729 76.012522
r123 68.364528 117.617239 77.683328 135.554839
r124 53.697174 123.189051 85.288574 140.730751
r125 81.968467 159.506290 97.582067 167.458790
r126 71.018483 17.326279 81.494483 29.178779
r127 65.179616 27.480612 91.297116 48.698812
r128 61.820826 73.156568 86.835226 84.516668
r129 67.088494 96.282096 77.753594 122.926796
r130 84.992992 121.473947 102.451592 153.215747
r131 87.631608 149.987231 96.505108 163.980231
r132 63.926967 0.000000 94.018467 31.354400
r133 74.306453 29.120506 84.089253 51.966806
r134 65.151818 50.675936 90.335918 72.680536
r135 77.332813 82.157698 96.162213 111.588698
r136 98.986851 129.359994 115.951051 136.679294
r137 88.175843 134.621553 136.685843 154.071153
r138 95.347910 0.000000 132.324610 25.516100
r139 94.934580 28.679062 133.436680 53.184262
r140 92.207845 55.316330 105.188845 64.881630
r141 96.062310 77.882617 103.252010 95.152717
r142 102.450286 102.818773 145.355186 124.809273
r143 143.654612 97.433653 183.691912 120.999153
r144 44.096780 84.139797 45.837580 85.547697
r145 29.808214 86.132531 43.341914 108.915131
r146 22.505835 113.335688 49.289235 124.847788
r147 26.319553 146.162743 53.196953 157.634543
r148 22.992037 161.758347 45.692237 184.849247
r149 40.153684 167.661951 43.080384 169.085651
r150 44.719786 71.311905 46.192286 72.976405
r151 29.102375 73.857295 49.784475 88.765495
r152 40.714375 102.043072 46.959475 113.738472
r153 40.454528 135.073699 46.901728 146.402599
r154 22.992982 142.330315 54.051782 159.206915
r155 41.188934 163.363536 43.087634 165.558036
r156 33.732657 28.133206 60.506457 39.649406
r157 33.709846 39.563538 54.861746 54.140638
r158 31.997898 61.438819 58.179698 73.889419
r159 33.161741 124.162282 58.248841 137.156182
r160 29.836490 118.222533 53.919090 139.987933
r161 16.506815 156.044463 63.064415 176.309663
r162 40.382666 8.329976 61.291166 33.399476
r163 29.477620 34.890521 65.106220 49.602521
r164 41.729816 58.925154 59.935216 89.364854
r165 39.337314 89.302713 59.041614 117.426813
r166 33.946669 115.689129 58.964269 153.402629
r167 64.989038 138.187665 85.908038 183.290165
r168 56.903748 27.172582 58.923648 30.885582
r169 27.841214 18.895195 64.455214 44.664095
r170 37.059895 48.152241 66.732995 79.948741
r171 38.049507 80.815481 67.434707 112.923481
r172 59.845061 113.937828 104.974261 134.844428
r173 79.848321 131.939342 84.099521 133.703542
r174 66.050808 33.147938 70.130908 34.986138
r175 69.203578 41.181325 72.956678 43.179725
r176 68.582134 50.900244 102.995934 78.316544
r177 69.179207 82.528075 108.487607 106.530575
r178 85.542780 111.253250 88.838580 113.528850
r179 84.993869 113.979479 88.794669 115.952779
r180 39.706075 82.517751 40.811375 84.735251
r181 33.739669 92.394003 35.908969 93.523903
r182 30.287226 110.838293 31.985626 112.281393
r183 31.257488 143.884154 32.776688 145.497554
r184 32.721019 152.137427 34.559719 154.403527
r185 36.104465 155.758566 39.245165 157.085266
r186 38.512027 74.889539 40.816627 75.953039
r187 31.938633 81.125121 32.977533 83.484321
r188 6.265857 96.759502 32.667657 108.438002
r189 12.564356 134.306057 35.366156 147.828357
r190 30.185992 146.582104 32.009392 148.867204
r191 36.293670 152.040649 38.718770 153.758849
r192 40.031197 50.031205 42.005097 51.272905
r193 15.505218 50.986090 40.419618 63.361790
r194 7.994579 67.570136 27.967179 83.007936
r195 9.772020 116.324640 26.048620 135.268040
r196 8.469683 117.446415 25.308683 148.574515
r197 37.088525 146.612979 40.052425 149.143379
r198 44.137567 44.102195 46.514267 45.855395
r199 10.488211 49.867759 45.569011 64.809459
r200 5.384014 68.524486 37.638114 84.775586
r201 8.586110 95.218969 33.345010 116.389869
r202 0.244888 116.028614 31.481288 146.233814
r203 55.809521 140.784588 59.729021 142.698088
r204 52.821504 40.265952 54.717804 44.220952
r205 41.334582 48.070437 43.843282 51.060037
r206 0.794196 54.134562 34.937196 81.768362
r207 1.625678 85.456550 36.164178 112.773950
r208 66.283937 119.533086 68.439037 123.013186
r209 69.502344 126.704290 72.184744 129.500290
r210 61.648305 39.886724 63.871105 43.260924
r211 62.731271 46.405479 64.830671 49.977979
r212 67.176222 64.991978 68.910622 69.316278
r213 70.787356 95.182022 73.733656 97.727622
r214 73.656964 110.515836 75.956064 113.778036
r215 74.534613 114.743212 77.823513 117.023612

[Iter 2550]
r0 128.447798 88.312246 130.459198 89.530846
r1 133.645241 95.998168 136.049741 97.017568
r2 133.231179 104.568015 150.207279 122.730815
r3 132.774093 133.426517 156.847193 146.234717
r4 139.081180 158.048476 140.330280 160.010676
r5 135.160329 166.141840 136.481829 167.996540
r6 131.967562 78.494276 134.356562 79.520176
r7 135.864195 75.625357 157.957895 89.581057
r8 140.677921 96.817011 167.626421 108.258611
r9 140.156155 122.150211 166.122055 134.024711
r10 138.071070 154.219446 164.420170 165.921346
r11 141.653784 169.712620 143.623784 170.956820
r12 128.821064 40.322758 145.531364 58.774458
r13 142.825352 52.940087 162.160052 68.887287
r14 154.570087 77.967011 174.033687 94.715211
r15 157.495090 108.121144 176.802590 125.004744
r16 151.026059 143.842025 177.312259 155.571825
r17 152.125703 165.618574 169.480503 183.385074
r18 138.184433 16.891718 165.804833 28.054918
r19 152.126543 39.476536 173.610443 53.828436
r20 158.487086 64.893802 169.579886 73.069102
r21 159.920642 109.044823 173.027642 120.807023
r22 157.687100 143.447776 187.390000 161.094776
r23 149.363685 163.822238 177.997485 182.128138
r24 151.419857 24.681232 153.262757 26.011232
r25 153.914739 28.033325 180.817939 39.494125
r26 166.329529 56.319765 183.821629 73.946765
r27 153.898154 93.681164 185.079054 110.491664
r28 153.143400 121.659265 187.390000 136.964965
r29 160.352051 156.469550 163.514751 158.840950
r30 151.503686 27.881854 154.719086 29.177654
r31 159.580338 34.437085 161.328238 36.820885
r32 163.328501 36.771724 181.121101 66.231624
r33 163.334090 66.805239 184.213790 91.909439
r34 162.562517 126.433888 165.642517 127.786688
r35 158.555786 146.543800 162.716686 148.346300
r36 114.864330 89.395767 116.953030 90.569167
r37 105.438590 94.174161 124.875690 110.037261
r38 102.835859 110.943360 126.688359 123.870060
r39 99.766618 133.921753 126.931418 145.272253
r40 99.712529 151.871359 117.598029 169.110559
r41 113.836122 169.568693 114.953922 171.761293
r42 105.408106 72.397744 129.262206 85.323544
r43 117.199659 84.887658 143.380859 96.664558
r44 124.762014 100.724311 134.930414 109.642711
r45 116.785807 130.866374 131.048807 137.224474
r46 115.324218 148.178172 134.925518 163.908372
r47 110.461939 170.551453 129.832139 186.469353
r48 102.683524 32.365483 119.741524 50.441083
r49 112.434102 52.507478 124.868302 59.800778
r50 118.371661 67.091363 137.679561 75.748863
r51 123.883744 117.649937 135.442244 132.111737
r52 126.734060 151.562694 141.007960 157.915994
r53 125.898149 168.029082 148.102949 181.914982
r54 103.469446 17.338302 126.470646 30.743402
r55 111.561553 40.061873 125.733853 46.460673
r56 117.940531 55.631472 134.747831 65.576972
r57 125.799648 96.869526 147.796148 109.788226
r58 128.880645 152.445485 140.734345 165.451285
r59 125.036203 164.607832 149.030403 186.453332
r60 123.670673 8.874657 142.364373 25.368657
r61 124.254671 30.997456 151.757871 42.208256
r62 136.395009 65.081785 149.466509 72.019485
r63 137.163882 87.555715 148.857482 100.739615
r64 125.389883 141.136279 160.607683 156.019879
r65 135.375882 155.297541 168.780082 183.542541
r66 145.340614 24.502272 148.507514 25.817972
r67 135.222250 25.561597 165.449250 42.902597
r68 129.317084 49.995906 162.408284 65.836006
r69 127.521551 73.100551 163.416251 87.703451
r70 136.070454 108.605724 153.070754 139.438524
r71 150.712151 144.674826 154.824051 146.498826
r72 96.080352 79.141232 108.980152 103.043432
r73 73.932845 92.145350 96.321245 105.917350
r74 79.209045 113.480871 91.705145 120.738071
r75 75.014377 140.745923 90.006177 146.795023
r76 64.842776 153.221381 90.532876 165.223381
r77 64.135735 168.137843 86.022935 182.225243
r78 73.086213 73.611479 98.198313 85.889779
r79 79.860743 82.971659 87.790243 92.182759
r80 81.921100 105.175125 97.977700 115.585625
r81 82.772857 126.244298 91.082557 146.360198
r82 83.901952 149.242398 90.213852 160.814098
r83 82.349053 171.914701 104.339153 185.936101
r84 85.403543 36.401437 98.530343 41.965537
r85 85.278038 36.242154 96.170838 51.587754
r86 81.478448 49.854457 102.300448 72.572757
r87 86.018293 119.806958 110.788193 135.342158
r88 93.461410 144.013931 105.581510 157.805631
r89 93.469494 165.081313 104.153894 171.917313
r90 91.608162 20.344672 104.420262 30.035972
r91 94.524072 29.023573 105.902572 53.997673
r92 101.485292 56.576690 113.675892 70.288590
r93 95.257660 102.674878 109.185860 123.077078
r94 102.619991 145.990827 121.240691 161.251627
r95 104.711946 161.497295 116.459046 172.067295
r96 100.651012 5.695923 127.230712 25.416423
r97 102.774292 35.326107 115.224092 45.299507
r98 94.203607 60.802009 130.862407 75.918909
r99 104.439334 84.473705 127.519734 108.484005
r100 109.851185 140.715552 123.509185 149.806652
r101 97.052791 160.647563 134.506691 185.838563
r102 134.687626 0.511122 157.875426 41.200722
r103 114.054363 25.984108 135.388263 50.553808
r104 115.400765 49.181231 123.396465 64.710431
r105 110.302182 76.858613 123.166982 86.510313
r106 110.898665 114.309880 133.809865 137.188080
r107 136.391544 126.492576 177.189844 149.618476
r108 52.230967 77.918200 70.326967 94.957000
r109 45.981973 94.089831 73.006073 105.499431
r110 55.826714 115.632009 64.883614 123.696509
r111 57.880606 144.475997 69.280506 150.882997
r112 51.169006 148.759654 80.606106 166.565954
r113 45.747428 169.660900 75.312728 187.390000
r114 51.956003 53.526413 74.962803 66.928213
r115 57.593936 76.893159 67.051736 84.615859
r116 52.003736 106.431394 76.225236 119.889694
r117 53.519206 132.063265 76.627206 146.170065
r118 68.791009 138.884222 76.042409 156.007222
r119 73.430217 171.095418 106.770217 186.817218
r120 65.315926 35.030353 76.150026 41.771953
r121 59.285799 35.796994 80.763899 50.974394
r122 66.678200 59.166133 76.801600 75.678133
r123 68.418605 117.681451 77.737405 135.619051
r124 53.523520 123.180776 85.114920 140.722476
r125 81.989353 159.856826 97.602953 167.809326
r126 70.810541 17.096796 81.286541 28.949296
r127 64.947611 27.424642 91.065111 48.642842
r128 61.755038 73.295045 86.769438 84.655145
r129 66.638867 96.298061 77.303967 122.942761
r130 84.983553 121.789261 102.442153 153.531061
r131 87.660233 150.479265 96.533733 164.472265
r132 64.255070 0.000000 94.346570 31.354400
r133 74.466001 29.780971 84.248801 52.627271
r134 64.932635 50.753675 90.116735 72.758275
r135 77.104449 82.314009 95.933849 111.745009
r136 99.449111 129.559911 116.413311 136.879211
r137 89.525632 136.361905 138.035632 155.811505
r138 95.266450 0.993645 132.243150 26.509745
r139 94.309900 30.271088 132.812000 54.776288
r140 92.238009 54.848711 105.219009 64.414011
r141 96.099189 77.759931 103.288889 95.030031
r142 102.099037 103.417098 145.003937 125.407598
r143 142.608026 99.014819 182.645326 122.580319
r144 44.096037 84.199502 45.836837 85.607402
r145 29.541816 86.401982 43.075516 109.184582
r146 22.357600 113.473090 49.141000 124.985190
r147 26.214929 146.359774 53.092329 157.831574
r148 22.982252 161.899884 45.682452 184.990784
r149 40.059300 167.775822 42.986000 169.199522
r150 44.650040 71.298408 46.122540 72.962908
r151 28.916621 73.906296 49.598721 88.814496
r152 40.625026 101.948641 46.870126 113.644041
r153 40.335799 135.347025 46.782999 146.675925
r154 22.855748 142.418013 53.914548 159.294613
r155 41.097713 163.543263 42.996413 165.737763
r156 33.485347 27.724193 60.259147 39.240393
r157 33.519058 39.300384 54.670958 53.877484
r158 31.767270 61.267529 57.949070 73.718129
r159 33.013843 124.292772 58.100943 137.286672
r160 29.533342 118.292855 53.615942 140.058255
r161 16.477005 157.001334 63.034605 177.266534
r162 40.142907 8.180882 61.051407 33.250382
r163 29.256683 34.836011 64.885283 49.548011
r164 41.575213 58.846849 59.780613 89.286549
r165 39.177958 89.415429 58.882258 117.539529
r166 34.393919 116.328022 59.411519 154.041522
r167 64.817344 137.006002 85.736344 182.108502
r168 56.757651 27.291760 58.777551 31.004760
r169 27.374936 16.048090 63.988936 41.816990
r170 36.763948 48.584871 66.437048 80.381371
r171 38.231867 82.356876 67.617067 114.464876
r172 59.663923 114.532018 104.793123 135.438618
r173 79.501034 131.956379 83.752234 133.720579
r174 66.032023 33.268151 70.112123 35.106351
r175 69.135489 41.235252 72.888589 43.233652
r176 68.818784 52.368177 103.232584 79.784477
r177 68.773621 81.808296 108.082021 105.810796
r178 85.338198 111.589046 88.633998 113.864646
r179 84.952775 114.298806 88.753575 116.272106
r180 39.710607 82.522370 40.815907 84.739870
r181 33.689312 92.523017 35.858612 93.652917
r182 30.286650 110.878367 31.985050 112.321467
r183 31.196271 144.018934 32.715471 145.632334
r184 32.613995 152.217996 34.452695 154.484096
r185 36.026207 155.929590 39.166907 157.256290
r186 38.504746 74.929511 40.809346 75.993011
r187 31.857975 81.202340 32.896875 83.561540
r188 5.879679 96.780303 32.281479 108.458803
r189 12.443272 134.472648 35.245072 147.994948
r190 30.208207 146.580180 32.031607 148.865280
r191 36.277495 152.032779 38.702595 153.750979
r192 39.968147 50.090504 41.942047 51.332204
r193 15.087880 51.039893 40.002280 63.415593
r194 7.883975 67.726134 27.856575 83.163934
r195 9.558911 116.468981 25.835511 135.412381
r196 8.156092 117.565839 24.995092 148.693939
r197 36.876188 146.610580 39.840088 149.140980
r198 44.095019 44.121178 46.471719 45.874378
r199 10.221254 49.985405 45.302054 64.927105
r200 5.158508 68.739989 37.412608 84.991089
r201 8.546264 95.290247 33.305164 116.461147
r202 0.043189 116.400582 31.279589 146.605782
r203 55.819720 140.780398 59.739220 142.693898
r204 52.927631 40.271359 54.823931 44.226359
r205 41.180663 48.261461 43.689363 51.251061
r206 1.062667 54.151832 35.205667 81.785632
r207 1.864025 85.730472 36.402525 113.047872
r208 65.631782 120.060193 67.786882 123.540293
r209 68.963775 126.728839 71.646175 129.524839
r210 61.753253 39.920980 63.976053 43.295180
r211 62.706373 46.420275 64.805773 49.992775
r212 67.140306 65.006539 68.874706 69.330839
r213 70.528240 95.241957 73.474540 97.787557
r214 73.655695 110.700496 75.954795 113.962696
r215 74.429854 114.673574 77.718754 116.953974

[Iter 2600]
r0 128.501763 88.442166 130.513163 89.660766
r1 133.657704 96.072477 136.062204 97.091877
r2 133.243918 104.724121 150.220018 122.886921
r3 132.875686 133.362027 156.948786 146.170227
r4 139.233359 158.112795 140.482459 160.074995
r5 135.357388 166.265822 136.678888 168.120522
r6 131.984433 78.584318 134.373433 79.610218
r7 135.893075 75.571300 157.986775 89.527000
r8 140.625378 96.794791 167.573878 108.236391
r9 140.335504 122.110334 166.301404 133.984834
r10 138.151804 154.347567 164.500904 166.049467
r11 141.804639 169.792558 143.774639 171.036758
r12 128.901221 40.292645 145.611521 58.744345
r13 142.888899 52.870213 162.223599 68.817413
r14 154.511728 78.012371 173.975328 94.760571
r15 157.475764 107.989320 176.783264 124.872920
r16 150.997659 143.759226 177.283859 155.489026
r17 152.187213 165.678414 169.542013 183.444914
r18 138.070705 16.953659 165.691105 28.116859
r19 152.213452 39.500696 173.697352 53.852596
r20 158.401369 64.887071 169.494169 73.062371
r21 159.939422 109.136317 173.046422 120.898517
r22 157.687100 143.252482 187.390000 160.899482
r23 149.422358 163.808163 178.056158 182.114063
r24 151.314484 24.746471 153.157384 26.076471
r25 154.049209 28.025603 180.952409 39.486403
r26 166.410798 56.340128 183.902898 73.967128
r27 153.960278 93.855495 185.141178 110.665995
r28 153.143400 121.536385 187.390000 136.842085
r29 160.439976 157.552445 163.602676 159.923845
r30 151.446668 27.796895 154.662068 29.092695
r31 159.542868 34.445926 161.290768 36.829726
r32 163.299635 36.831603 181.092235 66.291503
r33 163.429656 66.935227 184.309356 92.039427
r34 162.638107 126.458272 165.718107 127.811072
r35 158.600042 146.599929 162.760942 148.402429
r36 114.845285 89.411741 116.933985 90.585141
r37 105.417151 94.130116 124.854251 109.993216
r38 102.644761 111.011864 126.497261 123.938564
r39 99.766552 133.842266 126.931352 145.192766
r40 99.726564 151.869081 117.612064 169.108281
r41 113.918200 169.580281 115.036000 171.772881
r42 105.565779 72.477815 129.419879 85.403615
r43 117.451281 84.928530 143.632481 96.705430
r44 124.771814 100.805006 134.940214 109.723406
r45 116.868913 130.809318 131.131913 137.167418
r46 115.357290 148.116831 134.958590 163.847031
r47 110.482538 170.520651 129.852738 186.438551
r48 102.574547 32.612060 119.632547 50.687660
r49 112.662598 52.546941 125.096798 59.840241
r50 118.472607 67.169679 137.780507 75.827179
r51 123.990606 117.804372 135.549106 132.266172
r52 126.804368 151.605769 141.078268 157.959069
r53 125.921628 168.076752 148.126428 181.962652
r54 103.412042 17.499515 126.413242 30.904615
r55 111.560088 40.032003 125.732388 46.430803
r56 117.648667 55.452144 134.455967 65.397644
r57 125.814049 96.855561 147.810549 109.774261
r58 129.021855 152.628888 140.875555 165.634688
r59 125.011934 164.889537 149.006134 186.735037
r60 123.501251 8.882519 142.194951 25.376519
r61 124.292209 31.080858 151.795409 42.291658
r62 136.456690 65.343774 149.528190 72.281474
r63 137.190405 87.617135 148.884005 100.801035
r64 125.449958 141.070535 160.667758 155.954135
r65 135.230577 157.747547 168.634777 185.992547
r66 145.250372 24.561318 148.417272 25.877018
r67 135.233878 25.604098 165.460878 42.945098
r68 129.300332 50.164897 162.391532 66.004997
r69 127.624424 73.221074 163.519124 87.823974
r70 136.167722 108.804713 153.168022 139.637513
r71 150.887536 144.618832 154.999436 146.442832
r72 96.317709 79.607580 109.217509 103.509780
r73 73.909271 92.539727 96.297671 106.311727
r74 78.970561 113.674760 91.466661 120.931960
r75 75.141857 140.761700 90.133657 146.810800
r76 64.832458 153.207127 90.522558 165.209127
r77 64.097508 168.126794 85.984708 182.214194
r78 72.840148 73.838033 97.952248 86.116333
r79 79.680911 83.102213 87.610411 92.313313
r80 81.932517 105.238792 97.989117 115.649292
r81 82.702611 126.202537 91.012311 146.318437
r82 83.960972 149.298607 90.272872 160.870307
r83 82.374026 171.953341 104.364126 185.974741
r84 85.378884 36.699726 98.505684 42.263826
r85 85.366903 36.267412 96.259703 51.613012
r86 81.046999 49.708337 101.868999 72.426637
r87 86.154129 119.885964 110.924029 135.421164
r88 93.494239 144.029637 105.614339 157.821337
r89 93.551382 165.155420 104.235782 171.991420
r90 91.491872 20.447265 104.303972 30.138565
r91 94.436384 29.228740 105.814884 54.202840
r92 101.472085 56.505300 113.662685 70.217200
r93 95.241907 102.833868 109.170107 123.236068
r94 102.735087 146.382730 121.355787 161.643530
r95 104.900429 161.428303 116.647529 171.998303
r96 100.699837 5.836385 127.279537 25.556885
r97 102.720896 35.335429 115.170696 45.308829
r98 94.277631 60.961329 130.936431 76.078229
r99 104.436097 84.598437 127.516497 108.608737
r100 109.958770 140.880276 123.616770 149.971376
r101 96.636082 161.382488 134.089982 186.573488
r102 135.289498 0.614321 158.477298 41.303921
r103 114.041024 26.212238 135.374924 50.781938
r104 115.296549 49.255485 123.292249 64.784685
r105 110.218911 76.917899 123.083711 86.569599
r106 110.920095 114.436045 133.831295 137.314245
r107 136.405459 126.438492 177.203759 149.564392
r108 52.223289 78.027188 70.319289 95.065988
r109 46.006491 94.285483 73.030591 105.695083
r110 55.811370 115.795186 64.868270 123.859686
r111 57.817871 144.473137 69.217771 150.880137
r112 51.131677 148.786899 80.568777 166.593199
r113 45.695656 169.660900 75.260956 187.390000
r114 51.774951 53.603550 74.781751 67.005350
r115 57.604216 76.861133 67.062016 84.583833
r116 51.880065 106.505641 76.101565 119.963941
r117 53.494816 132.064610 76.602816 146.171410
r118 69.166516 139.023181 76.417916 156.146181
r119 73.590877 170.985677 106.930877 186.707477
r120 65.262742 35.288486 76.096842 42.030086
r121 59.221670 35.887828 80.699770 51.065228
r122 66.615978 59.307341 76.739378 75.819341
r123 68.551452 117.743589 77.870252 135.681189
r124 53.605577 123.203478 85.196977 140.745178
r125 82.175380 159.861514 97.788980 167.814014
r126 70.759141 17.205284 81.235141 29.057784
r127 64.910231 27.479468 91.027731 48.697668
r128 61.785825 73.539456 86.800225 84.899556
r129 66.668400 96.418025 77.333500 123.062725
r130 85.179606 121.643588 102.638206 153.385388
r131 87.697924 150.204459 96.571424 164.197459
r132 63.862953 0.000000 93.954453 31.354400
r133 74.736523 29.884563 84.519323 52.730863
r134 64.878484 50.833954 90.062584 72.838554
r135 77.171478 82.360877 96.000878 111.791877
r136 99.762422 129.998420 116.726622 137.317720
r137 90.484498 135.406712 138.994498 154.856312
r138 95.391088 1.170134 132.367788 26.686234
r139 96.457742 30.761555 134.959842 55.266755
r140 92.165908 55.232116 105.146908 64.797416
r141 96.106951 78.009341 103.296651 95.279441
r142 101.612257 103.587863 144.517157 125.578363
r143 143.060015 97.884968 183.097315 121.450468
r144 44.096090 84.382426 45.836890 85.790326
r145 29.399441 86.667405 42.933141 109.450005
r146 22.182848 113.514050 48.966248 125.026150
r147 26.182255 146.390776 53.059655 157.862576
r148 22.808094 162.130913 45.508294 185.221813
r149 40.047925 167.669443 42.974625 169.093143
r150 44.640884 71.480253 46.113384 73.144753
r151 28.812343 74.043681 49.494443 88.951881
r152 40.516840 101.862046 46.761940 113.557446
r153 40.332926 135.304094 46.780126 146.632994
r154 22.793860 142.510751 53.852660 159.387351
r155 41.171982 163.228633 43.070682 165.423133
r156 33.473296 27.839556 60.247096 39.355756
r157 33.465661 39.426857 54.617561 54.003957
r158 31.583828 61.503464 57.765628 73.954064
r159 33.008657 124.445236 58.095757 137.439136
r160 29.713160 118.314409 53.795760 140.079809
r161 16.279872 156.937678 62.837472 177.202878
r162 40.076003 8.118456 60.984503 33.187956
r163 29.224482 34.902083 64.853082 49.614083
r164 41.637871 59.061386 59.843271 89.501086
r165 39.266297 89.340679 58.970597 117.464779
r166 34.480240 116.116133 59.497840 153.829633
r167 65.096652 138.374950 86.015652 183.477450
r168 56.577870 27.180702 58.597770 30.893702
r169 27.429026 18.744995 64.043026 44.513895
r170 36.312264 46.714179 65.985364 78.510679
r171 38.672283 81.749109 68.057483 113.857109
r172 59.535227 113.430338 104.664427 134.336938
r173 79.201201 132.140925 83.452401 133.905125
r174 66.001058 33.016649 70.081158 34.854849
r175 69.185466 41.601814 72.938566 43.600214
r176 68.782075 51.219062 103.195875 78.635362
r177 69.830282 82.426556 109.138682 106.429056
r178 85.323488 111.713357 88.619288 113.988957
r179 84.540267 114.794190 88.341067 116.767490
r180 39.664672 82.702701 40.769972 84.920201
r181 33.589086 92.774061 35.758386 93.903961
r182 30.126424 110.919304 31.824824 112.362404
r183 31.061314 144.066236 32.580514 145.679636
r184 32.521663 152.326447 34.360363 154.592547
r185 35.895540 155.978014 39.036240 157.304714
r186 38.500079 75.109962 40.804679 76.173462
r187 31.819484 81.437329 32.858384 83.796529
r188 5.579999 96.832787 31.981799 108.511287
r189 12.258775 134.567569 35.060575 148.089869
r190 30.199722 146.595397 32.023122 148.880497
r191 36.159172 152.048670 38.584272 153.766870
r192 39.949477 50.174911 41.923377 51.416611
r193 15.091710 51.203555 40.006110 63.579255
r194 7.579372 68.072266 27.551972 83.510066
r195 9.429723 116.450217 25.706323 135.393617
r196 8.199955 117.645891 25.038955 148.773991
r197 37.011250 146.610108 39.975150 149.140508
r198 44.092597 44.109060 46.469297 45.862260
r199 10.246398 50.219007 45.327198 65.160707
r200 5.157603 69.019988 37.411703 85.271088
r201 8.799363 95.495097 33.558263 116.665997
r202 0.000000 116.435322 31.236400 146.640522
r203 55.839912 140.826780 59.759412 142.740280
r204 52.728593 40.042474 54.624893 43.997474
r205 41.233300 47.985651 43.742000 50.975251
r206 0.326052 54.496520 34.469052 82.130320
r207 1.877380 85.950131 36.415880 113.267531
r208 65.113217 120.117656 67.268317 123.597756
r209 68.153167 126.978244 70.835567 129.774244
r210 61.579962 39.633045 63.802762 43.007245
r211 62.596025 46.218947 64.695425 49.791447
r212 66.925990 65.252429 68.660390 69.576729
r213 70.454644 95.599877 73.400944 98.145477
r214 73.547101 110.701476 75.846201 113.963676
r215 74.081175 115.364661 77.370075 117.645061

[Iter 2650]
r0 128.481246 88.474641 130.492646 89.693241
r1 133.662103 96.129407 136.066603 97.148807
r2 133.177153 104.697815 150.153253 122.860615
r3 133.077200 133.447798 157.150300 146.255998
r4 139.408155 158.241714 140.657255 160.203914
r5 135.495955 166.378523 136.817455 168.233223
r6 131.941000 78.593799 134.330000 79.619699
r7 135.665470 75.572636 157.759170 89.528336
r8 140.423995 96.805955 167.372495 108.247555
r9 140.435280 122.158548 166.401180 134.033048
r10 138.147644 154.423743 164.496744 166.125643
r11 141.979624 169.897625 143.949624 171.141825
r12 128.736946 40.748173 145.447246 59.199873
r13 142.795287 52.871447 162.129987 68.818647
r14 154.277394 77.919337 173.740994 94.667537
r15 157.472287 107.980816 176.779787 124.864416
r16 150.986842 143.869318 177.273042 155.599118
r17 152.255630 165.763606 169.610430 183.530106
r18 138.012989 16.965994 165.633389 28.129194
r19 152.143539 39.458261 173.627439 53.810161
r20 158.367890 64.952354 169.460690 73.127654
r21 159.819717 108.958850 172.926717 120.721050
r22 157.687100 143.254228 187.390000 160.901228
r23 149.518284 163.737993 178.152084 182.043893
r24 151.294281 24.635164 153.137181 25.965164
r25 153.806566 27.941935 180.709766 39.402735
r26 166.332324 56.247561 183.824424 73.874561
r27 154.009127 93.634177 185.190027 110.444677
r28 153.143400 121.407629 187.390000 136.713329
r29 160.499646 156.596795 163.662346 158.968195
r30 151.424127 27.811607 154.639527 29.107407
r31 159.486985 34.359524 161.234885 36.743324
r32 163.128399 36.584925 180.920999 66.044825
r33 163.381421 66.654154 184.261121 91.758354
r34 162.699452 126.433193 165.779452 127.785993
r35 158.724914 146.638916 162.885814 148.441416
r36 114.857293 89.406148 116.945993 90.579548
r37 105.448101 94.107355 124.885201 109.970455
r38 102.798533 110.897391 126.651033 123.824091
r39 99.727816 133.942964 126.892616 145.293464
r40 99.746931 151.872317 117.632431 169.111517
r41 113.902485 169.716354 115.020285 171.908954
r42 105.354073 72.492968 129.208173 85.418768
r43 117.275188 84.904382 143.456388 96.681282
r44 124.745431 101.004791 134.913831 109.923191
r45 116.913351 131.008787 131.176351 137.366887
r46 115.384890 148.007300 134.986190 163.737500
r47 110.502206 170.509149 129.872406 186.427049
r48 102.439954 32.933169 119.497954 51.008769
r49 112.493417 52.791770 124.927617 60.085070
r50 118.301121 67.466157 137.609021 76.123657
r51 124.109856 117.962205 135.668356 132.424005
r52 126.830249 151.517653 141.104149 157.870953
r53 125.905156 168.065206 148.109956 181.951106
r54 103.386365 17.582400 126.387565 30.987500
r55 111.528849 40.101481 125.701149 46.500281
r56 117.679396 55.659589 134.486696 65.605089
r57 125.728414 96.849189 147.724914 109.767889
r58 128.910088 152.418407 140.763788 165.424207
r59 125.108125 164.631683 149.102325 186.477183
r60 123.502842 9.145532 142.196542 25.639532
r61 124.130607 31.260109 151.633807 42.470909
r62 136.347789 65.412740 149.419289 72.350440
r63 137.038239 87.548964 148.731839 100.732864
r64 125.447003 141.068555 160.664803 155.952155
r65 135.367013 155.825910 168.771213 184.070910
r66 145.298263 24.428591 148.465163 25.744291
r67 135.069753 25.522996 165.296753 42.863996
r68 129.107860 50.144000 162.199060 65.984100
r69 127.569574 73.130649 163.464274 87.733549
r70 136.065203 108.578002 153.065503 139.410802
r71 150.803649 145.335692 154.915549 147.159692
r72 96.173722 79.270304 109.073522 103.172504
r73 74.057592 92.951717 96.445992 106.723717
r74 78.182156 114.345934 90.678256 121.603134
r75 74.898213 140.523068 89.890013 146.572168
r76 64.813879 153.229822 90.503979 165.231822
r77 64.065062 168.142662 85.952262 182.230062
r78 72.872387 74.299887 97.984487 86.578187
r79 79.889414 83.266367 87.818914 92.477467
r80 81.926574 105.517027 97.983174 115.927527
r81 82.649304 126.748302 90.959004 146.864202
r82 84.119605 149.322446 90.431505 160.894146
r83 82.332260 171.959010 104.322360 185.980410
r84 85.247202 36.930272 98.374002 42.494372
r85 85.292284 36.432961 96.185084 51.778561
r86 80.877050 50.167668 101.699050 72.885968
r87 86.098141 119.803776 110.868041 135.338976
r88 93.667100 144.006863 105.787200 157.798563
r89 93.537350 165.131124 104.221750 171.967124
r90 91.439795 20.445026 104.251895 30.136326
r91 94.318689 29.263827 105.697189 54.237927
r92 101.164059 56.849071 113.354659 70.560971
r93 95.125179 102.918752 109.053379 123.320952
r94 102.668483 146.274271 121.289183 161.535071
r95 104.594419 161.532898 116.341519 172.102898
r96 100.475443 5.801373 127.055143 25.521873
r97 102.638894 35.495467 115.088694 45.468867
r98 93.884374 61.047415 130.543174 76.164315
r99 104.344672 84.673528 127.425072 108.683828
r100 109.875392 140.849168 123.533392 149.940268
r101 96.818241 160.196752 134.272141 185.387752
r102 135.386655 0.510658 158.574455 41.200258
r103 113.883397 26.194496 135.217297 50.764196
r104 115.310741 49.398287 123.306441 64.927487
r105 110.366366 76.974891 123.231166 86.626591
r106 110.896443 114.326717 133.807643 137.204917
r107 136.028029 127.554938 176.826329 150.680838
r108 52.172379 78.202546 70.268379 95.241346
r109 46.152353 94.365330 73.176453 105.774930
r110 55.777657 116.121585 64.834557 124.186085
r111 57.537631 144.621843 68.937531 151.028843
r112 50.866368 148.810529 80.303468 166.616829
r113 45.578500 169.660900 75.143800 187.390000
r114 51.700762 53.702805 74.707562 67.104605
r115 57.438648 77.025220 66.896448 84.747920
r116 51.500856 106.695415 75.722356 120.153715
r117 53.204452 132.443636 76.312452 146.550436
r118 69.133070 139.265757 76.384470 156.388757
r119 73.542240 170.968401 106.882240 186.690201
r120 65.232759 35.274768 76.066859 42.016368
r121 59.207864 36.027470 80.685964 51.204870
r122 66.431954 59.490441 76.555354 76.002441
r123 68.421682 117.924343 77.740482 135.861943
r124 53.472265 123.296808 85.063665 140.838508
r125 81.979813 159.767330 97.593413 167.719830
r126 70.717865 17.257354 81.193865 29.109854
r127 64.897989 27.535534 91.015489 48.753734
r128 61.542077 73.633919 86.556477 84.994019
r129 66.574271 96.598756 77.239371 123.243456
r130 85.045983 121.710014 102.504583 153.451814
r131 87.554010 150.226528 96.427510 164.219528
r132 63.661412 0.000000 93.752912 31.354400
r133 74.210133 29.439484 83.992933 52.285784
r134 64.703810 50.879352 89.887910 72.883952
r135 77.007724 82.411568 95.837124 111.842568
r136 99.689318 129.928714 116.653518 137.248014
r137 89.531778 136.063923 138.041778 155.513523
r138 95.577831 0.663183 132.554531 26.179283
r139 96.578847 32.031499 135.080947 56.536699
r140 92.231492 55.042387 105.212492 64.607687
r141 96.032721 78.233873 103.222421 95.503973
r142 101.528318 103.807024 144.433218 125.797524
r143 142.003948 97.881014 182.041248 121.446514
r144 44.094869 84.704074 45.835669 86.111974
r145 29.460671 86.766554 42.994371 109.549154
r146 21.936452 113.648302 48.719852 125.160402
r147 25.900938 146.597040 52.778338 158.068840
r148 22.667811 162.228043 45.368011 185.318943
r149 39.925258 167.902100 42.851958 169.325800
r150 44.624491 71.813360 46.096991 73.477860
r151 28.800709 74.179733 49.482809 89.087933
r152 40.290964 102.196666 46.536064 113.892066
r153 40.187842 135.560139 46.635042 146.889039
r154 22.516168 142.585783 53.574968 159.462383
r155 41.027042 163.312194 42.925742 165.506694
r156 33.439513 28.010503 60.213313 39.526703
r157 33.406670 39.569923 54.558570 54.147023
r158 31.419130 61.609621 57.600930 74.060221
r159 32.811699 124.524760 57.898799 137.518660
r160 29.568075 118.363721 53.650675 140.129121
r161 16.095370 157.979996 62.652970 178.245196
r162 40.033016 8.226511 60.941516 33.296011
r163 29.192405 34.994456 64.821005 49.706456
r164 41.420451 59.139614 59.625851 89.579314
r165 38.939851 89.465631 58.644151 117.589731
r166 34.544949 117.311562 59.562549 155.025062
r167 64.974197 137.812855 85.893197 182.915355
r168 56.688725 27.397313 58.708625 31.110313
r169 26.926006 15.660406 63.540006 41.429306
r170 36.557896 48.136010 66.230996 79.932510
r171 38.209156 82.319065 67.594356 114.427065
r172 59.265340 113.947527 104.394540 134.854127
r173 79.065403 132.156644 83.316603 133.920844
r174 66.025436 33.286522 70.105536 35.124722
r175 69.185129 41.643301 72.938229 43.641701
r176 68.059701 52.051682 102.473501 79.467982
r177 69.187067 81.805210 108.495467 105.807710
r178 85.062811 111.867344 88.358611 114.142944
r179 84.297126 114.708189 88.097926 116.681489
r180 39.662886 83.161154 40.768186 85.378654
r181 33.525275 93.173209 35.694575 94.303109
r182 29.863698 111.110872 31.562098 112.553972
r183 30.866256 144.258248 32.385456 145.871648
r184 32.383639 152.423572 34.222339 154.689672
r185 35.828711 156.097225 38.969411 157.423925
r186 38.462409 75.535597 40.767009 76.599097
r187 31.695713 81.699402 32.734613 84.058602
r188 5.498170 96.814307 31.899970 108.492807
r189 12.198843 134.677983 35.000643 148.200283
r190 30.000523 146.793128 31.823923 149.078228
r191 36.117027 152.221035 38.542127 153.939235
r192 39.900602 50.236715 41.874502 51.478415
r193 14.982912 51.367823 39.897312 63.743523
r194 7.489091 68.406161 27.461691 83.843961
r195 9.235951 116.517751 25.512551 135.461151
r196 7.986665 117.770115 24.825665 148.898215
r197 36.849949 146.694425 39.813849 149.224825
r198 44.094593 44.198571 46.471293 45.951771
r199 10.005541 50.218499 45.086341 65.160199
r200 5.003143 69.014914 37.257243 85.266014
r201 8.459681 95.640033 33.218581 116.810933
r202 0.000000 116.617261 31.236400 146.822461
r203 55.833927 140.852307 59.753427 142.765807
r204 52.883019 40.354915 54.779319 44.309915
r205 41.146367 48.336390 43.655067 51.325990
r206 0.055190 54.292405 34.198190 81.926205
r207 1.560709 85.811059 36.099209 113.128459
r208 65.130714 120.270104 67.285814 123.750204
r209 68.091173 126.754797 70.773573 129.550797
r210 61.763570 39.924474 63.986370 43.298674
r211 62.719006 46.491571 64.818406 50.064071
r212 66.923925 65.454021 68.658325 69.778321
r213 70.453694 95.727110 73.399994 98.272710
r214 73.435541 110.726651 75.734641 113.988851
r215 74.077327 114.800695 77.366227 117.081095

[Iter 2700]
r0 128.487906 88.572187 130.499306 89.790787
r1 133.620761 96.257070 136.025261 97.276470
r2 133.255961 104.582268 150.232061 122.745068
r3 133.279512 133.440761 157.352612 146.248961
r4 139.611800 158.291430 140.860900 160.253630
r5 135.674723 166.404010 136.996223 168.258710
r6 131.941989 78.716656 134.330989 79.742556
r7 135.662493 75.826754 157.756193 89.782454
r8 141.042311 96.821885 167.990811 108.263485
r9 140.747666 122.144756 166.713566 134.019256
r10 138.363596 154.530563 164.712696 166.232463
r11 142.172176 169.961456 144.142176 171.205656
r12 128.574894 40.904754 145.285194 59.356454
r13 142.886485 52.890000 162.221185 68.837200
r14 154.532844 77.795480 173.996444 94.543680
r15 157.509589 107.858899 176.817089 124.742499
r16 151.131534 144.029620 177.417734 155.759420
r17 152.711233 165.728851 170.066033 183.495351
r18 137.831258 16.733278 165.451658 27.896478
r19 151.926976 39.469303 173.410876 53.821203
r20 158.534678 64.985981 169.627478 73.161281
r21 160.034963 108.711236 173.141963 120.473436
r22 157.572591 143.430579 187.275491 161.077579
r23 149.678440 163.878476 178.312240 182.184376
r24 151.159411 24.530908 153.002311 25.860908
r25 153.493386 27.924088 180.396586 39.384888
r26 166.319931 56.367370 183.812031 73.994370
r27 154.143549 93.131549 185.324449 109.942049
r28 153.143400 121.674228 187.390000 136.979928
r29 160.685005 157.215741 163.847705 159.587141
r30 151.304978 27.753441 154.520378 29.049241
r31 159.410238 34.232233 161.158138 36.616033
r32 163.232102 36.231778 181.024702 65.691678
r33 163.324119 66.157773 184.203819 91.261973
r34 162.843951 126.431817 165.923951 127.784617
r35 158.974254 147.956555 163.135154 149.759055
r36 114.853027 89.416955 116.941727 90.590355
r37 105.334355 94.352123 124.771455 110.215223
r38 103.128123 111.097725 126.980623 124.024425
r39 99.728932 134.132849 126.893732 145.483349
r40 99.904910 152.173468 117.790410 169.412668
r41 114.013424 169.778905 115.131224 171.971505
r42 105.293866 72.628596 129.147966 85.554396
r43 116.926798 85.174622 143.107998 96.951522
r44 124.945170 101.239230 135.113570 110.157630
r45 116.987352 131.289326 131.250352 137.647426
r46 115.550374 148.215338 135.151674 163.945538
r47 110.554835 170.697267 129.925035 186.615167
r48 102.627843 33.081969 119.685843 51.157569
r49 112.139486 52.690853 124.573686 59.984153
r50 118.158733 67.534302 137.466633 76.191802
r51 124.463136 118.250885 136.021636 132.712685
r52 126.914297 151.510037 141.188197 157.863337
r53 126.020388 168.022294 148.225188 181.908194
r54 103.310726 17.612799 126.311926 31.017899
r55 111.568977 40.152565 125.741277 46.551365
r56 117.917864 55.986886 134.725164 65.932386
r57 125.999745 96.945205 147.996245 109.863905
r58 129.150517 152.987648 141.004217 165.993448
r59 125.330103 164.932535 149.324303 186.778035
r60 123.360611 9.139609 142.054311 25.633609
r61 124.234661 31.184716 151.737861 42.395516
r62 136.314571 65.438974 149.386071 72.376674
r63 137.035573 87.527669 148.729173 100.711569
r64 125.224947 141.280277 160.442747 156.163877
r65 135.073675 154.975471 168.477875 183.220471
r66 145.211379 24.391207 148.378279 25.706907
r67 134.865311 25.519837 165.092311 42.860837
r68 129.093623 49.893962 162.184823 65.734062
r69 127.483701 72.953872 163.378401 87.556772
r70 136.172826 108.804528 153.173126 139.637328
r71 150.850457 146.529866 154.962357 148.353866
r72 95.865133 79.284141 108.764933 103.186341
r73 73.898687 93.036764 96.287087 106.808764
r74 77.841520 114.358608 90.337620 121.615808
r75 74.580899 140.712344 89.572699 146.761444
r76 64.593474 153.384920 90.283574 165.386920
r77 64.054590 168.129482 85.941790 182.216882
r78 72.690119 74.237184 97.802219 86.515484
r79 79.851648 83.269876 87.781148 92.480976
r80 81.550570 105.697741 97.607170 116.108241
r81 82.780004 127.168524 91.089704 147.284424
r82 84.317951 149.280292 90.629851 160.851992
r83 82.303823 172.128801 104.293923 186.150201
r84 85.083021 36.860128 98.209821 42.424228
r85 85.213599 36.594665 96.106399 51.940265
r86 80.798157 50.280221 101.620157 72.998521
r87 85.874678 119.832362 110.644578 135.367562
r88 93.850645 144.240816 105.970745 158.032516
r89 93.282113 165.351561 103.966513 172.187561
r90 91.406170 20.360905 104.218270 30.052205
r91 94.174647 29.154665 105.553147 54.128765
r92 100.885806 57.139913 113.076406 70.851813
r93 94.986053 103.047649 108.914253 123.449849
r94 102.426306 146.376863 121.047006 161.637663
r95 104.716434 161.567614 116.463534 172.137614
r96 100.087740 5.699018 126.667440 25.419518
r97 102.587545 35.390062 115.037345 45.363462
r98 93.682642 61.173799 130.341442 76.290699
r99 104.354799 84.936799 127.435199 108.947099
r100 110.139897 141.072372 123.797897 150.163472
r101 96.777674 160.973082 134.231574 186.164082
r102 134.629716 0.499553 157.817516 41.189153
r103 113.675122 25.922391 135.009022 50.492091
r104 115.403992 49.485862 123.399692 65.015062
r105 110.634490 77.274267 123.499290 86.925967
r106 111.023508 114.378053 133.934708 137.256253
r107 135.482473 127.640120 176.280773 150.766020
r108 52.066474 78.311778 70.162474 95.350578
r109 46.064842 94.570538 73.088942 105.980138
r110 55.772267 116.606229 64.829167 124.670729
r111 57.285127 144.919582 68.685027 151.326582
r112 50.201224 148.823549 79.638324 166.629849
r113 45.434600 169.660900 74.999900 187.390000
r114 51.362977 53.810081 74.369777 67.211881
r115 57.185382 76.999430 66.643182 84.722130
r116 51.084093 106.782668 75.305593 120.240968
r117 53.014465 132.905162 76.122465 147.011962
r118 69.748133 139.929439 76.999533 157.052439
r119 73.154958 170.831347 106.494958 186.553147
r120 65.081635 35.135171 75.915735 41.876771
r121 59.079185 36.077517 80.557285 51.254917
r122 66.259632 59.472597 76.383032 75.984597
r123 68.318215 118.132659 77.637015 136.070259
r124 53.514623 123.626294 85.106023 141.167994
r125 81.704436 160.040528 97.318036 167.993028
r126 70.591772 17.188538 81.067772 29.041038
r127 64.694181 27.648113 90.811681 48.866313
r128 61.435857 73.530158 86.450257 84.890258
r129 66.371438 96.513777 77.036538 123.158477
r130 85.107947 121.709673 102.566547 153.451473
r131 87.475263 150.349090 96.348763 164.342090
r132 63.949805 0.000000 94.041305 31.354400
r133 74.574312 29.903938 84.357112 52.750238
r134 64.778957 51.002490 89.963057 73.007090
r135 76.939618 82.703011 95.769018 112.134011
r136 99.938819 130.194982 116.903019 137.514282
r137 89.629955 136.986889 138.139955 156.436489
r138 95.237150 0.747836 132.213850 26.263936
r139 94.208768 30.130683 132.710868 54.635883
r140 92.304557 54.738066 105.285557 64.303366
r141 96.256593 78.559432 103.446293 95.829532
r142 102.230004 103.137189 145.134904 125.127689
r143 144.104199 99.577416 184.141499 123.142916
r144 44.037440 85.084190 45.778240 86.492090
r145 29.315614 86.928279 42.849314 109.710879
r146 21.540855 113.883389 48.324255 125.395489
r147 25.556701 146.625088 52.434101 158.096888
r148 22.532241 162.147297 45.232441 185.238197
r149 39.614399 168.157719 42.541099 169.581419
r150 44.477076 72.235131 45.949576 73.899631
r151 28.950674 74.298314 49.632774 89.206514
r152 39.942426 102.307262 46.187526 114.002662
r153 39.857381 136.106669 46.304581 147.435569
r154 21.772402 142.746813 52.831202 159.623413
r155 40.689579 163.414028 42.588279 165.608528
r156 33.377022 27.807176 60.150822 39.323376
r157 33.276878 39.456220 54.428778 54.033320
r158 31.063730 61.542681 57.245530 73.993281
r159 32.585374 124.545669 57.672474 137.539569
r160 29.467262 118.635179 53.549862 140.400579
r161 16.202717 157.468355 62.760317 177.733555
r162 39.921147 8.409979 60.829647 33.479479
r163 29.089049 35.055139 64.717649 49.767139
r164 41.260164 59.034410 59.465564 89.474110
r165 38.925469 89.811755 58.629769 117.935855
r166 35.129319 116.882154 60.146919 154.595654
r167 64.546531 137.591108 85.465531 182.693608
r168 56.695665 27.292235 58.715565 31.005235
r169 27.563088 18.602297 64.177088 44.371197
r170 36.868386 47.550624 66.541486 79.347124
r171 37.859411 81.505124 67.244611 113.613124
r172 60.798231 113.983110 105.927431 134.889710
r173 78.926609 131.948294 83.177809 133.712494
r174 66.046437 33.347615 70.126537 35.185815
r175 69.239979 41.324389 72.993079 43.322789
r176 68.795533 50.450926 103.209333 77.867226
r177 69.781390 82.560443 109.089790 106.562943
r178 85.313806 111.749725 88.609606 114.025325
r179 84.289479 114.614899 88.090279 116.588199
r180 39.626141 83.719398 40.731441 85.936898
r181 33.361161 93.789455 35.530461 94.919355
r182 29.590347 111.328192 31.288747 112.771292
r183 30.602773 144.350850 32.121973 145.964250
r184 32.151627 152.432548 33.990327 154.698648
r185 35.599869 156.242844 38.740569 157.569544
r186 38.343569 76.142959 40.648169 77.206459
r187 31.480699 81.996875 32.519599 84.356075
r188 5.430296 96.991970 31.832096 108.670470
r189 11.871558 134.848176 34.673358 148.370476
r190 29.666831 146.861852 31.490231 149.146952
r191 35.828230 152.415506 38.253330 154.133706
r192 39.804023 50.481806 41.777923 51.723506
r193 14.528083 51.516089 39.442483 63.891789
r194 7.592960 68.792864 27.565560 84.230664
r195 8.920516 116.787603 25.197116 135.731003
r196 7.640365 117.873488 24.479365 149.001588
r197 36.624762 146.481723 39.588662 149.012123
r198 44.075604 44.457167 46.452304 46.210367
r199 9.847009 50.103592 44.927809 65.045292
r200 4.898218 68.903339 37.152318 85.154439
r201 8.184076 95.695211 32.942976 116.866111
r202 0.740900 116.705759 31.977300 146.910959
r203 55.806478 141.174493 59.725978 143.087993
r204 52.721819 40.553776 54.618119 44.508776
r205 41.153833 48.326752 43.662533 51.316352
r206 1.030465 54.370285 35.173465 82.004085
r207 1.308485 86.029832 35.846985 113.347232
r208 65.187337 120.040324 67.342437 123.520424
r209 68.096602 126.740194 70.779002 129.536194
r210 61.654776 40.047475 63.877576 43.421675
r211 62.635977 46.550096 64.735377 50.122596
r212 66.619289 65.518319 68.353689 69.842619
r213 70.499411 95.805358 73.445711 98.350958
r214 73.316141 110.762593 75.615241 114.024793
r215 73.372864 115.009742 76.661764 117.290142

[Iter 2750]
r0 128.479492 88.695575 130.490892 89.914175
r1 133.590648 96.476594 135.995148 97.495994
r2 133.162585 104.725462 150.138685 122.888262
r3 133.599084 133.388347 157.672184 146.196547
r4 139.839620 158.302255 141.088720 160.264455
r5 135.895034 166.478968 137.216534 168.333668
r6 131.941775 78.925525 134.330775 79.951425
r7 135.805070 75.682428 157.898770 89.638128
r8 141.298437 96.861975 168.246937 108.303575
r9 141.095927 122.071182 167.061827 133.945682
r10 138.626266 154.873140 164.975366 166.575040
r11 142.339808 169.998573 144.309808 171.242773
r12 128.685850 41.154885 145.396150 59.606585
r13 142.974395 52.893663 162.309095 68.840863
r14 154.810112 77.839129 174.273712 94.587329
r15 157.756065 107.575682 177.063565 124.459282
r16 151.232372 143.865734 177.518572 155.595534
r17 152.929373 165.986474 170.284173 183.752974
r18 137.790521 16.563754 165.410921 27.726954
r19 152.202633 39.478593 173.686533 53.830493
r20 158.396516 64.950451 169.489316 73.125751
r21 160.047040 108.879763 173.154040 120.641963
r22 157.687100 143.536959 187.390000 161.183959
r23 149.824446 164.163348 178.458246 182.469248
r24 150.986942 24.426800 152.829842 25.756800
r25 153.712429 27.652273 180.615629 39.113073
r26 166.802223 56.240227 184.294323 73.867227
r27 154.305222 93.137925 185.486122 109.948425
r28 153.143400 121.425590 187.390000 136.731290
r29 160.759142 158.037694 163.921842 160.409094
r30 151.223708 27.607485 154.439108 28.903285
r31 159.295316 34.130710 161.043216 36.514510
r32 163.353488 35.904212 181.146088 65.364112
r33 163.792232 66.032825 184.671932 91.137025
r34 162.820112 126.448017 165.900112 127.800817
r35 158.829454 149.167006 162.990354 150.969506
r36 114.841910 89.413063 116.930610 90.586463
r37 105.234919 94.556375 124.672019 110.419475
r38 102.940770 111.256757 126.793270 124.183457
r39 99.729193 134.201665 126.893993 145.552165
r40 99.854601 152.149022 117.740101 169.388222
r41 113.988185 169.771945 115.105985 171.964545
r42 105.002350 72.649275 128.856450 85.575075
r43 117.356945 85.337179 143.538145 97.114079
r44 125.074034 101.318225 135.242434 110.236625
r45 116.899685 131.445666 131.162685 137.803766
r46 115.590025 148.121026 135.191325 163.851226
r47 110.439290 170.826572 129.809490 186.744472
r48 102.341179 33.140461 119.399179 51.216061
r49 112.079874 53.112205 124.514074 60.405505
r50 118.373793 67.567920 137.681693 76.225420
r51 124.569160 118.404509 136.127660 132.866309
r52 127.125296 151.501298 141.399196 157.854598
r53 126.154514 168.164312 148.359314 182.050212
r54 103.081950 17.670318 126.083150 31.075418
r55 111.468943 40.162514 125.641243 46.561314
r56 117.680515 55.763271 134.487815 65.708771
r57 126.259050 96.539695 148.255550 109.458395
r58 129.045610 153.238853 140.899310 166.244653
r59 125.255657 165.250674 149.249857 187.096174
r60 123.167477 8.889324 141.861177 25.383324
r61 124.165369 31.033339 151.668569 42.244139
r62 136.420890 65.820280 149.492390 72.757980
r63 137.130991 87.211058 148.824591 100.394958
r64 125.376199 141.023110 160.593999 155.906710
r65 135.383188 156.306217 168.787388 184.551217
r66 145.206351 24.411142 148.373251 25.726842
r67 135.061009 25.397737 165.288009 42.738737
r68 129.118082 50.067567 162.209282 65.907667
r69 127.821655 72.721708 163.716355 87.324608
r70 136.116182 108.717058 153.116482 139.549858
r71 150.884448 146.668959 154.996348 148.492959
r72 95.986765 79.084872 108.886565 102.987072
r73 73.742049 93.132431 96.130449 106.904431
r74 77.510758 114.346783 90.006858 121.603983
r75 74.177883 140.832973 89.169683 146.882073
r76 64.051813 153.275499 89.741913 165.277499
r77 63.759425 168.088467 85.646625 182.175867
r78 72.532767 74.276562 97.644867 86.554862
r79 79.698906 83.415250 87.628406 92.626350
r80 81.756289 105.863333 97.812889 116.273833
r81 82.531124 127.250599 90.840824 147.366499
r82 84.716996 149.469496 91.028896 161.041196
r83 82.211302 172.174072 104.201402 186.195472
r84 84.987280 36.855696 98.114080 42.419796
r85 85.189055 36.181902 96.081855 51.527502
r86 80.605161 50.457914 101.427161 73.176214
r87 85.792992 120.008840 110.562892 135.544040
r88 93.884517 144.143738 106.004617 157.935438
r89 93.206932 165.218025 103.891332 172.054025
r90 91.112824 20.334469 103.924924 30.025769
r91 94.034382 29.279068 105.412882 54.253168
r92 100.946672 57.355637 113.137272 71.067537
r93 94.708498 102.716410 108.636698 123.118610
r94 102.564134 146.840754 121.184834 162.101554
r95 104.452496 161.331579 116.199596 171.901579
r96 100.237873 5.541793 126.817573 25.262293
r97 102.234355 35.456339 114.684155 45.429739
r98 93.412021 61.193181 130.070821 76.310081
r99 104.291113 85.154894 127.371513 109.165194
r100 110.284474 141.484678 123.942474 150.575778
r101 96.431874 162.199000 133.885774 187.390000
r102 135.412764 0.382908 158.600564 41.072508
r103 113.641178 26.082054 134.975078 50.651754
r104 115.431660 49.341940 123.427360 64.871140
r105 110.479769 77.057936 123.344569 86.709636
r106 111.224918 114.321422 134.136118 137.199622
r107 136.455184 127.948044 177.253484 151.073944
r108 51.854575 78.300649 69.950575 95.339449
r109 45.992646 94.713622 73.016746 106.123222
r110 55.622768 116.710818 64.679668 124.775318
r111 56.926533 145.221694 68.326433 151.628694
r112 49.623255 148.718623 79.060355 166.524923
r113 45.136281 169.660900 74.701581 187.390000
r114 51.169357 53.459719 74.176157 66.861519
r115 56.889547 76.852549 66.347347 84.575249
r116 50.824891 107.066415 75.046391 120.524715
r117 52.776511 133.105342 75.884511 147.212142
r118 71.102773 140.900264 78.354173 158.023264
r119 73.456447 170.489266 106.796447 186.211066
r120 65.159541 35.205350 75.993641 41.946950
r121 58.838965 35.718613 80.317065 50.896013
r122 66.203064 59.169188 76.326464 75.681188
r123 68.569187 118.141275 77.887987 136.078875
r124 53.433854 123.751554 85.025254 141.293254
r125 81.944371 159.592192 97.557971 167.544692
r126 70.508615 17.055005 80.984615 28.907505
r127 64.641978 27.371231 90.759478 48.589431
r128 61.213655 73.944827 86.228055 85.304927
r129 66.163535 96.897642 76.828635 123.542342
r130 84.758441 121.109707 102.217041 152.851507
r131 87.359995 149.945673 96.233495 163.938673
r132 63.776026 0.000000 93.867526 31.354400
r133 74.557132 29.577904 84.339932 52.424204
r134 64.488365 50.928854 89.672465 72.933454
r135 77.095099 82.569718 95.924499 112.000718
r136 100.599532 130.781105 117.563732 138.100405
r137 89.550006 134.093107 138.060006 153.542707
r138 95.660268 0.838814 132.636968 26.354914
r139 96.934726 30.254645 135.436826 54.759845
r140 92.251899 54.713370 105.232899 64.278670
r141 96.199384 78.289520 103.389084 95.559620
r142 102.664943 103.678155 145.569843 125.668655
r143 144.346307 98.703399 184.383607 122.268899
r144 44.093902 85.088236 45.834702 86.496136
r145 29.038170 87.196518 42.571870 109.979118
r146 21.245921 114.109471 48.029321 125.621571
r147 25.259928 146.941196 52.137328 158.412996
r148 21.862041 162.832509 44.562241 185.923409
r149 39.050133 168.192549 41.976833 169.616249
r150 44.439838 72.566072 45.912338 74.230572
r151 28.660217 74.239987 49.342317 89.148187
r152 39.916956 102.321333 46.162056 114.016733
r153 39.703221 136.140498 46.150421 147.469398
r154 20.960877 142.894190 52.019677 159.770790
r155 40.182779 163.495533 42.081479 165.690033
r156 33.243866 27.561461 60.017666 39.077661
r157 33.105921 39.264364 54.257821 53.841464
r158 30.915538 61.513791 57.097338 73.964391
r159 32.639536 125.019879 57.726636 138.013779
r160 29.227022 118.415526 53.309622 140.180926
r161 15.269737 157.069173 61.827337 177.334373
r162 39.839897 7.941467 60.748397 33.010967
r163 28.912630 34.953615 64.541230 49.665615
r164 41.236542 59.204980 59.441942 89.644680
r165 39.071057 89.437370 58.775357 117.561470
r166 34.581995 116.418873 59.599595 154.132373
r167 64.818617 139.116037 85.737617 184.218537
r168 56.699106 27.530360 58.719006 31.243360
r169 27.089054 18.363454 63.703054 44.132354
r170 36.954439 47.455146 66.627539 79.251646
r171 38.200406 81.027001 67.585606 113.135001
r172 59.454779 113.011991 104.583979 133.918591
r173 78.877090 132.561326 83.128290 134.325526
r174 66.006624 33.570989 70.086724 35.409189
r175 69.086872 42.147465 72.839972 44.145865
r176 69.175586 52.005821 103.589386 79.422121
r177 69.520200 81.669357 108.828600 105.671857
r178 85.327929 111.663606 88.623729 113.939206
r179 84.334686 114.724210 88.135486 116.697510
r180 39.558457 83.944229 40.663757 86.161729
r181 33.193454 93.876084 35.362754 95.005984
r182 29.294583 111.440947 30.992983 112.884047
r183 30.186179 144.431907 31.705379 146.045307
r184 31.686588 152.440024 33.525288 154.706124
r185 34.943118 156.274407 38.083818 157.601107
r186 38.239095 76.494483 40.543695 77.557983
r187 31.300866 82.149917 32.339766 84.509117
r188 4.847501 97.030096 31.249301 108.708596
r189 11.304121 134.999929 34.105921 148.522229
r190 29.168701 146.914463 30.992101 149.199563
r191 35.359481 152.388881 37.784581 154.107081
r192 39.754153 50.696638 41.728053 51.938338
r193 14.199653 51.610506 39.114053 63.986206
r194 7.111018 68.954810 27.083618 84.392610
r195 8.625400 116.672627 24.902000 135.616027
r196 7.125986 117.522171 23.964986 148.650271
r197 36.378497 146.642269 39.342397 149.172669
r198 44.102090 44.691431 46.478790 46.444631
r199 9.395011 50.478444 44.475811 65.420144
r200 4.675993 69.310685 36.930093 85.561785
r201 8.387079 95.615011 33.145979 116.785911
r202 0.000000 116.861569 31.236400 147.066769
r203 55.859462 141.218435 59.778962 143.131935
r204 52.828566 40.904538 54.724866 44.859538
r205 41.260343 48.590011 43.769043 51.579611
r206 0.761577 54.683767 34.904577 82.317567
r207 1.488042 86.153475 36.026542 113.470875
r208 65.002667 120.214464 67.157767 123.694564
r209 67.871652 127.061373 70.554052 129.857373
r210 61.547302 40.307832 63.770102 43.682032
r211 62.440814 46.801328 64.540214 50.373828
r212 66.632435 66.011545 68.366835 70.335845
r213 70.368848 95.966403 73.315148 98.512003
r214 73.372314 110.686139 75.671414 113.948339
r215 73.417117 115.017470 76.706017 117.297870

[Iter 2800]
r0 128.351079 88.990375 130.362479 90.208975
r1 133.404928 96.765871 135.809428 97.785271
r2 133.232240 104.723038 150.208340 122.885838
r3 133.767525 133.506719 157.840625 146.314919
r4 139.989025 158.455368 141.238125 160.417568
r5 136.037373 166.439769 137.358873 168.294469
r6 131.924915 79.181320 134.313915 80.207220
r7 135.590319 76.002895 157.684019 89.958595
r8 141.969687 97.014809 168.918187 108.456409
r9 141.523110 122.025625 167.489010 133.900125
r10 138.728513 155.006957 165.077613 166.708857
r11 142.497919 170.054436 144.467919 171.298636
r12 128.498540 41.331215 145.208840 59.782915
r13 143.227652 53.107870 162.562352 69.055070
r14 154.946697 77.768124 174.410297 94.516324
r15 157.987693 107.548858 177.295193 124.432458
r16 151.493884 144.003436 177.780084 155.733236
r17 153.291137 166.074553 170.645937 183.841053
r18 137.762158 16.225825 165.382558 27.389025
r19 151.960713 39.537648 173.444613 53.889548
r20 158.397332 65.114446 169.490132 73.289746
r21 160.029442 108.727167 173.136442 120.489367
r22 157.658265 143.557674 187.361165 161.204674
r23 149.990029 164.276858 178.623829 182.582758
r24 150.904571 24.384190 152.747471 25.714190
r25 153.641224 27.598571 180.544424 39.059371
r26 167.060660 56.285025 184.552760 73.912025
r27 154.531168 92.734463 185.712068 109.544963
r28 153.143400 121.450214 187.390000 136.755914
r29 160.800053 158.184849 163.962753 160.556249
r30 151.184179 27.703989 154.399579 28.999789
r31 159.370494 34.110864 161.118394 36.494664
r32 163.722792 35.371826 181.515392 64.831726
r33 163.959781 65.514879 184.839481 90.619079
r34 162.738468 126.473524 165.818468 127.826324
r35 158.677477 149.479242 162.838377 151.281742
r36 114.499523 89.426973 116.588223 90.600373
r37 104.752882 94.919711 124.189982 110.782811
r38 103.035785 111.541339 126.888285 124.468039
r39 99.769224 134.440491 126.934024 145.790991
r40 99.764483 152.457139 117.649983 169.696339
r41 113.961945 169.852420 115.079745 172.045020
r42 105.027116 72.971145 128.881216 85.896945
r43 117.084533 85.733007 143.265733 97.509907
r44 125.287673 101.488872 135.456073 110.407272
r45 116.789486 131.681650 131.052486 138.039750
r46 115.648175 148.488629 135.249475 164.218829
r47 110.321548 170.975095 129.691748 186.892995
r48 102.242922 33.128311 119.300922 51.203911
r49 111.786999 53.083883 124.221199 60.377183
r50 118.489088 67.914696 137.796988 76.572196
r51 124.812011 118.563186 136.370511 133.024986
r52 127.194262 151.511153 141.468162 157.864453
r53 126.116637 168.197118 148.321437 182.083018
r54 103.112241 17.750472 126.113441 31.155572
r55 111.399577 40.124575 125.571877 46.523375
r56 117.689535 56.039729 134.496835 65.985229
r57 126.558347 96.165811 148.554847 109.084511
r58 128.810622 153.845175 140.664322 166.850975
r59 125.366331 165.544500 149.360531 187.390000
r60 123.115146 8.591526 141.808846 25.085526
r61 124.147881 30.923956 151.651081 42.134756
r62 136.386796 65.960802 149.458296 72.898502
r63 137.165093 87.109303 148.858693 100.293203
r64 125.347269 141.520226 160.565069 156.403826
r65 135.273113 155.744319 168.677313 183.989319
r66 145.399485 24.195583 148.566385 25.511283
r67 135.115775 25.361762 165.342775 42.702762
r68 129.239248 49.954272 162.330448 65.794372
r69 128.001349 72.343737 163.896049 86.946637
r70 136.603490 108.814402 153.603790 139.647202
r71 150.943456 146.721269 155.055356 148.545269
r72 95.609413 79.229536 108.509213 103.131736
r73 73.203605 93.177450 95.592005 106.949450
r74 77.081177 114.330116 89.577277 121.587316
r75 73.643713 141.465351 88.635513 147.514451
r76 63.580015 153.450372 89.270115 165.452372
r77 63.597992 168.163042 85.485192 182.250442
r78 72.024510 74.232449 97.136610 86.510749
r79 79.393792 83.377247 87.323292 92.588347
r80 81.345982 106.035399 97.402582 116.445899
r81 82.272760 127.586081 90.582460 147.701981
r82 85.488673 150.130453 91.800573 161.702153
r83 82.183236 172.467653 104.173336 186.489053
r84 84.822791 36.702176 97.949591 42.266276
r85 85.055539 35.983372 95.948339 51.328972
r86 80.511519 50.068023 101.333519 72.786323
r87 85.397560 120.232033 110.167460 135.767233
r88 93.750955 144.285626 105.871055 158.077326
r89 92.857032 165.404947 103.541432 172.240947
r90 91.189773 20.000004 104.001873 29.691304
r91 93.914471 28.926356 105.292971 53.900456
r92 101.026385 57.464810 113.216985 71.176710
r93 94.490474 102.689682 108.418674 123.091882
r94 102.342358 147.488768 120.963058 162.749568
r95 104.333358 161.551675 116.080458 172.121675
r96 100.060076 5.256964 126.639776 24.977464
r97 102.013162 35.271825 114.462962 45.245225
r98 92.983465 61.039569 129.642265 76.156469
r99 104.647059 85.099795 127.727459 109.110095
r100 110.488899 142.066390 124.146899 151.157490
r101 96.538234 160.010226 133.992134 185.201226
r102 136.669891 0.418812 159.857691 41.108412
r103 113.578721 25.643362 134.912621 50.213062
r104 115.803222 49.190095 123.798922 64.719295
r105 110.669652 76.839743 123.534452 86.491443
r106 111.210946 114.290142 134.122146 137.168342
r107 136.461868 127.699578 177.260168 150.825478
r108 51.504432 78.204799 69.600432 95.243599
r109 45.533982 94.737635 72.558082 106.147235
r110 55.017255 116.796461 64.074155 124.860961
r111 56.591502 145.653120 67.991402 152.060120
r112 48.726447 148.820749 78.163547 166.627049
r113 45.153412 169.660900 74.718712 187.390000
r114 50.775527 53.378656 73.782327 66.780456
r115 56.181595 76.928285 65.639395 84.650985
r116 50.107613 107.281125 74.329113 120.739425
r117 52.765287 133.128687 75.873287 147.235487
r118 71.286731 142.137197 78.538131 159.260197
r119 73.329703 170.361121 106.669703 186.082921
r120 65.075123 34.916997 75.909223 41.658597
r121 58.724923 35.606842 80.203023 50.784242
r122 65.975707 59.131332 76.099107 75.643332
r123 68.416797 118.092475 77.735597 136.030075
r124 52.282694 123.452699 83.874094 140.994399
r125 81.780878 159.412083 97.394478 167.364583
r126 70.473201 16.570299 80.949201 28.422799
r127 64.414061 27.169125 90.531561 48.387325
r128 60.924516 73.815636 85.938916 85.175736
r129 65.853567 96.758082 76.518667 123.402782
r130 84.900977 120.778026 102.359577 152.519826
r131 87.501839 150.088135 96.375339 164.081135
r132 63.788207 0.004023 93.879707 31.358423
r133 73.970126 30.352859 83.752926 53.199159
r134 64.295275 50.797701 89.479375 72.802301
r135 76.550817 82.411967 95.380217 111.842967
r136 101.085534 131.625797 118.049734 138.945097
r137 90.139133 135.929586 138.649133 155.379186
r138 95.892042 0.217979 132.868742 25.734079
r139 96.419388 29.619364 134.921488 54.124564
r140 92.421415 54.075635 105.402415 63.640935
r141 96.328524 78.055205 103.518224 95.325305
r142 102.429573 103.949841 145.334473 125.940341
r143 144.114934 99.642562 184.152234 123.208062
r144 43.788522 85.090267 45.529322 86.498167
r145 28.374189 87.582798 41.907889 110.365398
r146 20.741118 114.334283 47.524518 125.846383
r147 24.811750 147.421255 51.689150 158.893055
r148 21.597146 162.975608 44.297346 186.066508
r149 38.837436 168.206205 41.764136 169.629905
r150 44.136311 72.634770 45.608811 74.299270
r151 27.937611 74.391699 48.619711 89.299899
r152 39.311176 102.213361 45.556276 113.908761
r153 39.280035 136.424572 45.727235 147.753472
r154 20.128472 143.011026 51.187272 159.887626
r155 39.724561 163.336554 41.623261 165.531054
r156 33.175294 27.264695 59.949094 38.780895
r157 32.841089 39.185720 53.992989 53.762820
r158 30.626533 61.452160 56.808333 73.902760
r159 32.320946 125.549560 57.408046 138.543460
r160 28.661170 118.438630 52.743770 140.204030
r161 15.875950 156.643487 62.433550 176.908687
r162 39.752198 7.658718 60.660698 32.728218
r163 28.800947 34.827204 64.429547 49.539204
r164 40.899846 58.987352 59.105246 89.427052
r165 39.076375 89.378580 58.780675 117.502680
r166 34.503011 115.964880 59.520611 153.678380
r167 64.658933 138.877996 85.577933 183.980496
r168 56.824841 27.463338 58.844741 31.176338
r169 25.763895 17.421695 62.377895 43.190595
r170 36.451026 47.671712 66.124126 79.468212
r171 38.450470 81.713269 67.835670 113.821269
r172 60.311012 114.074639 105.440212 134.981239
r173 79.005302 133.178859 83.256502 134.943059
r174 65.986072 33.668105 70.066172 35.506305
r175 69.104683 41.727688 72.857783 43.726088
r176 70.726337 52.179750 105.140137 79.596050
r177 69.843797 83.509892 109.152197 107.512392
r178 85.713268 111.751099 89.009068 114.026699
r179 84.722977 114.535413 88.523777 116.508713
r180 39.410793 83.961378 40.516093 86.178878
r181 32.905961 93.881039 35.075261 95.010939
r182 28.882449 111.444803 30.580849 112.887903
r183 29.863681 144.584854 31.382881 146.198254
r184 31.468821 152.515273 33.307521 154.781373
r185 34.753510 156.332113 37.894210 157.658813
r186 38.191533 76.600322 40.496133 77.663822
r187 30.992810 82.158054 32.031710 84.517254
r188 3.991736 97.077723 30.393536 108.756223
r189 10.755664 135.346533 33.557464 148.868833
r190 28.816584 147.089762 30.639984 149.374862
r191 35.177515 152.426668 37.602615 154.144868
r192 39.699974 50.856598 41.673874 52.098298
r193 13.730846 51.733804 38.645246 64.109504
r194 6.543519 68.998522 26.516119 84.436322
r195 8.169607 116.802738 24.446207 135.746138
r196 6.592270 117.271181 23.431270 148.399281
r197 36.138899 146.618753 39.102799 149.149153
r198 44.079448 44.908519 46.456148 46.661719
r199 8.990079 50.297959 44.070879 65.239659
r200 4.395498 69.284524 36.649598 85.535624
r201 8.152589 95.324081 32.911489 116.494981
r202 0.104416 116.728407 31.340816 146.933607
r203 55.832950 141.191757 59.752450 143.105257
r204 52.591014 41.070338 54.487314 45.025338
r205 41.294472 48.662086 43.803172 51.651686
r206 0.000000 54.583421 34.143000 82.217221
r207 1.802674 86.011574 36.341174 113.328974
r208 65.059043 120.302629 67.214143 123.782729
r209 67.606916 127.111422 70.289316 129.907422
r210 61.574247 40.399033 63.797047 43.773233
r211 62.340442 46.879193 64.439842 50.451693
r212 66.252690 65.794388 67.987090 70.118688
r213 70.153528 95.796023 73.099828 98.341623
r214 73.407107 110.761738 75.706207 114.023938
r215 73.289198 114.798786 76.578098 117.079186

[Iter 2850]
r0 128.203299 89.121606 130.214699 90.340206
r1 133.101045 96.796859 135.505545 97.816259
r2 132.795568 104.628757 149.771668 122.791557
r3 133.344333 133.462437 157.417433 146.270637
r4 139.957532 158.455137 141.206632 160.417337
r5 136.085687 166.565397 137.407187 168.420097
r6 131.822212 79.273821 134.211212 80.299721
r7 135.174457 76.850172 157.268157 90.805872
r8 141.691228 97.336693 168.639728 108.778293
r9 141.333666 122.200822 167.299566 134.075322
r10 138.502308 154.841438 164.851408 166.543338
r11 142.509890 170.119361 144.479890 171.363561
r12 128.411929 41.470662 145.122229 59.922362
r13 142.896369 53.542004 162.231069 69.489204
r14 154.532166 77.630485 173.995766 94.378685
r15 157.538628 107.726728 176.846128 124.610328
r16 151.222053 144.061671 177.508253 155.791471
r17 152.976951 165.951777 170.331751 183.718277
r18 137.588141 16.738821 165.208541 27.902021
r19 151.654450 39.688930 173.138350 54.040830
r20 158.287675 65.084537 169.380475 73.259837
r21 159.996937 108.553864 173.103937 120.316064
r22 157.687100 143.364215 187.390000 161.011215
r23 149.877570 163.962317 178.511370 182.268217
r24 150.873058 24.473016 152.715958 25.803016
r25 153.585794 27.901592 180.488994 39.362392
r26 166.758066 55.863055 184.250166 73.490055
r27 154.583293 92.659977 185.764193 109.470477
r28 153.143400 121.408701 187.390000 136.714401
r29 160.744938 158.315252 163.907638 160.686652
r30 151.166545 27.652995 154.381945 28.948795
r31 159.352265 34.192247 161.100165 36.576047
r32 163.589534 35.476907 181.382134 64.936807
r33 163.733828 65.476017 184.613528 90.580217
r34 162.800357 126.386682 165.880357 127.739482
r35 158.724569 149.475141 162.885469 151.277641
r36 114.053024 89.527542 116.141724 90.700942
r37 103.968144 95.057393 123.405244 110.920493
r38 102.721694 111.452513 126.574194 124.379213
r39 99.665772 134.293027 126.830572 145.643527
r40 99.744522 152.232239 117.630022 169.471439
r41 113.717023 169.909719 114.834823 172.102319
r42 104.561716 72.962181 128.415816 85.887981
r43 116.028535 86.191118 142.209735 97.968018
r44 124.744343 101.628984 134.912743 110.547384
r45 116.585434 131.631258 130.848434 137.989358
r46 115.524953 148.455472 135.126253 164.185672
r47 110.203720 170.977341 129.573920 186.895241
r48 102.417473 33.891116 119.475473 51.966716
r49 111.860762 53.440798 124.294962 60.734098
r50 118.450086 68.280499 137.757986 76.937999
r51 124.710819 118.407040 136.269319 132.868840
r52 127.009870 151.493593 141.283770 157.846893
r53 125.954903 168.125955 148.159703 182.011855
r54 103.159445 17.987984 126.160645 31.393084
r55 111.492240 40.476081 125.664540 46.874881
r56 117.713143 56.625649 134.520443 66.571149
r57 126.187654 96.640303 148.184154 109.559003
r58 128.921907 153.393682 140.775607 166.399482
r59 125.407294 165.240372 149.401494 187.085872
r60 123.051682 9.027813 141.745382 25.521813
r61 124.050486 31.261386 151.553686 42.472186
r62 136.008808 66.063145 149.080308 73.000845
r63 136.908903 87.201434 148.602503 100.385334
r64 125.156261 141.307673 160.374061 156.191273
r65 135.146492 155.711806 168.550692 183.956806
r66 145.182416 24.345409 148.349316 25.661109
r67 134.826367 25.704595 165.053367 43.045595
r68 129.051478 50.087846 162.142678 65.927946
r69 127.695966 72.526622 163.590666 87.129522
r70 136.002314 108.649544 153.002614 139.482344
r71 150.908194 146.747596 155.020094 148.571596
r72 94.659063 79.248820 107.558863 103.151020
r73 72.457984 93.078136 94.846384 106.850136
r74 76.958543 114.377050 89.454643 121.634250
r75 73.520056 141.602974 88.511856 147.652074
r76 63.415308 153.278102 89.105408 165.280102
r77 63.454548 168.074034 85.341748 182.161434
r78 71.555508 74.016766 96.667608 86.295066
r79 78.778757 83.414444 86.708257 92.625544
r80 80.467041 106.066402 96.523641 116.476902
r81 82.137977 127.587845 90.447677 147.703745
r82 85.809991 150.391165 92.121891 161.962865
r83 81.943200 172.218524 103.933300 186.239924
r84 84.575863 36.695979 97.702663 42.260079
r85 84.960365 36.140119 95.853165 51.485719
r86 80.361821 50.022030 101.183821 72.740330
r87 85.069586 120.221292 109.839486 135.756492
r88 93.649303 144.468859 105.769403 158.260559
r89 92.879371 165.560287 103.563771 172.396287
r90 90.962768 20.231137 103.774868 29.922437
r91 93.778092 29.080644 105.156592 54.054744
r92 100.648557 57.916427 112.839157 71.628327
r93 94.505889 103.231040 108.434089 123.633240
r94 102.160807 146.987370 120.781507 162.248170
r95 104.018793 161.516858 115.765893 172.086858
r96 99.833869 5.487755 126.413569 25.208255
r97 102.101299 35.394574 114.551099 45.367974
r98 92.688284 61.434886 129.347084 76.551786
r99 104.256793 85.156432 127.337193 109.166732
r100 110.168956 141.790665 123.826956 150.881765
r101 96.307433 161.051470 133.761333 186.242470
r102 134.844142 0.433796 158.031942 41.123396
r103 113.345167 25.909291 134.679067 50.478991
r104 115.835010 49.582623 123.830710 65.111823
r105 111.012505 77.193483 123.877305 86.845183
r106 110.846668 114.313470 133.757868 137.191670
r107 136.824962 127.950903 177.623262 151.076803
r108 50.921499 78.281776 69.017499 95.320576
r109 44.607703 94.763558 71.631803 106.173158
r110 54.685988 116.682408 63.742888 124.746908
r111 55.997859 145.682210 67.397759 152.089210
r112 48.482211 148.478552 77.919311 166.284852
r113 44.231823 169.660900 73.797123 187.390000
r114 50.361254 53.653459 73.368054 67.055259
r115 55.815497 76.932768 65.273297 84.655468
r116 49.973645 107.084950 74.195145 120.543250
r117 52.470792 133.258337 75.578792 147.365137
r118 71.704024 142.902465 78.955424 160.025465
r119 72.119505 170.780308 105.459505 186.502108
r120 64.809678 34.970664 75.643778 41.712264
r121 58.494459 35.932658 79.972559 51.110058
r122 65.723464 59.271560 75.846864 75.783560
r123 67.760974 118.463597 77.079774 136.401197
r124 53.021665 124.265170 84.613065 141.806870
r125 80.901807 160.166558 96.515407 168.119058
r126 70.459954 16.855397 80.935954 28.707897
r127 64.284705 27.417557 90.402205 48.635757
r128 60.828252 73.801042 85.842652 85.161142
r129 66.091457 97.180547 76.756557 123.825247
r130 85.014515 121.084064 102.473115 152.825864
r131 87.589265 150.512260 96.462765 164.505260
r132 63.898303 0.000000 93.989803 31.354400
r133 73.826881 30.340582 83.609681 53.186882
r134 64.550291 50.911794 89.734391 72.916394
r135 76.821819 82.580197 95.651219 112.011197
r136 100.643516 131.120326 117.607716 138.439626
r137 90.566432 136.246057 139.076432 155.695657
r138 95.410489 0.687691 132.387189 26.203791
r139 95.193968 30.347711 133.696068 54.852911
r140 92.954281 53.823265 105.935281 63.388565
r141 96.444837 78.670216 103.634537 95.940316
r142 102.535046 104.108194 145.439946 126.098694
r143 144.485209 99.693520 184.522509 123.259020
r144 43.181026 85.148307 44.921826 86.556207
r145 27.861340 87.528591 41.395040 110.311191
r146 20.703907 114.269027 47.487307 125.781127
r147 24.298100 147.481103 51.175500 158.952903
r148 21.005653 162.710162 43.705853 185.801062
r149 38.398377 168.221290 41.325077 169.644990
r150 43.829372 72.742045 45.301872 74.406545
r151 27.471436 74.402770 48.153536 89.310970
r152 38.735184 102.142785 44.980284 113.838185
r153 38.720206 136.347984 45.167406 147.676884
r154 19.797481 142.873943 50.856281 159.750543
r155 39.483560 163.711509 41.382260 165.906009
r156 33.002881 27.500347 59.776681 39.016547
r157 32.661989 39.294572 53.813889 53.871672
r158 30.327693 61.609951 56.509493 74.060551
r159 32.043956 125.450134 57.131056 138.444034
r160 28.944309 118.663226 53.026909 140.428626
r161 15.776940 157.669620 62.334540 177.934820
r162 39.620162 8.037339 60.528662 33.106839
r163 28.660587 35.015842 64.289187 49.727842
r164 40.934254 59.238302 59.139654 89.678002
r165 39.025525 89.913107 58.729825 118.037207
r166 34.014994 116.835340 59.032594 154.548840
r167 64.510113 138.239724 85.429113 183.342224
r168 56.858290 27.587529 58.878190 31.300529
r169 27.313275 18.090062 63.927275 43.858962
r170 36.956579 47.731660 66.629679 79.528160
r171 38.435392 81.094069 67.820592 113.202069
r172 60.764369 113.906327 105.893569 134.812927
r173 79.271556 134.179147 83.522756 135.943347
r174 66.027619 33.703159 70.107719 35.541359
r175 69.041737 41.703019 72.794837 43.701419
r176 69.222144 52.541056 103.635944 79.957356
r177 70.321211 83.322360 109.629611 107.324860
r178 85.567277 111.739020 88.863077 114.014620
r179 84.542415 114.370451 88.343215 116.343751
r180 38.911100 84.148526 40.016400 86.366026
r181 32.500177 93.875321 34.669477 95.005221
r182 28.515690 111.440418 30.214090 112.883518
r183 29.413929 144.845353 30.933129 146.458753
r184 30.968366 152.716771 32.807066 154.982871
r185 34.517230 156.488221 37.657930 157.814921
r186 37.845268 76.712397 40.149868 77.775897
r187 30.861729 82.159416 31.900629 84.518616
r188 3.677116 97.015725 30.078916 108.694225
r189 10.625712 135.252040 33.427512 148.774340
r190 28.359058 147.190051 30.182458 149.475151
r191 34.886216 152.545520 37.311316 154.263720
r192 39.526867 50.972671 41.500767 52.214371
r193 13.777160 51.779663 38.691560 64.155363
r194 6.269018 68.823064 26.241618 84.260864
r195 8.122362 116.966081 24.398962 135.909481
r196 6.452660 117.326271 23.291660 148.454371
r197 36.101859 146.599070 39.065759 149.129470
r198 44.047733 44.952166 46.424433 46.705366
r199 9.206368 50.318432 44.287168 65.260132
r200 4.405216 69.139807 36.659316 85.390907
r201 8.159310 95.422351 32.918210 116.593251
r202 0.147738 116.908326 31.384138 147.113526
r203 55.832056 141.642563 59.751556 143.556063
r204 52.700607 41.135132 54.596907 45.090132
r205 41.106494 48.748647 43.615194 51.738247
r206 0.920848 54.687931 35.063848 82.321731
r207 2.050050 86.171041 36.588550 113.488441
r208 65.728315 120.422292 67.883415 123.902392
r209 68.419968 127.840467 71.102368 130.636467
r210 61.498069 40.453067 63.720869 43.827267
r211 62.318908 46.967824 64.418308 50.540324
r212 66.295560 66.016182 68.029960 70.340482
r213 70.419816 96.046596 73.366116 98.592196
r214 73.412187 110.745540 75.711287 114.007740
r215 73.540259 114.708378 76.829159 116.988778

[Iter 2900]
r0 127.735884 89.364316 129.747284 90.582916
r1 132.728819 96.814271 135.133319 97.833671
r2 132.673625 104.650376 149.649725 122.813176
r3 133.300185 133.758788 157.373285 146.566988
r4 139.844992 158.671630 141.094092 160.633830
r5 135.945973 166.758210 137.267473 168.612910
r6 131.548648 79.810675 133.937648 80.836575
r7 134.985687 77.782694 157.079387 91.738394
r8 142.304768 97.783949 169.253268 109.225549
r9 141.062706 122.315107 167.028606 134.189607
r10 138.594131 155.264125 164.943231 166.966025
r11 142.431124 170.309831 144.401124 171.554031
r12 128.433072 41.688430 145.143372 60.140130
r13 142.759340 54.284727 162.094040 70.231927
r14 154.620091 77.606308 174.083691 94.354508
r15 157.722154 108.155912 177.029654 125.039512
r16 151.262243 144.240434 177.548443 155.970234
r17 153.205182 166.219734 170.559982 183.986234
r18 137.547514 16.835422 165.167914 27.998622
r19 151.449149 39.957231 172.933049 54.309131
r20 158.075757 65.098308 169.168557 73.273608
r21 159.863219 108.689561 172.970219 120.451761
r22 157.687100 143.440044 187.390000 161.087044
r23 149.910509 164.119252 178.544309 182.425152
r24 150.776743 24.573599 152.619643 25.903599
r25 153.689507 28.050250 180.592707 39.511050
r26 166.942269 55.333070 184.434369 72.960070
r27 154.550542 92.667831 185.731442 109.478331
r28 153.143400 121.397768 187.390000 136.703468
r29 160.801391 158.308432 163.964091 160.679832
r30 151.066138 27.792483 154.281538 29.088283
r31 159.265372 34.370855 161.013272 36.754655
r32 163.717389 35.341346 181.509989 64.801246
r33 163.860299 65.402893 184.739999 90.507093
r34 162.697194 126.490548 165.777194 127.843348
r35 158.662962 149.560847 162.823862 151.363347
r36 113.313863 89.601973 115.402563 90.775373
r37 103.386725 95.263326 122.823825 111.126426
r38 102.672322 111.607248 126.524822 124.533948
r39 99.452467 134.492558 126.617267 145.843058
r40 99.604400 152.439191 117.489900 169.678391
r41 113.530336 170.025346 114.648136 172.217946
r42 104.334089 73.235651 128.188189 86.161451
r43 115.548086 86.712085 141.729286 98.488985
r44 124.897943 101.800366 135.066343 110.718766
r45 116.528041 131.567732 130.791041 137.925832
r46 115.500999 148.623209 135.102299 164.353409
r47 109.971412 171.236497 129.341612 187.154397
r48 102.303041 34.031697 119.361041 52.107297
r49 111.944886 53.992637 124.379086 61.285937
r50 118.801510 68.790337 138.109410 77.447837
r51 124.493682 118.560735 136.052182 133.022535
r52 126.959632 151.778646 141.233532 158.131946
r53 125.873147 168.332586 148.077947 182.218486
r54 103.022318 18.231865 126.023518 31.636965
r55 111.489966 40.931920 125.662266 47.330720
r56 117.686305 56.940649 134.493605 66.886149
r57 126.165698 96.501793 148.162198 109.420493
r58 128.792316 153.770100 140.646016 166.775900
r59 125.350303 165.541911 149.344503 187.387411
r60 122.945366 8.797398 141.639066 25.291398
r61 123.833621 31.256012 151.336821 42.466812
r62 135.701790 66.664120 148.773290 73.601820
r63 136.770901 87.175937 148.464501 100.359837
r64 125.114324 141.484822 160.332124 156.368422
r65 135.399557 157.238771 168.803757 185.483771
r66 145.064926 24.466482 148.231826 25.782182
r67 134.808325 25.883993 165.035325 43.224993
r68 129.006288 50.333614 162.097488 66.173714
r69 127.638178 72.458543 163.532878 87.061443
r70 135.905111 108.693850 152.905411 139.526650
r71 150.914033 146.846079 155.025933 148.670079
r72 94.206755 79.165601 107.106555 103.067801
r73 71.861051 93.107613 94.249451 106.879613
r74 76.756270 114.346813 89.252370 121.604013
r75 73.530316 141.670441 88.522116 147.719541
r76 63.152675 153.307263 88.842775 165.309263
r77 63.062849 168.131569 84.950049 182.218969
r78 71.262349 73.846337 96.374449 86.124637
r79 78.107902 83.400577 86.037402 92.611677
r80 80.374469 106.278664 96.431069 116.689164
r81 81.836790 127.635530 90.146490 147.751430
r82 85.837670 150.804363 92.149570 162.376063
r83 81.652898 172.417959 103.642998 186.439359
r84 84.420658 36.478157 97.547458 42.042257
r85 84.806059 35.804372 95.698859 51.149972
r86 80.328587 49.753977 101.150587 72.472277
r87 85.058466 120.440619 109.828366 135.975819
r88 93.501512 144.754917 105.621612 158.546617
r89 92.708192 165.923346 103.392592 172.759346
r90 90.732610 20.350995 103.544710 30.042295
r91 93.599528 29.113917 104.978028 54.088017
r92 100.743642 58.118748 112.934242 71.830648
r93 94.083762 103.626328 108.011962 124.028528
r94 102.149376 147.287229 120.770076 162.548029
r95 103.948267 161.757704 115.695367 172.327704
r96 99.740233 5.422736 126.319933 25.143236
r97 101.899310 35.514696 114.349110 45.488096
r98 92.127239 61.689953 128.786039 76.806853
r99 104.203079 85.275135 127.283479 109.285435
r100 110.045597 142.005843 123.703597 151.096943
r101 96.607253 160.874424 134.061153 186.065424
r102 135.605633 0.572321 158.793433 41.261921
r103 113.197756 25.915384 134.531656 50.485084
r104 116.083250 49.729711 124.078950 65.258911
r105 111.059999 77.246657 123.924799 86.898357
r106 110.556592 114.382036 133.467792 137.260236
r107 137.550181 128.753750 178.348481 151.879650
r108 50.504294 78.231188 68.600294 95.269988
r109 44.166306 94.923904 71.190406 106.333504
r110 54.282618 116.762870 63.339518 124.827370
r111 55.594170 145.896592 66.994070 152.303592
r112 48.028250 148.501470 77.465350 166.307770
r113 43.798452 169.660900 73.363752 187.390000
r114 50.143361 53.543498 73.150161 66.945298
r115 55.795974 76.912953 65.253774 84.635653
r116 49.904171 107.354370 74.125671 120.812670
r117 52.184903 133.464008 75.292903 147.570808
r118 72.085207 143.666864 79.336607 160.789864
r119 71.764493 171.178975 105.104493 186.900775
r120 64.631119 34.834370 75.465219 41.575970
r121 58.260340 35.715397 79.738440 50.892797
r122 65.684449 58.987831 75.807849 75.499831
r123 67.692140 118.715597 77.010940 136.653197
r124 52.656499 124.413426 84.247899 141.955126
r125 80.573785 160.606547 96.187385 168.559047
r126 70.436645 16.749579 80.912645 28.602079
r127 64.043031 27.355518 90.160531 48.573718
r128 60.582717 73.996888 85.597117 85.356988
r129 65.894795 97.473990 76.559895 124.118690
r130 85.288979 121.489373 102.747579 153.231173
r131 87.505948 150.822548 96.379448 164.815548
r132 63.182177 0.000000 93.273677 31.354400
r133 73.416784 29.920932 83.199584 52.767232
r134 64.450851 50.896703 89.634951 72.901303
r135 76.595444 82.561411 95.424844 111.992411
r136 100.759237 131.481373 117.723437 138.800673
r137 90.903424 136.337667 139.413424 155.787267
r138 95.313769 0.167522 132.290469 25.683622
r139 95.614098 30.202798 134.116198 54.707998
r140 93.314143 53.393714 106.295143 62.959014
r141 96.438673 78.746848 103.628373 96.016948
r142 102.809199 104.511272 145.714099 126.501772
r143 143.995746 96.564907 184.033046 120.130407
r144 42.496019 85.086454 44.236819 86.494354
r145 27.404205 87.755545 40.937905 110.538145
r146 20.325525 114.383417 47.108925 125.895517
r147 23.961679 147.819398 50.839079 159.291198
r148 20.469587 163.041009 43.169787 186.131909
r149 38.059548 168.229583 40.986248 169.653283
r150 43.309252 72.746858 44.781752 74.411358
r151 27.191211 74.449954 47.873311 89.358154
r152 38.759231 102.329982 45.004331 114.025382
r153 38.515648 136.426694 44.962848 147.755594
r154 19.256677 143.046062 50.315477 159.922662
r155 39.178823 163.642150 41.077523 165.836650
r156 32.760731 27.200233 59.534531 38.716433
r157 32.474616 39.145365 53.626516 53.722465
r158 30.233352 61.429058 56.415152 73.879658
r159 31.807855 125.745923 56.894955 138.739823
r160 28.850395 118.673362 52.932995 140.438762
r161 15.763885 156.720949 62.321485 176.986149
r162 39.400206 7.775547 60.308706 32.845047
r163 28.468342 35.000231 64.096942 49.712231
r164 40.814293 59.287944 59.019693 89.727644
r165 39.000575 89.879960 58.704875 118.004060
r166 34.464531 115.961200 59.482131 153.674700
r167 64.590486 138.529844 85.509486 183.632344
r168 56.844540 27.699563 58.864440 31.412563
r169 27.030124 18.746222 63.644124 44.515122
r170 37.015536 48.826762 66.688636 80.623262
r171 38.219101 82.179225 67.604301 114.287225
r172 60.538082 114.181857 105.667282 135.088457
r173 79.886043 134.488859 84.137243 136.253059
r174 66.001510 33.894344 70.081610 35.732544
r175 69.060345 41.751798 72.813445 43.750198
r176 69.078101 52.535109 103.491901 79.951409
r177 69.643336 83.677250 108.951736 107.679750
r178 85.805597 111.753409 89.101397 114.029009
r179 85.032872 114.154126 88.833672 116.127426
r180 38.248166 84.011988 39.353466 86.229488
r181 32.024084 93.870502 34.193384 95.000402
r182 28.161505 111.441163 29.859905 112.884263
r183 29.091922 144.975690 30.611122 146.589090
r184 30.647749 152.733151 32.486449 154.999251
r185 34.231453 156.515588 37.372153 157.842288
r186 37.273615 76.690152 39.578215 77.753652
r187 30.445329 82.157080 31.484229 84.516280
r188 3.299535 97.058604 29.701335 108.737104
r189 10.428197 135.437454 33.229997 148.959754
r190 28.032727 147.315935 29.856127 149.601035
r191 34.589649 152.644324 37.014749 154.362524
r192 39.212862 50.951009 41.186762 52.192709
r193 13.476530 51.803404 38.390930 64.179104
r194 6.132401 68.701407 26.105001 84.139207
r195 7.746377 117.086378 24.022977 136.029778
r196 6.068362 117.345486 22.907362 148.473586
r197 35.949873 146.801936 38.913773 149.332336
r198 43.892185 44.962224 46.268885 46.715424
r199 8.957530 50.481419 44.038330 65.423119
r200 4.188608 69.361612 36.442708 85.612712
r201 7.984785 95.482840 32.743685 116.653740
r202 0.000000 116.978325 31.236400 147.183525
r203 55.849085 142.157662 59.768585 144.071162
r204 52.902367 41.151749 54.798667 45.106749
r205 41.189098 48.804950 43.697798 51.794550
r206 0.425422 54.853058 34.568422 82.486858
r207 1.384485 86.279227 35.922985 113.596627
r208 65.968048 120.303901 68.123148 123.784001
r209 68.727471 128.223349 71.409871 131.019349
r210 61.353479 40.618660 63.576279 43.992860
r211 62.325037 47.049921 64.424437 50.622421
r212 66.688587 66.006703 68.422987 70.331003
r213 70.634722 96.033464 73.581022 98.579064
r214 73.465664 110.743844 75.764764 114.006044
r215 73.512199 114.723244 76.801099 117.003644

[Iter 2950]
r0 127.399049 89.377428 129.410449 90.596028
r1 132.507940 97.018715 134.912440 98.038115
r2 132.737614 104.615331 149.713714 122.778131
r3 133.409666 134.165289 157.482766 146.973489
r4 139.915944 159.036423 141.165044 160.998623
r5 135.992454 167.068407 137.313954 168.923107
r6 131.489281 80.425280 133.878281 81.451180
r7 135.198133 78.661863 157.291833 92.617563
r8 142.845123 98.254072 169.793623 109.695672
r9 140.738359 122.544756 166.704259 134.419256
r10 138.580569 155.688514 164.929669 167.390414
r11 142.528174 170.671732 144.498174 171.915932
r12 128.563611 41.794235 145.273911 60.245935
r13 142.680751 55.431119 162.015451 71.378319
r14 155.113310 77.740488 174.576910 94.488688
r15 157.857378 108.800203 177.164878 125.683803
r16 151.366318 144.677201 177.652518 156.407001
r17 153.513599 166.533757 170.868399 184.300257
r18 137.142493 17.322463 164.762893 28.485663
r19 150.856034 40.268954 172.339934 54.620854
r20 158.340357 65.036314 169.433157 73.211614
r21 159.745653 108.623154 172.852653 120.385354
r22 157.622452 143.615284 187.325352 161.262284
r23 150.001396 164.263975 178.635196 182.569875
r24 150.702709 24.771243 152.545609 26.101243
r25 154.057593 28.432086 180.960793 39.892886
r26 167.006192 54.708135 184.498292 72.335135
r27 154.640674 92.432509 185.821574 109.243009
r28 153.126233 121.602568 187.372833 136.908268
r29 160.821376 158.287485 163.984076 160.658885
r30 151.062188 27.899146 154.277588 29.194946
r31 159.389048 34.565019 161.136948 36.948819
r32 163.917480 35.198866 181.710080 64.658766
r33 164.093942 65.184024 184.973642 90.288224
r34 162.736585 126.507409 165.816585 127.860209
r35 158.686005 149.493519 162.846905 151.296019
r36 113.141869 89.771400 115.230569 90.944800
r37 103.169823 95.460609 122.606923 111.323709
r38 102.840953 111.889450 126.693453 124.816150
r39 99.425670 134.973923 126.590470 146.324423
r40 99.323464 152.990122 117.208964 170.229322
r41 113.271737 170.253941 114.389537 172.446541
r42 104.613189 73.594070 128.467289 86.519870
r43 115.313678 87.031141 141.494878 98.808041
r44 125.055715 102.210078 135.224115 111.128478
r45 116.506360 131.723317 130.769360 138.081417
r46 115.332845 149.087013 134.934145 164.817213
r47 109.867446 171.466542 129.237646 187.384442
r48 102.497088 34.146477 119.555088 52.222077
r49 112.094105 54.288202 124.528305 61.581502
r50 118.843148 69.247421 138.151048 77.904921
r51 124.469906 118.989863 136.028406 133.451663
r52 126.710233 152.225253 140.984133 158.578553
r53 125.901956 168.680627 148.106756 182.566527
r54 103.209363 18.332977 126.210563 31.738077
r55 111.613934 41.305821 125.786234 47.704621
r56 117.740308 57.239341 134.547608 67.184841
r57 126.187686 96.433837 148.184186 109.352537
r58 128.394104 153.835794 140.247804 166.841594
r59 125.445634 165.544500 149.439834 187.390000
r60 122.718911 8.400089 141.412611 24.894089
r61 123.745303 31.214824 151.248503 42.425624
r62 135.362327 66.840887 148.433827 73.778587
r63 136.830096 87.013140 148.523696 100.197040
r64 125.036443 141.386212 160.254243 156.269812
r65 135.216899 155.939089 168.621099 184.184089
r66 144.991879 24.550002 148.158779 25.865702
r67 134.748456 26.144070 164.975456 43.485070
r68 129.045620 50.447084 162.136820 66.287184
r69 127.759286 72.252190 163.653986 86.855090
r70 135.886799 108.733717 152.887099 139.566517
r71 151.075488 146.791086 155.187388 148.615086
r72 93.973929 79.232441 106.873729 103.134641
r73 71.866480 93.015146 94.254880 106.787146
r74 76.909039 114.361325 89.405139 121.618525
r75 73.248838 142.304544 88.240638 148.353644
r76 62.715480 153.563305 88.405580 165.565305
r77 62.701624 168.108133 84.588824 182.195533
r78 71.346246 73.834001 96.458346 86.112301
r79 77.941715 83.409286 85.871215 92.620386
r80 80.388744 106.454950 96.445344 116.865450
r81 81.779618 127.783392 90.089318 147.899292
r82 85.893176 151.320700 92.205076 162.892400
r83 81.212372 172.979839 103.202472 187.001239
r84 84.397740 36.339325 97.524540 41.903425
r85 84.810453 35.710961 95.703253 51.056561
r86 80.486955 49.579860 101.308955 72.298160
r87 85.078859 120.858246 109.848759 136.393446
r88 93.355378 145.266104 105.475478 159.057804
r89 92.469666 166.571716 103.154066 173.407716
r90 90.714723 20.476361 103.526823 30.167661
r91 93.468188 29.052937 104.846688 54.027037
r92 100.686041 58.283800 112.876641 71.995700
r93 94.003309 103.733532 107.931509 124.135732
r94 101.712483 147.687330 120.333183 162.948130
r95 103.779409 162.024485 115.526509 172.594485
r96 99.700426 5.421603 126.280126 25.142103
r97 101.803249 35.696489 114.253049 45.669889
r98 91.521166 61.662761 128.179966 76.779661
r99 104.007072 85.323527 127.087472 109.333827
r100 109.890401 142.320473 123.548401 151.411573
r101 96.433599 159.932808 133.887499 185.123808
r102 134.945033 0.893718 158.132833 41.583318
r103 113.071741 25.917835 134.405641 50.487535
r104 116.395116 49.965757 124.390816 65.494957
r105 111.415875 77.253764 124.280675 86.905464
r106 110.447588 114.436166 133.358788 137.314366
r107 137.237073 127.436934 178.035373 150.562834
r108 50.309995 77.976844 68.405995 95.015644
r109 44.195370 94.778249 71.219470 106.187849
r110 54.169247 116.766392 63.226147 124.830892
r111 55.516047 146.071326 66.915947 152.478326
r112 47.879060 148.546390 77.316160 166.352690
r113 43.743479 169.660900 73.308779 187.390000
r114 50.135437 53.528330 73.142237 66.930130
r115 55.833692 77.085852 65.291492 84.808552
r116 49.861081 107.508221 74.082581 120.966521
r117 52.162462 133.445347 75.270462 147.552147
r118 72.195678 143.719759 79.447078 160.842759
r119 71.504625 171.378861 104.844625 187.100661
r120 64.544713 34.778860 75.378813 41.520460
r121 58.296688 35.629377 79.774788 50.806777
r122 65.798458 58.889280 75.921858 75.401280
r123 67.779189 118.890746 77.097989 136.828346
r124 52.587792 124.527110 84.179192 142.068810
r125 80.231261 160.987365 95.844861 168.939865
r126 70.279157 16.572285 80.755157 28.424785
r127 63.759258 27.273728 89.876758 48.491928
r128 60.432267 73.866010 85.446667 85.226110
r129 65.719643 97.385861 76.384743 124.030561
r130 85.002195 121.403943 102.460795 153.145743
r131 87.409702 151.067662 96.283202 165.060662
r132 63.480551 0.000000 93.572051 31.354400
r133 73.335625 30.082586 83.118425 52.928886
r134 64.643143 50.883964 89.827243 72.888564
r135 76.593585 82.631549 95.422985 112.062549
r136 100.924659 131.975491 117.888859 139.294791
r137 90.974328 136.352930 139.484328 155.802530
r138 94.975036 0.000000 131.951736 25.516100
r139 94.787811 29.899114 133.289911 54.404314
r140 94.085596 52.787426 107.066596 62.352726
r141 96.556365 78.949834 103.746065 96.219934
r142 103.926886 103.977044 146.831786 125.967544
r143 146.014129 99.169998 186.051429 122.735498
r144 42.281341 85.086155 44.022141 86.494055
r145 27.407421 88.003478 40.941121 110.786078
r146 20.112139 114.476137 46.895539 125.988237
r147 23.766294 147.853400 50.643694 159.325200
r148 20.405191 163.086394 43.105391 186.177294
r149 37.754984 168.329863 40.681684 169.753563
r150 43.076023 72.659175 44.548523 74.323675
r151 27.052922 74.497449 47.735022 89.405649
r152 38.630997 102.168810 44.876097 113.864210
r153 38.294796 136.611235 44.741996 147.940135
r154 18.939731 143.194114 49.998531 160.070714
r155 38.944313 163.912764 40.843013 166.107264
r156 32.685167 26.833944 59.458967 38.350144
r157 32.516978 38.946235 53.668878 53.523335
r158 30.234946 61.299409 56.416746 73.750009
r159 31.599704 125.723642 56.686804 138.717542
r160 28.502447 118.861580 52.585047 140.626980
r161 16.245853 156.982644 62.803453 177.247844
r162 39.193878 7.784450 60.102378 32.853950
r163 28.238903 34.947935 63.867503 49.659935
r164 40.786344 59.086628 58.991744 89.526328
r165 38.866747 89.962590 58.571047 118.086690
r166 34.428556 116.693932 59.446156 154.407432
r167 65.056983 139.035891 85.975983 184.138391
r168 56.783366 27.771574 58.803266 31.484574
r169 26.781597 18.565036 63.395597 44.333936
r170 36.790027 49.052208 66.463127 80.848708
r171 37.819565 82.615519 67.204765 114.723519
r172 61.247084 114.468428 106.376284 135.375028
r173 79.439345 134.873993 83.690545 136.638193
r174 65.998215 33.913878 70.078315 35.752078
r175 69.115290 41.694950 72.868390 43.693350
r176 69.106947 52.260014 103.520747 79.676314
r177 69.180080 83.709471 108.488480 107.711971
r178 85.445406 111.728696 88.741206 114.004296
r179 84.741098 114.365383 88.541898 116.338683
r180 38.232321 83.953240 39.337621 86.170740
r181 31.860913 93.873863 34.030213 95.003763
r182 27.936067 111.440237 29.634467 112.883337
r183 28.852031 144.987908 30.371231 146.601308
r184 30.357863 152.741822 32.196563 155.007922
r185 33.895996 156.474927 37.036696 157.801627
r186 37.013934 76.604877 39.318534 77.668377
r187 30.233997 82.159219 31.272897 84.518419
r188 3.153308 96.912348 29.555108 108.590848
r189 10.236688 135.498209 33.038488 149.020509
r190 27.806737 147.335181 29.630137 149.620281
r191 34.240250 152.647785 36.665350 154.365985
r192 38.975127 50.899772 40.949027 52.141472
r193 13.242892 51.837095 38.157292 64.212795
r194 6.208035 68.628716 26.180635 84.066516
r195 7.460755 117.174567 23.737355 136.117967
r196 5.730507 117.364958 22.569507 148.493058
r197 35.517336 147.060879 38.481236 149.591279
r198 43.693148 44.920904 46.069848 46.674104
r199 8.843429 50.527833 43.924229 65.469533
r200 4.020074 69.400559 36.274174 85.651659
r201 7.863799 95.486431 32.622699 116.657331
r202 0.699754 116.979592 31.936154 147.184792
r203 55.824790 142.584260 59.744290 144.497760
r204 52.779849 41.166556 54.676149 45.121556
r205 41.037150 48.877619 43.545850 51.867219
r206 0.744297 54.722188 34.887297 82.355988
r207 1.165987 86.203137 35.704487 113.520537
r208 65.899084 120.306156 68.054184 123.786256
r209 68.591457 128.556871 71.273857 131.352871
r210 61.345328 40.665588 63.568128 44.039788
r211 62.408969 47.031623 64.508369 50.604123
r212 66.937476 66.013421 68.671876 70.337721
r213 70.874157 96.204950 73.820457 98.750550
r214 73.501287 110.793428 75.800387 114.055628
r215 73.634892 114.680438 76.923792 116.960838

[Iter 3000]
r0 127.281996 89.461683 129.293396 90.680283
r1 132.420857 97.320944 134.825357 98.340344
r2 132.866296 104.624753 149.842396 122.787553
r3 133.531766 134.320223 157.604866 147.128423
r4 139.960838 159.228597 141.209938 161.190797
r5 135.970858 167.163405 137.292358 169.018105
r6 131.537500 80.775019 133.926500 81.800919
r7 135.350273 79.078443 157.443973 93.034143
r8 143.215458 98.437209 170.163958 109.878809
r9 140.671417 122.556252 166.637317 134.430752
r10 138.514931 155.819354 164.864031 167.521254
r11 142.477203 170.757993 144.447203 172.002193
r12 128.631502 41.835983 145.341802 60.287683
r13 142.612475 56.009953 161.947175 71.957153
r14 155.417326 77.764467 174.880926 94.512667
r15 158.090400 108.939691 177.397900 125.823291
r16 151.554825 144.755949 177.841025 156.485749
r17 153.731839 166.587712 171.086639 184.354212
r18 136.818805 17.439712 164.439205 28.602912
r19 150.676624 40.432509 172.160524 54.784409
r20 158.763683 65.028565 169.856483 73.203865
r21 159.942185 108.553237 173.049185 120.315437
r22 157.687100 143.710828 187.390000 161.357828
r23 150.082748 164.356934 178.716548 182.662834
r24 150.525108 24.845754 152.368008 26.175754
r25 154.196770 28.572532 181.099970 40.033332
r26 167.102476 54.294201 184.594576 71.921201
r27 154.640028 92.191393 185.820928 109.001893
r28 153.143400 121.565749 187.390000 136.871449
r29 160.814184 158.355449 163.976884 160.726849
r30 150.993579 27.999180 154.208979 29.294980
r31 159.438349 34.691013 161.186249 37.074813
r32 164.107460 34.835531 181.900060 64.295431
r33 164.366876 64.838294 185.246576 89.942494
r34 162.730375 126.570081 165.810375 127.922881
r35 158.761630 149.503563 162.922530 151.306063
r36 113.040642 89.844582 115.129342 91.017982
r37 103.025602 95.587710 122.462702 111.450810
r38 102.967990 112.033944 126.820490 124.960644
r39 99.454178 135.104062 126.618978 146.454562
r40 98.986551 153.145583 116.872051 170.384783
r41 112.981605 170.425317 114.099405 172.617917
r42 104.654614 73.677977 128.508714 86.603777
r43 115.335914 87.221768 141.517114 98.998668
r44 125.229415 102.307355 135.397815 111.225755
r45 116.542591 131.925259 130.805591 138.283359
r46 115.164151 149.170152 134.765451 164.900352
r47 109.688398 171.472100 129.058598 187.390000
r48 102.511945 34.169997 119.569945 52.245597
r49 112.020721 54.665284 124.454921 61.958584
r50 118.836709 69.399309 138.144609 78.056809
r51 124.444053 119.133253 136.002553 133.595053
r52 126.429272 152.407554 140.703172 158.760854
r53 125.906655 168.795252 148.111455 182.681152
r54 103.345927 18.378803 126.347127 31.783903
r55 111.767827 41.570138 125.940127 47.968938
r56 117.719192 57.201294 134.526492 67.146794
r57 126.263970 96.379436 148.260470 109.298136
r58 127.891501 153.871738 139.745201 166.877538
r59 125.479582 165.544500 149.473782 187.390000
r60 122.545513 7.977639 141.239213 24.471639
r61 123.651837 31.123324 151.155037 42.334124
r62 135.270184 67.077495 148.341684 74.015195
r63 136.728165 86.920397 148.421765 100.104297
r64 124.986240 141.487911 160.204040 156.371511
r65 135.169359 156.031534 168.573559 184.276534
r66 144.978180 24.501828 148.145080 25.817528
r67 134.717839 26.224726 164.944839 43.565726
r68 129.131764 50.630565 162.222964 66.470665
r69 127.844559 72.090479 163.739259 86.693379
r70 135.852529 108.613777 152.852829 139.446577
r71 150.701706 147.201460 154.813606 149.025460
r72 93.912133 79.224399 106.811933 103.126599
r73 71.706320 93.044309 94.094720 106.816309
r74 76.963024 114.403885 89.459124 121.661085
r75 73.063285 142.566999 88.055085 148.616099
r76 62.335897 153.752938 88.025997 165.754938
r77 62.295814 168.247677 84.183014 182.335077
r78 71.325400 73.872879 96.437500 86.151179
r79 77.773703 83.247121 85.703203 92.458221
r80 80.454251 106.558616 96.510851 116.969116
r81 81.765779 127.897397 90.075479 148.013297
r82 85.761162 151.690076 92.073062 163.261776
r83 80.896137 173.214484 102.886237 187.235884
r84 84.387950 36.301725 97.514750 41.865825
r85 84.857688 35.552623 95.750488 50.898223
r86 80.409093 49.471500 101.231093 72.189800
r87 85.086756 121.003743 109.856656 136.538943
r88 93.128842 145.410869 105.248942 159.202569
r89 92.174754 166.826459 102.859154 173.662459
r90 90.699245 20.372099 103.511345 30.063399
r91 93.267433 28.958313 104.645933 53.932413
r92 100.589759 58.351119 112.780359 72.063019
r93 93.964659 103.943299 107.892859 124.345499
r94 101.439624 148.084650 120.060324 163.345450
r95 103.549105 162.318360 115.296205 172.888360
r96 99.662113 5.249446 126.241813 24.969946
r97 101.741434 35.634714 114.191234 45.608114
r98 91.055007 61.713435 127.713807 76.830335
r99 104.048380 85.337551 127.128780 109.347851
r100 109.978708 142.388595 123.636708 151.479695
r101 96.263683 162.199000 133.717583 187.390000
r102 134.749802 0.872383 157.937602 41.561983
r103 112.931625 25.885848 134.265525 50.455548
r104 116.883775 50.114418 124.879475 65.643618
r105 111.721912 77.153172 124.586712 86.804872
r106 110.425892 114.369438 133.337092 137.247638
r107 137.507127 126.854230 178.305427 149.980130
r108 50.078799 77.853907 68.174799 94.892707
r109 44.214103 94.749906 71.238203 106.159506
r110 53.892902 116.614827 62.949802 124.679327
r111 55.337238 146.234071 66.737138 152.641071
r112 47.678602 148.439338 77.115702 166.245638
r113 43.489244 169.660900 73.054544 187.390000
r114 50.082284 53.408074 73.089084 66.809874
r115 55.808206 77.021536 65.266006 84.744236
r116 49.810403 107.693765 74.031903 121.152065
r117 52.102506 133.557451 75.210506 147.664251
r118 72.178531 143.891257 79.429931 161.014257
r119 71.335613 171.668200 104.675613 187.390000
r120 64.468167 34.556627 75.302267 41.298227
r121 58.216097 35.499068 79.694197 50.676468
r122 65.827035 58.756227 75.950435 75.268227
r123 67.834715 118.990209 77.153515 136.927809
r124 52.369787 124.578782 83.961187 142.120482
r125 80.016048 161.162331 95.629648 169.114831
r126 70.159490 16.455454 80.635490 28.307954
r127 63.682888 27.265149 89.800388 48.483349
r128 60.130288 73.952220 85.144688 85.312320
r129 65.598326 97.391562 76.263426 124.036262
r130 84.965439 121.564088 102.424039 153.305888
r131 87.017075 151.313643 95.890575 165.306643
r132 63.353431 0.000000 93.444931 31.354400
r133 73.523624 30.044324 83.306424 52.890624
r134 64.998544 50.876164 90.182644 72.880764
r135 76.636348 82.680329 95.465748 112.111329
r136 101.077203 132.279362 118.041403 139.598662
r137 91.136435 136.070645 139.646435 155.520245
r138 95.051098 0.000000 132.027798 25.516100
r139 94.587421 29.510006 133.089521 54.015206
r140 95.191167 52.218016 108.172167 61.783316
r141 96.770072 78.896479 103.959772 96.166579
r142 103.596248 104.936289 146.501148 126.926789
r143 145.175656 97.401454 185.212956 120.966954
r144 42.223218 85.079970 43.964018 86.487870
r145 27.301714 88.180400 40.835414 110.963000
r146 19.955458 114.544218 46.738858 126.056318
r147 23.616880 148.048466 50.494280 159.520266
r148 20.096410 163.449189 42.796610 186.540089
r149 37.608678 168.574477 40.535378 169.998177
r150 43.000766 72.634758 44.473266 74.299258
r151 26.910153 74.453400 47.592253 89.361600
r152 38.674951 102.001072 44.920051 113.696472
r153 38.149713 136.657713 44.596913 147.986613
r154 18.528481 143.293289 49.587281 160.169889
r155 38.885570 164.073015 40.784270 166.267515
r156 32.650248 26.500762 59.424048 38.016962
r157 32.563211 38.761050 53.715111 53.338150
r158 30.140128 61.087342 56.321928 73.537942
r159 31.386209 125.911348 56.473309 138.905248
r160 28.173548 118.909025 52.256148 140.674425
r161 15.938409 157.667191 62.496009 177.932391
r162 39.004430 7.663991 59.912930 32.733491
r163 28.197638 34.961376 63.826238 49.673376
r164 40.810538 58.999541 59.015938 89.439241
r165 38.889747 90.116605 58.594047 118.240705
r166 34.523653 116.838511 59.541253 154.552011
r167 65.055252 140.648361 85.974252 185.750861
r168 56.843367 27.723985 58.863267 31.436985
r169 26.882939 19.373497 63.496939 45.142397
r170 36.776687 48.702351 66.449787 80.498851
r171 37.846678 82.506723 67.231878 114.614723
r172 60.608311 113.853651 105.737511 134.760251
r173 79.461387 134.846006 83.712587 136.610206
r174 66.013711 33.941149 70.093811 35.779349
r175 69.190917 41.692598 72.944017 43.690998
r176 69.228796 52.411224 103.642596 79.827524
r177 69.554628 83.481848 108.863028 107.484348
r178 85.543260 111.820626 88.839060 114.096226
r179 84.492444 113.957279 88.293244 115.930579
r180 38.225685 83.916349 39.330985 86.133849
r181 31.805137 93.880697 33.974437 95.010597
r182 27.826350 111.443726 29.524750 112.886826
r183 28.745008 145.070275 30.264208 146.683675
r184 30.222926 152.731347 32.061626 154.997447
r185 33.792066 156.661225 36.932766 157.987925
r186 36.894521 76.608814 39.199121 77.672314
r187 30.088398 82.149175 31.127298 84.508375
r188 2.985917 96.845784 29.387717 108.524284
r189 10.107394 135.560095 32.909194 149.082395
r190 27.639120 147.510757 29.462520 149.795857
r191 34.176979 153.008898 36.602079 154.727098
r192 38.913981 50.857229 40.887881 52.098929
r193 13.007292 51.827841 37.921692 64.203541
r194 6.100384 68.745593 26.072984 84.183393
r195 7.223357 117.205156 23.499957 136.148556
r196 5.362442 117.315423 22.201442 148.443523
r197 35.528587 147.753793 38.492487 150.284193
r198 43.623383 44.910258 46.000083 46.663458
r199 8.689300 50.585510 43.770100 65.527210
r200 3.985280 69.458570 36.239380 85.709670
r201 7.816389 95.483864 32.575289 116.654764
r202 0.000000 117.187112 31.236400 147.392312
r203 55.847102 143.531556 59.766602 145.445056
r204 52.829987 41.193604 54.726287 45.148604
r205 41.158354 48.893416 43.667054 51.883016
r206 0.563503 54.902514 34.706503 82.536314
r207 1.148700 86.406522 35.687200 113.723922
r208 66.297700 120.535923 68.452800 124.016023
r209 68.688982 128.530066 71.371382 131.326066
r210 61.507283 40.687238 63.730083 44.061438
r211 62.584280 47.091778 64.683680 50.664278
r212 67.091101 66.215640 68.825501 70.539940
r213 71.117191 96.274545 74.063491 98.820145
r214 73.559267 110.791118 75.858367 114.053318
r215 73.535069 114.716703 76.823969 116.997103

[Iter 3050]
r0 127.326870 89.519286 129.338270 90.737886
r1 132.479103 97.391181 134.883603 98.410581
r2 132.815798 104.634392 149.791898 122.797192
r3 133.427017 134.342761 157.500117 147.150961
r4 139.975577 159.293103 141.224677 161.255303
r5 136.019415 167.276213 137.340915 169.130913
r6 131.556398 80.769284 133.945398 81.795184
r7 135.202742 79.124906 157.296442 93.080606
r8 143.109774 98.460318 170.058274 109.901918
r9 140.595256 122.603978 166.561156 134.478478
r10 138.403028 155.766859 164.752128 167.468759
r11 142.565732 170.791000 144.535732 172.035200
r12 128.625053 41.781522 145.335353 60.233222
r13 142.536378 56.096941 161.871078 72.044141
r14 155.187076 77.713625 174.650676 94.461825
r15 157.978105 109.029042 177.285605 125.912642
r16 151.578509 144.740292 177.864709 156.470092
r17 153.720615 166.459735 171.075415 184.226235
r18 136.605125 17.494215 164.225525 28.657415
r19 150.594029 40.408161 172.077929 54.760061
r20 158.819393 64.979426 169.912193 73.154726
r21 159.935024 108.523272 173.042024 120.285472
r22 157.687100 143.583650 187.390000 161.230650
r23 150.187108 164.259101 178.820908 182.565001
r24 150.393459 24.708504 152.236359 26.038504
r25 154.060853 28.572234 180.964053 40.033034
r26 166.956364 54.140582 184.448464 71.767582
r27 154.443711 92.143304 185.624611 108.953804
r28 153.143400 121.519531 187.390000 136.825231
r29 161.182036 157.796130 164.344736 160.167530
r30 150.927301 27.835362 154.142701 29.131162
r31 159.391735 34.569460 161.139635 36.953260
r32 164.009455 34.738942 181.802055 64.198842
r33 164.161543 64.780574 185.041243 89.884774
r34 162.757999 126.457123 165.837999 127.809923
r35 158.796099 149.511515 162.956999 151.314015
r36 113.068732 89.909367 115.157432 91.082767
r37 103.097800 95.620624 122.534900 111.483724
r38 102.933879 112.024882 126.786379 124.951582
r39 99.297583 135.102514 126.462383 146.453014
r40 99.021884 153.134246 116.907384 170.373446
r41 112.896849 170.528002 114.014649 172.720602
r42 104.669208 73.724525 128.523308 86.650325
r43 115.197000 87.243001 141.378200 99.019901
r44 125.165255 102.418513 135.333655 111.336913
r45 116.508784 131.971477 130.771784 138.329577
r46 115.088230 149.182251 134.689530 164.912451
r47 109.699565 171.472100 129.069765 187.390000
r48 102.464352 34.256736 119.522352 52.332336
r49 112.117573 54.792554 124.551773 62.085854
r50 118.796197 69.428123 138.104097 78.085623
r51 124.439934 119.223961 135.998434 133.685761
r52 126.351458 152.371562 140.625358 158.724862
r53 125.855498 168.751243 148.060298 182.637143
r54 103.399745 18.457094 126.400945 31.862194
r55 111.597351 41.595137 125.769651 47.993937
r56 117.698564 57.261928 134.505864 67.207428
r57 126.159670 96.464711 148.156170 109.383411
r58 127.920248 153.847352 139.773948 166.853152
r59 125.583876 165.524403 149.578076 187.369903
r60 122.448664 7.958539 141.142364 24.452539
r61 123.525199 31.148022 151.028399 42.358822
r62 135.165356 66.970557 148.236856 73.908257
r63 136.731300 86.974898 148.424900 100.158798
r64 125.030146 141.434086 160.247946 156.317686
r65 135.237602 155.532999 168.641802 183.777999
r66 144.973489 24.346064 148.140389 25.661764
r67 134.611484 26.137880 164.838484 43.478880
r68 129.071074 50.538388 162.162274 66.378488
r69 127.854620 72.098580 163.749320 86.701480
r70 135.823791 108.736364 152.824091 139.569164
r71 150.934692 146.743895 155.046592 148.567895
r72 93.911922 79.253779 106.811722 103.155979
r73 71.826571 93.133204 94.214971 106.905204
r74 76.827187 114.396009 89.323287 121.653209
r75 73.079154 142.309429 88.070954 148.358529
r76 62.381625 153.671688 88.071725 165.673688
r77 62.182491 168.260984 84.069691 182.348384
r78 71.223429 73.891557 96.335529 86.169857
r79 77.835883 83.271349 85.765383 92.482449
r80 80.480210 106.637372 96.536810 117.047872
r81 81.678546 127.932491 89.988246 148.048391
r82 85.682951 151.632075 91.994851 163.203775
r83 80.779655 173.024028 102.769755 187.045428
r84 84.311319 36.374172 97.438119 41.938272
r85 84.811739 35.685775 95.704539 51.031375
r86 80.369885 49.542520 101.191885 72.260820
r87 85.022302 120.962907 109.792202 136.498107
r88 93.104283 145.361352 105.224383 159.153052
r89 92.137064 166.777157 102.821464 173.613157
r90 90.622956 20.355042 103.435056 30.046342
r91 93.206062 28.972157 104.584562 53.946257
r92 100.580355 58.441708 112.770955 72.153608
r93 93.992463 103.908564 107.920663 124.310764
r94 101.384373 147.767618 120.005073 163.028418
r95 103.496231 162.256852 115.243331 172.826852
r96 99.545507 5.310370 126.125207 25.030870
r97 101.717327 35.549697 114.167127 45.523097
r98 91.078047 61.670061 127.736847 76.786961
r99 104.025525 85.261924 127.105925 109.272224
r100 109.955952 142.342017 123.613952 151.433117
r101 96.473170 160.609692 133.927070 185.800692
r102 135.068947 0.521625 158.256747 41.211225
r103 112.883056 25.833917 134.216956 50.403617
r104 116.789787 50.099458 124.785487 65.628658
r105 111.735046 77.169810 124.599846 86.821510
r106 110.363971 114.428669 133.275171 137.306869
r107 137.015169 127.360045 177.813469 150.485945
r108 50.142876 77.931319 68.238876 94.970119
r109 44.433998 94.794957 71.458098 106.204557
r110 53.781456 116.569264 62.838356 124.633764
r111 55.151334 146.163637 66.551234 152.570637
r112 47.476909 148.537156 76.914009 166.343456
r113 43.389315 169.660900 72.954615 187.390000
r114 50.044753 53.492946 73.051553 66.894746
r115 55.824271 77.032215 65.282071 84.754915
r116 49.777881 107.737036 73.999381 121.195336
r117 51.940242 133.580379 75.048242 147.687179
r118 71.913714 143.717779 79.165114 160.840779
r119 71.141358 171.548483 104.481358 187.270283
r120 64.325824 34.519347 75.159924 41.260947
r121 58.204714 35.546599 79.682814 50.723999
r122 65.733264 58.806399 75.856664 75.318399
r123 67.714296 119.040263 77.033096 136.977863
r124 52.382701 124.605710 83.974101 142.147410
r125 79.640817 161.061958 95.254417 169.014458
r126 70.033765 16.522062 80.509765 28.374562
r127 63.574097 27.357121 89.691597 48.575321
r128 60.140599 73.913373 85.154999 85.273473
r129 65.707543 97.422280 76.372643 124.066980
r130 84.891795 121.632788 102.350395 153.374588
r131 86.805371 151.269237 95.678871 165.262237
r132 63.409549 0.158575 93.501049 31.512975
r133 73.212717 30.926912 82.995517 53.773212
r134 64.988403 50.961812 90.172503 72.966412
r135 76.618744 82.628965 95.448144 112.059965
r136 100.876036 132.124579 117.840236 139.443879
r137 90.798486 136.472748 139.308486 155.922348
r138 95.257642 1.277554 132.234342 26.793654
r139 95.510814 30.823837 134.012914 55.329037
r140 95.162113 52.278220 108.143113 61.843520
r141 96.781763 79.061069 103.971463 96.331169
r142 103.026171 104.274767 145.931071 126.265267
r143 144.162923 99.029477 184.200223 122.594977
r144 42.143754 85.088552 43.884554 86.496452
r145 27.412664 88.079037 40.946364 110.861637
r146 19.907452 114.464193 46.690852 125.976293
r147 23.343775 147.943835 50.221175 159.415635
r148 19.992049 163.334973 42.692249 186.425873
r149 37.276277 168.775144 40.202977 170.198844
r150 42.902520 72.646140 44.375020 74.310640
r151 27.094368 74.492599 47.776468 89.400799
r152 38.554833 101.655517 44.799933 113.350917
r153 37.986714 136.536146 44.433914 147.865046
r154 18.408966 143.354735 49.467766 160.231335
r155 38.513088 164.243188 40.411788 166.437688
r156 32.613301 26.607403 59.387101 38.123603
r157 32.512721 38.824795 53.664621 53.401895
r158 30.030749 61.146214 56.212549 73.596814
r159 31.304222 125.862560 56.391322 138.856460
r160 28.254835 119.064549 52.337435 140.829949
r161 15.568978 157.982073 62.126578 178.247273
r162 38.959542 7.788831 59.868042 32.858331
r163 28.187587 35.050924 63.816187 49.762924
r164 40.689735 59.194608 58.895135 89.634308
r165 38.686339 90.112761 58.390639 118.236861
r166 34.338154 117.035969 59.355754 154.749469
r167 64.449452 138.962817 85.368452 184.065317
r168 56.875715 27.810005 58.895615 31.523005
r169 26.805832 19.328482 63.419832 45.097382
r170 36.665238 48.158657 66.338338 79.955157
r171 37.643670 82.529637 67.028870 114.637637
r172 60.717413 114.653631 105.846613 135.560231
r173 79.116780 134.896769 83.367980 136.660969
r174 66.025616 33.986467 70.105716 35.824667
r175 69.200164 41.764303 72.953264 43.762703
r176 69.296078 53.163701 103.709878 80.580001
r177 68.883626 83.785641 108.192026 107.788141
r178 85.286569 111.751808 88.582369 114.027408
r179 84.244523 114.359665 88.045323 116.332965
r180 38.231273 83.937337 39.336573 86.154837
r181 31.709819 93.893325 33.879119 95.023225
r182 27.614226 111.438572 29.312626 112.881672
r183 28.474071 145.075771 29.993271 146.689171
r184 29.955168 152.742396 31.793868 155.008496
r185 33.441424 156.890106 36.582124 158.216806
r186 36.802489 76.591702 39.107089 77.655202
r187 29.996901 82.158532 31.035801 84.517732
r188 3.007490 96.886043 29.409290 108.564543
r189 9.936965 135.467885 32.738765 148.990185
r190 27.348613 147.585281 29.172013 149.870381
r191 33.860609 153.280209 36.285709 154.998409
r192 38.782936 50.830446 40.756836 52.072146
r193 13.007612 51.779603 37.922012 64.155303
r194 6.199657 68.876881 26.172257 84.314681
r195 7.155422 117.052032 23.432022 135.995432
r196 5.420231 117.294426 22.259231 148.422526
r197 35.221104 147.908460 38.185004 150.438860
r198 43.497328 44.918924 45.874028 46.672124
r199 8.652445 50.595134 43.733245 65.536834
r200 3.950161 69.469893 36.204261 85.720993
r201 7.705275 95.466873 32.464175 116.637773
r202 0.000000 117.263194 31.236400 147.468394
r203 55.806294 143.399049 59.725794 145.312549
r204 52.831406 41.168458 54.727706 45.123458
r205 40.963715 48.938038 43.472415 51.927638
r206 0.296980 55.064971 34.439980 82.698771
r207 0.837445 86.561089 35.375945 113.878489
r208 65.932339 120.765112 68.087439 124.245212
r209 68.196513 128.707038 70.878913 131.503038
r210 61.461591 40.712555 63.684391 44.086755
r211 62.526339 47.100140 64.625739 50.672640
r212 67.005034 66.347575 68.739434 70.671875
r213 70.904737 96.428602 73.851037 98.974202
r214 73.532320 110.839845 75.831420 114.102045
r215 73.588230 114.673210 76.877130 116.953610

[Iter 3100]
r0 127.350041 89.555098 129.361441 90.773698
r1 132.502988 97.410087 134.907488 98.429487
r2 133.013230 104.644000 149.989330 122.806800
r3 133.592853 134.348555 157.665953 147.156755
r4 140.013269 159.351711 141.262369 161.313911
r5 136.015747 167.331553 137.337247 169.186253
r6 131.550195 80.767620 133.939195 81.793520
r7 135.475955 78.989368 157.569655 92.945068
r8 143.369182 98.379958 170.317682 109.821558
r9 140.666660 122.490138 166.632560 134.364638
r10 138.547742 155.850005 164.896842 167.551905
r11 142.579548 170.795252 144.549548 172.039452
r12 128.624072 41.787925 145.334372 60.239625
r13 142.722206 55.995430 162.056906 71.942630
r14 155.697483 77.726801 175.161083 94.475001
r15 158.241400 108.946634 177.548900 125.830234
r16 151.710952 144.725892 177.997152 156.455692
r17 154.007124 166.466456 171.361924 184.232956
r18 136.580206 17.255126 164.200606 28.418326
r19 150.618635 40.341032 172.102535 54.692932
r20 158.790706 64.925653 169.883506 73.100953
r21 159.923037 108.402850 173.030037 120.165050
r22 157.647302 143.542487 187.350202 161.189487
r23 150.347304 164.276566 178.981104 182.582466
r24 150.300378 24.617427 152.143278 25.947427
r25 154.136370 28.398487 181.039570 39.859287
r26 167.170067 54.140749 184.662167 71.767749
r27 154.434299 91.791080 185.615199 108.601580
r28 153.143400 121.473732 187.390000 136.779432
r29 161.132792 157.896990 164.295492 160.268390
r30 150.835209 27.791515 154.050609 29.087315
r31 159.363051 34.460520 161.110951 36.844320
r32 164.174829 34.356360 181.967429 63.816260
r33 164.428937 64.395267 185.308637 89.499467
r34 162.793598 126.361026 165.873598 127.713826
r35 158.806045 149.535842 162.966945 151.338342
r36 113.077885 89.876802 115.166585 91.050202
r37 103.077934 95.591021 122.515034 111.454121
r38 103.152199 112.086490 127.004699 125.013190
r39 99.216123 135.207395 126.380923 146.557895
r40 98.926059 153.371296 116.811559 170.610496
r41 112.876122 170.624090 113.993922 172.816690
r42 104.706409 73.713614 128.560509 86.639414
r43 115.450734 87.222963 141.631934 98.999863
r44 125.338163 102.488792 135.506563 111.407192
r45 116.426334 132.114198 130.689334 138.472298
r46 115.076319 149.118592 134.677619 164.848792
r47 109.609028 171.472100 128.979228 187.390000
r48 102.491046 33.969701 119.549046 52.045301
r49 111.844726 54.855425 124.278926 62.148725
r50 118.856441 69.330620 138.164341 77.988120
r51 124.404504 119.394113 135.963004 133.855913
r52 126.353610 152.474599 140.627510 158.827899
r53 125.885640 168.715606 148.090440 182.601506
r54 103.297608 18.290033 126.298808 31.695133
r55 111.655038 41.520544 125.827338 47.919344
r56 117.714488 57.074750 134.521788 67.020250
r57 126.241902 96.156674 148.238402 109.075374
r58 127.584021 153.889360 139.437721 166.895160
r59 125.710371 165.525905 149.704571 187.371405
r60 122.368518 7.704746 141.062218 24.198746
r61 123.602406 30.981201 151.105606 42.192001
r62 135.289093 66.983720 148.360593 73.921420
r63 136.729848 86.649978 148.423448 99.833878
r64 124.949259 141.346627 160.167059 156.230227
r65 135.273133 155.710348 168.677333 183.955348
r66 144.826497 24.382640 147.993397 25.698340
r67 134.626715 26.060225 164.853715 43.401225
r68 129.116826 50.483323 162.208026 66.323423
r69 127.828136 71.722133 163.722836 86.325033
r70 135.832783 108.593651 152.833083 139.426451
r71 151.010806 147.306825 155.122706 149.130825
r72 93.929256 79.155036 106.829056 103.057236
r73 71.717372 93.065143 94.105772 106.837143
r74 76.697973 114.428501 89.194073 121.685701
r75 72.980572 142.453923 87.972372 148.503023
r76 62.146359 153.828831 87.836459 165.830831
r77 61.871374 168.369103 83.758574 182.456503
r78 71.231277 73.815179 96.343377 86.093479
r79 77.778596 83.220901 85.708096 92.432001
r80 80.490299 106.601288 96.546899 117.011788
r81 81.583781 128.013019 89.893481 148.128919
r82 85.479701 151.687324 91.791601 163.259024
r83 80.543649 173.270241 102.533749 187.291641
r84 84.312268 36.117926 97.439068 41.682026
r85 84.772348 35.421775 95.665148 50.767375
r86 80.373783 49.365115 101.195783 72.083415
r87 84.963025 120.959025 109.732925 136.494225
r88 93.080789 145.372177 105.200889 159.163877
r89 91.904318 166.886165 102.588718 173.722165
r90 90.499191 20.189410 103.311291 29.880710
r91 93.077988 28.777885 104.456488 53.751985
r92 100.617290 58.253122 112.807890 71.965022
r93 93.824839 103.891867 107.753039 124.294067
r94 101.133263 148.169606 119.753963 163.430406
r95 103.289249 162.466773 115.036349 173.036773
r96 99.486146 5.100153 126.065846 24.820653
r97 101.569023 35.478943 114.018823 45.452343
r98 90.788654 61.539361 127.447454 76.656261
r99 103.971798 85.160119 127.052198 109.170419
r100 109.937175 142.471262 123.595175 151.562362
r101 96.562276 161.457402 134.016176 186.648402
r102 134.729081 0.537799 157.916881 41.227399
r103 112.778207 25.682852 134.112107 50.252552
r104 116.866705 49.973291 124.862405 65.502491
r105 111.756357 76.987996 124.621157 86.639696
r106 110.387811 114.319680 133.299011 137.197880
r107 137.551121 126.880939 178.349421 150.006839
r108 49.969760 77.751225 68.065760 94.790025
r109 44.420749 94.804599 71.444849 106.214199
r110 53.481138 116.694891 62.538038 124.759391
r111 54.968156 146.345165 66.368056 152.752165
r112 47.155760 148.554447 76.592860 166.360747
r113 43.273751 169.660900 72.839051 187.390000
r114 49.999932 53.287898 73.006732 66.689698
r115 55.792948 76.998753 65.250748 84.721453
r116 49.635325 107.914830 73.856825 121.373130
r117 51.751571 133.741797 74.859571 147.848597
r118 71.909859 143.868873 79.161259 160.991873
r119 71.072311 171.645014 104.412311 187.366814
r120 64.302517 34.440232 75.136617 41.181832
r121 58.096050 35.308978 79.574150 50.486378
r122 65.741676 58.627872 75.865076 75.139872
r123 67.744319 119.135330 77.063119 137.072930
r124 51.927033 124.531236 83.518433 142.072936
r125 79.575761 161.023861 95.189361 168.976361
r126 69.886080 16.306767 80.362080 28.159267
r127 63.461447 27.224064 89.578947 48.442264
r128 59.856680 73.963913 84.871080 85.324013
r129 65.475066 97.380008 76.140166 124.024708
r130 84.562104 121.638137 102.020704 153.379937
r131 86.530851 151.394453 95.404351 165.387453
r132 63.258400 0.000000 93.349900 31.354400
r133 73.141589 30.481920 82.924389 53.328220
r134 64.876973 50.912027 90.061073 72.916627
r135 76.501448 82.620247 95.330848 112.051247
r136 101.010196 132.465062 117.974396 139.784362
r137 91.371036 136.758331 139.881036 156.207931
r138 95.061598 0.151265 132.038298 25.667365
r139 94.004515 29.507734 132.506615 54.012934
r140 95.177887 52.006883 108.158887 61.572183
r141 96.739767 78.892388 103.929467 96.162488
r142 103.326940 103.153526 146.231840 125.144026
r143 145.104247 98.888475 185.141547 122.453975
r144 42.119474 85.082725 43.860274 86.490625
r145 27.276184 88.321100 40.809884 111.103700
r146 19.571718 114.604804 46.355118 126.116904
r147 23.085199 148.129770 49.962599 159.601570
r148 19.783615 163.585939 42.483815 186.676839
r149 37.004034 168.824721 39.930734 170.248421
r150 42.870837 72.646078 44.343337 74.310578
r151 26.945440 74.492865 47.627540 89.401065
r152 38.562178 101.543805 44.807278 113.239205
r153 37.802367 136.726320 44.249567 148.055220
r154 18.023141 143.500021 49.081941 160.376621
r155 38.233338 164.198868 40.132038 166.393368
r156 32.556963 26.210027 59.330763 37.726227
r157 32.517216 38.609309 53.669116 53.186409
r158 29.955548 60.945359 56.137348 73.395959
r159 31.010924 126.020326 56.098024 139.014226
r160 27.817471 119.113568 51.900071 140.878968
r161 15.444756 158.941142 62.002356 179.206342
r162 38.812070 7.705772 59.720570 32.775272
r163 28.061203 35.064170 63.689803 49.776170
r164 40.541726 59.086959 58.747126 89.526659
r165 38.446946 90.103285 58.151246 118.227385
r166 34.475149 117.340900 59.492749 155.054400
r167 64.189175 138.583094 85.108175 183.685594
r168 56.873466 28.039848 58.893366 31.752848
r169 26.585467 18.916117 63.199467 44.685017
r170 36.879915 47.825181 66.553015 79.621681
r171 37.253005 81.929239 66.638205 114.037239
r172 60.714012 114.828700 105.843212 135.735300
r173 79.050329 134.815497 83.301529 136.579697
r174 66.014676 34.222524 70.094776 36.060724
r175 69.118871 41.887005 72.871971 43.885405
r176 69.294845 52.811449 103.708645 80.227749
r177 68.442001 83.629946 107.750401 107.632446
r178 85.045615 111.690374 88.341415 113.965974
r179 84.124140 113.943943 87.924940 115.917243
r180 38.212237 83.917275 39.317537 86.134775
r181 31.640473 93.913962 33.809773 95.043862
r182 27.478605 111.441185 29.177005 112.884285
r183 28.293072 145.122388 29.812272 146.735788
r184 29.734521 152.747302 31.573221 155.013402
r185 33.198437 156.884418 36.339137 158.211118
r186 36.724062 76.611854 39.028662 77.675354
r187 29.904900 82.160128 30.943800 84.519328
r188 2.823853 96.839362 29.225653 108.517862
r189 9.673327 135.579323 32.475127 149.101623
r190 27.273882 147.604442 29.097282 149.889542
r191 33.600256 153.254032 36.025356 154.972232
r192 38.758842 50.825032 40.732742 52.066732
r193 12.601323 51.871430 37.515723 64.247130
r194 6.108039 68.956063 26.080639 84.393863
r195 6.728253 117.068234 23.004853 136.011634
r196 4.980302 117.202991 21.819302 148.331091
r197 34.905688 147.873112 37.869588 150.403512
r198 43.482364 44.922061 45.859064 46.675261
r199 8.326946 50.692505 43.407746 65.634205
r200 3.694737 69.592535 35.948837 85.843635
r201 7.454972 95.359717 32.213872 116.530617
r202 0.000000 117.281084 31.236400 147.486284
r203 55.827803 143.655213 59.747303 145.568713
r204 52.845880 41.165079 54.742180 45.120079
r205 40.653079 49.028109 43.161779 52.017709
r206 0.684154 54.986609 34.827154 82.620409
r207 0.471572 86.526687 35.010072 113.844087
r208 65.870000 120.733550 68.025100 124.213650
r209 67.935070 128.766521 70.617470 131.562521
r210 61.240310 40.824920 63.463110 44.199120
r211 62.334497 47.187284 64.433897 50.759784
r212 66.837912 66.316196 68.572312 70.640496
r213 70.533181 96.383354 73.479481 98.928954
r214 73.250914 110.775498 75.550014 114.037698
r215 73.079423 114.671676 76.368323 116.952076

[Iter 3150]
r0 127.388838 89.503531 129.400238 90.722131
r1 132.500736 97.404327 134.905236 98.423727
r2 132.910128 104.646325 149.886228 122.809125
r3 133.413391 134.393925 157.486491 147.202125
r4 139.999727 159.398689 141.248827 161.360889
r5 136.007416 167.347436 137.328916 169.202136
r6 131.556874 80.772244 133.945874 81.798144
r7 135.271003 79.028031 157.364703 92.983731
r8 143.187603 98.435327 170.136103 109.876927
r9 140.489729 122.581295 166.455629 134.455795
r10 138.304806 155.776043 164.653906 167.477943
r11 142.590677 170.791110 144.560677 172.035310
r12 128.499491 41.771996 145.209791 60.223696
r13 142.594730 56.026349 161.929430 71.973549
r14 155.295504 77.707699 174.759104 94.455899
r15 158.114211 109.096865 177.421711 125.980465
r16 151.715465 144.650077 178.001665 156.379877
r17 153.959899 166.304629 171.314699 184.071129
r18 136.394568 17.296616 164.014968 28.459816
r19 150.555633 40.355663 172.039533 54.707563
r20 158.717041 64.908151 169.809841 73.083451
r21 159.755072 108.398691 172.862072 120.160891
r22 157.687100 143.582189 187.390000 161.229189
r23 150.357879 164.273297 178.991679 182.579197
r24 150.190175 24.545419 152.033075 25.875419
r25 154.029518 28.424239 180.932718 39.885039
r26 167.069722 54.092603 184.561822 71.719603
r27 154.424586 91.955696 185.605486 108.766196
r28 153.143400 121.440690 187.390000 136.746390
r29 161.202843 157.932165 164.365543 160.303565
r30 150.739947 27.711051 153.955347 29.006851
r31 159.289101 34.421952 161.037001 36.805752
r32 163.989726 34.407952 181.782326 63.867852
r33 164.115280 64.489203 184.994980 89.593403
r34 162.781490 126.519431 165.861490 127.872231
r35 158.797288 149.515776 162.958188 151.318276
r36 113.036936 89.883893 115.125636 91.057293
r37 103.130031 95.715763 122.567131 111.578863
r38 103.005036 112.151995 126.857536 125.078695
r39 99.069538 135.133442 126.234338 146.483942
r40 98.885731 153.321848 116.771231 170.561048
r41 112.874871 170.670750 113.992671 172.863350
r42 104.677957 73.725395 128.532057 86.651195
r43 115.252715 87.281105 141.433915 99.058005
r44 125.208111 102.597049 135.376511 111.515449
r45 116.402982 132.145740 130.665982 138.503840
r46 114.963488 149.025092 134.564788 164.755292
r47 109.620188 171.472100 128.990388 187.390000
r48 102.397201 34.196426 119.455201 52.272026
r49 111.878798 54.863390 124.312998 62.156690
r50 118.768055 69.374639 138.075955 78.032139
r51 124.375252 119.422925 135.933752 133.884725
r52 126.265523 152.386222 140.539423 158.739522
r53 125.830573 168.688278 148.035373 182.574178
r54 103.296189 18.429689 126.297389 31.834789
r55 111.586759 41.596332 125.759059 47.995132
r56 117.652359 57.182532 134.459659 67.128032
r57 126.001077 96.412174 147.997577 109.330874
r58 127.543662 153.815674 139.397362 166.821474
r59 125.720528 165.482864 149.714728 187.328364
r60 122.269208 7.794339 140.962908 24.288339
r61 123.550171 31.072853 151.053371 42.283653
r62 135.174042 66.885679 148.245542 73.823379
r63 136.625560 86.847293 148.319160 100.031193
r64 124.970387 141.434812 160.188187 156.318412
r65 135.381714 156.235451 168.785914 184.480451
r66 144.724537 24.238287 147.891437 25.553987
r67 134.439570 26.109005 164.666570 43.450005
r68 128.991670 50.411894 162.082870 66.251994
r69 127.814860 71.949446 163.709560 86.552346
r70 135.751484 108.577038 152.751784 139.409838
r71 151.010306 147.840319 155.122206 149.664319
r72 93.933421 79.365069 106.833221 103.267269
r73 71.824423 93.101968 94.212823 106.873968
r74 76.576888 114.399065 89.072988 121.656265
r75 72.944343 142.256686 87.936143 148.305786
r76 62.214568 153.741114 87.904668 165.743114
r77 61.898592 168.418111 83.785792 182.505511
r78 71.306349 73.858821 96.418449 86.137121
r79 77.734193 83.129656 85.663693 92.340756
r80 80.412238 106.737036 96.468838 117.147536
r81 81.551472 128.103399 89.861172 148.219299
r82 85.285557 151.521159 91.597457 163.092859
r83 80.539584 173.077584 102.529684 187.098984
r84 84.264985 36.317437 97.391785 41.881537
r85 84.727866 35.690028 95.620666 51.035628
r86 80.351918 49.489409 101.173918 72.207709
r87 84.880834 120.921147 109.650734 136.456347
r88 93.107913 145.374097 105.228013 159.165797
r89 91.946416 166.888935 102.630816 173.724935
r90 90.437041 20.327523 103.249141 30.018823
r91 92.941209 28.930770 104.319709 53.904870
r92 100.652045 58.423209 112.842645 72.135109
r93 94.021673 104.110652 107.949873 124.512852
r94 101.125237 148.106042 119.745937 163.366842
r95 103.297428 162.589523 115.044528 173.159523
r96 99.296526 5.146058 125.876226 24.866558
r97 101.524770 35.529240 113.974570 45.502640
r98 90.908811 61.666741 127.567611 76.783641
r99 103.916967 85.216014 126.997367 109.226314
r100 109.830511 142.558302 123.488511 151.649402
r101 96.532852 161.015825 133.986752 186.206825
r102 134.779008 0.574324 157.966808 41.263924
r103 112.635855 25.740364 133.969755 50.310064
r104 116.775939 50.086175 124.771639 65.615375
r105 111.854164 77.085061 124.718964 86.736761
r106 110.277607 114.485155 133.188807 137.363355
r107 137.019515 126.963946 177.817815 150.089846
r108 50.101795 77.915064 68.197795 94.953864
r109 44.659854 94.826156 71.683954 106.235756
r110 53.469548 116.388456 62.526448 124.452956
r111 54.917156 146.218449 66.317056 152.625449
r112 47.243640 148.489879 76.680740 166.296179
r113 43.204060 169.660900 72.769360 187.390000
r114 50.014212 53.468159 73.021012 66.869959
r115 55.796351 76.959116 65.254151 84.681816
r116 49.550886 107.907938 73.772386 121.366238
r117 51.653469 133.645374 74.761469 147.752174
r118 71.711930 143.712670 78.963330 160.835670
r119 71.075214 171.622588 104.415214 187.344388
r120 64.202541 34.369419 75.036641 41.111019
r121 58.164305 35.566629 79.642405 50.744029
r122 65.643954 58.862857 75.767354 75.374857
r123 67.605181 119.130380 76.923981 137.067980
r124 52.252007 124.573322 83.843407 142.115022
r125 79.398345 161.021051 95.011945 168.973551
r126 69.737816 16.526064 80.213816 28.378564
r127 63.394255 27.314836 89.511755 48.533036
r128 59.840278 73.987441 84.854678 85.347541
r129 65.620152 97.482281 76.285252 124.126981
r130 84.831512 121.599076 102.290112 153.340876
r131 86.477873 151.275708 95.351373 165.268708
r132 62.617042 0.000000 92.708542 31.354400
r133 72.588613 30.049801 82.371413 52.896101
r134 64.865891 50.925484 90.049991 72.930084
r135 76.596358 82.601788 95.425758 112.032788
r136 100.921086 132.456850 117.885286 139.776150
r137 90.762682 136.954678 139.272682 156.404278
r138 94.587017 0.000000 131.563717 25.516100
r139 95.064498 30.227478 133.566598 54.732678
r140 95.176690 52.129532 108.157690 61.694832
r141 96.698706 79.132538 103.888406 96.402638
r142 103.430232 103.375418 146.335132 125.365918
r143 144.989543 98.381360 185.026843 121.946860
r144 42.029890 85.072443 43.770690 86.480343
r145 27.428795 88.196624 40.962495 110.979224
r146 19.609226 114.561129 46.392626 126.073229
r147 22.993772 148.081751 49.871172 159.553551
r148 19.726987 163.683724 42.427187 186.774624
r149 36.950739 168.996615 39.877439 170.420315
r150 42.796186 72.644267 44.268686 74.308767
r151 27.111700 74.542068 47.793800 89.450268
r152 38.336671 101.314094 44.581771 113.009494
r153 37.684034 136.674832 44.131234 148.003732
r154 18.103256 143.531085 49.162056 160.407685
r155 38.262048 164.442838 40.160748 166.637338
r156 32.531149 26.500241 59.304949 38.016441
r157 32.518155 38.790596 53.670055 53.367696
r158 29.918153 61.053007 56.099953 73.503607
r159 31.038783 125.998101 56.125883 138.992001
r160 28.120653 119.113894 52.203253 140.879294
r161 15.718253 157.886852 62.275853 178.152052
r162 38.637524 7.801938 59.546024 32.871438
r163 27.994555 35.154441 63.623155 49.866441
r164 40.501526 59.245291 58.706926 89.684991
r165 38.409284 90.189117 58.113584 118.313217
r166 34.641509 116.806013 59.659109 154.519513
r167 64.695120 139.319182 85.614120 184.421682
r168 56.663583 28.063015 58.683483 31.776015
r169 26.493382 20.045553 63.107382 45.814453
r170 36.822912 48.975707 66.496012 80.772207
r171 37.339375 83.226059 66.724575 115.334059
r172 61.109660 115.021596 106.238860 135.928196
r173 79.015478 134.856961 83.266678 136.621161
r174 65.931071 34.310077 70.011171 36.148277
r175 68.985345 41.824092 72.738445 43.822492
r176 68.859918 52.925148 103.273718 80.341448
r177 68.607663 84.212629 107.916063 108.215129
r178 85.013915 111.773106 88.309715 114.048706
r179 83.817235 114.047602 87.618035 116.020902
r180 38.146538 83.948086 39.251838 86.165586
r181 31.586231 93.882470 33.755531 95.012370
r182 27.406322 111.440753 29.104722 112.883853
r183 28.191046 145.139256 29.710246 146.752656
r184 29.688733 152.741973 31.527433 155.008073
r185 33.136108 156.890311 36.276808 158.217011
r186 36.638571 76.595149 38.943171 77.658649
r187 29.808745 82.163145 30.847645 84.522345
r188 2.880958 96.868036 29.282758 108.546536
r189 9.609680 135.515605 32.411480 149.037905
r190 27.186573 147.636122 29.009973 149.921222
r191 33.625120 153.276166 36.050220 154.994366
r192 38.660954 50.812124 40.634854 52.053824
r193 12.816168 51.830096 37.730568 64.205796
r194 6.132759 68.995238 26.105359 84.433038
r195 6.862000 117.036653 23.138600 135.980053
r196 5.241511 117.284306 22.080511 148.412406
r197 35.064045 148.156051 38.027945 150.686451
r198 43.355445 44.923952 45.732145 46.677152
r199 8.282064 50.683857 43.362864 65.625557
r200 3.686798 69.512593 35.940898 85.763693
r201 7.320806 95.446846 32.079706 116.617746
r202 0.000000 117.305535 31.236400 147.510735
r203 55.813743 143.587440 59.733243 145.500940
r204 52.869395 41.190692 54.765695 45.145692
r205 40.381675 48.951218 42.890375 51.940818
r206 0.154477 55.026802 34.297477 82.660602
r207 0.452890 86.537006 34.991390 113.854406
r208 65.795321 120.625058 67.950421 124.105158
r209 67.984210 128.538320 70.666610 131.334320
r210 61.064278 40.844101 63.287078 44.218301
r211 62.096633 47.179971 64.196033 50.752471
r212 66.434994 66.278757 68.169394 70.603057
r213 70.240900 96.393894 73.187200 98.939494
r214 72.912829 110.869510 75.211929 114.131710
r215 72.716500 114.796472 76.005400 117.076872

[Iter 3200]
r0 127.396677 89.488134 129.408077 90.706734
r1 132.531565 97.347350 134.936065 98.366750
r2 132.892659 104.644830 149.868759 122.807630
r3 133.395296 134.312260 157.468396 147.120460
r4 140.001337 159.399707 141.250437 161.361907
r5 136.047475 167.448210 137.368975 169.302910
r6 131.518171 80.719176 133.907171 81.745076
r7 135.314568 78.871993 157.408268 92.827693
r8 143.082095 98.319963 170.030595 109.761563
r9 140.524621 122.513517 166.490521 134.388017
r10 138.309045 155.732306 164.658145 167.434206
r11 142.633617 170.801659 144.603617 172.045859
r12 128.493319 41.784974 145.203619 60.236674
r13 142.648485 55.875320 161.983185 71.822520
r14 155.436883 77.716203 174.900483 94.464403
r15 158.053278 108.951240 177.360778 125.834840
r16 151.643472 144.671214 177.929672 156.401014
r17 153.855556 166.324240 171.210356 184.090740
r18 136.363897 17.312102 163.984297 28.475302
r19 150.519829 40.273365 172.003729 54.625265
r20 158.706236 64.930772 169.799036 73.106072
r21 159.798985 108.368984 172.905985 120.131184
r22 157.687100 143.352535 187.390000 160.999535
r23 150.335359 164.085406 178.969159 182.391306
r24 150.105882 24.508339 151.948782 25.838339
r25 154.015534 28.379395 180.918734 39.840195
r26 167.021923 54.180206 184.514023 71.807206
r27 154.454452 91.899427 185.635352 108.709927
r28 153.143400 121.414521 187.390000 136.720221
r29 161.204404 158.208202 164.367104 160.579602
r30 150.663949 27.607315 153.879349 28.903115
r31 159.265570 34.368829 161.013470 36.752629
r32 163.939723 34.469568 181.732323 63.929468
r33 164.172104 64.502792 185.051804 89.606992
r34 162.821873 126.406411 165.901873 127.759211
r35 158.992667 149.517885 163.153567 151.320385
r36 113.101066 89.859884 115.189766 91.033284
r37 103.150735 95.639740 122.587835 111.502840
r38 103.090206 112.119830 126.942706 125.046530
r39 98.970791 135.157621 126.135591 146.508121
r40 98.885548 153.359958 116.771048 170.599158
r41 112.780434 170.748252 113.898234 172.940852
r42 104.677632 73.716715 128.531732 86.642515
r43 115.316048 87.187647 141.497248 98.964547
r44 125.138001 102.597675 135.306401 111.516075
r45 116.272195 132.193740 130.535195 138.551840
r46 114.913172 149.003411 134.514472 164.733611
r47 109.526949 171.472100 128.897149 187.390000
r48 102.412701 34.091361 119.470701 52.166961
r49 111.790367 54.789476 124.224567 62.082776
r50 118.722836 69.315764 138.030736 77.973264
r51 124.373160 119.519433 135.931660 133.981233
r52 126.239908 152.388039 140.513808 158.741339
r53 125.729922 168.608648 147.934722 182.494548
r54 103.259139 18.373443 126.260339 31.778543
r55 111.589167 41.581230 125.761467 47.980030
r56 117.734742 57.183267 134.542042 67.128767
r57 126.094904 96.442135 148.091404 109.360835
r58 127.686779 153.860399 139.540479 166.866199
r59 125.727041 165.486971 149.721241 187.332471
r60 122.254973 7.792634 140.948673 24.286634
r61 123.531075 31.050313 151.034275 42.261113
r62 135.210508 66.852513 148.282008 73.790213
r63 136.614904 86.861561 148.308504 100.045461
r64 124.886358 141.422183 160.104158 156.305783
r65 135.088641 157.083443 168.492841 185.328443
r66 144.604962 24.178260 147.771862 25.493960
r67 134.413753 26.087807 164.640753 43.428807
r68 129.002159 50.460432 162.093359 66.300532
r69 127.780364 71.959330 163.675064 86.562230
r70 135.679463 108.707888 152.679763 139.540688
r71 151.042182 148.764697 155.154082 150.588697
r72 93.974795 79.232773 106.874595 103.134973
r73 71.830250 93.084889 94.218650 106.856889
r74 76.585874 114.374724 89.081974 121.631924
r75 72.849974 142.318583 87.841774 148.367683
r76 62.086886 153.778737 87.776986 165.780737
r77 61.728619 168.412406 83.615819 182.499806
r78 71.222310 73.884950 96.334410 86.163250
r79 77.873701 83.141311 85.803201 92.352411
r80 80.419693 106.605589 96.476293 117.016089
r81 81.489172 128.061819 89.798872 148.177719
r82 85.228522 151.525340 91.540422 163.097040
r83 80.391418 173.096055 102.381518 187.117455
r84 84.182311 36.370078 97.309111 41.934178
r85 84.642431 35.700903 95.535231 51.046503
r86 80.317257 49.576953 101.139257 72.295253
r87 84.798838 120.866064 109.568738 136.401264
r88 93.013545 145.338118 105.133645 159.129818
r89 91.803449 166.837469 102.487849 173.673469
r90 90.362263 20.291549 103.174363 29.982849
r91 92.932123 28.880619 104.310623 53.854719
r92 100.529830 58.332276 112.720430 72.044176
r93 93.909424 103.954506 107.837624 124.356706
r94 101.072181 147.982564 119.692881 163.243364
r95 103.093484 162.510842 114.840584 173.080842
r96 99.256392 5.194665 125.836092 24.915165
r97 101.527929 35.512960 113.977729 45.486360
r98 90.879114 61.611453 127.537914 76.728353
r99 103.935876 85.219436 127.016276 109.229736
r100 109.821107 142.436321 123.479107 151.527421
r101 96.274463 161.333879 133.728363 186.524879
r102 134.209625 0.228825 157.397425 40.918425
r103 112.638166 25.733452 133.972066 50.303152
r104 116.775518 50.089981 124.771218 65.619181
r105 111.711214 77.114997 124.576014 86.766697
r106 110.194343 114.378373 133.105543 137.256573
r107 136.562283 127.287786 177.360583 150.413686
r108 50.003920 77.839996 68.099920 94.878796
r109 44.687515 94.817779 71.711615 106.227379
r110 53.436597 116.489279 62.493497 124.553779
r111 54.767155 146.216886 66.167055 152.623886
r112 47.159641 148.535315 76.596741 166.341615
r113 43.164726 169.660900 72.730026 187.390000
r114 49.958925 53.494963 72.965725 66.896763
r115 55.877427 77.009194 65.335227 84.731894
r116 49.559750 107.914953 73.781250 121.373253
r117 51.571737 133.759694 74.679737 147.866494
r118 71.811775 143.718156 79.063175 160.841156
r119 70.890536 171.603473 104.230536 187.325273
r120 64.145416 34.447277 74.979516 41.188877
r121 58.083268 35.463967 79.561368 50.641367
r122 65.634635 58.692610 75.758035 75.204610
r123 67.562961 119.177060 76.881761 137.114660
r124 52.279172 124.660604 83.870572 142.202304
r125 79.355994 161.094129 94.969594 169.046629
r126 69.570431 16.454491 80.046431 28.306991
r127 63.286572 27.302052 89.404072 48.520252
r128 59.777930 73.890906 84.792330 85.251006
r129 65.548452 97.369324 76.213552 124.014024
r130 84.762942 121.560625 102.221542 153.302425
r131 86.480318 151.338817 95.353818 165.331817
r132 62.653258 0.000000 92.744758 31.354400
r133 72.570340 30.376887 82.353140 53.223187
r134 64.912497 50.924631 90.096597 72.929231
r135 76.543442 82.586590 95.372842 112.017590
r136 100.840991 132.378009 117.805191 139.697309
r137 90.326487 137.241254 138.836487 156.690854
r138 94.504902 0.108325 131.481602 25.624425
r139 95.168659 30.413473 133.670759 54.918673
r140 95.168845 52.117723 108.149845 61.683023
r141 96.756167 79.096586 103.945867 96.366686
r142 103.108634 103.771430 146.013534 125.761930
r143 145.176316 99.210768 185.213616 122.776268
r144 41.997421 85.096025 43.738221 86.503925
r145 27.424134 88.251728 40.957834 111.034328
r146 19.535813 114.515436 46.319213 126.027536
r147 22.826563 148.062151 49.703963 159.533951
r148 19.694485 163.539199 42.394685 186.630099
r149 36.853695 169.090027 39.780395 170.513727
r150 42.754429 72.638281 44.226929 74.302781
r151 27.108848 74.541057 47.790948 89.449257
r152 38.367250 101.114023 44.612350 112.809423
r153 37.617102 136.699148 44.064302 148.028048
r154 18.039500 143.524574 49.098300 160.401174
r155 38.227893 164.491864 40.126593 166.686364
r156 32.457976 26.412866 59.231776 37.929066
r157 32.489788 38.750283 53.641688 53.327383
r158 29.835534 61.032334 56.017334 73.482934
r159 30.881196 125.914914 55.968296 138.908814
r160 27.946216 119.234129 52.028816 140.999529
r161 15.398010 157.916626 61.955610 178.181826
r162 38.560015 7.886101 59.468515 32.955601
r163 27.928000 35.176844 63.556600 49.888844
r164 40.480579 59.141941 58.685979 89.581641
r165 38.443562 90.300926 58.147862 118.425026
r166 34.530633 116.943467 59.548233 154.656967
r167 64.320098 139.545930 85.239098 184.648430
r168 56.436699 28.220480 58.456599 31.933480
r169 26.446709 19.301422 63.060709 45.070322
r170 36.688588 49.272777 66.361688 81.069277
r171 37.330594 83.110121 66.715794 115.218121
r172 61.273040 115.149818 106.402240 136.056418
r173 78.445343 134.800667 82.696543 136.564867
r174 65.783544 34.361666 69.863644 36.199866
r175 68.824589 42.036982 72.577689 44.035382
r176 68.927521 52.594482 103.341321 80.010782
r177 68.977961 84.092586 108.286361 108.095086
r178 84.973758 111.741068 88.269558 114.016668
r179 83.420601 114.296001 87.221401 116.269301
r180 38.031294 83.949062 39.136594 86.166562
r181 31.543984 93.889239 33.713284 95.019139
r182 27.404270 111.438843 29.102670 112.881943
r183 28.099414 145.160933 29.618614 146.774333
r184 29.552065 152.754732 31.390765 155.020832
r185 33.041567 156.924557 36.182267 158.251257
r186 36.545248 76.578715 38.849848 77.642215
r187 29.781368 82.150567 30.820268 84.509767
r188 2.886255 96.840466 29.288055 108.518966
r189 9.559797 135.497379 32.361597 149.019679
r190 27.109077 147.647712 28.932477 149.932812
r191 33.512366 153.284906 35.937466 155.003106
r192 38.556345 50.802230 40.530245 52.043930
r193 12.593275 51.862911 37.507675 64.238611
r194 6.170755 69.068895 26.143355 84.506695
r195 6.730635 117.037645 23.007235 135.981045
r196 5.038789 117.267964 21.877789 148.396064
r197 34.930704 148.088462 37.894604 150.618862
r198 43.236660 44.916284 45.613360 46.669484
r199 8.243600 50.717218 43.324400 65.658918
r200 3.691495 69.578628 35.945595 85.829728
r201 7.516076 95.463180 32.274976 116.634080
r202 0.000000 117.331519 31.236400 147.536719
r203 55.796161 143.647035 59.715661 145.560535
r204 52.935593 41.162545 54.831893 45.117545
r205 40.019736 48.947779 42.528436 51.937379
r206 0.409196 54.992559 34.552196 82.626359
r207 0.393050 86.597812 34.931550 113.915212
r208 65.830541 120.732996 67.985641 124.213096
r209 67.963882 128.680475 70.646282 131.476475
r210 60.847344 40.869778 63.070144 44.243978
r211 61.787573 47.200812 63.886973 50.773312
r212 66.062611 66.495758 67.797011 70.820058
r213 70.258434 96.555490 73.204734 99.101090
r214 73.090965 110.914582 75.390065 114.176782
r215 72.987080 114.674625 76.275980 116.955025

[Iter 3250]
r0 127.432479 89.377716 129.443879 90.596316
r1 132.555868 97.162544 134.960368 98.181944
r2 133.142636 104.632817 150.118736 122.795617
r3 133.657998 134.407814 157.731098 147.216014
r4 140.075008 159.475679 141.324108 161.437879
r5 136.022910 167.488819 137.344410 169.343519
r6 131.483095 80.466350 133.872095 81.492250
r7 135.598650 78.304738 157.692350 92.260438
r8 143.546104 98.099421 170.494604 109.541021
r9 140.706957 122.412794 166.672857 134.287294
r10 138.554837 155.913785 164.903937 167.615685
r11 142.637546 170.812285 144.607546 172.056485
r12 128.388075 41.982451 145.098375 60.434151
r13 143.316078 55.313207 162.650778 71.260407
r14 155.828454 77.665894 175.292054 94.414094
r15 158.410656 108.847112 177.718156 125.730712
r16 151.908574 144.592436 178.194774 156.322236
r17 154.335116 166.337065 171.689916 184.103565
r18 136.423197 16.940470 164.043597 28.103670
r19 150.746341 40.197283 172.230241 54.549183
r20 158.717935 64.813360 169.810735 72.988660
r21 159.751430 108.336737 172.858430 120.098937
r22 157.664150 143.603067 187.367050 161.250067
r23 150.645656 164.476964 179.279456 182.782864
r24 150.042562 24.371275 151.885462 25.701275
r25 154.178718 28.107142 181.081918 39.567942
r26 167.853608 54.560369 185.345708 72.187369
r27 154.697132 91.611901 185.878032 108.422401
r28 153.117399 121.357624 187.363999 136.663324
r29 161.216533 158.318582 164.379233 160.689982
r30 150.634702 27.527960 153.850102 28.823760
r31 159.262672 34.275807 161.010572 36.659607
r32 164.327482 33.954439 182.120082 63.414339
r33 164.470938 64.074888 185.350638 89.179088
r34 162.871791 126.489737 165.951791 127.842537
r35 159.119734 149.645555 163.280634 151.448055
r36 113.152458 89.678398 115.241158 90.851798
r37 103.334773 95.583239 122.771873 111.446339
r38 103.247465 112.137912 127.099965 125.064612
r39 98.980579 135.260590 126.145379 146.611090
r40 98.728164 153.549664 116.613664 170.788864
r41 112.664733 170.862626 113.782533 173.055226
r42 104.780003 73.508425 128.634103 86.434225
r43 115.813902 87.112405 141.995102 98.889305
r44 125.558555 102.650954 135.726955 111.569354
r45 116.294441 132.337643 130.557441 138.695743
r46 114.977543 149.047195 134.578843 164.777395
r47 109.424978 171.472100 128.795178 187.390000
r48 102.211842 33.711246 119.269842 51.786846
r49 111.076587 54.825713 123.510787 62.119013
r50 118.913384 68.998672 138.221284 77.656172
r51 124.368722 119.600577 135.927222 134.062377
r52 126.289500 152.464174 140.563400 158.817474
r53 125.881673 168.657241 148.086473 182.543141
r54 103.113215 18.247476 126.114415 31.652576
r55 111.555039 41.247305 125.727339 47.646105
r56 117.744871 56.638364 134.552171 66.583864
r57 126.329139 96.003380 148.325639 108.922080
r58 126.953189 154.135555 138.806889 167.141355
r59 125.917730 165.544500 149.911930 187.390000
r60 122.164120 7.530094 140.857820 24.024094
r61 123.767070 30.924547 151.270270 42.135347
r62 135.382839 66.800859 148.454339 73.738559
r63 136.712902 86.420531 148.406502 99.604431
r64 124.994408 141.415776 160.212208 156.299376
r65 135.003681 156.400493 168.407881 184.645493
r66 144.618354 24.030323 147.785254 25.346023
r67 134.600228 25.975914 164.827228 43.316914
r68 129.091610 50.446598 162.182810 66.286698
r69 127.853133 71.499794 163.747833 86.102694
r70 135.678061 108.575633 152.678361 139.408433
r71 151.302849 149.498107 155.414749 151.322107
r72 94.190681 79.066637 107.090481 102.968837
r73 71.873236 93.069352 94.261636 106.841352
r74 76.381306 114.398163 88.877406 121.655363
r75 72.719326 142.390527 87.711126 148.439627
r76 61.792079 153.921163 87.482179 165.923163
r77 61.497073 168.546429 83.384273 182.633829
r78 71.324159 73.757586 96.436259 86.035886
r79 77.778520 82.924835 85.708020 92.135935
r80 80.647331 106.656822 96.703931 117.067322
r81 81.383284 128.183238 89.692984 148.299138
r82 85.101773 151.646748 91.413673 163.218448
r83 80.265909 173.368600 102.256009 187.390000
r84 84.229403 36.130816 97.356203 41.694916
r85 84.591439 35.291795 95.484239 50.637395
r86 80.325831 49.337931 101.147831 72.056231
r87 84.823962 120.911621 109.593862 136.446821
r88 93.002560 145.353813 105.122660 159.145513
r89 91.501781 166.929885 102.186181 173.765885
r90 90.292698 20.121600 103.104798 29.812900
r91 92.814035 28.702502 104.192535 53.676602
r92 100.754658 58.189467 112.945258 71.901367
r93 93.822641 104.314019 107.750841 124.716219
r94 100.931486 148.641975 119.552186 163.902775
r95 102.984930 162.642307 114.732030 173.212307
r96 99.196613 4.856359 125.776313 24.576859
r97 101.310925 35.425365 113.760725 45.398765
r98 90.545118 61.491617 127.203918 76.608517
r99 103.881791 85.108209 126.962191 109.118509
r100 109.608107 142.758790 123.266107 151.849890
r101 96.016439 161.492554 133.470339 186.683554
r102 134.514449 0.098866 157.702249 40.788466
r103 112.595599 25.520031 133.929499 50.089731
r104 116.961471 49.855734 124.957171 65.384934
r105 111.900801 76.807082 124.765601 86.458782
r106 109.886759 114.487691 132.797959 137.365891
r107 137.025579 127.628533 177.823879 150.754433
r108 49.972211 77.721623 68.068211 94.760423
r109 44.891844 94.977136 71.915944 106.386736
r110 53.140452 116.669102 62.197352 124.733602
r111 54.685191 146.518801 66.085091 152.925801
r112 46.828602 148.481615 76.265702 166.287915
r113 43.059645 169.660900 72.624945 187.390000
r114 49.905621 53.123794 72.912421 66.525594
r115 55.736761 77.031108 65.194561 84.753808
r116 49.424010 108.165962 73.645510 121.624262
r117 51.322386 133.922591 74.430386 148.029391
r118 71.914399 143.892577 79.165799 161.015577
r119 71.016024 171.668200 104.356024 187.390000
r120 64.067557 34.184297 74.901657 40.925897
r121 57.938018 35.165534 79.416118 50.342934
r122 65.666827 58.607750 75.790227 75.119750
r123 67.816754 119.207620 77.135554 137.145220
r124 51.760538 124.550867 83.351938 142.092567
r125 79.407034 160.941394 95.020634 168.893894
r126 69.407451 16.032793 79.883451 27.885293
r127 63.188654 27.143829 89.306154 48.362029
r128 59.532087 74.214170 84.546487 85.574270
r129 65.366998 97.372028 76.032098 124.016728
r130 84.700941 121.802431 102.159541 153.544231
r131 85.973683 151.315330 94.847183 165.308330
r132 62.398358 0.000000 92.489858 31.354400
r133 72.068558 30.687411 81.851358 53.533711
r134 64.677405 50.930494 89.861505 72.935094
r135 76.612502 82.645968 95.441902 112.076968
r136 101.110169 133.032393 118.074369 140.351693
r137 90.403408 137.120676 138.913408 156.570276
r138 94.533391 0.081706 131.510091 25.597806
r139 94.674130 29.733152 133.176230 54.238352
r140 95.126126 51.836426 108.107126 61.401726
r141 96.742182 79.091336 103.931882 96.361436
r142 103.981563 104.188873 146.886463 126.179373
r143 145.571824 98.717163 185.609124 122.282663
r144 41.976236 85.043538 43.717036 86.451438
r145 27.283201 88.613006 40.816901 111.395606
r146 19.212945 114.683082 45.996345 126.195182
r147 22.698210 148.359800 49.575610 159.831600
r148 19.373971 163.951338 42.074171 187.042238
r149 36.779580 169.123358 39.706280 170.547058
r150 42.682943 72.627170 44.155443 74.291670
r151 27.055280 74.582988 47.737380 89.491188
r152 38.368681 100.731771 44.613781 112.427171
r153 37.416182 136.755537 43.863382 148.084437
r154 17.541725 143.750021 48.600525 160.626621
r155 38.177668 164.481530 40.076368 166.676030
r156 32.372645 25.887419 59.146445 37.403619
r157 32.471952 38.478156 53.623852 53.055256
r158 29.721179 60.823281 55.902979 73.273881
r159 30.644973 126.246290 55.732073 139.240190
r160 27.540743 119.125213 51.623343 140.890613
r161 15.364190 158.832785 61.921790 179.097985
r162 38.340293 7.551348 59.248793 32.620848
r163 27.807004 35.111577 63.435604 49.823577
r164 40.310749 59.098033 58.516149 89.537733
r165 38.340286 90.110937 58.044586 118.235037
r166 34.610756 117.873354 59.628356 155.586854
r167 64.630825 140.813998 85.549825 185.916498
r168 56.344616 28.093365 58.364516 31.806365
r169 25.646837 18.944511 62.260837 44.713411
r170 36.733742 48.140012 66.406842 79.936512
r171 36.914859 82.362777 66.300059 114.470777
r172 61.181943 115.312282 106.311143 136.218882
r173 78.549612 134.882239 82.800812 136.646439
r174 65.450557 34.402820 69.530657 36.241020
r175 68.601269 41.908721 72.354369 43.907121
r176 69.321782 53.052090 103.735582 80.468390
r177 68.454556 83.923420 107.762956 107.925920
r178 84.996611 111.725054 88.292411 114.000654
r179 83.516745 113.708655 87.317545 115.681955
r180 38.020333 83.899439 39.125633 86.116939
r181 31.496091 94.039092 33.665391 95.168992
r182 27.236646 111.439447 28.935046 112.882547
r183 27.972784 145.221227 29.491984 146.834627
r184 29.488797 152.756853 31.327497 155.022953
r185 33.014326 156.910151 36.155026 158.236851
r186 36.412353 76.564111 38.716953 77.627611
r187 29.641202 82.158261 30.680102 84.517461
r188 2.486292 96.800912 28.888092 108.479412
r189 9.224663 135.659357 32.026463 149.181657
r190 26.980994 147.701021 28.804394 149.986121
r191 33.491347 153.278645 35.916447 154.996845
r192 38.464144 50.777611 40.438044 52.019311
r193 12.190288 51.866606 37.104688 64.242306
r194 6.055026 69.227583 26.027626 84.665383
r195 6.271131 117.011524 22.547731 135.954924
r196 4.533504 117.176561 21.372504 148.304661
r197 34.932613 148.228741 37.896513 150.759141
r198 43.168273 44.915714 45.544973 46.668914
r199 7.796777 50.826393 42.877577 65.768093
r200 3.437964 69.778395 35.692064 86.029495
r201 7.209562 95.395076 31.968462 116.565976
r202 0.000000 117.473916 31.236400 147.679116
r203 55.987067 143.692890 59.906567 145.606390
r204 52.727638 41.184978 54.623938 45.139978
r205 39.820507 48.988402 42.329207 51.978002
r206 0.304136 55.083156 34.447136 82.716956
r207 0.000000 86.621744 34.538500 113.939144
r208 65.743044 120.843515 67.898144 124.323615
r209 67.582466 128.548726 70.264866 131.344726
r210 60.691129 40.866702 62.913929 44.240902
r211 61.680849 47.220108 63.780249 50.792608
r212 65.835801 66.443380 67.570201 70.767680
r213 70.072337 96.454974 73.018637 99.000574
r214 72.809318 110.869870 75.108418 114.132070
r215 72.733770 114.629562 76.022670 116.909962

[Iter 3300]
r0 127.590627 89.372845 129.602027 90.591445
r1 132.692309 96.837695 135.096809 97.857095
r2 133.159812 104.664931 150.135912 122.827731
r3 133.540930 134.384639 157.614030 147.192839
r4 140.080204 159.421033 141.329304 161.383233
r5 136.055873 167.495038 137.377373 169.349738
r6 131.473752 80.135087 133.862752 81.160987
r7 135.458475 77.911713 157.552175 91.867413
r8 143.355296 97.924225 170.303796 109.365825
r9 140.713773 122.443649 166.679673 134.318149
r10 138.434744 155.851985 164.783844 167.553885
r11 142.680934 170.808126 144.650934 172.052326
r12 128.289717 41.951730 145.000017 60.403430
r13 143.614095 54.860291 162.948795 70.807491
r14 155.665724 77.674234 175.129324 94.422434
r15 158.331910 108.768798 177.639410 125.652398
r16 151.885883 144.511053 178.172083 156.240853
r17 154.207661 166.288430 171.562461 184.054930
r18 136.402156 16.902713 164.022556 28.065913
r19 150.804605 40.132181 172.288505 54.484081
r20 158.453998 64.907439 169.546798 73.082739
r21 159.586880 108.317627 172.693880 120.079827
r22 157.687100 143.388478 187.390000 161.035478
r23 150.623636 164.228130 179.257436 182.534030
r24 149.990154 24.304373 151.833054 25.634373
r25 154.149647 28.037843 181.052847 39.498643
r26 168.051206 55.058390 185.543306 72.685390
r27 154.868467 91.691095 186.049367 108.501595
r28 153.143400 121.230407 187.390000 136.536107
r29 161.186234 158.286065 164.348934 160.657465
r30 150.577765 27.485005 153.793165 28.780805
r31 159.270975 34.237717 161.018875 36.621517
r32 164.265642 33.935432 182.058242 63.395332
r33 164.386762 64.084003 185.266462 89.188203
r34 162.908232 126.449692 165.988232 127.802492
r35 159.094722 150.192226 163.255622 151.994726
r36 113.292925 89.597690 115.381625 90.771090
r37 103.346768 95.421329 122.783868 111.284429
r38 103.174267 111.998831 127.026767 124.925531
r39 99.026443 135.067330 126.191243 146.417830
r40 98.717702 153.328361 116.603202 170.567561
r41 112.609571 170.816726 113.727371 173.009326
r42 104.778889 73.421679 128.632989 86.347479
r43 115.885275 86.945070 142.066475 98.721970
r44 125.554056 102.405950 135.722456 111.324350
r45 116.386339 132.174823 130.649339 138.532923
r46 114.924933 148.985360 134.526233 164.715560
r47 109.375246 171.472100 128.745446 187.390000
r48 102.112931 33.756699 119.170931 51.832299
r49 111.031579 54.711257 123.465779 62.004557
r50 119.020850 69.014616 138.328750 77.672116
r51 124.358549 119.281583 135.917049 133.743383
r52 126.210063 152.367045 140.483963 158.720345
r53 125.800551 168.615796 148.005351 182.501696
r54 103.044206 18.236006 126.045406 31.641106
r55 111.499560 41.178107 125.671860 47.576907
r56 117.920925 56.569802 134.728225 66.515302
r57 126.155014 96.292687 148.151514 109.211387
r58 127.139734 154.096458 138.993434 167.102258
r59 125.897313 165.544500 149.891513 187.390000
r60 122.152416 7.666119 140.846116 24.160119
r61 123.769045 30.982281 151.272245 42.193081
r62 135.650203 66.586048 148.721703 73.523748
r63 136.711038 86.717241 148.404638 99.901141
r64 124.895400 141.563096 160.113200 156.446696
r65 135.335048 155.592649 168.739248 183.837649
r66 144.435694 24.064101 147.602594 25.379801
r67 134.498811 26.088641 164.725811 43.429641
r68 129.076473 50.439896 162.167673 66.279996
r69 127.900481 71.646266 163.795181 86.249166
r70 135.577411 108.608874 152.577711 139.441674
r71 151.321093 149.440576 155.432993 151.264576
r72 94.275677 79.146315 107.175477 103.048515
r73 71.965694 92.993532 94.354094 106.765532
r74 76.357028 114.399113 88.853128 121.656313
r75 72.769792 142.122155 87.761592 148.171255
r76 61.926732 153.806305 87.616832 165.808305
r77 61.576589 168.527195 83.463789 182.614595
r78 71.261260 73.752530 96.373360 86.030830
r79 77.957931 82.846972 85.887431 92.058072
r80 80.609169 106.568488 96.665769 116.978988
r81 81.466732 128.106280 89.776432 148.222180
r82 85.089481 151.502748 91.401381 163.074448
r83 80.375532 173.228976 102.365632 187.250376
r84 84.109406 36.128376 97.236206 41.692476
r85 84.400250 35.391466 95.293050 50.737066
r86 80.304718 49.298485 101.126718 72.016785
r87 84.887422 120.741021 109.657322 136.276221
r88 93.019499 145.182837 105.139599 158.974537
r89 91.626133 166.796468 102.310533 173.632468
r90 90.124895 20.073872 102.936995 29.765172
r91 92.726941 28.641262 104.105441 53.615362
r92 100.887331 58.080717 113.077931 71.792617
r93 94.017157 104.302118 107.945357 124.704318
r94 100.918003 148.461535 119.538703 163.722335
r95 102.992546 162.595246 114.739646 173.165246
r96 99.134150 4.810213 125.713850 24.530713
r97 101.270858 35.365025 113.720658 45.338425
r98 90.645178 61.413699 127.303978 76.530599
r99 104.000470 84.992695 127.080870 109.002995
r100 109.678974 142.724617 123.336974 151.815717
r101 96.379401 162.065589 133.833301 187.256589
r102 133.995682 0.154654 157.183482 40.844254
r103 112.493755 25.489349 133.827655 50.059049
r104 116.961728 49.803504 124.957428 65.332704
r105 111.874257 76.693932 124.739057 86.345632
r106 109.971081 114.412903 132.882281 137.291103
r107 136.863700 127.052449 177.662000 150.178349
r108 49.992729 77.801680 68.088729 94.840480
r109 44.995276 94.968531 72.019376 106.378131
r110 53.255247 116.584291 62.312147 124.648791
r111 54.667422 146.404653 66.067322 152.811653
r112 46.893485 148.474620 76.330585 166.280920
r113 43.027599 169.660900 72.592899 187.390000
r114 49.806623 53.256052 72.813423 66.657852
r115 55.790678 76.960392 65.248478 84.683092
r116 49.423494 108.172629 73.644994 121.630929
r117 51.327699 133.807164 74.435699 147.913964
r118 71.863630 143.726374 79.115030 160.849374
r119 71.046711 171.668200 104.386711 187.390000
r120 63.920490 34.133565 74.754590 40.875165
r121 57.878134 35.321089 79.356234 50.498489
r122 65.570214 58.659831 75.693614 75.171831
r123 67.794346 119.171482 77.113146 137.109082
r124 51.889625 124.479843 83.481025 142.021543
r125 79.325033 160.961515 94.938633 168.914015
r126 69.151687 16.256237 79.627687 28.108737
r127 63.153032 27.177818 89.270532 48.396018
r128 59.535159 74.276610 84.549559 85.636710
r129 65.498661 97.434532 76.163761 124.079232
r130 84.856823 121.678582 102.315423 153.420382
r131 85.904309 151.275649 94.777809 165.268649
r132 61.995801 0.000000 92.087301 31.354400
r133 72.318861 30.473203 82.101661 53.319503
r134 64.697195 50.956426 89.881295 72.961026
r135 76.677101 82.582929 95.506501 112.013929
r136 101.050573 132.885969 118.014773 140.205269
r137 90.343685 137.621366 138.853685 157.070966
r138 93.927529 0.000000 130.904229 25.516100
r139 94.126213 29.574289 132.628313 54.079489
r140 95.178919 51.752679 108.159919 61.317979
r141 96.774061 79.125572 103.963761 96.395672
r142 103.063670 104.010420 145.968570 126.000920
r143 145.925541 98.744795 185.962841 122.310295
r144 41.898151 85.074241 43.638951 86.482141
r145 27.373544 88.557959 40.907244 111.340559
r146 19.263325 114.634919 46.046725 126.147019
r147 22.734282 148.304245 49.611682 159.776045
r148 19.353156 163.991747 42.053356 187.082647
r149 36.652283 169.185187 39.578983 170.608887
r150 42.617983 72.627528 44.090483 74.292028
r151 27.149994 74.604541 47.832094 89.512741
r152 38.343368 100.529607 44.588468 112.225007
r153 37.421651 136.717607 43.868851 148.046507
r154 17.616058 143.671658 48.674858 160.548258
r155 38.052919 164.573176 39.951619 166.767676
r156 32.270126 26.080881 59.043926 37.597081
r157 32.338506 38.556632 53.490406 53.133732
r158 29.635761 60.873108 55.817561 73.323708
r159 30.722160 126.177397 55.809260 139.171297
r160 27.786171 119.173676 51.868771 140.939076
r161 15.256158 159.650275 61.813758 179.915475
r162 38.220985 7.614667 59.129485 32.684167
r163 27.768430 35.199455 63.397030 49.911455
r164 40.363374 59.221164 58.568774 89.660864
r165 38.297021 90.098806 58.001321 118.222906
r166 34.202400 116.649937 59.220000 154.363437
r167 64.359402 140.387600 85.278402 185.490100
r168 55.992161 28.176350 58.012061 31.889350
r169 25.342363 19.428183 61.956363 45.197083
r170 36.715262 48.394650 66.388362 80.191150
r171 37.151372 82.352594 66.536572 114.460594
r172 61.219889 115.012719 106.349089 135.919319
r173 78.590083 134.912409 82.841283 136.676609
r174 65.254236 34.331153 69.334336 36.169353
r175 68.447088 41.843661 72.200188 43.842061
r176 69.412542 52.814889 103.826342 80.231189
r177 68.905212 83.746053 108.213612 107.748553
r178 85.022532 111.722563 88.318332 113.998163
r179 83.494764 113.047368 87.295564 115.020668
r180 37.885552 83.940796 38.990852 86.158296
r181 31.430024 94.175565 33.599324 95.305465
r182 27.133945 111.445267 28.832345 112.888367
r183 27.893119 145.241559 29.412319 146.854959
r184 29.456576 152.755683 31.295276 155.021783
r185 32.922420 156.916431 36.063120 158.243131
r186 36.312028 76.540961 38.616628 77.604461
r187 29.587777 82.159175 30.626677 84.518375
r188 2.497350 96.821195 28.899150 108.499695
r189 9.226367 135.619260 32.028167 149.141560
r190 26.907384 147.712029 28.730784 149.997129
r191 33.403919 153.289389 35.829019 155.007589
r192 38.351491 50.779804 40.325391 52.021504
r193 12.246004 51.850169 37.160404 64.225869
r194 6.069010 69.279517 26.041610 84.717317
r195 6.366903 117.003946 22.643503 135.947346
r196 4.620540 117.285731 21.459540 148.413831
r197 34.900946 148.213112 37.864846 150.743512
r198 43.055966 44.915995 45.432666 46.669195
r199 7.757023 50.906768 42.837823 65.848468
r200 3.452649 69.790089 35.706749 86.041189
r201 7.148640 95.460867 31.907540 116.631767
r202 0.000000 117.496410 31.236400 147.701610
r203 55.811592 143.701277 59.731092 145.614777
r204 52.723290 41.184214 54.619590 45.139214
r205 39.451458 48.983558 41.960158 51.973158
r206 0.348389 55.070164 34.491389 82.703964
r207 0.200540 86.627317 34.739040 113.944717
r208 65.751214 120.839752 67.906314 124.319852
r209 67.767534 128.585340 70.449934 131.381340
r210 60.559141 40.842436 62.781941 44.216636
r211 61.641191 47.202670 63.740591 50.775170
r212 65.743323 66.529298 67.477723 70.853598
r213 70.008650 96.557657 72.954950 99.103257
r214 72.741658 110.787495 75.040758 114.049695
r215 72.638038 114.713650 75.926938 116.994050

[Iter 3350]
r0 127.765868 89.369411 129.777268 90.588011
r1 132.836212 96.800317 135.240712 97.819717
r2 133.306608 104.653107 150.282708 122.815907
r3 133.583503 134.358101 157.656603 147.166301
r4 140.125916 159.372030 141.375016 161.334230
r5 136.093215 167.476998 137.414715 169.331698
r6 131.566804 80.019871 133.955804 81.045771
r7 135.504395 77.705855 157.598095 91.661555
r8 143.500968 97.807099 170.449468 109.248699
r9 140.848731 122.404276 166.814631 134.278776
r10 138.489575 155.836653 164.838675 167.538553
r11 142.732604 170.790663 144.702604 172.034863
r12 128.312318 41.924229 145.022618 60.375929
r13 143.809610 54.702351 163.144310 70.649551
r14 155.723259 77.626655 175.186859 94.374855
r15 158.435566 108.688489 177.743066 125.572089
r16 151.965310 144.513690 178.251510 156.243490
r17 154.334212 166.221147 171.689012 183.987647
r18 136.448135 16.729509 164.068535 27.892709
r19 150.868313 40.049870 172.352213 54.401770
r20 158.554776 64.864915 169.647576 73.040215
r21 159.674590 108.192064 172.781590 119.954264
r22 157.687100 143.364525 187.390000 161.011525
r23 150.690629 164.236517 179.324429 182.542417
r24 149.951364 24.221844 151.794264 25.551844
r25 154.099770 27.953023 181.002970 39.413823
r26 168.200492 55.191257 185.692592 72.818257
r27 154.983338 91.430094 186.164238 108.240594
r28 153.143400 121.288193 187.390000 136.593893
r29 161.209286 158.265051 164.371986 160.636451
r30 150.548962 27.418856 153.764362 28.714656
r31 159.240466 34.186419 160.988366 36.570219
r32 164.424382 33.719600 182.216982 63.179500
r33 164.459721 63.834038 185.339421 88.938238
r34 162.967004 126.442228 166.047004 127.795028
r35 159.273616 149.983699 163.434516 151.786199
r36 113.325528 89.524738 115.414228 90.698138
r37 103.366800 95.323332 122.803900 111.186432
r38 103.237073 111.934010 127.089573 124.860710
r39 99.108932 135.034083 126.273732 146.384583
r40 98.699207 153.322894 116.584707 170.562094
r41 112.580368 170.801584 113.698168 172.994184
r42 104.749278 73.392798 128.603378 86.318598
r43 115.995785 86.894648 142.176985 98.671548
r44 125.708668 102.358206 135.877068 111.276606
r45 116.446449 132.194693 130.709449 138.552793
r46 114.929671 149.029370 134.530971 164.759570
r47 109.358222 171.472100 128.728422 187.390000
r48 102.119251 33.662312 119.177251 51.737912
r49 110.963148 54.689145 123.397348 61.982445
r50 118.959015 68.944613 138.266915 77.602113
r51 124.369662 119.150320 135.928162 133.612120
r52 126.213428 152.378575 140.487328 158.731875
r53 125.809200 168.574603 148.014000 182.460503
r54 102.972783 18.172267 125.973983 31.577367
r55 111.535237 40.985898 125.707537 47.384698
r56 118.020465 56.509329 134.827765 66.454829
r57 126.290983 96.256619 148.287483 109.175319
r58 126.850188 154.157804 138.703888 167.163604
r59 125.983026 165.544500 149.977226 187.390000
r60 122.103562 7.579443 140.797262 24.073443
r61 123.819880 30.892072 151.323080 42.102872
r62 135.726477 66.492474 148.797977 73.430174
r63 136.773853 86.624575 148.467453 99.808475
r64 124.855626 141.469935 160.073426 156.353535
r65 134.708437 155.793147 168.112637 184.038147
r66 144.513939 23.976906 147.680839 25.292606
r67 134.534619 26.061635 164.761619 43.402635
r68 129.124652 50.404621 162.215852 66.244721
r69 127.934145 71.476587 163.828845 86.079487
r70 135.575006 108.696649 152.575306 139.529449
r71 151.056390 149.496221 155.168290 151.320221
r72 94.257312 79.027620 107.157112 102.929820
r73 71.944600 92.957242 94.333000 106.729242
r74 76.219832 114.369940 88.715932 121.627140
r75 72.741563 142.114456 87.733363 148.163556
r76 61.873370 153.865129 87.563470 165.867129
r77 61.583973 168.537922 83.471173 182.625322
r78 71.280545 73.640606 96.392645 85.918906
r79 77.921967 82.772014 85.851467 91.983114
r80 80.563772 106.519797 96.620372 116.930297
r81 81.463299 128.141883 89.772999 148.257783
r82 85.091022 151.539223 91.402922 163.110923
r83 80.393182 173.287464 102.383282 187.308864
r84 83.991100 36.020635 97.117900 41.584735
r85 84.225813 35.312044 95.118613 50.657644
r86 80.279208 49.278972 101.101208 71.997272
r87 84.839728 120.695656 109.609628 136.230856
r88 92.983472 145.129842 105.103572 158.921542
r89 91.569574 166.789235 102.253974 173.625235
r90 90.023381 19.987769 102.835481 29.679069
r91 92.676555 28.459622 104.055055 53.433722
r92 100.841949 57.891890 113.032549 71.603790
r93 94.151362 104.260344 108.079562 124.662544
r94 100.800403 148.606550 119.421103 163.867350
r95 102.811480 162.637168 114.558580 173.207168
r96 99.115925 4.736257 125.695625 24.456757
r97 101.195008 35.321513 113.644808 45.294913
r98 90.497560 61.212743 127.156360 76.329643
r99 104.003559 84.824158 127.083959 108.834458
r100 109.544318 142.731325 123.202318 151.822425
r101 95.796770 161.641288 133.250670 186.832288
r102 134.016200 0.000000 157.204000 40.689600
r103 112.493884 25.392585 133.827784 49.962285
r104 117.039004 49.676520 125.034704 65.205720
r105 112.023828 76.483994 124.888628 86.135694
r106 109.955004 114.405283 132.866204 137.283483
r107 136.965702 127.485665 177.764002 150.611565
r108 49.971227 77.738165 68.067227 94.776965
r109 45.012437 94.980718 72.036537 106.390318
r110 53.095476 116.612847 62.152376 124.677347
r111 54.596166 146.510538 65.996066 152.917538
r112 46.750477 148.460533 76.187577 166.266833
r113 43.035652 169.660900 72.600952 187.390000
r114 49.653047 53.144528 72.659847 66.546328
r115 55.776326 77.037699 65.234126 84.760399
r116 49.311852 108.228253 73.533352 121.686553
r117 51.257232 133.869182 74.365232 147.975982
r118 71.849560 143.803352 79.100960 160.926352
r119 71.022339 171.653489 104.362339 187.375289
r120 63.806700 33.981132 74.640800 40.722732
r121 57.730438 35.149803 79.208538 50.327203
r122 65.496353 58.517490 75.619753 75.029490
r123 67.806667 119.199765 77.125467 137.137365
r124 51.728958 124.610985 83.320358 142.152685
r125 79.265946 160.938679 94.879546 168.891179
r126 69.026645 16.125895 79.502645 27.978395
r127 63.060316 27.212828 89.177816 48.431028
r128 59.456185 74.314063 84.470585 85.674163
r129 65.503442 97.421346 76.168542 124.066046
r130 84.612484 121.620288 102.071084 153.362088
r131 85.862510 151.247831 94.736010 165.240831
r132 61.934563 0.000000 92.026063 31.354400
r133 72.083776 30.648537 81.866576 53.494837
r134 64.626622 50.990118 89.810722 72.994718
r135 76.754922 82.638210 95.584322 112.069210
r136 101.006985 132.969111 117.971185 140.288411
r137 90.437901 137.304210 138.947901 156.753810
r138 94.058900 0.056171 131.035600 25.572271
r139 94.357273 29.624240 132.859373 54.129440
r140 95.137221 51.578783 108.118221 61.144083
r141 96.788389 79.077377 103.978089 96.347477
r142 104.113218 103.500834 147.018118 125.491334
r143 146.095011 99.581340 186.132311 123.146840
r144 41.769581 85.046835 43.510381 86.454735
r145 27.275520 88.712742 40.809220 111.495342
r146 19.145183 114.700222 45.928583 126.212322
r147 22.713330 148.404487 49.590730 159.876287
r148 19.308532 163.995403 42.008732 187.086303
r149 36.590537 169.226396 39.517237 170.650096
r150 42.484477 72.640084 43.956977 74.304584
r151 27.104894 74.711518 47.786994 89.619718
r152 38.268265 100.358392 44.513365 112.053792
r153 37.322655 136.782272 43.769855 148.111172
r154 17.421000 143.745920 48.479800 160.622520
r155 38.008106 164.548217 39.906806 166.742717
r156 32.112361 25.917993 58.886161 37.434193
r157 32.239236 38.514343 53.391136 53.091443
r158 29.532667 60.888295 55.714467 73.338895
r159 30.617515 126.254960 55.704615 139.248860
r160 27.438767 119.155673 51.521367 140.921073
r161 15.348757 158.834545 61.906357 179.099745
r162 38.107985 7.640598 59.016485 32.710098
r163 27.733997 35.238860 63.362597 49.950860
r164 40.200481 59.190824 58.405881 89.630524
r165 38.268300 90.091112 57.972600 118.215212
r166 34.613920 117.302187 59.631520 155.015687
r167 64.473121 140.271348 85.392121 185.373848
r168 55.886896 28.118215 57.906796 31.831215
r169 25.396701 19.642964 62.010701 45.411864
r170 36.720074 48.421418 66.393174 80.217918
r171 36.970247 82.889523 66.355447 114.997523
r172 61.556570 115.202694 106.685770 136.109294
r173 78.150549 134.947580 82.401749 136.711780
r174 64.991539 34.443007 69.071639 36.281207
r175 68.264858 41.994667 72.017958 43.993067
r176 69.259332 53.104638 103.673132 80.520938
r177 68.513160 84.170912 107.821560 108.173412
r178 84.885133 111.673276 88.180933 113.948876
r179 83.256256 113.516618 87.057056 115.489918
r180 37.743996 83.928031 38.849296 86.145531
r181 31.338114 94.358977 33.507414 95.488877
r182 27.036176 111.464758 28.734576 112.907858
r183 27.839278 145.278161 29.358478 146.891561
r184 29.421776 152.757569 31.260476 155.023669
r185 32.854189 156.937134 35.994889 158.263834
r186 36.144617 76.537194 38.449217 77.600694
r187 29.470671 82.165256 30.509571 84.524456
r188 2.337255 96.804371 28.739055 108.482871
r189 9.170405 135.676657 31.972205 149.198957
r190 26.831698 147.733578 28.655098 150.018678
r191 33.371207 153.285448 35.796307 155.003648
r192 38.232145 50.775662 40.206045 52.017362
r193 12.079879 51.859786 36.994279 64.235486
r194 6.007324 69.290949 25.979924 84.728749
r195 6.219110 117.029263 22.495710 135.972663
r196 4.355551 117.398453 21.194551 148.526553
r197 34.948777 148.336824 37.912677 150.867224
r198 42.837861 44.918121 45.214561 46.671321
r199 7.574066 50.898772 42.654866 65.840472
r200 3.369592 69.853274 35.623692 86.104374
r201 7.107118 95.596102 31.866018 116.767002
r202 0.000000 117.536558 31.236400 147.741758
r203 55.821180 143.711574 59.740680 145.625074
r204 52.423749 41.207207 54.320049 45.162207
r205 39.193307 48.912192 41.702007 51.901792
r206 0.279675 55.111058 34.422675 82.744858
r207 0.000000 86.673027 34.538500 113.990427
r208 65.659746 120.781528 67.814846 124.261628
r209 67.631557 128.552948 70.313957 131.348948
r210 60.311555 40.899603 62.534355 44.273803
r211 61.547673 47.271749 63.647073 50.844249
r212 65.718638 66.646542 67.453038 70.970842
r213 70.070989 96.720700 73.017289 99.266300
r214 72.571985 110.797750 74.871085 114.059950
r215 72.662078 114.700215 75.950978 116.980615

[Iter 3400]
r0 127.849183 89.374549 129.860583 90.593149
r1 132.920885 96.806283 135.325385 97.825683
r2 133.340237 104.743361 150.316337 122.906161
r3 133.645901 134.427469 157.719001 147.235669
r4 140.179387 159.384796 141.428487 161.346996
r5 136.118223 167.494803 137.439723 169.349503
r6 131.614333 79.960020 134.003333 80.985920
r7 135.577064 77.530320 157.670764 91.486020
r8 143.579990 97.735854 170.528490 109.177454
r9 140.972070 122.386792 166.937970 134.261292
r10 138.543791 155.903925 164.892891 167.605825
r11 142.784885 170.793990 144.754885 172.038190
r12 128.376427 41.924337 145.086727 60.376037
r13 143.966987 54.664473 163.301687 70.611673
r14 155.903506 77.634186 175.367106 94.382386
r15 158.563181 108.554333 177.870681 125.437933
r16 152.161757 144.446720 178.447957 156.176520
r17 154.447956 166.282427 171.802756 184.048927
r18 136.534035 16.480006 164.154435 27.643206
r19 151.049789 40.088370 172.533689 54.440270
r20 158.707175 64.856384 169.799975 73.031684
r21 159.598203 108.183516 172.705203 119.945716
r22 157.660670 143.256952 187.363570 160.903952
r23 150.843050 164.255666 179.476850 182.561566
r24 149.944807 24.101923 151.787707 25.431923
r25 154.137542 27.852658 181.040742 39.313458
r26 168.485301 55.241549 185.977401 72.868549
r27 155.087348 91.341844 186.268248 108.152344
r28 153.113999 121.135361 187.360599 136.441061
r29 161.228128 158.268176 164.390828 160.639576
r30 150.496471 27.355081 153.711871 28.650881
r31 159.243388 34.108198 160.991288 36.491998
r32 164.550194 33.497894 182.342794 62.957794
r33 164.563635 63.691717 185.443335 88.795917
r34 162.918037 126.407213 165.998037 127.760013
r35 159.204836 150.001605 163.365736 151.804105
r36 113.353562 89.448575 115.442262 90.621975
r37 103.366355 95.320358 122.803455 111.183458
r38 103.212447 111.950305 127.064947 124.877005
r39 99.065019 135.024630 126.229819 146.375130
r40 98.601086 153.312648 116.486586 170.551848
r41 112.524533 170.874023 113.642333 173.066623
r42 104.768275 73.348553 128.622375 86.274353
r43 116.175228 86.886054 142.356428 98.662954
r44 125.814773 102.296690 135.983173 111.215090
r45 116.482876 132.254347 130.745876 138.612447
r46 114.903618 149.013678 134.504918 164.743878
r47 109.263798 171.472100 128.633998 187.390000
r48 102.022113 33.598745 119.080113 51.674345
r49 110.872586 54.705680 123.306786 61.998980
r50 118.972098 68.867107 138.279998 77.524607
r51 124.344628 119.118327 135.903128 133.580127
r52 126.191523 152.415500 140.465423 158.768800
r53 125.852745 168.604795 148.057545 182.490695
r54 102.916618 18.077906 125.917818 31.483006
r55 111.460548 40.809581 125.632848 47.208381
r56 118.031270 56.319896 134.838570 66.265396
r57 126.340368 95.957896 148.336868 108.876596
r58 126.429777 154.370196 138.283477 167.375996
r59 126.093888 165.544500 150.088088 187.390000
r60 122.054873 7.388671 140.748573 23.882671
r61 123.856276 30.722003 151.359476 41.932803
r62 135.829628 66.538414 148.901128 73.476114
r63 136.821803 86.484521 148.515403 99.668421
r64 124.848467 141.594786 160.066267 156.478386
r65 134.963751 156.084652 168.367951 184.329652
r66 144.403107 23.924520 147.570007 25.240220
r67 134.588170 25.989696 164.815170 43.330696
r68 129.203565 50.409793 162.294765 66.249893
r69 128.021640 71.345884 163.916340 85.948784
r70 135.633225 108.695403 152.633525 139.528203
r71 151.194976 149.593430 155.306876 151.417430
r72 94.328257 78.923985 107.228057 102.826185
r73 71.907394 92.943234 94.295794 106.715234
r74 76.047808 114.359257 88.543908 121.616457
r75 72.739634 142.050409 87.731434 148.099509
r76 61.668448 153.891328 87.358548 165.893328
r77 61.427518 168.657364 83.314718 182.744764
r78 71.279419 73.577654 96.391519 85.855954
r79 77.886697 82.683425 85.816197 91.894525
r80 80.585483 106.502251 96.642083 116.912751
r81 81.359138 128.167407 89.668838 148.283307
r82 85.081521 151.678603 91.393421 163.250303
r83 80.327530 173.326298 102.317630 187.347698
r84 83.945202 35.877319 97.072002 41.441419
r85 84.108434 35.117401 95.001234 50.463001
r86 80.166931 49.159297 100.988931 71.877597
r87 84.780978 120.686425 109.550878 136.221625
r88 92.936799 145.047806 105.056899 158.839506
r89 91.464177 166.757661 102.148577 173.593661
r90 89.920758 19.874452 102.732858 29.565752
r91 92.568787 28.251080 103.947287 53.225180
r92 100.899162 57.832668 113.089762 71.544568
r93 94.106093 104.143844 108.034293 124.546044
r94 100.612210 148.700221 119.232910 163.961021
r95 102.702888 162.718692 114.449988 173.288692
r96 99.131988 4.514415 125.711688 24.234915
r97 101.046349 35.275194 113.496149 45.248594
r98 90.371966 60.999186 127.030766 76.116086
r99 103.991027 84.651183 127.071427 108.661483
r100 109.515565 142.822795 123.173565 151.913895
r101 95.924674 161.861631 133.378574 187.052631
r102 134.195725 0.004921 157.383525 40.694521
r103 112.459640 25.218965 133.793540 49.788665
r104 117.193660 49.469686 125.189360 64.998886
r105 112.004514 76.183095 124.869314 85.834795
r106 109.907104 114.423046 132.818304 137.301246
r107 137.186685 127.670915 177.984985 150.796815
r108 49.885167 77.669997 67.981167 94.708797
r109 45.065431 95.058577 72.089531 106.468177
r110 52.852327 116.654578 61.909227 124.719078
r111 54.409799 146.593519 65.809699 153.000519
r112 46.481079 148.495263 75.918179 166.301563
r113 42.922524 169.660900 72.487824 187.390000
r114 49.502162 52.929370 72.508962 66.331170
r115 55.760018 76.991982 65.217818 84.714682
r116 49.212810 108.360933 73.434310 121.819233
r117 51.075807 133.981482 74.183807 148.088282
r118 71.922021 143.958424 79.173421 161.081424
r119 71.059142 171.652320 104.399142 187.374120
r120 63.693679 33.770085 74.527779 40.511685
r121 57.582638 34.986960 79.060738 50.164360
r122 65.432060 58.429634 75.555460 74.941634
r123 67.790768 119.279576 77.109568 137.217176
r124 51.322220 124.495511 82.913620 142.037211
r125 79.334794 160.763256 94.948394 168.715756
r126 68.762357 16.067831 79.238357 27.920331
r127 62.982621 27.134840 89.100121 48.353040
r128 59.225865 74.526736 84.240265 85.886836
r129 65.490459 97.531365 76.155559 124.176065
r130 84.459394 121.622032 101.917994 153.363832
r131 85.662853 151.374943 94.536353 165.367943
r132 61.977693 0.000000 92.069193 31.354400
r133 71.879739 30.995087 81.662539 53.841387
r134 64.535832 51.031847 89.719932 73.036447
r135 76.775571 82.546422 95.604971 111.977422
r136 101.022771 133.185482 117.986971 140.504782
r137 90.727354 137.403749 139.237354 156.853349
r138 94.202906 0.000000 131.179606 25.516100
r139 94.019752 29.580309 132.521852 54.085509
r140 95.147143 51.385957 108.128143 60.951257
r141 96.780616 78.901060 103.970316 96.171160
r142 103.752492 103.527483 146.657392 125.517983
r143 146.066776 99.160413 186.104076 122.725913
r144 41.615681 85.010603 43.356481 86.418503
r145 27.153102 88.883578 40.686802 111.666178
r146 18.988886 114.722437 45.772286 126.234537
r147 22.596117 148.719327 49.473517 160.191127
r148 19.108031 164.136366 41.808231 187.227266
r149 36.507017 169.246509 39.433717 170.670209
r150 42.326856 72.620524 43.799356 74.285024
r151 27.018305 74.732506 47.700405 89.640706
r152 38.317337 100.077155 44.562437 111.772555
r153 37.146537 136.803403 43.593737 148.132303
r154 17.180659 143.781218 48.239459 160.657818
r155 37.765972 164.374129 39.664672 166.568629
r156 32.016573 25.757454 58.790373 37.273654
r157 32.095460 38.395442 53.247360 52.972542
r158 29.388924 60.844806 55.570724 73.295406
r159 30.469582 126.434817 55.556682 139.428717
r160 27.271876 119.155364 51.354476 140.920764
r161 15.114659 158.597771 61.672259 178.862971
r162 38.002709 7.544059 58.911209 32.613559
r163 27.665947 35.262333 63.294547 49.974333
r164 40.090790 59.262924 58.296190 89.702624
r165 38.191564 89.968671 57.895864 118.092771
r166 34.748294 117.679693 59.765894 155.393193
r167 64.252276 139.548679 85.171276 184.651179
r168 55.922594 28.273928 57.942494 31.986928
r169 24.639896 17.759182 61.253896 43.528082
r170 36.867774 48.679579 66.540874 80.476079
r171 37.089094 83.176453 66.474294 115.284453
r172 61.188568 115.113417 106.317768 136.020017
r173 78.081061 134.880257 82.332261 136.644457
r174 64.789544 34.452441 68.869644 36.290641
r175 68.117456 42.014488 71.870556 44.012888
r176 69.695546 53.306220 104.109346 80.722520
r177 68.809814 84.570654 108.118214 108.573154
r178 84.819239 111.678970 88.115039 113.954570
r179 83.154830 113.827661 86.955630 115.800961
r180 37.587912 83.898483 38.693212 86.115983
r181 31.226605 94.573495 33.395905 95.703395
r182 26.904901 111.493273 28.603301 112.936373
r183 27.751424 145.360998 29.270624 146.974398
r184 29.336672 152.749242 31.175372 155.015342
r185 32.832254 156.943938 35.972954 158.270638
r186 36.006993 76.509311 38.311593 77.572811
r187 29.336806 82.192790 30.375706 84.551990
r188 2.062488 96.795428 28.464288 108.473928
r189 9.076719 135.739438 31.878519 149.261738
r190 26.705200 147.752557 28.528600 150.037657
r191 33.310685 153.280944 35.735785 154.999144
r192 38.185149 50.775772 40.159049 52.017472
r193 11.834203 51.798502 36.748603 64.174202
r194 5.865080 69.283298 25.837680 84.721098
r195 5.987195 117.021768 22.263795 135.965168
r196 4.053076 117.452046 20.892076 148.580146
r197 34.849577 148.031619 37.813477 150.562019
r198 42.877001 44.926910 45.253701 46.680110
r199 7.236149 50.999520 42.316949 65.941220
r200 3.199256 70.015625 35.453356 86.266725
r201 6.980152 95.674708 31.739052 116.845608
r202 0.000000 117.729561 31.236400 147.934761
r203 55.881101 143.635444 59.800601 145.548944
r204 52.839308 41.117379 54.735608 45.072379
r205 38.695496 49.004230 41.204196 51.993830
r206 0.323027 55.144069 34.466027 82.777869
r207 0.008897 86.760909 34.547397 114.078309
r208 65.705255 121.033718 67.860355 124.513818
r209 67.676724 128.506989 70.359124 131.302989
r210 60.263408 40.852704 62.486208 44.226904
r211 61.399716 47.236819 63.499116 50.809319
r212 65.586570 66.674024 67.320970 70.998324
r213 70.060811 96.796707 73.007111 99.342307
r214 72.704711 110.985759 75.003811 114.247959
r215 72.678432 114.665747 75.967332 116.946147

[Iter 3450]
r0 127.920768 89.369129 129.932168 90.587729
r1 132.982049 96.804024 135.386549 97.823424
r2 133.390764 104.901307 150.366864 123.064107
r3 133.529851 134.410641 157.602951 147.218841
r4 140.154540 159.371063 141.403640 161.333263
r5 136.146990 167.510063 137.468490 169.364763
r6 131.654907 79.889099 134.043907 80.914999
r7 135.565982 77.401455 157.659682 91.357155
r8 143.300561 97.656039 170.249061 109.097639
r9 141.114224 122.450653 167.080124 134.325153
r10 138.491970 155.832225 164.841070 167.534125
r11 142.812483 170.785211 144.782483 172.029411
r12 128.400964 41.913453 145.111264 60.365153
r13 143.951884 54.618849 163.286584 70.566049
r14 155.882421 77.656623 175.346021 94.404823
r15 158.509973 108.466676 177.817473 125.350276
r16 152.186749 144.516044 178.472949 156.245844
r17 154.424648 166.198030 171.779448 183.964530
r18 136.612974 16.366523 164.233374 27.529723
r19 151.124719 40.079934 172.608619 54.431834
r20 158.854848 64.922257 169.947648 73.097557
r21 159.515705 108.129989 172.622705 119.892189
r22 157.687100 143.184500 187.390000 160.831500
r23 150.882185 164.126111 179.515985 182.432011
r24 149.986350 24.018725 151.829250 25.348725
r25 153.876212 27.847782 180.779412 39.308582
r26 168.409280 55.398012 185.901380 73.025012
r27 155.176904 91.313116 186.357804 108.123616
r28 153.143400 121.217339 187.390000 136.523039
r29 161.250017 158.282774 164.412717 160.654174
r30 150.505096 27.290351 153.720496 28.586151
r31 159.212811 34.085083 160.960711 36.468883
r32 164.513343 33.537452 182.305943 62.997352
r33 164.527019 63.701264 185.406719 88.805464
r34 162.854837 126.466903 165.934837 127.819703
r35 159.085689 150.348110 163.246589 152.150610
r36 113.376503 89.421737 115.465203 90.595137
r37 103.353766 95.237328 122.790866 111.100428
r38 103.225586 111.865255 127.078086 124.791955
r39 99.003793 134.990913 126.168593 146.341413
r40 98.581948 153.331472 116.467448 170.570672
r41 112.437780 170.859342 113.555580 173.051942
r42 104.771874 73.307244 128.625974 86.233044
r43 116.130825 86.863004 142.312025 98.639904
r44 125.728289 102.370880 135.896689 111.289280
r45 116.362330 132.275327 130.625330 138.633427
r46 114.827753 148.981272 134.429053 164.711472
r47 109.273222 171.472100 128.643422 187.390000
r48 102.138802 33.716374 119.196802 51.791974
r49 110.865118 54.645212 123.299318 61.938512
r50 118.777593 68.821307 138.085493 77.478807
r51 124.337542 119.129901 135.896042 133.591701
r52 126.118297 152.495758 140.392197 158.849058
r53 125.809727 168.572404 148.014527 182.458304
r54 102.826030 17.996488 125.827230 31.401588
r55 111.549998 40.652621 125.722298 47.051421
r56 118.058480 56.340700 134.865780 66.286200
r57 126.305811 96.253348 148.302311 109.172048
r58 126.367315 154.233793 138.221015 167.239593
r59 126.176771 165.544500 150.170971 187.390000
r60 122.071995 7.582658 140.765695 24.076658
r61 123.860423 30.758802 151.363623 41.969602
r62 135.801954 66.405957 148.873454 73.343657
r63 136.843229 86.586985 148.536829 99.770885
r64 124.814030 141.551922 160.031830 156.435522
r65 135.030177 156.176343 168.434377 184.421343
r66 144.346090 23.909412 147.512990 25.225112
r67 134.551805 26.013306 164.778805 43.354306
r68 129.214074 50.457729 162.305274 66.297829
r69 127.932117 71.387023 163.826817 85.989923
r70 135.495880 108.727211 152.496180 139.560011
r71 151.247351 149.515393 155.359251 151.339393
r72 94.292206 78.794036 107.192006 102.696236
r73 71.929524 92.896310 94.317924 106.668310
r74 75.878790 114.352777 88.374890 121.609977
r75 72.637818 142.039116 87.629618 148.088216
r76 61.573401 153.890166 87.263501 165.892166
r77 61.468418 168.553783 83.355618 182.641183
r78 71.241346 73.513802 96.353446 85.792102
r79 77.926437 82.657811 85.855937 91.868911
r80 80.458262 106.425000 96.514862 116.835500
r81 81.342574 128.151432 89.652274 148.267332
r82 85.089116 151.679756 91.401016 163.251456
r83 80.279690 173.334651 102.269790 187.356051
r84 83.866683 35.852496 96.993483 41.416596
r85 84.059636 35.120987 94.952436 50.466587
r86 80.050848 49.125199 100.872848 71.843499
r87 84.690926 120.594954 109.460826 136.130154
r88 92.835216 145.027837 104.955316 158.819537
r89 91.437878 166.704718 102.122278 173.540718
r90 89.903813 19.792070 102.715913 29.483370
r91 92.567193 28.169534 103.945693 53.143634
r92 100.688895 57.700822 112.879495 71.412722
r93 94.230447 104.182006 108.158647 124.584206
r94 100.560765 148.699142 119.181465 163.959942
r95 102.672019 162.651177 114.419119 173.221177
r96 99.159754 4.530041 125.739454 24.250541
r97 101.042953 35.199661 113.492753 45.173061
r98 90.473685 60.895812 127.132485 76.012712
r99 103.996565 84.600181 127.076965 108.610481
r100 109.482167 142.738775 123.140167 151.829875
r101 96.062500 161.862068 133.516400 187.053068
r102 133.863461 0.000000 157.051261 40.689600
r103 112.459974 25.232613 133.793874 49.802313
r104 117.224764 49.375876 125.220464 64.905076
r105 111.969004 76.105632 124.833804 85.757332
r106 109.893712 114.345538 132.804912 137.223738
r107 136.794555 127.706579 177.592855 150.832479
r108 49.968843 77.602083 68.064843 94.640883
r109 45.073752 94.976420 72.097852 106.386020
r110 52.860682 116.642758 61.917582 124.707258
r111 54.348561 146.575338 65.748461 152.982338
r112 46.559920 148.436122 75.997020 166.242422
r113 42.913354 169.660900 72.478654 187.390000
r114 49.323976 52.927273 72.330776 66.329073
r115 55.736132 77.007415 65.193932 84.730115
r116 49.093646 108.276752 73.315146 121.735052
r117 50.979834 134.007579 74.087834 148.114379
r118 71.924840 144.009197 79.176240 161.132197
r119 70.932627 171.668200 104.272627 187.390000
r120 63.627457 33.651122 74.461557 40.392722
r121 57.505290 34.887603 78.983390 50.065003
r122 65.347796 58.252483 75.471196 74.764483
r123 67.674546 119.296377 76.993346 137.233977
r124 51.545595 124.695083 83.136995 142.236783
r125 79.270519 160.781239 94.884119 168.733739
r126 68.679030 15.981821 79.155030 27.834321
r127 62.950232 27.167243 89.067732 48.385443
r128 59.194996 74.404564 84.209396 85.764664
r129 65.569154 97.537135 76.234254 124.181835
r130 84.449494 121.536984 101.908094 153.278784
r131 85.610731 151.341294 94.484231 165.334294
r132 61.741391 0.000000 91.832891 31.354400
r133 71.960949 30.770847 81.743749 53.617147
r134 64.542859 50.998388 89.726959 73.002988
r135 76.833899 82.558646 95.663299 111.989646
r136 101.018318 133.090509 117.982518 140.409809
r137 90.544165 137.898398 139.054165 157.347998
r138 93.729094 0.000000 130.705794 25.516100
r139 94.618297 29.914922 133.120397 54.420122
r140 95.088773 51.374128 108.069773 60.939428
r141 96.848863 78.865047 104.038563 96.135147
r142 104.009773 103.459307 146.914673 125.449807
r143 146.364915 99.211743 186.402215 122.777243
r144 41.470091 84.966236 43.210891 86.374136
r145 27.125641 88.942880 40.659341 111.725480
r146 18.938025 114.693256 45.721425 126.205356
r147 22.462634 148.750030 49.340034 160.221830
r148 19.129072 164.073837 41.829272 187.164737
r149 36.423770 169.341301 39.350470 170.765001
r150 42.272306 72.594028 43.744806 74.258528
r151 27.040688 74.822776 47.722788 89.730976
r152 38.215329 99.806409 44.460429 111.501809
r153 36.932543 136.831843 43.379743 148.160743
r154 17.148642 143.776613 48.207442 160.653213
r155 37.800128 164.626174 39.698828 166.820674
r156 31.923582 25.794302 58.697382 37.310502
r157 32.005740 38.476394 53.157640 53.053494
r158 29.319899 60.929475 55.501699 73.380075
r159 30.350892 126.323083 55.437992 139.316983
r160 27.227487 119.220220 51.310087 140.985620
r161 15.262442 158.814374 61.820042 179.079574
r162 37.987224 7.668709 58.895724 32.738209
r163 27.590204 35.311823 63.218804 50.023823
r164 40.020457 59.221554 58.225857 89.661254
r165 38.259555 90.146167 57.963855 118.270267
r166 34.468293 117.638696 59.485893 155.352196
r167 64.406740 139.922036 85.325740 185.024536
r168 55.830232 28.269123 57.850132 31.982123
r169 24.700917 18.393774 61.314917 44.162674
r170 36.482276 48.899438 66.155376 80.695938
r171 36.874339 83.265470 66.259539 115.373470
r172 61.595711 114.929755 106.724911 135.836355
r173 78.200355 134.932548 82.451555 136.696748
r174 64.731868 34.364765 68.811968 36.202965
r175 68.049227 41.928512 71.802327 43.926912
r176 69.259134 53.037512 103.672934 80.453812
r177 68.640870 84.667787 107.949270 108.670287
r178 84.848026 111.739258 88.143826 114.014858
r179 83.096439 113.502534 86.897239 115.475834
r180 37.387433 83.879130 38.492733 86.096630
r181 31.085708 94.757481 33.255008 95.887381
r182 26.777390 111.506121 28.475790 112.949221
r183 27.632543 145.416016 29.151743 147.029416
r184 29.220094 152.756658 31.058794 155.022758
r185 32.708758 156.946994 35.849458 158.273694
r186 35.838017 76.493029 38.142617 77.556529
r187 29.214002 82.290327 30.252902 84.649527
r188 2.017488 96.794492 28.419288 108.472992
r189 9.065143 135.732196 31.866943 149.254496
r190 26.610890 147.747945 28.434290 150.033045
r191 33.257870 153.290914 35.682970 155.009114
r192 38.059477 50.797002 40.033377 52.038702
r193 11.797669 51.868576 36.712069 64.244276
r194 5.895456 69.299530 25.868056 84.737330
r195 5.963432 117.099143 22.240032 136.042543
r196 4.059096 117.475569 20.898096 148.603669
r197 34.915173 148.385853 37.879073 150.916253
r198 42.776608 44.935407 45.153308 46.688607
r199 7.245889 50.962442 42.326689 65.904142
r200 3.237108 69.988368 35.491208 86.239468
r201 7.012900 95.680088 31.771800 116.850988
r202 0.000000 117.673277 31.236400 147.878477
r203 56.377516 143.648124 60.297016 145.561624
r204 52.658558 41.166504 54.554858 45.121504
r205 38.567906 48.910540 41.076606 51.900140
r206 0.110493 55.200791 34.253493 82.834591
r207 0.047229 86.774306 34.585729 114.091706
r208 65.747406 120.960381 67.902506 124.440481
r209 67.630339 128.482076 70.312739 131.278076
r210 60.192087 40.832017 62.414887 44.206217
r211 61.334847 47.165741 63.434247 50.738241
r212 65.477239 66.739485 67.211639 71.063785
r213 70.055117 96.808475 73.001417 99.354075
r214 72.741616 110.972800 75.040716 114.235000
r215 72.680506 114.682778 75.969406 116.963178

[Iter 3500]
r0 127.932568 89.330074 129.943968 90.548674
r1 133.004809 96.808055 135.409309 97.827455
r2 133.541265 105.063606 150.517365 123.226406
r3 133.565257 134.447653 157.638357 147.255853
r4 140.143942 159.372527 141.393042 161.334727
r5 136.133576 167.499482 137.455076 169.354182
r6 131.635757 79.828174 134.024757 80.854074
r7 135.563727 77.196361 157.657427 91.152061
r8 143.237933 97.528520 170.186433 108.970120
r9 141.303111 122.445216 167.269011 134.319716
r10 138.529799 155.858349 164.878899 167.560249
r11 142.830067 170.778090 144.800067 172.022290
r12 128.396652 41.922863 145.106952 60.374563
r13 143.988959 54.579747 163.323659 70.526947
r14 156.054683 77.673856 175.518283 94.422056
r15 158.710292 108.319075 178.017792 125.202675
r16 152.369905 144.497325 178.656105 156.227125
r17 154.548155 166.220975 171.902955 183.987475
r18 136.745413 15.993289 164.365813 27.156489
r19 151.311193 40.127729 172.795093 54.479629
r20 158.951211 64.911743 170.044011 73.087043
r21 159.508930 108.139785 172.615930 119.901985
r22 157.687100 143.212648 187.390000 160.859648
r23 151.037383 164.203549 179.671183 182.509449
r24 150.048168 23.942842 151.891068 25.272842
r25 153.766580 27.708604 180.669780 39.169404
r26 168.547699 55.542206 186.039799 73.169206
r27 155.275834 91.227632 186.456734 108.038132
r28 153.143400 121.178135 187.390000 136.483835
r29 161.251776 158.251753 164.414476 160.623153
r30 150.566363 27.274292 153.781763 28.570092
r31 159.168885 34.060913 160.916785 36.444713
r32 164.615714 33.391959 182.408314 62.851859
r33 164.681007 63.572424 185.560707 88.676624
r34 162.815060 126.527783 165.895060 127.880583
r35 159.039539 150.442467 163.200439 152.244967
r36 113.358738 89.422185 115.447438 90.595585
r37 103.298097 95.226982 122.735197 111.090082
r38 103.279861 111.863773 127.132361 124.790473
r39 98.952103 134.961379 126.116903 146.311879
r40 98.544612 153.369109 116.430112 170.608309
r41 112.383220 170.861349 113.501020 173.053949
r42 104.731990 73.270595 128.586090 86.196395
r43 116.212152 86.853490 142.393352 98.630390
r44 125.792138 102.453593 135.960538 111.371993
r45 116.305873 132.304574 130.568873 138.662674
r46 114.793153 148.821845 134.394453 164.552045
r47 109.258186 171.472100 128.628386 187.390000
r48 102.127688 33.727519 119.185688 51.803119
r49 110.742379 54.639171 123.176579 61.932471
r50 118.633301 68.797780 137.941201 77.455280
r51 124.360514 119.143400 135.919014 133.605200
r52 126.131128 152.622188 140.405028 158.975488
r53 125.922027 168.629207 148.126827 182.515107
r54 102.646881 17.873561 125.648081 31.278661
r55 111.495609 40.437892 125.667909 46.836692
r56 118.040907 56.222278 134.848207 66.167778
r57 126.339139 96.151749 148.335639 109.070449
r58 126.069067 154.317650 137.922767 167.323450
r59 126.275010 165.544500 150.269210 187.390000
r60 122.055509 7.650797 140.749209 24.144797
r61 123.929435 30.650941 151.432635 41.861741
r62 135.873365 66.412430 148.944865 73.350130
r63 136.926507 86.484258 148.620107 99.668158
r64 124.778633 141.580966 159.996433 156.464566
r65 134.950868 155.948468 168.355068 184.193468
r66 144.557230 23.931709 147.724130 25.247409
r67 134.610815 26.048121 164.837815 43.389121
r68 129.254804 50.461668 162.346004 66.301768
r69 128.029175 71.251282 163.923875 85.854182
r70 135.466411 108.683070 152.466711 139.515870
r71 151.311905 149.505937 155.423805 151.329937
r72 94.350702 78.615929 107.250502 102.518129
r73 71.916984 92.824993 94.305384 106.596993
r74 75.802108 114.346290 88.298208 121.603490
r75 72.632420 142.016534 87.624220 148.065634
r76 61.398480 153.874301 87.088580 165.876301
r77 61.336770 168.604361 83.223970 182.691761
r78 71.090136 73.471468 96.202236 85.749768
r79 77.859387 82.647497 85.788887 91.858597
r80 80.352210 106.346882 96.408810 116.757382
r81 81.303976 128.129117 89.613676 148.245017
r82 85.093035 151.681344 91.404935 163.253044
r83 80.257831 173.307174 102.247931 187.328574
r84 83.823168 35.724099 96.949968 41.288199
r85 84.002213 34.960654 94.895013 50.306254
r86 79.784781 49.014794 100.606781 71.733094
r87 84.669022 120.548505 109.438922 136.083705
r88 92.818235 145.008329 104.938335 158.800029
r89 91.265033 166.706762 101.949433 173.542762
r90 89.809773 19.634060 102.621873 29.325360
r91 92.521557 28.073276 103.900057 53.047376
r92 100.541743 57.539602 112.732343 71.251502
r93 94.207190 104.134104 108.135390 124.536304
r94 100.397285 148.772122 119.017985 164.032922
r95 102.554979 162.570897 114.302079 173.140897
r96 99.245008 4.441512 125.824708 24.162012
r97 101.006715 35.089809 113.456515 45.063209
r98 90.376479 60.823474 127.035279 75.940374
r99 104.053659 84.496542 127.134059 108.506842
r100 109.344418 142.765297 123.002418 151.856397
r101 95.917660 161.768570 133.371560 186.959570
r102 134.418015 0.005020 157.605815 40.694620
r103 112.456583 25.202383 133.790483 49.772083
r104 117.213537 49.308514 125.209237 64.837714
r105 111.999991 75.948124 124.864791 85.599824
r106 109.853666 114.326657 132.764866 137.204857
r107 137.538712 127.545453 178.337012 150.671353
r108 49.945040 77.523310 68.041040 94.562110
r109 45.078692 94.966415 72.102792 106.376015
r110 52.777694 116.634296 61.834594 124.698796
r111 54.281382 146.588025 65.681282 152.995025
r112 46.390144 148.427498 75.827244 166.233798
r113 42.872666 169.660900 72.437966 187.390000
r114 49.100442 52.634585 72.107242 66.036385
r115 55.648983 76.998300 65.106783 84.721000
r116 48.979834 108.292434 73.201334 121.750734
r117 50.883174 133.967731 73.991174 148.074531
r118 71.998860 144.070906 79.250260 161.193906
r119 70.996273 171.650330 104.336273 187.372130
r120 63.599897 33.436778 74.433997 40.178378
r121 57.399945 34.612373 78.878045 49.789773
r122 65.217959 57.980747 75.341359 74.492747
r123 67.664487 119.328026 76.983287 137.265626
r124 51.378735 124.610713 82.970135 142.152413
r125 79.245211 160.827761 94.858811 168.780261
r126 68.686006 15.861010 79.162006 27.713510
r127 62.903940 27.023959 89.021440 48.242159
r128 59.052769 74.471020 84.067169 85.831120
r129 65.484367 97.481268 76.149467 124.125968
r130 84.428088 121.412240 101.886688 153.154040
r131 85.433661 151.233399 94.307161 165.226399
r132 61.931118 0.000000 92.022618 31.354400
r133 71.213388 31.045608 80.996188 53.891908
r134 64.402611 50.957817 89.586711 72.962417
r135 76.819015 82.450767 95.648415 111.881767
r136 101.007981 133.118570 117.972181 140.437870
r137 90.935418 137.531324 139.445418 156.980924
r138 94.234266 0.343032 131.210966 25.859132
r139 95.312783 30.049342 133.814883 54.554542
r140 94.980276 51.229850 107.961276 60.795150
r141 96.843317 78.785094 104.033017 96.055194
r142 103.871794 103.852232 146.776694 125.842732
r143 145.946893 99.075995 185.984193 122.641495
r144 41.397210 84.909921 43.138010 86.317821
r145 27.043404 88.970246 40.577104 111.752846
r146 18.784790 114.710630 45.568190 126.222730
r147 22.386795 148.876624 49.264195 160.348424
r148 19.040901 164.138905 41.741101 187.229805
r149 36.376736 169.342616 39.303436 170.766316
r150 42.265668 72.545459 43.738168 74.209959
r151 26.982213 74.814158 47.664313 89.722358
r152 38.146940 99.727366 44.392040 111.422766
r153 36.792681 136.918655 43.239881 148.247555
r154 16.954717 143.759808 48.013517 160.636408
r155 37.783701 164.634023 39.682401 166.828523
r156 31.757489 25.672183 58.531289 37.188383
r157 31.912659 38.360430 53.064559 52.937530
r158 29.195980 60.818810 55.377780 73.269410
r159 30.269150 126.373960 55.356250 139.367860
r160 27.082879 119.147400 51.165479 140.912800
r161 15.224834 157.995109 61.782434 178.260309
r162 37.918536 7.566177 58.827036 32.635677
r163 27.526909 35.285606 63.155509 49.997606
r164 39.947271 59.193068 58.152671 89.632768
r165 38.190068 90.048406 57.894368 118.172506
r166 34.612116 117.039546 59.629716 154.753046
r167 64.581245 140.147525 85.500245 185.250025
r168 55.960770 28.198193 57.980670 31.911193
r169 24.838092 19.764614 61.452092 45.533514
r170 36.453012 48.836231 66.126112 80.632731
r171 37.362629 83.020953 66.747829 115.128953
r172 61.256566 115.690878 106.385766 136.597478
r173 78.086344 135.051781 82.337544 136.815981
r174 64.590085 34.539580 68.670185 36.377780
r175 67.883496 42.087815 71.636596 44.086215
r176 69.463456 53.034458 103.877256 80.450758
r177 69.024552 84.564087 108.332952 108.566587
r178 84.925557 111.743062 88.221357 114.018662
r179 83.152028 113.170311 86.952828 115.143611
r180 37.263529 83.829067 38.368829 86.046567
r181 30.981100 94.898616 33.150400 96.028516
r182 26.670985 111.511064 28.369385 112.954164
r183 27.568289 145.446718 29.087489 147.060118
r184 29.190860 152.746540 31.029560 155.012640
r185 32.699154 156.936655 35.839854 158.263355
r186 35.709950 76.478806 38.014550 77.542306
r187 29.092649 82.316993 30.131549 84.676193
r188 1.835252 96.786980 28.237052 108.465480
r189 8.950318 135.779708 31.752118 149.302008
r190 26.570948 147.758253 28.394348 150.043353
r191 33.229510 153.282958 35.654610 155.001158
r192 37.958230 50.792826 39.932130 52.034526
r193 11.652656 51.817040 36.567056 64.192740
r194 5.806877 69.281944 25.779477 84.719744
r195 5.791668 117.154184 22.068268 136.097584
r196 3.783746 117.473786 20.622746 148.601886
r197 34.929434 148.286581 37.893334 150.816981
r198 42.667007 44.946002 45.043707 46.699202
r199 7.018792 51.011655 42.099592 65.953355
r200 3.071514 70.030795 35.325614 86.281895
r201 6.941409 95.664497 31.700309 116.835397
r202 0.000000 117.737864 31.236400 147.943064
r203 56.559212 143.663023 60.478712 145.576523
r204 52.494067 41.201056 54.390367 45.156056
r205 38.633102 48.812474 41.141802 51.802074
r206 0.000000 55.219696 34.143000 82.853496
r207 0.278329 86.814743 34.816829 114.132143
r208 65.646829 120.953371 67.801929 124.433471
r209 67.508540 128.595964 70.190940 131.391964
r210 59.965647 40.880098 62.188447 44.254298
r211 61.088777 47.197940 63.188177 50.770440
r212 65.364247 66.786796 67.098647 71.111096
r213 70.063332 96.843691 73.009632 99.389291
r214 72.616531 110.803700 74.915631 114.065900
r215 72.690635 114.666112 75.979535 116.946512

[Iter 3550]
r0 127.940557 89.234034 129.951957 90.452634
r1 133.044872 96.798308 135.449372 97.817708
r2 133.787568 105.342313 150.763668 123.505113
r3 133.600505 134.482870 157.673605 147.291070
r4 140.172098 159.391484 141.421198 161.353684
r5 136.151848 167.507229 137.473348 169.361929
r6 131.574455 79.725266 133.963455 80.751166
r7 135.581689 76.879903 157.675389 90.835603
r8 142.982326 97.298722 169.930826 108.740322
r9 141.885036 122.471358 167.850936 134.345858
r10 138.624733 155.836007 164.973833 167.537907
r11 142.898746 170.781552 144.868746 172.025752
r12 128.394278 41.769019 145.104578 60.220719
r13 144.041611 54.377715 163.376311 70.324915
r14 156.166791 77.576915 175.630391 94.325115
r15 158.942883 107.957388 178.250383 124.840988
r16 152.712775 144.539849 178.998975 156.269649
r17 154.733433 166.207982 172.088233 183.974482
r18 137.030847 15.298161 164.651247 26.461361
r19 151.550960 39.969743 173.034860 54.321643
r20 159.084545 64.823296 170.177345 72.998596
r21 159.443959 108.084132 172.550959 119.846332
r22 157.687100 143.235242 187.390000 160.882242
r23 151.163765 164.262497 179.797565 182.568397
r24 150.182642 23.673501 152.025542 25.003501
r25 153.531229 27.356471 180.434429 38.817271
r26 168.619533 55.641486 186.111633 73.268486
r27 155.384799 91.056648 186.565699 107.867148
r28 153.143400 121.194514 187.390000 136.500214
r29 161.238434 158.265971 164.401134 160.637371
r30 150.588314 27.166126 153.803714 28.461926
r31 159.121832 33.896096 160.869732 36.279896
r32 164.797221 33.163144 182.589821 62.623044
r33 164.845846 63.382628 185.725546 88.486828
r34 162.743549 126.563605 165.823549 127.916405
r35 159.003194 150.505073 163.164094 152.307573
r36 113.325844 89.421189 115.414544 90.594589
r37 103.286188 95.192743 122.723288 111.055843
r38 103.426230 111.890290 127.278730 124.816990
r39 98.890308 134.958604 126.055108 146.309104
r40 98.498709 153.533909 116.384209 170.773109
r41 112.318899 170.888239 113.436699 173.080839
r42 104.698427 73.206092 128.552527 86.131892
r43 116.290037 86.855378 142.471237 98.632278
r44 125.817100 102.621131 135.985500 111.539531
r45 116.256066 132.446243 130.519066 138.804343
r46 114.771888 148.628833 134.373188 164.359033
r47 109.250288 171.472100 128.620488 187.390000
r48 102.216662 33.679466 119.274662 51.755066
r49 110.627164 54.643197 123.061364 61.936497
r50 118.472559 68.721458 137.780459 77.378958
r51 124.497928 119.241799 136.056428 133.703599
r52 126.151079 152.896391 140.424979 159.249691
r53 126.058897 168.667283 148.263697 182.553183
r54 102.299901 17.683349 125.301101 31.088449
r55 111.623935 40.260171 125.796235 46.658971
r56 118.111263 56.118332 134.918563 66.063832
r57 126.496248 96.090265 148.492748 109.008965
r58 125.381765 154.303975 137.235465 167.309775
r59 126.347947 165.544500 150.342147 187.390000
r60 121.996755 7.606657 140.690455 24.100657
r61 123.998641 30.325782 151.501841 41.536582
r62 135.887732 66.244646 148.959232 73.182346
r63 136.994863 86.317611 148.688463 99.501511
r64 124.679088 141.659608 159.896888 156.543208
r65 135.054977 156.343877 168.459177 184.588877
r66 144.454318 23.888583 147.621218 25.204283
r67 134.694456 25.917908 164.921456 43.258908
r68 129.404539 50.326884 162.495739 66.166984
r69 128.062561 71.045808 163.957261 85.648708
r70 135.361195 108.700667 152.361495 139.533467
r71 151.340463 149.539616 155.452363 151.363616
r72 94.344800 78.412871 107.244600 102.315071
r73 71.860331 92.680071 94.248731 106.452071
r74 75.664125 114.197916 88.160225 121.455116
r75 72.568846 142.062086 87.560646 148.111186
r76 61.167242 153.958184 86.857342 165.960184
r77 61.164467 168.648465 83.051667 182.735865
r78 70.945582 73.318065 96.057682 85.596365
r79 77.783169 82.618061 85.712669 91.829161
r80 80.278881 106.258418 96.335481 116.668918
r81 81.211872 128.136543 89.521572 148.252443
r82 85.093653 151.834901 91.405553 163.406601
r83 80.118160 173.348239 102.108260 187.369639
r84 83.735825 35.561354 96.862625 41.125454
r85 83.855433 34.762671 94.748233 50.108271
r86 79.618463 48.793453 100.440463 71.511753
r87 84.577530 120.502495 109.347430 136.037695
r88 92.693523 145.027416 104.813623 158.819116
r89 91.007410 166.677052 101.691810 173.513052
r90 89.586441 19.289169 102.398541 28.980469
r91 92.494082 27.765661 103.872582 52.739761
r92 100.409091 57.277361 112.599691 70.989261
r93 94.334624 104.117366 108.262824 124.519566
r94 100.054779 149.083873 118.675479 164.344673
r95 102.448683 162.696357 114.195783 173.266357
r96 99.359880 4.160534 125.939580 23.881034
r97 100.964618 34.711132 113.414418 44.684532
r98 90.438278 60.535104 127.097078 75.652004
r99 104.091802 84.169555 127.172202 108.179855
r100 109.157055 142.725024 122.815055 151.816124
r101 95.944604 161.489513 133.398504 186.680513
r102 134.117166 0.000000 157.304966 40.689600
r103 112.487533 24.980719 133.821433 49.550419
r104 117.332299 48.954556 125.327999 64.483756
r105 112.093163 75.568536 124.957963 85.220236
r106 109.630992 114.231813 132.542192 137.110013
r107 137.722138 127.502000 178.520438 150.627900
r108 49.975719 77.342435 68.071719 94.381235
r109 45.050875 94.954460 72.074975 106.364060
r110 52.488534 116.729184 61.545434 124.793684
r111 54.110363 146.738084 65.510263 153.145084
r112 46.130582 148.361176 75.567682 166.167476
r113 42.812697 169.660900 72.377997 187.390000
r114 48.696040 52.439952 71.702840 65.841752
r115 55.370474 76.998129 64.828274 84.720829
r116 48.909092 108.344055 73.130592 121.802355
r117 50.696833 134.147694 73.804833 148.254494
r118 72.040675 144.393964 79.292075 161.516964
r119 70.966151 171.668200 104.306151 187.390000
r120 63.479807 33.126252 74.313907 39.867852
r121 57.229202 34.418778 78.707302 49.596178
r122 65.161454 57.695243 75.284854 74.207243
r123 67.560967 119.444149 76.879767 137.381749
r124 51.056286 124.731651 82.647686 142.273351
r125 79.203421 160.706824 94.817021 168.659324
r126 68.484043 15.593420 78.960043 27.445920
r127 62.840242 26.934456 88.957742 48.152656
r128 58.777798 74.521208 83.792198 85.881308
r129 65.484350 97.493100 76.149450 124.137800
r130 84.348493 121.242809 101.807093 152.984609
r131 85.265062 151.284632 94.138562 165.277632
r132 61.627486 0.000000 91.718986 31.354400
r133 71.349914 30.694742 81.132714 53.541042
r134 64.368717 50.894197 89.552817 72.898797
r135 76.921201 82.346252 95.750601 111.777252
r136 100.951856 133.334179 117.916056 140.653479
r137 91.203990 137.237010 139.713990 156.686610
r138 93.801434 0.000000 130.778134 25.516100
r139 95.187208 29.457229 133.689308 53.962429
r140 94.891112 50.884612 107.872112 60.449912
r141 96.919310 78.613216 104.109010 95.883316
r142 104.307138 104.272716 147.212038 126.263216
r143 146.730812 98.804512 186.768112 122.370012
r144 41.344548 84.808582 43.085348 86.216482
r145 26.946743 89.063625 40.480443 111.846225
r146 18.545164 114.753262 45.328564 126.265362
r147 22.205043 149.044919 49.082443 160.516719
r148 18.916740 164.201101 41.616940 187.292001
r149 36.271197 169.381534 39.197897 170.805234
r150 42.261292 72.439793 43.733792 74.104293
r151 26.871394 74.852913 47.553494 89.761113
r152 38.005118 99.728615 44.250218 111.424015
r153 36.503860 137.007345 42.951060 148.336245
r154 16.486218 143.733423 47.545018 160.610023
r155 37.668373 164.667522 39.567073 166.862022
r156 31.610191 25.437221 58.383991 36.953421
r157 31.666061 38.217631 52.817961 52.794731
r158 28.954806 60.694715 55.136606 73.145315
r159 30.048816 126.428272 55.135916 139.422172
r160 26.631455 119.084689 50.714055 140.850089
r161 15.125245 158.008283 61.682845 178.273483
r162 37.839625 7.502608 58.748125 32.572108
r163 27.431996 35.321961 63.060596 50.033961
r164 39.776574 58.989262 57.981974 89.428962
r165 38.189146 90.073416 57.893446 118.197516
r166 34.681588 117.051631 59.699188 154.765131
r167 64.648394 140.666276 85.567394 185.768776
r168 55.977523 28.226251 57.997423 31.939251
r169 24.797829 19.620727 61.411829 45.389627
r170 36.550092 48.832956 66.223192 80.629456
r171 37.268948 82.996531 66.654148 115.104531
r172 61.446591 115.433680 106.575791 136.340280
r173 78.157021 135.175290 82.408221 136.939490
r174 64.563564 34.394726 68.643664 36.232926
r175 67.891941 41.897259 71.645041 43.895659
r176 69.391482 52.909371 103.805282 80.325671
r177 69.430587 84.952205 108.738987 108.954705
r178 84.968320 111.746662 88.264120 114.022262
r179 83.086982 112.939460 86.887782 114.912760
r180 37.196616 83.719233 38.301916 85.936733
r181 30.863359 95.038545 33.032659 96.168445
r182 26.482108 111.515691 28.180508 112.958791
r183 27.417052 145.524653 28.936252 147.138053
r184 29.035458 152.761763 30.874158 155.027863
r185 32.576126 156.954161 35.716826 158.280861
r186 35.592258 76.410598 37.896858 77.474098
r187 28.910369 82.273510 29.949269 84.632710
r188 1.593248 96.796810 27.995048 108.475310
r189 8.723098 135.902615 31.524898 149.424915
r190 26.409317 147.774419 28.232717 150.059519
r191 33.137804 153.284925 35.562904 155.003125
r192 37.868288 50.789964 39.842188 52.031664
r193 11.313797 51.842067 36.228197 64.217767
r194 5.697002 69.300598 25.669602 84.738398
r195 5.513400 117.237452 21.790000 136.180852
r196 3.294179 117.388484 20.133179 148.516584
r197 34.916321 148.244005 37.880221 150.774405
r198 42.653272 44.961413 45.029972 46.714613
r199 6.654731 50.981502 41.735531 65.923202
r200 2.942990 70.082726 35.197090 86.333826
r201 6.889672 95.634744 31.648572 116.805644
r202 0.102829 117.803854 31.339229 148.009054
r203 57.049666 143.670820 60.969166 145.584320
r204 52.547286 41.184113 54.443586 45.139113
r205 38.545071 48.819967 41.053771 51.809567
r206 0.040848 55.236207 34.183848 82.870007
r207 0.094971 86.833497 34.633471 114.150897
r208 65.598423 120.942027 67.753523 124.422127
r209 67.457195 128.597048 70.139595 131.393048
r210 60.033831 40.839805 62.256631 44.214005
r211 61.130692 47.126307 63.230092 50.698807
r212 65.253101 66.752957 66.987501 71.077257
r213 70.172238 96.835548 73.118538 99.381148
r214 72.633581 110.810667 74.932681 114.072867
r215 72.465211 114.624178 75.754111 116.904578

[Iter 3600]
r0 127.916040 89.169699 129.927440 90.388299
r1 133.047000 96.806196 135.451500 97.825596
r2 133.639353 105.413422 150.615453 123.576222
r3 133.516888 134.482272 157.589988 147.290472
r4 140.153712 159.374643 141.402812 161.336843
r5 136.177549 167.496588 137.499049 169.351288
r6 131.474676 79.604524 133.863676 80.630424
r7 135.450160 76.723517 157.543860 90.679217
r8 142.668967 97.205079 169.617467 108.646679
r9 142.067861 122.598564 168.033761 134.473064
r10 138.479448 155.742418 164.828548 167.444318
r11 142.943985 170.765671 144.913985 172.009871
r12 128.253977 41.607577 144.964277 60.059277
r13 143.938873 54.030484 163.273573 69.977684
r14 155.823577 77.423604 175.287177 94.171804
r15 158.664555 107.822622 177.972055 124.706222
r16 152.729911 144.510815 179.016111 156.240615
r17 154.547257 166.138863 171.902057 183.905363
r18 137.092927 14.965239 164.713327 26.128439
r19 151.295954 39.520002 172.779854 53.871902
r20 158.657259 64.732146 169.750059 72.907446
r21 159.387228 108.114879 172.494228 119.877079
r22 157.687100 143.090704 187.390000 160.737704
r23 150.974762 164.115363 179.608562 182.421263
r24 150.256853 23.353997 152.099753 24.683997
r25 153.207562 26.884194 180.110762 38.344994
r26 168.358351 55.353572 185.850451 72.980572
r27 155.340234 91.163943 186.521134 107.974443
r28 153.143400 121.210180 187.390000 136.515880
r29 161.226436 158.172712 164.389136 160.544112
r30 150.630803 26.967495 153.846203 28.263295
r31 159.053567 33.668675 160.801467 36.052475
r32 164.680223 33.194121 182.472823 62.654021
r33 164.634869 63.459360 185.514569 88.563560
r34 162.688647 126.594107 165.768647 127.946907
r35 158.858223 150.681959 163.019123 152.484459
r36 113.314079 89.423896 115.402779 90.597296
r37 103.337985 95.164532 122.775085 111.027632
r38 103.311104 111.856483 127.163604 124.783183
r39 98.877877 134.942718 126.042677 146.293218
r40 98.430233 153.480605 116.315733 170.719805
r41 112.272485 170.862144 113.390285 173.054744
r42 104.514227 73.157579 128.368327 86.083379
r43 116.218544 86.786193 142.399744 98.563093
r44 125.693233 102.608384 135.861633 111.526784
r45 116.155694 132.362589 130.418694 138.720689
r46 114.650907 148.681047 134.252207 164.411247
r47 109.220922 171.472100 128.591122 187.390000
r48 102.019668 33.634448 119.077668 51.710048
r49 110.638513 54.597070 123.072713 61.890370
r50 118.511339 68.626942 137.819239 77.284442
r51 124.601481 119.241052 136.159981 133.702852
r52 126.063033 152.843846 140.336933 159.197146
r53 125.948655 168.650961 148.153455 182.536861
r54 101.918906 17.664291 124.920106 31.069391
r55 111.521048 40.238642 125.693348 46.637442
r56 118.052786 56.094583 134.860086 66.040083
r57 126.386765 96.243424 148.383265 109.162124
r58 125.215393 154.271596 137.069093 167.277396
r59 126.185303 165.526270 150.179503 187.371770
r60 121.965413 7.684459 140.659113 24.178459
r61 123.736348 30.117562 151.239548 41.328362
r62 135.820602 66.005451 148.892102 72.943151
r63 136.972922 86.498983 148.666522 99.682883
r64 124.663943 141.734364 159.881743 156.617964
r65 135.038495 155.846604 168.442695 184.091604
r66 144.554716 23.812220 147.721616 25.127920
r67 134.641950 25.805130 164.868950 43.146130
r68 129.335597 50.273688 162.426797 66.113788
r69 128.087900 71.173826 163.982600 85.776726
r70 135.334860 108.837922 152.335160 139.670722
r71 151.444351 149.506530 155.556251 151.330530
r72 94.306145 78.498317 107.205945 102.400517
r73 71.873894 92.606771 94.262294 106.378771
r74 75.766529 114.166980 88.262629 121.424180
r75 72.564325 141.964967 87.556125 148.014067
r76 61.286471 153.902511 86.976571 165.904511
r77 61.286640 168.575386 83.173840 182.662786
r78 70.949115 73.229616 96.061215 85.507916
r79 77.821663 82.533609 85.751163 91.744709
r80 80.212682 106.223542 96.269282 116.634042
r81 81.144762 128.028871 89.454462 148.144771
r82 85.085989 151.754518 91.397889 163.326218
r83 80.161233 173.358672 102.151333 187.380072
r84 83.538119 35.543115 96.664919 41.107215
r85 83.640990 34.833156 94.533790 50.178756
r86 79.641626 48.879265 100.463626 71.597565
r87 84.562000 120.478789 109.331900 136.013989
r88 92.657490 144.935284 104.777590 158.726984
r89 91.112050 166.591297 101.796450 173.427297
r90 89.330588 19.301001 102.142688 28.992301
r91 92.486436 27.699119 103.864936 52.673219
r92 100.467014 57.278277 112.657614 70.990177
r93 94.476973 104.012534 108.405173 124.414734
r94 99.953521 148.698625 118.574221 163.959425
r95 102.324721 162.663369 114.071821 173.233369
r96 99.255629 4.157910 125.835329 23.878410
r97 100.907318 34.704258 113.357118 44.677658
r98 90.526843 60.402684 127.185643 75.519584
r99 104.093873 84.135129 127.174273 108.145429
r100 109.134510 142.615018 122.792510 151.706118
r101 96.003351 161.836014 133.457251 187.027014
r102 134.257406 0.000000 157.445206 40.689600
r103 112.460080 24.936603 133.793980 49.506303
r104 117.276973 48.854916 125.272673 64.384116
r105 111.994292 75.503495 124.859092 85.155195
r106 109.639766 114.300094 132.550966 137.178294
r107 137.586375 127.396414 178.384675 150.522314
r108 49.936795 77.411138 68.032795 94.449938
r109 45.024520 94.952356 72.048620 106.361956
r110 52.405902 116.649672 61.462802 124.714172
r111 54.077346 146.590661 65.477246 152.997661
r112 46.111859 148.373655 75.548959 166.179955
r113 42.766313 169.660900 72.331613 187.390000
r114 48.732107 52.465143 71.738907 65.866943
r115 55.343662 77.048426 64.801462 84.771126
r116 48.907912 108.302526 73.129412 121.760826
r117 50.737071 134.058856 73.845071 148.165656
r118 71.935442 144.451128 79.186842 161.574128
r119 70.911434 171.655522 104.251434 187.377322
r120 63.353661 33.064974 74.187761 39.806574
r121 57.106955 34.404864 78.585055 49.582264
r122 64.991610 57.793773 75.115010 74.305773
r123 67.455351 119.318588 76.774151 137.256188
r124 51.034108 124.798527 82.625508 142.340227
r125 79.237361 160.593483 94.850961 168.545983
r126 68.452961 15.711839 78.928961 27.564339
r127 62.770899 26.978358 88.888399 48.196558
r128 58.771606 74.471683 83.786006 85.831783
r129 65.707752 97.653461 76.372852 124.298161
r130 84.105441 121.103689 101.564041 152.845489
r131 85.262351 151.397751 94.135851 165.390751
r132 61.945367 0.000000 92.036867 31.354400
r133 70.922532 31.165194 80.705332 54.011494
r134 64.313798 50.921937 89.497898 72.926537
r135 77.001298 82.256959 95.830698 111.687959
r136 100.635052 133.109256 117.599252 140.428556
r137 90.995808 137.548669 139.505808 156.998269
r138 94.100926 0.679620 131.077626 26.195720
r139 95.386542 30.437265 133.888642 54.942465
r140 94.731061 50.906089 107.712061 60.471389
r141 96.927482 78.511845 104.117182 95.781945
r142 103.679938 104.013146 146.584838 126.003646
r143 146.017839 99.067355 186.055139 122.632855
r144 41.289025 84.734876 43.029825 86.142776
r145 26.971499 88.936369 40.505199 111.718969
r146 18.566021 114.694476 45.349421 126.206576
r147 22.147778 148.934751 49.025178 160.406551
r148 18.912092 164.140765 41.612292 187.231665
r149 36.204661 169.375820 39.131361 170.799520
r150 42.205113 72.360387 43.677613 74.024887
r151 26.888067 74.763501 47.570167 89.671701
r152 37.962061 99.746439 44.207161 111.441839
r153 36.534042 136.906541 42.981242 148.235441
r154 16.541345 143.697947 47.600145 160.574547
r155 37.578029 164.483507 39.476729 166.678007
r156 31.476227 25.541070 58.250027 37.057270
r157 31.514759 38.262556 52.666659 52.839656
r158 28.900730 60.714740 55.082530 73.165340
r159 30.055851 126.371785 55.142951 139.365685
r160 26.626400 119.044537 50.709000 140.809937
r161 15.156322 158.253012 61.713922 178.518212
r162 37.800042 7.603993 58.708542 32.673493
r163 27.380967 35.351554 63.009567 50.063554
r164 39.704579 59.070327 57.909979 89.510027
r165 38.118718 90.030628 57.823018 118.154728
r166 34.389233 117.637150 59.406833 155.350650
r167 64.457504 139.806294 85.376504 184.908794
r168 55.907014 28.122274 57.926914 31.835274
r169 24.711804 18.430070 61.325804 44.198970
r170 36.493538 48.159604 66.166638 79.956104
r171 36.980936 83.113655 66.366136 115.221655
r172 61.670110 115.423996 106.799310 136.330596
r173 78.405057 135.070626 82.656257 136.834826
r174 64.454304 34.454624 68.534404 36.292824
r175 67.837866 41.901049 71.590966 43.899449
r176 69.458308 53.181880 103.872108 80.598180
r177 68.874013 84.638775 108.182413 108.641275
r178 84.999456 111.723759 88.295256 113.999359
r179 83.210865 112.805003 87.011665 114.778303
r180 37.106675 83.623460 38.211975 85.840960
r181 30.751471 95.060126 32.920771 96.190026
r182 26.333040 111.519423 28.031440 112.962523
r183 27.312290 145.532695 28.831490 147.146095
r184 28.945750 152.798386 30.784450 155.064486
r185 32.469832 156.983837 35.610532 158.310537
r186 35.584892 76.323651 37.889492 77.387151
r187 28.774128 82.243606 29.813028 84.602806
r188 1.674885 96.810312 28.076685 108.488812
r189 8.731542 135.805119 31.533342 149.327419
r190 26.294026 147.768308 28.117426 150.053408
r191 33.072780 153.283318 35.497880 155.001518
r192 37.792958 50.833190 39.766858 52.074890
r193 11.202473 51.855039 36.116873 64.230739
r194 5.635315 69.302704 25.607915 84.740504
r195 5.560617 117.143990 21.837217 136.087390
r196 3.364455 117.427026 20.203455 148.555126
r197 34.903685 148.030995 37.867585 150.561395
r198 42.563534 44.985096 44.940234 46.738296
r199 6.531327 50.949651 41.612127 65.891351
r200 2.948674 70.010969 35.202774 86.262069
r201 6.815031 95.698230 31.573931 116.869130
r202 0.051600 117.794323 31.288000 147.999523
r203 57.273773 143.617749 61.193273 145.531249
r204 52.449821 41.181207 54.346121 45.136207
r205 38.498201 48.830583 41.006901 51.820183
r206 0.001185 55.233349 34.144185 82.867149
r207 0.054424 86.839787 34.592924 114.157187
r208 65.722336 121.031389 67.877436 124.511489
r209 67.587310 128.569852 70.269710 131.365852
r210 60.050052 40.840882 62.272852 44.215082
r211 61.144162 47.093493 63.243562 50.665993
r212 65.227880 66.688292 66.962280 71.012592
r213 70.032362 96.847295 72.978662 99.392895
r214 72.630720 110.871414 74.929820 114.133614
r215 72.692441 114.667467 75.981341 116.947867

[Iter 3650]
r0 127.822552 89.156844 129.833952 90.375444
r1 133.063172 96.802517 135.467672 97.821917
r2 133.683946 105.513945 150.660046 123.676745
r3 133.542943 134.437091 157.616043 147.245291
r4 140.167177 159.343908 141.416277 161.306108
r5 136.195666 167.480557 137.517166 169.335257
r6 131.348093 79.331553 133.737093 80.357453
r7 135.382027 76.290199 157.475727 90.245899
r8 142.460760 97.025636 169.409260 108.467236
r9 142.374867 122.556352 168.340767 134.430852
r10 138.532108 155.724715 164.881208 167.426615
r11 142.953010 170.733338 144.923010 171.977538
r12 128.051366 41.472083 144.761666 59.923783
r13 144.171225 53.379200 163.505925 69.326400
r14 155.689693 77.410650 175.153293 94.158850
r15 158.665261 107.562669 177.972761 124.446269
r16 152.791851 144.520699 179.078051 156.250499
r17 154.557332 166.141792 171.912132 183.908292
r18 137.031908 14.579484 164.652308 25.742684
r19 150.877309 38.734599 172.361209 53.086499
r20 158.206715 65.496370 169.299515 73.671670
r21 159.226245 108.125993 172.333245 119.888193
r22 157.687100 143.058838 187.390000 160.705838
r23 150.909977 164.104083 179.543777 182.409983
r24 150.268398 23.012243 152.111298 24.342243
r25 153.242760 26.122962 180.145960 37.583762
r26 168.152136 55.004872 185.644236 72.631872
r27 155.338539 91.151043 186.519439 107.961543
r28 153.143400 121.270448 187.390000 136.576148
r29 161.234936 158.205878 164.397636 160.577278
r30 150.661485 26.712508 153.876885 28.008308
r31 159.042372 33.282055 160.790272 35.665855
r32 164.696366 33.198921 182.488966 62.658821
r33 164.675152 63.451558 185.554852 88.555758
r34 162.673613 126.602506 165.753613 127.955306
r35 158.905808 150.597758 163.066708 152.400258
r36 113.356402 89.417248 115.445102 90.590648
r37 103.390544 95.063607 122.827644 110.926707
r38 103.326513 111.775404 127.179013 124.702104
r39 98.907318 134.918117 126.072118 146.268617
r40 98.382969 153.457936 116.268469 170.697136
r41 112.231053 170.825955 113.348853 173.018555
r42 104.422155 73.041156 128.276255 85.966956
r43 116.366968 86.694152 142.548168 98.471052
r44 125.711777 102.569064 135.880177 111.487464
r45 116.139744 132.392808 130.402744 138.750908
r46 114.651754 148.689763 134.253054 164.419963
r47 109.166079 171.472100 128.536279 187.390000
r48 101.860338 33.393755 118.918338 51.469355
r49 110.452364 54.463836 122.886564 61.757136
r50 118.685366 68.546702 137.993266 77.204202
r51 124.625666 119.198929 136.184166 133.660729
r52 126.066134 152.853129 140.340034 159.206429
r53 125.920143 168.624921 148.124943 182.510821
r54 101.444809 17.514777 124.446009 30.919877
r55 111.292718 40.029103 125.465018 46.427903
r56 118.051611 56.027247 134.858911 65.972747
r57 126.553945 96.248793 148.550445 109.167493
r58 124.952991 154.298760 136.806691 167.304560
r59 126.123708 165.544500 150.117908 187.390000
r60 121.748482 7.602282 140.442182 24.096282
r61 123.564838 29.866573 151.068038 41.077373
r62 136.077869 65.464546 149.149369 72.402246
r63 137.061349 86.434836 148.754949 99.618736
r64 124.653612 141.754722 159.871412 156.638322
r65 135.009526 156.077305 168.413726 184.322305
r66 144.616401 23.704027 147.783301 25.019727
r67 134.735280 25.575719 164.962280 42.916719
r68 129.348570 50.148655 162.439770 65.988755
r69 128.066287 71.095998 163.960987 85.698898
r70 135.297489 108.914143 152.297789 139.746943
r71 151.367171 149.514561 155.479071 151.338561
r72 94.324731 78.394744 107.224531 102.296944
r73 71.817829 92.435849 94.206229 106.207849
r74 75.850109 113.999238 88.346209 121.256438
r75 72.538486 141.931476 87.530286 147.980576
r76 61.197252 153.862963 86.887352 165.864963
r77 61.261788 168.507810 83.148988 182.595210
r78 70.867751 73.100783 95.979851 85.379083
r79 77.759434 82.420847 85.688934 91.631947
r80 80.188471 106.087938 96.245071 116.498438
r81 81.114887 127.927821 89.424587 148.043721
r82 85.080944 151.779371 91.392844 163.351071
r83 80.117889 173.368600 102.107989 187.390000
r84 83.378113 35.463275 96.504913 41.027375
r85 83.337741 34.773972 94.230541 50.119572
r86 79.739236 48.847588 100.561236 71.565888
r87 84.550896 120.413789 109.320796 135.948989
r88 92.576627 144.853870 104.696727 158.645570
r89 91.031932 166.515452 101.716332 173.351452
r90 89.080126 19.260190 101.892226 28.951490
r91 92.511096 27.623842 103.889596 52.597942
r92 100.584084 57.111952 112.774684 70.823852
r93 94.510930 103.938341 108.439130 124.340541
r94 99.804722 148.741370 118.425422 164.002170
r95 102.207496 162.672470 113.954596 173.242470
r96 99.136417 4.046011 125.716117 23.766511
r97 100.889995 34.622148 113.339795 44.595548
r98 90.592523 60.323402 127.251323 75.440302
r99 104.156093 84.090541 127.236493 108.100841
r100 109.083972 142.674297 122.741972 151.765397
r101 95.948476 162.019807 133.402376 187.210807
r102 134.428423 0.000000 157.616223 40.689600
r103 112.505550 24.801621 133.839450 49.371321
r104 117.301855 48.710731 125.297555 64.239931
r105 111.865657 75.428523 124.730457 85.080223
r106 109.574559 114.315356 132.485759 137.193556
r107 137.500562 127.382840 178.298862 150.508740
r108 49.855446 77.386625 67.951446 94.425425
r109 44.997657 95.000649 72.021757 106.410249
r110 52.336711 116.697588 61.393611 124.762088
r111 54.034331 146.661025 65.434231 153.068025
r112 45.988752 148.337181 75.425852 166.143481
r113 42.709490 169.660900 72.274790 187.390000
r114 48.645289 52.394499 71.652089 65.796299
r115 55.062594 77.013219 64.520394 84.735919
r116 48.898684 108.341063 73.120184 121.799363
r117 50.677992 134.068547 73.785992 148.175347
r118 71.999403 144.585253 79.250803 161.708253
r119 70.870769 171.668200 104.210769 187.390000
r120 63.236600 32.991921 74.070700 39.733521
r121 56.923110 34.373297 78.401210 49.550697
r122 64.966259 57.807941 75.089659 74.319941
r123 67.540122 119.270939 76.858922 137.208539
r124 50.875434 124.853433 82.466834 142.395133
r125 79.231319 160.512340 94.844919 168.464840
r126 68.372309 15.630482 78.848309 27.482982
r127 62.722091 26.988612 88.839591 48.206812
r128 58.623836 74.528384 83.638236 85.888484
r129 65.731093 97.696186 76.396193 124.340886
r130 83.994979 120.992156 101.453579 152.733956
r131 85.205769 151.448768 94.079269 165.441768
r132 61.897684 0.000000 91.989184 31.354400
r133 70.767913 31.004615 80.550713 53.850915
r134 64.240272 50.955730 89.424372 72.960330
r135 77.053611 82.245634 95.883011 111.676634
r136 100.603335 133.198903 117.567535 140.518203
r137 90.940296 137.592549 139.450296 157.042149
r138 94.141925 0.000000 131.118625 25.516100
r139 94.928421 29.859707 133.430521 54.364907
r140 94.526099 50.881307 107.507099 60.446607
r141 96.891752 78.390138 104.081452 95.660238
r142 103.983156 103.519403 146.888056 125.509903
r143 146.573507 99.179357 186.610807 122.744857
r144 41.232200 84.695039 42.973000 86.102939
r145 26.915342 88.944609 40.449042 111.727209
r146 18.473155 114.684005 45.256555 126.196105
r147 22.066764 148.963269 48.944164 160.435069
r148 18.826103 164.160531 41.526303 187.251431
r149 36.129530 169.374602 39.056230 170.798302
r150 42.120803 72.282836 43.593303 73.947336
r151 26.731971 74.697506 47.414071 89.605706
r152 37.904048 99.729823 44.149148 111.425223
r153 36.510827 136.923515 42.958027 148.252415
r154 16.336526 143.700989 47.395326 160.577589
r155 37.508406 164.456972 39.407106 166.651472
r156 31.317621 25.428607 58.091421 36.944807
r157 31.324594 38.188670 52.476494 52.765770
r158 28.753204 60.628012 54.935004 73.078612
r159 29.983088 126.396575 55.070188 139.390475
r160 26.432084 119.024503 50.514684 140.789903
r161 15.207553 159.030216 61.765153 179.295416
r162 37.769017 7.624878 58.677517 32.694378
r163 27.338822 35.408857 62.967422 50.120857
r164 39.554197 59.035502 57.759597 89.475202
r165 38.107678 90.016610 57.811978 118.140710
r166 34.663545 117.066852 59.681145 154.780352
r167 64.512177 140.278628 85.431177 185.381128
r168 55.884581 28.112904 57.904481 31.825904
r169 24.855005 18.985163 61.469005 44.754063
r170 36.646088 48.213295 66.319188 80.009795
r171 36.978540 82.484685 66.363740 114.592685
r172 61.650775 115.170269 106.779975 136.076869
r173 78.165743 135.496556 82.416943 137.260756
r174 64.346964 34.466165 68.427064 36.304365
r175 67.736676 41.993964 71.489776 43.992364
r176 69.527887 52.800452 103.941687 80.216752
r177 68.927550 84.881788 108.235950 108.884288
r178 84.936055 111.700734 88.231855 113.976334
r179 82.988621 112.823271 86.789421 114.796571
r180 37.073739 83.535759 38.179039 85.753259
r181 30.661655 95.073015 32.830955 96.202915
r182 26.213280 111.510512 27.911680 112.953612
r183 27.208880 145.553198 28.728080 147.166598
r184 28.831283 152.830376 30.669983 155.096476
r185 32.376222 157.015587 35.516922 158.342287
r186 35.588947 76.247932 37.893547 77.311432
r187 28.616748 82.163290 29.655648 84.522490
r188 1.592348 96.799608 27.994148 108.478108
r189 8.681843 135.835351 31.483643 149.357651
r190 26.197435 147.759977 28.020835 150.045077
r191 32.995762 153.285487 35.420862 155.003687
r192 37.721593 50.850209 39.695493 52.091909
r193 10.834158 51.852026 35.748558 64.227726
r194 5.497889 69.299472 25.470489 84.737272
r195 5.456605 117.112417 21.733205 136.055817
r196 3.190384 117.414141 20.029384 148.542241
r197 34.876845 147.950639 37.840745 150.481039
r198 42.481730 44.993282 44.858430 46.746482
r199 6.242628 50.946420 41.323428 65.888120
r200 2.935686 70.083715 35.189786 86.334815
r201 6.797413 95.698633 31.556313 116.869533
r202 0.000000 117.804051 31.236400 148.009251
r203 57.703031 143.562868 61.622531 145.476368
r204 52.619947 41.187969 54.516247 45.142969
r205 38.467321 48.765926 40.976021 51.755526
r206 0.215298 55.239344 34.358298 82.873144
r207 0.013322 86.845140 34.551822 114.162540
r208 65.817468 120.911137 67.972568 124.391237
r209 67.674237 128.709625 70.356637 131.505625
r210 59.889013 40.833411 62.111813 44.207611
r211 60.973691 47.081705 63.073091 50.654205
r212 65.191509 66.723056 66.925909 71.047356
r213 70.082081 96.915074 73.028381 99.460674
r214 72.707957 110.865066 75.007057 114.127266
r215 72.652882 114.643234 75.941782 116.923634

[Iter 3700]
r0 127.672146 89.144010 129.683546 90.362610
r1 133.044970 96.796232 135.449470 97.815632
r2 133.852693 105.590721 150.828793 123.753521
r3 133.537097 134.366617 157.610197 147.174817
r4 140.178855 159.316504 141.427955 161.278704
r5 136.198708 167.437949 137.520208 169.292649
r6 131.211413 79.231903 133.600413 80.257803
r7 135.257168 76.138272 157.350868 90.093972
r8 142.245106 96.876614 169.193606 108.318214
r9 142.598057 122.527947 168.563957 134.402447
r10 138.445522 155.666946 164.794622 167.368846
r11 142.939808 170.717167 144.909808 171.961367
r12 127.906930 41.346920 144.617230 59.798620
r13 144.264214 53.132396 163.598914 69.079596
r14 155.684222 77.318727 175.147822 94.066927
r15 158.744574 107.397095 178.052074 124.280695
r16 152.809414 144.556682 179.095614 156.286482
r17 154.606391 166.084333 171.961191 183.850833
r18 136.589865 14.718667 164.210265 25.881867
r19 150.505417 38.461127 171.989317 52.813027
r20 157.896716 65.617234 168.989516 73.792534
r21 159.203455 108.057629 172.310455 119.819829
r22 157.687100 143.100494 187.390000 160.747494
r23 150.961241 164.119581 179.595041 182.425481
r24 150.108507 22.838285 151.951407 24.168285
r25 153.523281 25.940407 180.426481 37.401207
r26 168.041594 54.919733 185.533694 72.546733
r27 155.363817 91.033984 186.544717 107.844484
r28 153.143400 121.309352 187.390000 136.615052
r29 161.245907 158.126296 164.408607 160.497696
r30 150.622464 26.503709 153.837864 27.799509
r31 159.146790 33.038352 160.894690 35.422152
r32 164.679654 33.098169 182.472254 62.558069
r33 164.635121 63.357851 185.514821 88.462051
r34 162.654510 126.620456 165.734510 127.973256
r35 158.859283 150.760666 163.020183 152.563166
r36 113.372001 89.420139 115.460701 90.593539
r37 103.335519 94.962871 122.772619 110.825971
r38 103.430361 111.699245 127.282861 124.625945
r39 98.950174 134.820572 126.114974 146.171072
r40 98.364021 153.380951 116.249521 170.620151
r41 112.186241 170.761558 113.304041 172.954158
r42 104.395807 72.982939 128.249907 85.908739
r43 116.273315 86.590335 142.454515 98.367235
r44 125.682898 102.545452 135.851298 111.463852
r45 116.190276 132.406280 130.453276 138.764380
r46 114.574018 148.636617 134.175318 164.366817
r47 109.210615 171.461895 128.580815 187.379795
r48 101.818026 33.187252 118.876026 51.262852
r49 110.371868 54.328327 122.806068 61.621627
r50 118.717394 68.560702 138.025294 77.218202
r51 124.735506 119.089413 136.294006 133.551213
r52 125.973693 152.828492 140.247593 159.181792
r53 125.969088 168.578170 148.173888 182.464070
r54 101.564986 17.350649 124.566186 30.755749
r55 111.245513 39.897133 125.417813 46.295933
r56 118.072857 56.037398 134.880157 65.982898
r57 126.522620 96.267704 148.519120 109.186404
r58 124.821580 154.149979 136.675280 167.155779
r59 126.155817 165.533746 150.150017 187.379246
r60 121.454032 7.317675 140.147732 23.811675
r61 123.563100 29.774496 151.066300 40.985296
r62 136.124368 65.005734 149.195868 71.943434
r63 137.188946 86.353691 148.882546 99.537591
r64 124.600458 141.758833 159.818258 156.642433
r65 134.905681 155.911940 168.309881 184.156940
r66 144.572226 23.541507 147.739126 24.857207
r67 134.694241 25.450836 164.921241 42.791836
r68 129.375607 49.962077 162.466807 65.802177
r69 128.037931 70.972336 163.932631 85.575236
r70 135.269708 108.867329 152.270008 139.700129
r71 151.366659 149.504384 155.478559 151.328384
r72 94.276821 78.283330 107.176621 102.185530
r73 71.740355 92.201391 94.128755 105.973391
r74 76.001049 113.757243 88.497149 121.014443
r75 72.435140 141.818565 87.426940 147.867665
r76 61.132443 153.800254 86.822543 165.802254
r77 61.245239 168.477640 83.132439 182.565040
r78 70.759978 72.975146 95.872078 85.253446
r79 77.668677 82.294186 85.598177 91.505286
r80 80.087651 105.903458 96.144251 116.313958
r81 81.197177 127.808083 89.506877 147.923983
r82 85.086383 151.772584 91.398283 163.344284
r83 80.102734 173.303046 102.092834 187.324446
r84 83.198929 35.351503 96.325729 40.915603
r85 83.049078 34.806619 93.941878 50.152219
r86 79.838579 48.743211 100.660579 71.461511
r87 84.555851 120.302421 109.325751 135.837621
r88 92.455669 144.812799 104.575769 158.604499
r89 90.998917 166.439388 101.683317 173.275388
r90 88.952064 19.168075 101.764164 28.859375
r91 92.501592 27.582335 103.880092 52.556435
r92 100.625677 56.846394 112.816277 70.558294
r93 94.613496 103.938090 108.541696 124.340290
r94 99.623653 148.845804 118.244353 164.106604
r95 102.162758 162.679243 113.909858 173.249243
r96 99.038774 4.026582 125.618474 23.747082
r97 100.962426 34.502038 113.412226 44.475438
r98 90.587130 60.257913 127.245930 75.374813
r99 104.154913 83.992640 127.235313 108.002940
r100 108.901582 142.669693 122.559582 151.760793
r101 95.891852 161.925370 133.345752 187.116370
r102 134.240156 0.000566 157.427956 40.690166
r103 112.494092 24.739049 133.827992 49.308749
r104 117.280384 48.713392 125.276084 64.242592
r105 111.974940 75.372847 124.839740 85.024547
r106 109.548849 114.334188 132.460049 137.212388
r107 137.417784 127.427391 178.216084 150.553291
r108 49.644386 77.341668 67.740386 94.380468
r109 44.989900 94.944987 72.014000 106.354587
r110 52.342237 116.647349 61.399137 124.711849
r111 54.029660 146.543736 65.429560 152.950736
r112 45.868492 148.344214 75.305592 166.150514
r113 42.697448 169.660900 72.262748 187.390000
r114 48.580211 52.556959 71.587011 65.958759
r115 54.792041 77.019227 64.249841 84.741927
r116 48.846572 108.320367 73.068072 121.778667
r117 50.692581 133.989141 73.800581 148.095941
r118 71.889737 144.765471 79.141137 161.888471
r119 70.815382 171.651314 104.155382 187.373114
r120 63.056835 32.884897 73.890935 39.626497
r121 56.734192 34.455377 78.212292 49.632777
r122 64.883253 57.959103 75.006653 74.471103
r123 67.575503 119.140917 76.894303 137.078517
r124 50.812709 124.931624 82.404109 142.473324
r125 79.227379 160.445405 94.840979 168.397905
r126 68.256874 15.673437 78.732874 27.525937
r127 62.662658 27.002951 88.780158 48.221151
r128 58.465282 74.485618 83.479682 85.845718
r129 65.791646 97.664523 76.456746 124.309223
r130 83.911406 120.884912 101.370006 152.626712
r131 85.134963 151.429975 94.008463 165.422975
r132 61.751467 0.000000 91.842967 31.354400
r133 70.851434 31.024216 80.634234 53.870516
r134 64.216253 50.968357 89.400353 72.972957
r135 77.085455 82.183827 95.914855 111.614827
r136 100.452213 133.251075 117.416413 140.570375
r137 90.982121 137.601650 139.492121 157.051250
r138 93.964578 0.000000 130.941278 25.516100
r139 95.334995 30.278947 133.837095 54.784147
r140 94.471927 50.802921 107.452927 60.368221
r141 96.958230 78.438147 104.147930 95.708247
r142 103.975112 103.840987 146.880012 125.831487
r143 146.335062 99.146372 186.372362 122.711872
r144 41.170625 84.671043 42.911425 86.078943
r145 26.921702 88.851055 40.455402 111.633655
r146 18.419816 114.649391 45.203216 126.161491
r147 21.997685 148.948999 48.875085 160.420799
r148 18.846618 164.074816 41.546818 187.165716
r149 36.067607 169.373703 38.994307 170.797403
r150 42.000359 72.209998 43.472859 73.874498
r151 26.486804 74.659170 47.168904 89.567370
r152 37.758634 99.730452 44.003734 111.425852
r153 36.390586 136.976938 42.837786 148.305838
r154 16.219221 143.652819 47.278021 160.529419
r155 37.461227 164.529657 39.359927 166.724157
r156 31.227447 25.476673 58.001247 36.992873
r157 31.081927 38.200975 52.233827 52.778075
r158 28.555366 60.525647 54.737166 72.976247
r159 29.841406 126.315717 54.928506 139.309617
r160 26.358349 119.039593 50.440949 140.804993
r161 15.241026 158.194772 61.798626 178.459972
r162 37.748741 7.741896 58.657241 32.811396
r163 27.233492 35.466538 62.862092 50.178538
r164 39.444163 58.966054 57.649563 89.405754
r165 38.059490 90.076540 57.763790 118.200640
r166 34.540596 117.279856 59.558196 154.993356
r167 64.480025 139.947385 85.399025 185.049885
r168 55.817610 28.179480 57.837510 31.892480
r169 24.830871 18.932537 61.444871 44.701437
r170 36.764915 48.549496 66.438015 80.345996
r171 36.997718 82.969623 66.382918 115.077623
r172 61.093581 115.513428 106.222781 136.420028
r173 78.222388 135.902289 82.473588 137.666489
r174 64.267297 34.463857 68.347397 36.302057
r175 67.641775 41.947785 71.394875 43.946185
r176 69.467737 52.756304 103.881537 80.172604
r177 68.743916 84.732701 108.052316 108.735201
r178 84.964130 111.728776 88.259930 114.004376
r179 82.999245 113.020147 86.800045 114.993447
r180 37.041190 83.472834 38.146490 85.690334
r181 30.588167 95.071689 32.757467 96.201589
r182 26.110957 111.497685 27.809357 112.940785
r183 27.142386 145.572676 28.661586 147.186076
r184 28.759582 152.827818 30.598282 155.093918
r185 32.304889 157.013129 35.445589 158.339829
r186 35.585049 76.204850 37.889649 77.268350
r187 28.444184 82.160475 29.483084 84.519675
r188 1.581546 96.797996 27.983346 108.476496
r189 8.617759 135.814672 31.419559 149.336972
r190 26.134425 147.761655 27.957825 150.046755
r191 32.930464 153.282073 35.355564 155.000273
r192 37.677557 50.840860 39.651457 52.082560
r193 10.518150 51.858268 35.432550 64.233968
r194 5.318708 69.304739 25.291308 84.742539
r195 5.411401 117.184238 21.688001 136.127638
r196 3.065580 117.377399 19.904580 148.505499
r197 34.865904 147.941012 37.829804 150.471412
r198 42.477065 44.998338 44.853765 46.751538
r199 6.012568 50.910721 41.093368 65.852421
r200 2.835177 70.007516 35.089277 86.258616
r201 6.737819 95.666845 31.496719 116.837745
r202 0.011093 117.841560 31.247493 148.046760
r203 57.685448 143.588707 61.604948 145.502207
r204 52.587392 41.180856 54.483692 45.135856
r205 38.368301 48.710917 40.877001 51.700517
r206 0.269718 55.274743 34.412718 82.908543
r207 0.041733 86.882127 34.580233 114.199527
r208 65.742010 120.958266 67.897110 124.438366
r209 67.517649 128.734651 70.200049 131.530651
r210 59.879499 40.823669 62.102299 44.197869
r211 60.938595 47.004589 63.037995 50.577089
r212 65.101355 66.751704 66.835755 71.076004
r213 70.073733 96.934417 73.020033 99.480017
r214 72.748415 111.015883 75.047515 114.278083
r215 72.625269 114.661127 75.914169 116.941527

[Iter 3750]
r0 127.588060 89.163938 129.599460 90.382538
r1 133.014792 96.799966 135.419292 97.819366
r2 133.885120 105.605945 150.861220 123.768745
r3 133.574328 134.373284 157.647428 147.181484
r4 140.181143 159.270307 141.430243 161.232507
r5 136.201190 167.390257 137.522690 169.244957
r6 131.139135 79.230731 133.528135 80.256631
r7 135.274257 76.049420 157.367957 90.005120
r8 142.310151 96.843678 169.258651 108.285278
r9 142.653436 122.459937 168.619336 134.334437
r10 138.428971 155.696590 164.778071 167.398490
r11 142.909332 170.681932 144.879332 171.926132
r12 127.853567 41.304730 144.563867 59.756430
r13 144.337923 53.109255 163.672623 69.056455
r14 155.743095 77.293354 175.206695 94.041554
r15 158.851189 107.307073 178.158689 124.190673
r16 152.824044 144.511617 179.110244 156.241417
r17 154.636640 166.102169 171.991440 183.868669
r18 136.181240 14.810470 163.801640 25.973670
r19 150.353983 38.365952 171.837883 52.717852
r20 157.824433 65.624590 168.917233 73.799890
r21 159.173770 108.108600 172.280770 119.870800
r22 157.687100 143.032273 187.390000 160.679273
r23 150.981201 164.095465 179.615001 182.401365
r24 149.881427 22.749631 151.724327 24.079631
r25 153.782237 25.878057 180.685437 37.338857
r26 168.142747 54.745541 185.634847 72.372541
r27 155.401910 91.081130 186.582810 107.891630
r28 153.143400 121.271200 187.390000 136.576900
r29 161.225058 158.098730 164.387758 160.470130
r30 150.548429 26.386187 153.763829 27.681987
r31 159.216070 32.966585 160.963970 35.350385
r32 164.718705 33.065065 182.511305 62.524965
r33 164.686015 63.352004 185.565715 88.456204
r34 162.648231 126.625180 165.728231 127.977980
r35 158.839552 150.902009 163.000452 152.704509
r36 113.352555 89.418307 115.441255 90.591707
r37 103.275575 94.932078 122.712675 110.795178
r38 103.444936 111.654181 127.297436 124.580881
r39 98.956857 134.801968 126.121657 146.152468
r40 98.218596 153.353122 116.104096 170.592322
r41 112.144180 170.691637 113.261980 172.884237
r42 104.365199 72.899461 128.219299 85.825261
r43 116.355750 86.624904 142.536950 98.401804
r44 125.754262 102.428349 135.922662 111.346749
r45 116.196800 132.382658 130.459800 138.740758
r46 114.527946 148.662505 134.129246 164.392705
r47 109.140321 171.472100 128.510521 187.390000
r48 101.752522 32.902795 118.810522 50.978395
r49 110.295528 54.316138 122.729728 61.609438
r50 118.819464 68.518210 138.127364 77.175710
r51 124.692044 119.027621 136.250544 133.489421
r52 125.891426 152.782555 140.165326 159.135855
r53 125.965441 168.570662 148.170241 182.456562
r54 101.720168 17.262758 124.721368 30.667858
r55 111.150149 39.834184 125.322449 46.232984
r56 118.021346 55.923571 134.828646 65.869071
r57 126.612249 96.232669 148.608749 109.151369
r58 124.679315 154.309124 136.533015 167.314924
r59 126.160585 165.544500 150.154785 187.390000
r60 121.196194 6.831307 139.889894 23.325307
r61 123.549853 29.658764 151.053053 40.869564
r62 136.121739 64.926891 149.193239 71.864591
r63 137.188444 86.368389 148.882044 99.552289
r64 124.585967 141.820224 159.803767 156.703824
r65 134.961570 156.149229 168.365770 184.394229
r66 144.523505 23.413703 147.690405 24.729403
r67 134.775728 25.355127 165.002728 42.696127
r68 129.379612 49.951248 162.470812 65.791348
r69 128.104677 70.965768 163.999377 85.568668
r70 135.230756 108.901614 152.231056 139.734414
r71 151.337889 149.543554 155.449789 151.367554
r72 94.288828 78.155851 107.188628 102.058051
r73 71.638121 91.980965 94.026521 105.752965
r74 76.305153 113.549918 88.801253 120.807118
r75 72.238882 141.732992 87.230682 147.782092
r76 61.117138 153.779094 86.807238 165.781094
r77 61.261576 168.404579 83.148776 182.491979
r78 70.678986 72.828709 95.791086 85.107009
r79 77.541568 82.208437 85.471068 91.419537
r80 80.107331 105.735380 96.163931 116.145880
r81 81.171033 127.668245 89.480733 147.784145
r82 85.086530 151.721910 91.398430 163.293610
r83 80.133785 173.368600 102.123885 187.390000
r84 83.061825 35.169420 96.188625 40.733520
r85 82.827401 34.684025 93.720201 50.029625
r86 79.956138 48.578536 100.778138 71.296836
r87 84.594616 120.255629 109.364516 135.790829
r88 92.369447 144.696468 104.489547 158.488168
r89 90.974104 166.401677 101.658504 173.237677
r90 88.861824 19.153278 101.673924 28.844578
r91 92.484296 27.546323 103.862796 52.520423
r92 100.800028 56.675561 112.990628 70.387461
r93 94.596618 103.957524 108.524818 124.359724
r94 99.640657 148.897802 118.261357 164.158602
r95 102.143957 162.676756 113.891057 173.246756
r96 98.978556 3.892670 125.558256 23.613170
r97 100.917108 34.467776 113.366908 44.441176
r98 90.554060 60.235363 127.212860 75.352263
r99 104.207658 83.998703 127.288058 108.009003
r100 108.896505 142.709014 122.554505 151.800114
r101 95.868816 161.879220 133.322716 187.070220
r102 134.352538 0.000000 157.540338 40.689600
r103 112.504799 24.653130 133.838699 49.222830
r104 117.352109 48.668034 125.347809 64.197234
r105 111.963479 75.318409 124.828279 84.970109
r106 109.511864 114.325862 132.423064 137.204062
r107 138.137053 127.324385 178.935353 150.450285
r108 49.452003 77.317706 67.548003 94.356506
r109 44.977266 94.980612 72.001366 106.390212
r110 52.367396 116.674026 61.424296 124.738526
r111 54.059041 146.576531 65.458941 152.983531
r112 45.807553 148.290574 75.244653 166.096874
r113 42.643801 169.660900 72.209101 187.390000
r114 48.556266 52.442862 71.563066 65.844662
r115 54.609903 77.002207 64.067703 84.724907
r116 48.848849 108.398990 73.070349 121.857290
r117 50.659901 133.930014 73.767901 148.036814
r118 71.985515 144.765386 79.236915 161.888386
r119 70.864007 171.668200 104.204007 187.390000
r120 62.968366 32.828979 73.802466 39.570579
r121 56.581495 34.409910 78.059595 49.587310
r122 64.858715 57.994548 74.982115 74.506548
r123 67.844330 118.961418 77.163130 136.899018
r124 50.719273 124.863229 82.310673 142.404929
r125 79.232116 160.429759 94.845716 168.382259
r126 68.177919 15.615142 78.653919 27.467642
r127 62.664176 26.975033 88.781676 48.193233
r128 58.426598 74.616796 83.440998 85.976896
r129 65.766134 97.685713 76.431234 124.330413
r130 83.894061 120.903788 101.352661 152.645588
r131 85.086192 151.397948 93.959692 165.390948
r132 61.588035 0.000000 91.679535 31.354400
r133 70.836540 31.009320 80.619340 53.855620
r134 64.183064 50.990751 89.367164 72.995351
r135 77.121605 82.185019 95.951005 111.616019
r136 100.495046 133.306837 117.459246 140.626137
r137 91.319431 137.521533 139.829431 156.971133
r138 93.879214 0.000000 130.855914 25.516100
r139 95.214873 29.875558 133.716973 54.380758
r140 94.491689 50.739240 107.472689 60.304540
r141 96.935429 78.391869 104.125129 95.661969
r142 104.038025 103.676368 146.942925 125.666868
r143 146.737862 99.042008 186.775162 122.607508
r144 41.178430 84.651964 42.919230 86.059864
r145 26.857017 88.878974 40.390717 111.661574
r146 18.379846 114.664248 45.163246 126.176348
r147 21.974676 149.000082 48.852076 160.471882
r148 18.741312 164.174078 41.441512 187.264978
r149 36.037887 169.388779 38.964587 170.812479
r150 41.901831 72.159476 43.374331 73.823976
r151 26.307147 74.601232 46.989247 89.509432
r152 37.758044 99.726935 44.003144 111.422335
r153 36.400926 136.951076 42.848126 148.279976
r154 16.107329 143.694243 47.166129 160.570843
r155 37.425079 164.565130 39.323779 166.759630
r156 31.121336 25.352283 57.895136 36.868483
r157 30.952142 38.123362 52.104042 52.700462
r158 28.441420 60.413627 54.623220 72.864227
r159 29.857479 126.405502 54.944579 139.399402
r160 26.271380 118.987196 50.353980 140.752596
r161 15.156729 158.232488 61.714329 178.497688
r162 37.731915 7.667047 58.640415 32.736547
r163 27.240806 35.496170 62.869406 50.208170
r164 39.428958 58.966800 57.634358 89.406500
r165 38.011509 89.985213 57.715809 118.109313
r166 34.739747 117.300654 59.757347 155.014154
r167 64.575994 140.029431 85.494994 185.131931
r168 55.862270 28.254279 57.882170 31.967279
r169 24.701639 19.516881 61.315639 45.285781
r170 36.515716 48.743054 66.188816 80.539554
r171 37.056398 83.091397 66.441598 115.199397
r172 61.368237 115.411451 106.497437 136.318051
r173 78.398991 136.391065 82.650191 138.155265
r174 64.262960 34.534782 68.343060 36.372982
r175 67.630469 41.961498 71.383569 43.959898
r176 69.355970 52.880073 103.769770 80.296373
r177 69.006324 85.030424 108.314724 109.032924
r178 84.941245 111.694346 88.237045 113.969946
r179 83.092524 112.750302 86.893324 114.723602
r180 37.018513 83.437071 38.123813 85.654571
r181 30.498598 95.093640 32.667898 96.223540
r182 26.023863 111.489145 27.722263 112.932245
r183 27.078123 145.571277 28.597323 147.184677
r184 28.711013 152.818300 30.549713 155.084400
r185 32.259756 157.015523 35.400456 158.342223
r186 35.583120 76.184547 37.887720 77.248047
r187 28.277547 82.158627 29.316447 84.517827
r188 1.456942 96.793676 27.858742 108.472176
r189 8.555677 135.843253 31.357477 149.365553
r190 26.098299 147.756924 27.921699 150.042024
r191 32.912981 153.289190 35.338081 155.007390
r192 37.633653 50.833700 39.607553 52.075400
r193 10.239353 51.868305 35.153753 64.244005
r194 5.140524 69.293385 25.113124 84.731185
r195 5.333439 117.133507 21.610039 136.076907
r196 2.948423 117.349406 19.787423 148.477506
r197 34.847577 148.018403 37.811477 150.548803
r198 42.442343 44.999509 44.819043 46.752709
r199 5.840759 50.959740 40.921559 65.901440
r200 2.865968 70.098956 35.120068 86.350056
r201 6.735613 95.665859 31.494513 116.836759
r202 0.000000 117.800528 31.236400 148.005728
r203 57.918861 143.630700 61.838361 145.544200
r204 52.847686 41.183066 54.743986 45.138066
r205 38.394784 48.711384 40.903484 51.700984
r206 0.000000 55.209595 34.143000 82.843395
r207 0.009506 86.819552 34.548006 114.136952
r208 65.689332 121.056209 67.844432 124.536309
r209 67.499989 129.104006 70.182389 131.900006
r210 59.843802 40.848997 62.066602 44.223197
r211 60.840988 47.035126 62.940388 50.607626
r212 65.038808 66.771806 66.773208 71.096106
r213 70.068916 96.996706 73.015216 99.542306
r214 72.650349 110.836677 74.949449 114.098877
r215 72.562721 114.657712 75.851621 116.938112

[Iter 3800]
r0 127.547882 89.146730 129.559282 90.365330
r1 133.036338 96.801960 135.440838 97.821360
r2 134.062996 105.733524 151.039096 123.896324
r3 133.591777 134.365760 157.664877 147.173960
r4 140.210817 159.239794 141.459917 161.201994
r5 136.215069 167.358575 137.536569 169.213275
r6 131.052313 79.230173 133.441313 80.256073
r7 135.143084 76.061410 157.236784 90.017110
r8 142.242089 96.812565 169.190589 108.254165
r9 142.848183 122.427034 168.814083 134.301534
r10 138.374432 155.656035 164.723532 167.357935
r11 142.923542 170.652016 144.893542 171.896216
r12 127.712564 41.139096 144.422864 59.590796
r13 144.344247 53.112908 163.678947 69.060108
r14 155.720797 77.245018 175.184397 93.993218
r15 159.086801 107.194769 178.394301 124.078369
r16 153.007392 144.535920 179.293592 156.265720
r17 154.712531 166.105127 172.067331 183.871627
r18 135.838121 14.689153 163.458521 25.852353
r19 150.180374 38.335924 171.664274 52.687824
r20 157.849238 65.646344 168.942038 73.821644
r21 159.320516 108.072357 172.427516 119.834557
r22 157.687100 143.049798 187.390000 160.696798
r23 151.173906 164.158536 179.807706 182.464436
r24 149.641311 22.602969 151.484211 23.932969
r25 153.774065 25.824097 180.677265 37.284897
r26 168.201302 54.487631 185.693402 72.114631
r27 155.443977 90.932525 186.624877 107.743025
r28 153.143400 121.241632 187.390000 136.547332
r29 161.297593 158.163793 164.460293 160.535193
r30 150.438304 26.268232 153.653704 27.564032
r31 159.233935 32.847513 160.981835 35.231313
r32 164.806169 32.819255 182.598769 62.279155
r33 164.711466 63.116864 185.591166 88.221064
r34 162.617014 126.656102 165.697014 128.008902
r35 158.745876 151.264888 162.906776 153.067388
r36 113.266336 89.413054 115.355036 90.586454
r37 103.066421 94.925162 122.503521 110.788262
r38 103.527866 111.628073 127.380366 124.554773
r39 98.973143 134.757669 126.137943 146.108169
r40 98.106330 153.314282 115.991830 170.553482
r41 112.090374 170.647417 113.208174 172.840017
r42 104.316183 72.847485 128.170283 85.773285
r43 116.251686 86.598063 142.432886 98.374963
r44 125.778079 102.426288 135.946479 111.344688
r45 116.239907 132.420066 130.502907 138.778166
r46 114.434560 148.594833 134.035860 164.325033
r47 109.176323 171.472100 128.546523 187.390000
r48 101.635939 32.642547 118.693939 50.718147
r49 110.164075 54.301652 122.598275 61.594952
r50 118.889363 68.614062 138.197263 77.271562
r51 124.726831 118.943977 136.285331 133.405777
r52 125.862476 152.798654 140.136376 159.151954
r53 126.068806 168.563242 148.273606 182.449142
r54 101.812772 17.198871 124.813972 30.603971
r55 111.100758 39.879303 125.273058 46.278103
r56 118.076625 55.879027 134.883925 65.824527
r57 126.629325 96.189142 148.625825 109.107842
r58 124.513950 154.339152 136.367650 167.344952
r59 126.308624 165.544500 150.302824 187.390000
r60 120.962862 6.371491 139.656562 22.865491
r61 123.490011 29.440656 150.993211 40.651456
r62 136.111565 64.697909 149.183065 71.635609
r63 137.287870 86.264415 148.981470 99.448315
r64 124.575693 141.774781 159.793493 156.658381
r65 135.035688 156.045936 168.439888 184.290936
r66 144.476215 23.279922 147.643115 24.595622
r67 134.815030 25.205217 165.042030 42.546217
r68 129.405271 49.737362 162.496471 65.577462
r69 128.190645 70.800796 164.085345 85.403696
r70 135.225749 108.894292 152.226049 139.727092
r71 151.385148 149.560989 155.497048 151.384989
r72 94.156093 77.913894 107.055893 101.816094
r73 71.531972 91.842301 93.920372 105.614301
r74 76.300682 113.413035 88.796782 120.670235
r75 72.071009 141.642355 87.062809 147.691455
r76 61.062057 153.739321 86.752157 165.741321
r77 61.097378 168.429036 82.984578 182.516436
r78 70.681702 72.640131 95.793802 84.918431
r79 77.441731 82.228605 85.371231 91.439705
r80 80.061478 105.654457 96.118078 116.064957
r81 81.140760 127.536684 89.450460 147.652584
r82 85.087059 151.773607 91.398959 163.345307
r83 80.016601 173.360400 102.006701 187.381800
r84 82.860022 34.917629 95.986822 40.481729
r85 82.507047 34.557856 93.399847 49.903456
r86 80.118141 48.446033 100.940141 71.164333
r87 84.613901 120.234660 109.383801 135.769860
r88 92.215575 144.660931 104.335675 158.452631
r89 90.993061 166.391063 101.677461 173.227063
r90 88.747664 19.030042 101.559764 28.721342
r91 92.446420 27.481959 103.824920 52.456059
r92 100.895018 56.473520 113.085618 70.185420
r93 94.652092 103.989849 108.580292 124.392049
r94 99.580793 149.036812 118.201493 164.297612
r95 102.202140 162.657641 113.949240 173.227641
r96 98.831978 3.710313 125.411678 23.430813
r97 100.881529 34.343711 113.331329 44.317111
r98 90.617157 60.173061 127.275957 75.289961
r99 104.203485 84.003786 127.283885 108.014086
r100 108.714551 142.757763 122.372551 151.848863
r101 95.843986 161.933079 133.297886 187.124079
r102 134.367867 0.000413 157.555667 40.690013
r103 112.468087 24.499800 133.801987 49.069500
r104 117.348033 48.528486 125.343733 64.057686
r105 112.101384 75.246403 124.966184 84.898103
r106 109.519182 114.354266 132.430382 137.232466
r107 138.035040 127.349697 178.833340 150.475597
r108 49.246192 77.202138 67.342192 94.240938
r109 44.939947 94.950149 71.964047 106.359749
r110 52.375191 116.606662 61.432091 124.671162
r111 54.010402 146.462567 65.410302 152.869567
r112 45.637049 148.221678 75.074149 166.027978
r113 42.463749 169.660900 72.029049 187.390000
r114 48.529565 52.451664 71.536365 65.853464
r115 54.409615 76.981454 63.867415 84.704154
r116 48.714086 108.411608 72.935586 121.869908
r117 50.594391 133.775121 73.702391 147.881921
r118 71.955195 144.956501 79.206595 162.079501
r119 70.790437 171.668200 104.130437 187.390000
r120 62.713590 32.657506 73.547690 39.399106
r121 56.419706 34.417896 77.897806 49.595296
r122 64.862509 58.046225 74.985909 74.558225
r123 67.957502 118.794233 77.276302 136.731833
r124 50.672675 124.897824 82.264075 142.439524
r125 79.255925 160.339199 94.869525 168.291699
r126 68.037608 15.640914 78.513608 27.493414
r127 62.662814 26.957929 88.780314 48.176129
r128 58.280359 74.695342 83.294759 86.055442
r129 65.742311 97.651514 76.407411 124.296214
r130 83.734335 120.892056 101.192935 152.633856
r131 84.945142 151.335867 93.818642 165.328867
r132 61.435344 0.000000 91.526844 31.354400
r133 70.848896 31.234108 80.631696 54.080408
r134 64.171545 51.031621 89.355645 73.036221
r135 77.182240 82.157823 96.011640 111.588823
r136 100.461091 133.378814 117.425291 140.698114
r137 91.536123 137.443891 140.046123 156.893491
r138 93.735626 0.092700 130.712326 25.608800
r139 95.304722 30.508790 133.806822 55.013990
r140 94.484854 50.640253 107.465854 60.205553
r141 97.008398 78.454184 104.198098 95.724284
r142 104.262619 103.848653 147.167519 125.839153
r143 146.712264 99.174893 186.749564 122.740393
r144 41.172175 84.604312 42.912975 86.012212
r145 26.797786 88.835040 40.331486 111.617640
r146 18.277324 114.595128 45.060724 126.107228
r147 21.841708 149.038084 48.719108 160.509884
r148 18.537110 164.270034 41.237310 187.360934
r149 35.975819 169.489080 38.902519 170.912780
r150 41.790565 72.100630 43.263065 73.765130
r151 26.155553 74.441611 46.837653 89.349811
r152 37.649722 99.727612 43.894822 111.423012
r153 36.252580 136.976578 42.699780 148.305478
r154 15.876875 143.728793 46.935675 160.605393
r155 37.438781 164.639633 39.337481 166.834133
r156 31.039015 25.245255 57.812815 36.761455
r157 30.668893 38.018407 51.820793 52.595507
r158 28.246376 60.274132 54.428176 72.724732
r159 29.706803 126.445272 54.793903 139.439172
r160 26.184612 118.950796 50.267212 140.716196
r161 15.330415 158.045676 61.888015 178.310876
r162 37.695447 7.668530 58.603947 32.738030
r163 27.175449 35.552187 62.804049 50.264187
r164 39.363248 58.932313 57.568648 89.372013
r165 37.994788 89.985281 57.699088 118.109381
r166 34.779774 117.058084 59.797374 154.771584
r167 64.800383 140.374833 85.719383 185.477333
r168 55.985616 28.332703 58.005516 32.045703
r169 24.446817 19.855659 61.060817 45.624559
r170 36.489285 48.914665 66.162385 80.711165
r171 37.143387 83.219527 66.528587 115.327527
r172 61.454574 115.843050 106.583774 136.749650
r173 78.509490 137.098774 82.760690 138.862974
r174 64.239133 34.552242 68.319233 36.390442
r175 67.583618 42.023659 71.336718 44.022059
r176 69.651899 53.499199 104.065699 80.915499
r177 69.131746 85.256207 108.440146 109.258707
r178 84.937345 111.729634 88.233145 114.005234
r179 83.096295 112.715452 86.897095 114.688752
r180 36.997395 83.413567 38.102695 85.631067
r181 30.381779 95.155814 32.551079 96.285714
r182 25.899888 111.483245 27.598288 112.926345
r183 26.974269 145.621979 28.493469 147.235379
r184 28.599164 152.800968 30.437864 155.067068
r185 32.205943 157.003197 35.346643 158.329897
r186 35.574826 76.163453 37.879426 77.226953
r187 28.066313 82.125903 29.105213 84.485103
r188 1.370411 96.789823 27.772211 108.468323
r189 8.384148 135.861226 31.185948 149.383526
r190 25.991490 147.764436 27.814890 150.049536
r191 32.901453 153.280866 35.326553 154.999066
r192 37.573949 50.840243 39.547849 52.081943
r193 9.874826 51.844363 34.789226 64.220063
r194 4.917172 69.292428 24.889772 84.730228
r195 5.246327 117.150913 21.522927 136.094313
r196 2.784473 117.264131 19.623473 148.392231
r197 34.917145 148.190451 37.881045 150.720851
r198 42.347476 45.009675 44.724176 46.762875
r199 5.519571 50.984937 40.600371 65.926637
r200 2.810001 70.096102 35.064101 86.347202
r201 6.710177 95.616022 31.469077 116.786922
r202 0.000000 117.892564 31.236400 148.097764
r203 58.668668 143.313643 62.588168 145.227143
r204 52.873530 41.183924 54.769830 45.138924
r205 38.324405 48.737928 40.833105 51.727528
r206 0.000000 55.279771 34.143000 82.913571
r207 0.013295 86.905481 34.551795 114.222881
r208 65.765348 121.338252 67.920448 124.818352
r209 67.570603 129.299722 70.253003 132.095722
r210 59.722536 40.863388 61.945336 44.237588
r211 60.742416 47.075371 62.841816 50.647871
r212 64.914327 66.831473 66.648727 71.155773
r213 70.067676 96.999400 73.013976 99.545000
r214 72.755726 110.952632 75.054826 114.214832
r215 72.662476 114.644083 75.951376 116.924483

[Iter 3850]
r0 127.460859 89.166466 129.472259 90.385066
r1 133.030825 96.799275 135.435325 97.818675
r2 134.072885 105.782615 151.048985 123.945415
r3 133.583989 134.369493 157.657089 147.177693
r4 140.229015 159.231340 141.478115 161.193540
r5 136.246558 167.334262 137.568058 169.188962
r6 130.913432 79.227099 133.302432 80.252999
r7 135.127583 75.997639 157.221283 89.953339
r8 142.188892 96.790307 169.137392 108.231907
r9 142.891297 122.420237 168.857197 134.294737
r10 138.374822 155.631911 164.723922 167.333811
r11 142.959940 170.625492 144.929940 171.869692
r12 127.547392 41.000103 144.257692 59.451803
r13 144.335017 53.099907 163.669717 69.047107
r14 155.714646 77.184566 175.178246 93.932766
r15 159.090589 107.128876 178.398089 124.012476
r16 153.070162 144.541052 179.356362 156.270852
r17 154.712459 166.079271 172.067259 183.845771
r18 135.551788 14.708543 163.172188 25.871743
r19 149.871015 38.233555 171.354915 52.585455
r20 157.786920 65.632475 168.879720 73.807775
r21 159.442812 107.969444 172.549812 119.731644
r22 157.687100 142.976122 187.390000 160.623122
r23 151.340164 164.092399 179.973964 182.398299
r24 149.485151 22.455326 151.328051 23.785326
r25 153.766015 25.799959 180.669215 37.260759
r26 168.149467 54.243014 185.641567 71.870014
r27 155.266967 90.743619 186.447867 107.554119
r28 153.143400 121.200185 187.390000 136.505885
r29 161.295703 158.181998 164.458403 160.553398
r30 150.315043 26.117964 153.530443 27.413764
r31 159.176117 32.691335 160.924017 35.075135
r32 164.762794 32.559631 182.555394 62.019531
r33 164.700920 62.879660 185.580620 87.983860
r34 162.573711 126.594279 165.653711 127.947079
r35 158.600241 151.738712 162.761141 153.541212
r36 113.145425 89.415459 115.234125 90.588859
r37 103.003005 94.883570 122.440105 110.746670
r38 103.524081 111.636349 127.376581 124.563049
r39 98.977142 134.787484 126.141942 146.137984
r40 98.049145 153.365854 115.934645 170.605054
r41 112.055538 170.619286 113.173338 172.811886
r42 104.266978 72.852450 128.121078 85.778250
r43 116.195348 86.641420 142.376548 98.418320
r44 125.764319 102.438091 135.932719 111.356491
r45 116.199428 132.440878 130.462428 138.798978
r46 114.416409 148.635291 134.017709 164.365491
r47 109.155598 171.472100 128.525798 187.390000
r48 101.525249 32.384477 118.583249 50.460077
r49 110.060994 54.382159 122.495194 61.675459
r50 118.921023 68.557627 138.228923 77.215127
r51 124.697980 118.960739 136.256480 133.422539
r52 125.855610 152.822815 140.129510 159.176115
r53 126.064717 168.554110 148.269517 182.440010
r54 101.964962 17.175027 124.966162 30.580127
r55 110.961130 40.076742 125.133430 46.475542
r56 118.063574 55.883518 134.870874 65.829018
r57 126.765761 96.140920 148.762261 109.059620
r58 124.591479 154.411724 136.445179 167.417524
r59 126.468565 165.544500 150.462765 187.390000
r60 120.835176 5.958749 139.528876 22.452749
r61 123.315226 29.291326 150.818426 40.502126
r62 136.067430 64.453262 149.138930 71.390962
r63 137.233852 86.144176 148.927452 99.328076
r64 124.560349 141.765375 159.778149 156.648975
r65 135.103008 156.258472 168.507208 184.503472
r66 144.310924 23.127654 147.477824 24.443354
r67 134.769228 24.967298 164.996228 42.308298
r68 129.373968 49.512657 162.465168 65.352757
r69 128.196069 70.602281 164.090769 85.205181
r70 135.271814 108.864977 152.272114 139.697777
r71 151.507355 149.544038 155.619255 151.368038
r72 94.116390 77.921828 107.016190 101.824028
r73 71.409476 91.864941 93.797876 105.636941
r74 76.302264 113.370479 88.798364 120.627679
r75 71.961872 141.657127 86.953672 147.706227
r76 61.072735 153.704393 86.762835 165.706393
r77 61.060186 168.342096 82.947386 182.429496
r78 70.460877 72.588546 95.572977 84.866846
r79 77.308263 82.313359 85.237763 91.524459
r80 80.030147 105.635790 96.086747 116.046290
r81 81.103751 127.515282 89.413451 147.631182
r82 85.084738 151.812734 91.396638 163.384434
r83 79.937725 173.368600 101.927825 187.390000
r84 82.697514 34.882145 95.824314 40.446245
r85 82.299698 34.573928 93.192498 49.919528
r86 80.230673 48.361628 101.052673 71.079928
r87 84.597980 120.231328 109.367880 135.766528
r88 92.187308 144.651845 104.307408 158.443545
r89 90.975622 166.412450 101.660022 173.248450
r90 88.696170 19.001745 101.508270 28.693045
r91 92.385129 27.433572 103.763629 52.407672
r92 100.971251 56.370387 113.161851 70.082287
r93 94.641250 104.055646 108.569450 124.457846
r94 99.607971 149.042321 118.228671 164.303121
r95 102.168030 162.664885 113.915130 173.234885
r96 98.595719 3.570432 125.175419 23.290932
r97 100.811744 34.259081 113.261544 44.232481
r98 90.601454 60.193384 127.260254 75.310284
r99 104.284516 83.926793 127.364916 107.937093
r100 108.722331 142.779488 122.380331 151.870588
r101 95.963359 162.020947 133.417259 187.211947
r102 133.749208 0.000000 156.937008 40.689600
r103 112.423328 24.320438 133.757228 48.890138
r104 117.303593 48.422605 125.299293 63.951805
r105 112.126792 75.230147 124.991592 84.881847
r106 109.439443 114.381919 132.350643 137.260119
r107 138.601990 127.652579 179.400290 150.778479
r108 49.087490 77.163766 67.183490 94.202566
r109 44.892898 94.992565 71.916998 106.402165
r110 52.328707 116.646090 61.385607 124.710590
r111 54.023781 146.549560 65.423681 152.956560
r112 45.582649 148.225862 75.019749 166.032162
r113 42.401421 169.660900 71.966721 187.390000
r114 48.511701 52.431531 71.518501 65.833331
r115 54.209967 76.979525 63.667767 84.702225
r116 48.654340 108.436730 72.875840 121.895030
r117 50.564570 133.773196 73.672570 147.879996
r118 71.966557 145.055431 79.217957 162.178431
r119 70.712386 171.668200 104.052386 187.390000
r120 62.557873 32.652363 73.391973 39.393963
r121 56.301121 34.406676 77.779221 49.584076
r122 64.915921 58.094724 75.039321 74.606724
r123 67.988173 118.781223 77.306973 136.718823
r124 50.503617 124.892378 82.095017 142.434078
r125 79.230723 160.308785 94.844323 168.261285
r126 67.865617 15.614170 78.341617 27.466670
r127 62.620946 27.008130 88.738446 48.226330
r128 58.239851 74.742614 83.254251 86.102714
r129 65.781131 97.702882 76.446231 124.347582
r130 83.806461 120.922110 101.265061 152.663910
r131 84.993651 151.375913 93.867151 165.368913
r132 61.174555 0.000000 91.266055 31.354400
r133 71.115227 31.448358 80.898027 54.294658
r134 64.113709 51.063815 89.297809 73.068415
r135 77.190684 82.176431 96.020084 111.607431
r136 100.450715 133.468735 117.414915 140.788035
r137 92.057988 137.634841 140.567988 157.084441
r138 93.540694 0.402417 130.517394 25.918517
r139 94.533302 30.106500 133.035402 54.611700
r140 94.418440 50.601639 107.399440 60.166939
r141 97.002717 78.441055 104.192417 95.711155
r142 104.335356 104.366612 147.240256 126.357112
r143 146.640408 99.472191 186.677708 123.037691
r144 41.168231 84.567092 42.909031 85.974992
r145 26.716365 88.830490 40.250065 111.613090
r146 18.223801 114.608429 45.007201 126.120529
r147 21.720980 149.078418 48.598380 160.550218
r148 18.456471 164.203579 41.156671 187.294479
r149 35.955428 169.435348 38.882128 170.859048
r150 41.694664 72.062396 43.167164 73.726896
r151 26.024896 74.406860 46.706996 89.315060
r152 37.579074 99.729282 43.824174 111.424682
r153 36.203303 136.944250 42.650503 148.273150
r154 15.805475 143.731243 46.864275 160.607843
r155 37.546283 164.618834 39.444983 166.813334
r156 30.900055 25.177767 57.673855 36.693967
r157 30.512218 37.983630 51.664118 52.560730
r158 28.093356 60.199471 54.275156 72.650071
r159 29.637978 126.502923 54.725078 139.496823
r160 26.077477 118.959416 50.160077 140.724816
r161 15.734659 158.660087 62.292259 178.925287
r162 37.687595 7.730539 58.596095 32.800039
r163 27.151013 35.617186 62.779613 50.329186
r164 39.273931 58.933838 57.479331 89.373538
r165 37.925989 89.991186 57.630289 118.115286
r166 34.928606 117.493530 59.946206 155.207030
r167 65.072667 140.290853 85.991667 185.393353
r168 55.873808 28.546297 57.893708 32.259297
r169 24.091730 19.188698 60.705730 44.957598
r170 36.747546 49.028844 66.420646 80.825344
r171 37.097097 83.606077 66.482297 115.714077
r172 61.543544 115.798341 106.672744 136.704941
r173 79.215158 137.782816 83.466358 139.547016
r174 64.299456 34.682925 68.379556 36.521125
r175 67.565491 42.054305 71.318591 44.052705
r176 69.656793 54.009302 104.070593 81.425602
r177 68.967575 85.175957 108.275975 109.178457
r178 84.910405 111.731303 88.206205 114.006903
r179 83.258475 113.269817 87.059275 115.243117
r180 36.963304 83.386823 38.068604 85.604323
r181 30.308116 95.157172 32.477416 96.287072
r182 25.764916 111.491574 27.463316 112.934674
r183 26.833151 145.645258 28.352351 147.258658
r184 28.473755 152.805175 30.312455 155.071275
r185 32.150925 157.010693 35.291625 158.337393
r186 35.559576 76.127840 37.864176 77.191340
r187 28.063201 82.044741 29.102101 84.403941
r188 1.255163 96.787410 27.656963 108.465910
r189 8.300376 135.866049 31.102176 149.388349
r190 25.906744 147.761988 27.730144 150.047088
r191 32.894124 153.286329 35.319224 155.004529
r192 37.515962 50.839529 39.489862 52.081229
r193 9.531535 51.858418 34.445935 64.234118
r194 4.795813 69.290011 24.768413 84.727811
r195 5.154764 117.107983 21.431364 136.051383
r196 2.724757 117.199460 19.563757 148.327560
r197 34.905916 148.196099 37.869816 150.726499
r198 42.335885 45.021505 44.712585 46.774705
r199 5.431232 51.005990 40.512032 65.947690
r200 2.805742 70.178537 35.059842 86.429637
r201 6.683252 95.549752 31.442152 116.720652
r202 0.040208 117.928410 31.276608 148.133610
r203 58.737297 143.231041 62.656797 145.144541
r204 52.949920 41.175014 54.846220 45.130014
r205 38.250809 48.874028 40.759509 51.863628
r206 0.086083 55.296829 34.229083 82.930629
r207 0.000000 86.922316 34.538500 114.239716
r208 65.908358 121.453826 68.063458 124.933926
r209 67.603389 129.716770 70.285789 132.512770
r210 59.743119 40.915532 61.965919 44.289732
r211 60.665758 47.186831 62.765158 50.759331
r212 64.799493 66.851812 66.533893 71.176112
r213 70.073553 97.090126 73.019853 99.635726
r214 72.813015 111.124311 75.112115 114.386511
r215 72.674801 114.654793 75.963701 116.935193

[Iter 3900]
r0 127.357251 89.205543 129.368651 90.424143
r1 132.987718 96.798138 135.392218 97.817538
r2 134.082262 105.825056 151.058362 123.987856
r3 133.587517 134.404124 157.660617 147.212324
r4 140.244770 159.231434 141.493870 161.193634
r5 136.266038 167.314432 137.587538 169.169132
r6 130.793191 79.231948 133.182191 80.257848
r7 135.085581 76.000251 157.179281 89.955951
r8 142.180196 96.775516 169.128696 108.217116
r9 142.953617 122.441707 168.919517 134.316207
r10 138.408183 155.647482 164.757283 167.349382
r11 143.001151 170.616474 144.971151 171.860674
r12 127.454701 41.000832 144.165001 59.452532
r13 144.353238 53.079424 163.687938 69.026624
r14 155.734127 77.176357 175.197727 93.924557
r15 159.108764 107.093920 178.416264 123.977520
r16 153.158821 144.526105 179.445021 156.255905
r17 154.773886 166.075850 172.128686 183.842350
r18 135.406614 14.782222 163.027014 25.945422
r19 149.707035 38.175311 171.190935 52.527211
r20 157.765083 65.654823 168.857883 73.830123
r21 159.540567 107.948690 172.647567 119.710890
r22 157.687100 142.868177 187.390000 160.515177
r23 151.547764 164.009695 180.181564 182.315595
r24 149.408493 22.381038 151.251393 23.711038
r25 153.823528 25.755860 180.726728 37.216660
r26 168.154462 54.065107 185.646562 71.692107
r27 155.112484 90.639883 186.293384 107.450383
r28 153.143400 121.153616 187.390000 136.459316
r29 161.285893 158.487612 164.448593 160.859012
r30 150.211804 25.998487 153.427204 27.294287
r31 159.125113 32.548108 160.873013 34.931908
r32 164.618390 32.419416 182.410990 61.879316
r33 164.697487 62.762469 185.577187 87.866669
r34 162.516278 126.552758 165.596278 127.905558
r35 158.471734 152.417878 162.632634 154.220378
r36 113.050414 89.418562 115.139114 90.591962
r37 102.957599 94.892487 122.394699 110.755587
r38 103.542407 111.639136 127.394907 124.565836
r39 98.950605 134.818135 126.115405 146.168635
r40 97.997657 153.402520 115.883157 170.641720
r41 112.046125 170.609788 113.163925 172.802388
r42 104.216783 72.843285 128.070883 85.769085
r43 116.190778 86.666020 142.371978 98.442920
r44 125.788663 102.477919 135.957063 111.396319
r45 116.164288 132.479147 130.427288 138.837247
r46 114.405782 148.610202 134.007082 164.340402
r47 109.143500 171.472100 128.513700 187.390000
r48 101.441133 32.340859 118.499133 50.416459
r49 109.959545 54.459612 122.393745 61.752912
r50 118.962154 68.637953 138.270054 77.295453
r51 124.719649 119.015143 136.278149 133.476943
r52 125.861200 152.894176 140.135100 159.247476
r53 126.098388 168.587785 148.303188 182.473685
r54 102.022899 17.191357 125.024099 30.596457
r55 110.873195 40.221303 125.045495 46.620103
r56 118.081413 55.882785 134.888713 65.828285
r57 126.851009 96.125924 148.847509 109.044624
r58 124.604863 154.522781 136.458563 167.528581
r59 126.678514 165.544500 150.672714 187.390000
r60 120.761189 5.791579 139.454889 22.285579
r61 123.213166 29.253906 150.716366 40.464706
r62 136.070457 64.388654 149.141957 71.326354
r63 137.145049 86.063360 148.838649 99.247260
r64 124.541997 141.805239 159.759797 156.688839
r65 135.151438 157.315800 168.555638 185.560800
r66 144.169574 23.012013 147.336474 24.327713
r67 134.689230 24.729226 164.916230 42.070226
r68 129.300864 49.418966 162.392064 65.259066
r69 128.170077 70.498548 164.064777 85.101448
r70 135.187263 108.819467 152.187563 139.652267
r71 150.941001 150.192348 155.052901 152.016348
r72 94.043751 77.892338 106.943551 101.794538
r73 71.360639 91.789973 93.749039 105.561973
r74 76.299961 113.327140 88.796061 120.584340
r75 71.892462 141.659336 86.884262 147.708436
r76 61.068339 153.678943 86.758439 165.680943
r77 60.969539 168.303533 82.856739 182.390933
r78 70.469888 72.556369 95.581988 84.834669
r79 77.279341 82.334292 85.208841 91.545392
r80 80.041176 105.628528 96.097776 116.039028
r81 81.067426 127.490108 89.377126 147.606008
r82 85.074397 151.834249 91.386297 163.405949
r83 79.841100 173.368600 101.831200 187.390000
r84 82.623501 34.818776 95.750301 40.382876
r85 82.197334 34.543320 93.090134 49.888920
r86 80.255863 48.326659 101.077863 71.044959
r87 84.602018 120.246659 109.371918 135.781859
r88 92.180886 144.651571 104.300986 158.443271
r89 90.956932 166.442382 101.641332 173.278382
r90 88.704040 18.956970 101.516140 28.648270
r91 92.277340 27.428026 103.655840 52.402126
r92 100.988552 56.405557 113.179152 70.117457
r93 94.621310 104.120045 108.549510 124.522245
r94 99.689273 149.211044 118.309973 164.471844
r95 102.216771 162.633355 113.963871 173.203355
r96 98.415280 3.446363 124.994980 23.166863
r97 100.685755 34.226912 113.135555 44.200312
r98 90.539386 60.141766 127.198186 75.258666
r99 104.308158 84.007230 127.388558 108.017530
r100 108.732486 142.836889 122.390486 151.927989
r101 95.883270 161.914380 133.337170 187.105380
r102 133.566199 0.002772 156.753999 40.692372
r103 112.317612 24.204671 133.651512 48.774371
r104 117.279506 48.356850 125.275206 63.886050
r105 112.051323 75.203078 124.916123 84.854778
r106 109.477964 114.333041 132.389164 137.211241
r107 139.913491 128.831132 180.711791 151.957032
r108 49.069157 77.147942 67.165157 94.186742
r109 44.851203 94.944844 71.875303 106.354444
r110 52.233573 116.656229 61.290473 124.720729
r111 54.027275 146.561706 65.427175 152.968706
r112 45.554134 148.199035 74.991234 166.005335
r113 42.308547 169.660900 71.873847 187.390000
r114 48.468633 52.363639 71.475433 65.765439
r115 54.102619 76.978873 63.560419 84.701573
r116 48.621246 108.476098 72.842746 121.934398
r117 50.541913 133.742716 73.649913 147.849516
r118 72.008102 145.051404 79.259502 162.174404
r119 70.665702 171.668200 104.005702 187.390000
r120 62.451329 32.618117 73.285429 39.359717
r121 56.244726 34.381056 77.722826 49.558456
r122 64.924088 58.099749 75.047488 74.611749
r123 68.011971 118.728719 77.330771 136.666319
r124 50.526478 124.907024 82.117878 142.448724
r125 79.225665 160.327716 94.839265 168.280216
r126 67.740477 15.627183 78.216477 27.479683
r127 62.595905 27.018801 88.713405 48.237001
r128 58.191216 74.854352 83.205616 86.214452
r129 65.757887 97.745843 76.422987 124.390543
r130 83.759005 121.021906 101.217605 152.763706
r131 84.991364 151.363262 93.864864 165.356262
r132 60.832004 0.000000 90.923504 31.354400
r133 72.114358 31.385116 81.897158 54.231416
r134 64.054025 51.115647 89.238125 73.120247
r135 77.213683 82.229342 96.043083 111.660342
r136 100.590257 133.615994 117.554457 140.935294
r137 92.958213 137.527361 141.468213 156.976961
r138 93.293380 0.075796 130.270080 25.591896
r139 94.103031 30.291705 132.605131 54.796905
r140 94.373977 50.591214 107.354977 60.156514
r141 97.019004 78.485237 104.208704 95.755337
r142 104.575347 105.989695 147.480247 127.980195
r143 147.146952 100.552022 187.184252 124.117522
r144 41.170610 84.520550 42.911410 85.928450
r145 26.632539 88.785472 40.166239 111.568072
r146 18.147098 114.683283 44.930498 126.195383
r147 21.634511 149.078686 48.511911 160.550486
r148 18.353738 164.265591 41.053938 187.356491
r149 35.953922 169.482449 38.880622 170.906149
r150 41.641727 72.033019 43.114227 73.697519
r151 25.942898 74.460487 46.624998 89.368687
r152 37.555346 99.724743 43.800446 111.420143
r153 36.183216 136.884057 42.630416 148.212957
r154 15.743766 143.748902 46.802566 160.625502
r155 37.554803 164.762119 39.453503 166.956619
r156 30.813549 25.119467 57.587349 36.635667
r157 30.435043 37.973845 51.586943 52.550945
r158 28.000352 60.074953 54.182152 72.525553
r159 29.531748 126.540290 54.618848 139.534190
r160 26.027396 118.966134 50.109996 140.731534
r161 15.931028 159.195661 62.488628 179.460861
r162 37.632643 7.704816 58.541143 32.774316
r163 27.133606 35.643170 62.762206 50.355170
r164 39.258513 58.930880 57.463913 89.370580
r165 37.928464 89.989053 57.632764 118.113153
r166 34.779259 117.992820 59.796859 155.706320
r167 65.313370 140.652220 86.232370 185.754720
r168 55.856175 28.703381 57.876075 32.416381
r169 24.016480 19.873215 60.630480 45.642115
r170 36.856819 49.074124 66.529919 80.870624
r171 37.362599 83.538868 66.747799 115.646868
r172 61.584683 116.041219 106.713883 136.947819
r173 79.609373 137.791591 83.860573 139.555791
r174 64.489791 34.746071 68.569891 36.584271
r175 67.618557 42.190834 71.371657 44.189234
r176 69.789939 54.007486 104.203739 81.423786
r177 69.532203 86.079351 108.840603 110.081851
r178 85.116986 111.857412 88.412786 114.133012
r179 83.603572 113.936096 87.404372 115.909396
r180 36.929963 83.327034 38.035263 85.544534
r181 30.256362 95.152727 32.425662 96.282627
r182 25.674417 111.478821 27.372817 112.921921
r183 26.758597 145.662302 28.277797 147.275702
r184 28.418395 152.809547 30.257095 155.075647
r185 32.144573 157.012923 35.285273 158.339623
r186 35.518427 76.087028 37.823027 77.150528
r187 28.059035 81.967823 29.097935 84.327023
r188 1.143491 96.764858 27.545291 108.443358
r189 8.187792 135.869644 30.989592 149.391944
r190 25.856198 147.768672 27.679598 150.053772
r191 32.896984 153.286721 35.322084 155.004921
r192 37.471935 50.846914 39.445835 52.088614
r193 9.295116 51.846346 34.209516 64.222046
r194 4.738085 69.292146 24.710685 84.729946
r195 5.031549 117.067648 21.308149 136.011048
r196 2.650357 117.171653 19.489357 148.299753
r197 34.924933 148.588532 37.888833 151.118932
r198 42.272883 45.038421 44.649583 46.791621
r199 5.304252 51.034643 40.385052 65.976343
r200 2.830648 70.209349 35.084748 86.460449
r201 6.695994 95.538532 31.454894 116.709432
r202 0.039397 117.938227 31.275797 148.143427
r203 58.727712 143.658563 62.647212 145.572063
r204 52.881769 41.179792 54.778069 45.134792
r205 38.319492 48.949804 40.828192 51.939404
r206 0.029657 55.289903 34.172657 82.923703
r207 0.147452 86.919191 34.685952 114.236591
r208 65.959563 121.649914 68.114663 125.130014
r209 67.715817 129.963875 70.398217 132.759875
r210 59.755232 40.979897 61.978032 44.354097
r211 60.631134 47.277930 62.730534 50.850430
r212 64.719823 66.992136 66.454223 71.316436
r213 69.848154 97.161657 72.794454 99.707257
r214 72.756569 111.234021 75.055669 114.496221
r215 72.767416 114.673747 76.056316 116.954147

[Iter 3950]
r0 127.262295 89.230088 129.273695 90.448688
r1 132.935210 96.800247 135.339710 97.819647
r2 134.300464 105.888340 151.276564 124.051140
r3 133.615324 134.401270 157.688424 147.209470
r4 140.257207 159.234748 141.506307 161.196948
r5 136.286030 167.303310 137.607530 169.158010
r6 130.712959 79.225022 133.101959 80.250922
r7 135.218243 76.007831 157.311943 89.963531
r8 142.285653 96.768048 169.234153 108.209648
r9 143.120772 122.404367 169.086672 134.278867
r10 138.445749 155.644113 164.794849 167.346013
r11 143.058125 170.611682 145.028125 171.855882
r12 127.336605 40.961202 144.046905 59.412902
r13 144.357676 53.072966 163.692376 69.020166
r14 155.882767 77.150696 175.346367 93.898896
r15 159.377610 107.035010 178.685110 123.918610
r16 153.285468 144.585241 179.571668 156.315041
r17 154.976678 166.062295 172.331478 183.828795
r18 135.279986 14.675731 162.900386 25.838931
r19 149.606311 38.168566 171.090211 52.520466
r20 157.814313 65.693785 168.907113 73.869085
r21 159.534003 107.799292 172.641003 119.561492
r22 157.687100 142.939623 187.390000 160.586623
r23 151.972820 164.115899 180.606620 182.421799
r24 149.288141 22.330077 151.131041 23.660077
r25 153.775340 25.711191 180.678540 37.171991
r26 168.179701 54.008599 185.671801 71.635599
r27 155.105216 90.412997 186.286116 107.223497
r28 153.143400 121.114992 187.390000 136.420692
r29 161.252948 158.494081 164.415648 160.865481
r30 150.099596 25.923037 153.314996 27.218837
r31 159.057054 32.452695 160.804954 34.836495
r32 164.626487 32.156622 182.419087 61.616522
r33 164.712804 62.501650 185.592504 87.605850
r34 162.423654 126.576559 165.503654 127.929359
r35 158.347281 152.417157 162.508181 154.219657
r36 113.013740 89.415478 115.102440 90.588878
r37 102.931234 94.946590 122.368334 110.809690
r38 103.755018 111.712503 127.607518 124.639203
r39 98.896988 134.876063 126.061788 146.226563
r40 97.997881 153.515021 115.883381 170.754221
r41 112.041635 170.607984 113.159435 172.800584
r42 104.350573 72.859313 128.204673 85.785113
r43 116.227515 86.790035 142.408715 98.566935
r44 125.876508 102.597302 136.044908 111.515702
r45 116.132536 132.574253 130.395536 138.932353
r46 114.386443 148.489498 133.987743 164.219698
r47 109.217595 171.472100 128.587795 187.390000
r48 101.403577 32.269954 118.461577 50.345554
r49 109.672263 54.552594 122.106463 61.845894
r50 119.005969 68.593624 138.313869 77.251124
r51 124.799552 119.123019 136.358052 133.584819
r52 126.004821 153.079987 140.278721 159.433287
r53 126.272274 168.643814 148.477074 182.529714
r54 102.054688 17.211000 125.055888 30.616100
r55 110.857501 40.213332 125.029801 46.612132
r56 118.093152 55.844908 134.900452 65.790408
r57 126.922399 95.972749 148.918899 108.891449
r58 124.466921 154.600270 136.320621 167.606070
r59 127.069438 165.544500 151.063638 187.390000
r60 120.648371 5.642993 139.342071 22.136993
r61 123.243262 29.163613 150.746462 40.374413
r62 136.107977 64.294520 149.179477 71.232220
r63 137.195258 85.841740 148.888858 99.025640
r64 124.488448 141.761407 159.706248 156.645007
r65 135.143354 157.433731 168.547554 185.678731
r66 144.011847 22.937766 147.178747 24.253466
r67 134.616555 24.596843 164.843555 41.937843
r68 129.252162 49.194249 162.343362 65.034349
r69 128.172228 70.208322 164.066928 84.811222
r70 135.239358 108.730570 152.239658 139.563370
r71 150.895314 150.576302 155.007214 152.400302
r72 94.049187 77.766222 106.948987 101.668422
r73 71.332467 91.803565 93.720867 105.575565
r74 76.307298 113.321672 88.803398 120.578872
r75 71.824439 141.681054 86.816239 147.730154
r76 60.982498 153.718284 86.672598 165.720284
r77 60.775372 168.351199 82.662572 182.438599
r78 70.466959 72.615460 95.579059 84.893760
r79 77.209162 82.331748 85.138662 91.542848
r80 80.018310 105.568080 96.074910 115.978580
r81 81.018702 127.516131 89.328402 147.632031
r82 85.083935 151.909817 91.395835 163.481517
r83 79.725008 173.368600 101.715108 187.390000
r84 82.619585 34.728186 95.746385 40.292286
r85 82.101499 34.320936 92.994299 49.666536
r86 80.224336 48.177228 101.046336 70.895528
r87 84.575427 120.225855 109.345327 135.761055
r88 92.117712 144.707897 104.237812 158.499597
r89 90.777638 166.439567 101.462038 173.275567
r90 88.760161 18.799518 101.572261 28.490818
r91 92.098921 27.324129 103.477421 52.298229
r92 101.036661 56.283981 113.227261 69.995881
r93 94.586850 104.203935 108.515050 124.606135
r94 99.602524 149.419523 118.223224 164.680323
r95 102.274650 162.694797 114.021750 173.264797
r96 98.309312 3.261428 124.889012 22.981928
r97 100.548377 34.019565 112.998177 43.992965
r98 90.420186 60.157065 127.078986 75.273965
r99 104.299835 83.929792 127.380235 107.940092
r100 108.504691 142.945844 122.162691 152.036944
r101 95.897144 161.815035 133.351044 187.006035
r102 133.355615 0.000000 156.543415 40.689600
r103 112.187930 24.042414 133.521830 48.612114
r104 117.227952 48.290628 125.223652 63.819828
r105 112.163334 75.153531 125.028134 84.805231
r106 109.372090 114.394416 132.283290 137.272616
r107 140.186696 128.917790 180.984996 152.043690
r108 49.024720 77.084915 67.120720 94.123715
r109 44.807454 94.978163 71.831554 106.387763
r110 52.121338 116.647679 61.178238 124.712179
r111 54.009329 146.567141 65.409229 152.974141
r112 45.397189 148.158582 74.834289 165.964882
r113 42.306497 169.660900 71.871797 187.390000
r114 48.475239 52.292398 71.482039 65.694198
r115 54.040007 76.971178 63.497807 84.693878
r116 48.579206 108.525302 72.800706 121.983602
r117 50.462520 133.719415 73.570520 147.826215
r118 71.891332 145.221859 79.142732 162.344859
r119 70.651625 171.668200 103.991625 187.390000
r120 62.332068 32.537381 73.166168 39.278981
r121 56.155834 34.355233 77.633934 49.532633
r122 65.026126 58.098645 75.149526 74.610645
r123 68.033387 118.730351 77.352187 136.667951
r124 50.322742 124.868972 81.914142 142.410672
r125 79.213213 160.359814 94.826813 168.312314
r126 67.614722 15.523516 78.090722 27.376016
r127 62.485121 27.006965 88.602621 48.225165
r128 58.091096 74.847550 83.105496 86.207650
r129 65.648980 97.614386 76.314080 124.259086
r130 83.676960 121.066225 101.135560 152.808025
r131 84.887989 151.267550 93.761489 165.260550
r132 60.831708 0.000000 90.923208 31.354400
r133 72.071552 31.441614 81.854352 54.287914
r134 63.993944 51.107119 89.178044 73.111719
r135 77.185223 82.233276 96.014623 111.664276
r136 100.589667 133.758003 117.553867 141.077303
r137 93.217837 137.498377 141.727837 156.947977
r138 93.177756 0.023808 130.154456 25.539908
r139 93.655353 30.037412 132.157453 54.542612
r140 94.353337 50.474580 107.334337 60.039880
r141 97.104592 78.572034 104.294292 95.842134
r142 104.665361 106.180902 147.570261 128.171402
r143 147.279309 100.611060 187.316609 124.176560
r144 41.169183 84.472249 42.909983 85.880149
r145 26.547936 88.882167 40.081636 111.664767
r146 18.001447 114.689960 44.784847 126.202060
r147 21.574793 149.183656 48.452193 160.655456
r148 18.318651 164.242677 41.018851 187.333577
r149 35.958720 169.571060 38.885420 170.994760
r150 41.595345 71.989060 43.067845 73.653560
r151 25.744316 74.387978 46.426416 89.296178
r152 37.542020 99.719856 43.787120 111.415256
r153 36.049248 136.981237 42.496448 148.310137
r154 15.561408 143.768397 46.620208 160.644997
r155 37.569102 164.933645 39.467802 167.128145
r156 30.798281 24.922106 57.572081 36.438306
r157 30.229307 37.748579 51.381207 52.325679
r158 27.839986 59.929038 54.021786 72.379638
r159 29.351265 126.660849 54.438365 139.654749
r160 25.833679 118.955027 49.916279 140.720427
r161 15.963552 159.523391 62.521152 179.788591
r162 37.482532 7.756346 58.391032 32.825846
r163 27.020966 35.691784 62.649566 50.403784
r164 39.143988 58.837337 57.349388 89.277037
r165 37.963287 89.992821 57.667587 118.116921
r166 34.796894 118.038773 59.814494 155.752273
r167 65.339810 140.749786 86.258810 185.852286
r168 55.864790 28.824703 57.884690 32.537703
r169 23.823826 19.451473 60.437826 45.220373
r170 36.992443 48.989416 66.665543 80.785916
r171 37.634397 83.577073 67.019597 115.685073
r172 61.782868 116.200273 106.912068 137.106873
r173 80.033657 137.783796 84.284857 139.547996
r174 64.584539 34.806614 68.664639 36.644814
r175 67.723343 42.157053 71.476443 44.155453
r176 70.022475 54.027621 104.436275 81.443921
r177 69.899057 85.965873 109.207457 109.968373
r178 85.389053 111.801935 88.684853 114.077535
r179 84.181518 114.214601 87.982318 116.187901
r180 36.890379 83.219057 37.995679 85.436557
r181 30.211083 95.175635 32.380383 96.305535
r182 25.598351 111.457596 27.296751 112.900696
r183 26.699268 145.674834 28.218468 147.288234
r184 28.390709 152.804446 30.229409 155.070546
r185 32.166722 157.017572 35.307422 158.344272
r186 35.458962 76.036395 37.763562 77.099895
r187 28.037056 81.917685 29.075956 84.276885
r188 0.964123 96.743095 27.365923 108.421595
r189 8.027037 136.000833 30.828837 149.523133
r190 25.847417 147.779903 27.670817 150.065003
r191 32.925091 153.290476 35.350191 155.008676
r192 37.418544 50.848808 39.392444 52.090508
r193 9.091859 51.743844 34.006259 64.119544
r194 4.539699 69.314056 24.512299 84.751856
r195 4.879905 117.125336 21.156505 136.068736
r196 2.473089 117.108575 19.312089 148.236675
r197 34.927899 148.754388 37.891799 151.284788
r198 42.206969 45.050434 44.583669 46.803634
r199 5.129132 51.079896 40.209932 66.021596
r200 2.698721 70.287408 34.952821 86.538508
r201 6.761099 95.530648 31.519999 116.701548
r202 0.068742 117.979630 31.305142 148.184830
r203 58.731271 143.613852 62.650771 145.527352
r204 52.839628 41.212177 54.735928 45.167177
r205 38.273700 49.035722 40.782400 52.025322
r206 0.304248 55.305620 34.447248 82.939420
r207 0.419289 86.946982 34.957789 114.264382
r208 65.866576 121.795829 68.021676 125.275929
r209 67.667532 130.124423 70.349932 132.920423
r210 59.830390 41.009510 62.053190 44.383710
r211 60.669598 47.330876 62.768998 50.903376
r212 64.704895 67.066901 66.439295 71.391201
r213 69.341523 97.256473 72.287823 99.802073
r214 72.574545 111.372470 74.873645 114.634670
r215 72.745599 114.666498 76.034499 116.946898

[Iter 4000]
r0 127.184513 89.230948 129.195913 90.449548
r1 132.933086 96.799899 135.337586 97.819299
r2 134.264579 105.920388 151.240679 124.083188
r3 133.564005 134.431911 157.637105 147.240111
r4 140.260119 159.268730 141.509219 161.230930
r5 136.322155 167.306847 137.643655 169.161547
r6 130.645906 79.226359 133.034906 80.252259
r7 135.151871 75.993714 157.245571 89.949414
r8 142.225881 96.777355 169.174381 108.218955
r9 143.180754 122.470466 169.146654 134.344966
r10 138.460451 155.595965 164.809551 167.297865
r11 143.190938 170.605929 145.160938 171.850129
r12 127.241716 40.865032 143.952016 59.316732
r13 144.293422 53.099238 163.628122 69.046438
r14 155.887405 77.135931 175.351005 93.884131
r15 159.341835 107.040686 178.649335 123.924286
r16 153.425810 144.562052 179.712010 156.291852
r17 154.944712 166.029042 172.299512 183.795542
r18 135.153521 14.623440 162.773921 25.786640
r19 149.468211 38.160892 170.952111 52.512792
r20 157.843193 65.665704 168.935993 73.841004
r21 159.572155 107.768818 172.679155 119.531018
r22 157.687100 142.785747 187.390000 160.432747
r23 152.468432 163.993579 181.102232 182.299479
r24 149.147467 22.222162 150.990367 23.552162
r25 153.692077 25.698888 180.595277 37.159688
r26 168.135913 53.845343 185.628013 71.472343
r27 154.864838 90.334059 186.045738 107.144559
r28 153.143400 121.081436 187.390000 136.387136
r29 161.454108 158.502465 164.616808 160.873865
r30 149.996318 25.828015 153.211718 27.123815
r31 158.963336 32.317015 160.711236 34.700815
r32 164.449604 32.039285 182.242204 61.499185
r33 164.679973 62.409055 185.559673 87.513255
r34 162.475539 126.474292 165.555539 127.827092
r35 158.509312 152.469407 162.670212 154.271907
r36 112.993801 89.416023 115.082501 90.589423
r37 102.915289 94.985671 122.352389 110.848771
r38 103.794459 111.796381 127.646959 124.723081
r39 98.766322 134.937115 125.931122 146.287615
r40 97.989624 153.637487 115.875124 170.876687
r41 112.047893 170.656855 113.165693 172.849455
r42 104.341093 72.928204 128.195193 85.854004
r43 116.228890 86.728817 142.410090 98.505717
r44 125.804404 102.719496 135.972804 111.637896
r45 116.022787 132.691113 130.285787 139.049213
r46 114.365977 148.414175 133.967277 164.144375
r47 109.184394 171.472100 128.554594 187.390000
r48 101.311807 32.188131 118.369807 50.263731
r49 109.641587 54.568513 122.075787 61.861813
r50 118.969695 68.629913 138.277595 77.287413
r51 124.865793 119.321331 136.424293 133.783131
r52 126.053578 153.197905 140.327478 159.551205
r53 126.271793 168.673379 148.476593 182.559279
r54 102.080520 17.220005 125.081720 30.625105
r55 110.789760 40.377118 124.962060 46.775918
r56 118.063422 55.869467 134.870722 65.814967
r57 126.955834 95.975764 148.952334 108.894464
r58 124.708104 154.764237 136.561804 167.770037
r59 127.599010 165.544500 151.593210 187.390000
r60 120.537653 5.409901 139.231353 21.903901
r61 123.114031 29.032030 150.617231 40.242830
r62 136.068954 64.211742 149.140454 71.149442
r63 137.042064 85.776170 148.735664 98.960070
r64 124.460859 141.746871 159.678659 156.630471
r65 135.098636 157.643328 168.502836 185.888328
r66 143.969035 22.847164 147.135935 24.162864
r67 134.451435 24.414490 164.678435 41.755490
r68 129.139372 49.072424 162.230572 64.912524
r69 128.147235 70.084037 164.041935 84.686937
r70 135.184196 108.717996 152.184496 139.550796
r71 150.926719 151.517942 155.038619 153.341942
r72 94.013875 77.766687 106.913675 101.668887
r73 71.302141 91.793877 93.690541 105.565877
r74 76.300506 113.344065 88.796606 120.601265
r75 71.787953 141.664645 86.779753 147.713745
r76 61.097198 153.692860 86.787298 165.694860
r77 60.591777 168.351870 82.478977 182.439270
r78 70.469596 72.561332 95.581696 84.839632
r79 77.205302 82.337808 85.134802 91.548908
r80 79.980155 105.577499 96.036755 115.987999
r81 80.915070 127.554409 89.224770 147.670309
r82 85.043687 151.993104 91.355587 163.564804
r83 79.553598 173.368600 101.543698 187.390000
r84 82.579106 34.625612 95.705906 40.189712
r85 82.148650 34.203979 93.041450 49.549579
r86 80.211741 48.162602 101.033741 70.880902
r87 84.526015 120.238205 109.295915 135.773405
r88 92.157097 144.765673 104.277197 158.557373
r89 90.652288 166.486972 101.336688 173.322972
r90 88.808854 18.742542 101.620954 28.433842
r91 91.941333 27.287978 103.319833 52.262078
r92 100.991719 56.383739 113.182319 70.095639
r93 94.634675 104.277695 108.562875 124.679895
r94 99.772996 149.387171 118.393696 164.647971
r95 102.215168 162.696959 113.962268 173.266959
r96 98.099531 3.107557 124.679231 22.828057
r97 100.393735 33.951466 112.843535 43.924866
r98 90.330614 60.118170 126.989414 75.235070
r99 104.311173 83.898982 127.391573 107.909282
r100 108.517144 142.950301 122.175144 152.041401
r101 95.854446 162.148036 133.308346 187.339036
r102 133.402754 0.000000 156.590554 40.689600
r103 112.032075 23.883993 133.365975 48.453693
r104 117.154461 48.198546 125.150161 63.727746
r105 112.092412 75.100206 124.957212 84.751906
r106 109.340827 114.361596 132.252027 137.239796
r107 140.113920 129.174723 180.912220 152.300623
r108 48.982513 77.034774 67.078513 94.073574
r109 44.781929 94.923488 71.806029 106.333088
r110 52.019236 116.620070 61.076136 124.684570
r111 54.022951 146.550704 65.422851 152.957704
r112 45.407522 148.147176 74.844622 165.953476
r113 42.208690 169.660900 71.773990 187.390000
r114 48.426325 52.168306 71.433125 65.570106
r115 53.977104 76.976166 63.434904 84.698866
r116 48.526658 108.542772 72.748158 122.001072
r117 50.366702 133.718312 73.474702 147.825112
r118 71.959037 145.250175 79.210437 162.373175
r119 70.580746 171.668200 103.920746 187.390000
r120 62.204359 32.474421 73.038459 39.216021
r121 56.188917 34.294727 77.667017 49.472127
r122 64.970915 58.068757 75.094315 74.580757
r123 67.966590 118.711625 77.285390 136.649225
r124 50.357889 124.935231 81.949289 142.476931
r125 79.213087 160.285419 94.826687 168.237919
r126 67.482435 15.537694 77.958435 27.390194
r127 62.407218 27.045388 88.524718 48.263588
r128 58.079271 74.912191 83.093671 86.272291
r129 65.715108 97.697295 76.380208 124.341995
r130 83.641291 121.136999 101.099891 152.878799
r131 84.947225 151.286004 93.820725 165.279004
r132 60.784690 0.000000 90.876190 31.354400
r133 72.230457 31.438465 82.013257 54.284765
r134 63.947854 51.172066 89.131954 73.176666
r135 77.253433 82.267543 96.082833 111.698543
r136 100.606887 133.802205 117.571087 141.121505
r137 93.182727 137.709057 141.692727 157.158657
r138 93.117880 0.000000 130.094580 25.516100
r139 93.820947 29.976342 132.323047 54.481542
r140 94.370917 50.414798 107.351917 59.980098
r141 97.121589 78.647628 104.311289 95.917728
r142 104.455430 106.201279 147.360330 128.191779
r143 147.017238 100.733461 187.054538 124.298961
r144 41.167224 84.405516 42.908024 85.813416
r145 26.501568 88.763210 40.035268 111.545810
r146 18.020502 114.685724 44.803902 126.197824
r147 21.452237 149.195153 48.329637 160.666953
r148 18.205110 164.259938 40.905310 187.350838
r149 35.886379 169.554254 38.813079 170.977954
r150 41.571016 71.925897 43.043516 73.590397
r151 25.786718 74.349693 46.468818 89.257893
r152 37.495287 99.631380 43.740387 111.326780
r153 35.989917 136.916394 42.437117 148.245294
r154 15.527232 143.742952 46.586032 160.619552
r155 37.537501 164.860394 39.436201 167.054894
r156 30.754441 24.784498 57.528241 36.300698
r157 30.193920 37.644897 51.345820 52.221997
r158 27.836654 59.845771 54.018454 72.296371
r159 29.227281 126.656146 54.314381 139.650046
r160 25.827304 118.962028 49.909904 140.727428
r161 15.921962 159.573914 62.479562 179.839114
r162 37.338567 7.761615 58.247067 32.831115
r163 26.993400 35.709971 62.622000 50.421971
r164 39.114674 58.818357 57.320074 89.258057
r165 37.906077 89.982332 57.610377 118.106432
r166 34.630044 118.431236 59.647644 156.144736
r167 65.335926 140.925720 86.254926 186.028220
r168 55.858814 28.917478 57.878714 32.630478
r169 23.872232 19.909411 60.486232 45.678311
r170 36.948868 49.110264 66.621968 80.906764
r171 37.472004 83.686892 66.857204 115.794892
r172 61.535602 116.456585 106.664802 137.363185
r173 79.924468 137.811680 84.175668 139.575880
r174 64.591743 34.880119 68.671843 36.718319
r175 67.741908 42.287997 71.495008 44.286397
r176 69.979241 54.130842 104.393041 81.547142
r177 69.711781 86.082583 109.020181 110.085083
r178 85.420866 111.918045 88.716666 114.193645
r179 84.165940 114.576345 87.966740 116.549645
r180 36.823390 83.197576 37.928690 85.415076
r181 30.136853 95.167332 32.306153 96.297232
r182 25.515687 111.461009 27.214087 112.904109
r183 26.599461 145.753519 28.118661 147.366919
r184 28.267980 152.822316 30.106680 155.088416
r185 32.117476 157.058953 35.258176 158.385653
r186 35.394969 76.017379 37.699569 77.080879
r187 27.956773 81.810210 28.995673 84.169410
r188 0.957323 96.743859 27.359123 108.422359
r189 7.900855 135.969844 30.702655 149.492144
r190 25.724229 147.794655 27.547629 150.079755
r191 32.891355 153.323075 35.316455 155.041275
r192 37.333396 50.852908 39.307296 52.094608
r193 9.124488 51.706955 34.038888 64.082655
r194 4.557409 69.304193 24.530009 84.741993
r195 4.852468 117.103065 21.129068 136.046465
r196 2.468404 117.092579 19.307404 148.220679
r197 34.919257 148.926519 37.883157 151.456919
r198 42.057443 45.096284 44.434143 46.849484
r199 5.022751 51.076735 40.103551 66.018435
r200 2.731487 70.303259 34.985587 86.554359
r201 6.690652 95.498684 31.449552 116.669584
r202 0.000000 118.075067 31.236400 148.280267
r203 58.735323 143.619251 62.654823 145.532751
r204 52.853972 41.363472 54.750272 45.318472
r205 38.259729 49.096219 40.768429 52.085819
r206 0.275961 55.360565 34.418961 82.994365
r207 0.269661 87.033714 34.808161 114.351114
r208 65.853543 121.962736 68.008643 125.442836
r209 67.529396 130.153051 70.211796 132.949051
r210 59.786158 41.086870 62.008958 44.461070
r211 60.611498 47.388232 62.710898 50.960732
r212 64.691333 67.191591 66.425733 71.515891
r213 69.199946 97.358216 72.146246 99.903816
r214 72.605362 111.629535 74.904462 114.891735
r215 72.700890 114.690328 75.989790 116.970728

